source_file,case_id,keyword_score,has_article_num,quoted_text
fraud_core,2488,15,True,"“1. 당사는 상기 부동산담보신탁계약의 수탁자로서 동 신탁계약 특약사항 제5조[임대차 업무]에 따라 위탁자 B가 임대차계약을 체결하는 것에 대하여 확인함, 2. 상기 1항의 임대차계약과 관련한 임대보증금 반환책임 및 임대부동산의 수선의무 등은 신탁계약 및 임대차계약에 따라 위탁자 겸 임대인인 B가 부담하며 당사는 이에 대하여 일체의 책임이 없으며 위와 같은 사항을 임차인이 신탁계약 및 임대차계약에 따라 인지하여 임대차계약서에 날인하는 것을 확인함“"
fraud_core,68959,15,True,"“1. 당사는 상기 부동산담보신탁계약의 수탁자로서 동 신탁계약 특약사항 제5조[임대차 업무]에 따라 위탁자 B가 임대차계약을 체결하는 것에 대하여 확인함, 2. 상기 1항의 임대차계약과 관련한 임대보증금 반환책임 및 임대부동산의 수선의무 등은 신탁계약 및 임대차계약에 따라 위탁자 겸 임대인인 B가 부담하며 당사는 이에 대하여 일체의 책임이 없으며 위와 같은 사항을 임차인이 신탁계약 및 임대차계약에 따라 인지하여 임대차계약서에 날인하는 것을 확인함“"
deposit_dispute,11329,13,True,"“임대주택건설촉진법의 적용을 받는 임대주택의 임대인은 같은 법 시행규칙 제9조 각호 소정의 사유가 있는 경우라야 그 임대차계약을 해지하거나 계약의 갱신을 거절할 수 있고, 그렇지 아니한 경우에는 특별한 사정이 없는 한 임차인이 임대차계약의 갱신을 원하는 때에는 임대인은 임대차계약의 갱신을 거절할 수 없고 당해 임대차계약은 갱신되는 것으로 보아야 한다.”"
fraud_core,124256,12,False,"“이 사건 전세권설정계약은 통정허위표시로서 무효이다. 섬유신협은 이 사건 전세권근저당권설정등기 당시 이 사건 전세권설정계약이 통정허위표시라는 사정을 알았으므로, 피고 예금보험공사는 원고에게 이 사건 전세권근저당권설정등기의 말소등기절차를 이행할 의무가 있다. 또 피고 2, 3과 소외 1, 인수참가인이 이 사건 전세권설정계약이 통정허위표시에 해당함을 알면서 각 이 사건 전세권이전의 부기등기를 마쳤으므로, 인수참가인은 원고에게 이 사건 전세권설정등기의 말소등기절차를 이행할 의무가 있다.”"
fraud_core,146502,12,False,"“위 신탁계약 체결 전에 위탁자와 임차인 간에 체결된 임대차계약은 그 상태로 유효하며 위탁자가 임대차보증금의 반환의무, 기타 임대인으로서의 책임 및 권리 등 임대인의 지위를 계속하여 유지하고, 임대차계약상 임대인의 명의를 수탁자로 갱신하고 임대차보증금을 위탁자와 수탁자간에 인수·인계하는 경우에는 임대인의 지위를 수탁자가 승계하는 것으로 한다”"
fraud_core,61644,11,False,"‘이 사건 제1부동산 임대차계약서 사본 2매(현 임차인 B, 전 임차인 L)로 제(원고)가 알고 싶은 계약자, 계약금액, 계약조건 등을 확인할 수 있어, 제 업무에 도움이 된 점, 한번 더 고마운 마음을 전해 올립니다. 계약서에 임대인 E, A으로 되어 있고, 저의 인감이 날인되어 있어 제가 계약서 작성시 참석하지 않았는데 어떤 일인지 사장님께 문의한바 계약서 작성시 사장님(H)께서도 E에게 A의 확인을 요구한바, A의 동의를 받았고, E 본인이 책임을 지겠다하여 계약을 성사할 수 있었다고 한, 그 당시의 상황을 이해하고 있습니다’"
deposit_dispute,146290,11,True,"‘임차인이 계약특수조건 제8조에 의하여 임대주택을 명도하여야 하는 날까지 임대인에게 명도하지 아니하는 경우와 계약특수조건 제2조에서 정한 임대차계약기간이 종료되었음에도 명도 또는 임대차 갱신계약을 체결하지 아니한 경우에는 임차인은 그 주택을 명도하여야 하는 날의 다음날부터 명도일까지의 기간에 대해 계약일반조건 제1조 제1항의 기본 월 임대료의 1.5배에 상당하는 금액을 임대인에게 납부하여야 한다. 이 경우 명도일까지 임차인이 사용한 전기료, 수도료 등을 포함한 관리비는 이와 별도로 납부하여야 한다’"
protection_mechanism,107001,11,False,'우리 공사와 임대인 피고 A이 체결한 부동산임대차계약의 만료기간 도래에 따라 2019. 9. 23. 계약해지를 통보하였으며 2019. 10. 31. 피고 A으로부터 신 임대인(피고 B)에게 임대차계약을 승계하였음을 통보받았습니다. 임대차계약 물건에 대한 재계약 의사가 없음에 따라 보증금은 계약종료일인 2019. 12. 28.까지 반환하여 주시기 바랍니다'
deposit_dispute,112145,11,False,"“상기 본인은 이 사건 부동산을 계약함에 있어 보증금을 원고가 임대인 D에게 대납해준 것을 확인하며, 차후 임대차기간 종료나 해지 시 위 보증금에 대하여 임차인의 권리를 주장할 수 없고, 임대차보증금도 임대인에게 주장할 수 없으며, 위 보증금을 임대인 D이 원고에게 반환하는 데 동의합니다”"
deposit_dispute,89780,10,False,"'이라 한다)을 체결하면서, 피고가 권리금 및 시설비 일체를 제3의 임차인에 대하여 인정하고, 보증금의 반환은 원고에게 직접하기로 하는 특약을 하였는데, 계약 당시 원고는 입회인으로 날인하였고, 원고가 준비한 보증금 1,600만 원을 피고에게 지급하였다. (2) 소외인은 이 사건 건물에서 제과점을 운영하였는데 1차 계약의 기간만료 후인 1991. 9. 11. 원고와 소외인은 피고 집을 방문하여 보증금을 700만 원 인상하여 총 2,300만 원으로 하여 임대차계약을 갱신(이하 '"
deposit_dispute,116067,10,True,"’에 해당하더라도 이 사건 임대차계약 특약사항 제7조에서의 인테리어 리모델링은 구조변경을 포함한 리모델링을 예정하고 있는 것이고, 일반조항보다 특약사항이 우선해야 하는바, 원고가 피고의 동의 없이 구조변경공사를 하였다 하더라도 특약사항 제7조에서 구조변경을 예정하고 있으므로 해지권이 발생하지 않는다고 주장한다. 그러나 이 사건 임대차계약의 문언 및 구조에 비추어보면, 이 사건 임대차계약에 특약사항이 일반조항보다 우선한다는 취지의 내용이 없고, 제3조의 ‘"
fraud_core,62108,10,True,"‘피고 회사는 이 사건 임대차계약 특약사항 제10조(신탁등기 말소) 및 제11조(전세권 설정)의 이행을 지체함을 인정하고, 이를 2020. 7. 24.까지 완료한다. 만약 위 기일까지 완료되지 않은 경우, 원고는 피고 회사에 임대차계약 해지 및 임대차보증금(각 2억 원씩, 총 8억 원)의 반환을 청구할 수 있으며, 피고 회사는 임대차보증금 반환채무를 임대재산의 반환과 동시에 이행할 것을 항변할 수 없다.’"
fraud_core,38900,10,True,"""임차권등기명령의 집행에 의한 임차권등기가 경료되면 임차인은 제3조 제1항의 규정에 의한 대항력 및 제3조의2 제2항의 규정에 의한 우선변제권을 취득한다. 다만, 임차인이 임차권등기 이전에 이미 대항력 또는 우선변제권을 취득한 경우에는 그 대항력 또는 우선변제권은 그대로 유지되며, 임차권등기 이후에는 제3조 제1항의 대항요건을 상실하더라도 이미 취득한 대항력 또는 우선변제권을 상실하지 아니한다."""
deposit_dispute,144116,10,False,"’라 한다)에 관하여 임대차계약, 임대차조건변경 합의계약을 각 체결하였다. 다. 원고와 피고는 2017. 2. 6. 및 2017. 11. 18.경 이 사건 아파트에 관하여 임대차계약을 각 갱신하였는데, 위와 같이 갱신된 각 임대차계약(이하 최초 임대차계약, 임대차조건변경합의계약, 위와 같이 갱신된 각 임대차계약을 통틀어 ‘"
deposit_dispute,14605,10,True,"‘이전관련 비용’을 임대인이 부담하여야 한다는 내용을 규정하고 있는바, 위 조항과 앞서 본 제4조의 내용을 결합하면, 임대인은 일방적으로 임대차계약을 해지하는 경우 제4조에 따라 임차보증금에 해당하는 금액을 위약금으로 임차인에게 지급함과 아울러(기간 만료시 반환해야 하는 임차보증금 제외), 제7조에 따라 ‘"
fraud_core,118311,9,True,"‘해약’ 등을 전산관리하여야 함(대리사무계약 제3조 제1항 제2호, 제9조 제2항)에 비추어 분양수입금을 관리하는 피고는 수분양자와 계약이 해제되어 소외 1 주식회사의 요청이 있을 경우 계약해제로 인한 원상회복의 범위 내에서는 이를 반환하여야 하는 점, 따라서 이미 분양이 된 건물 부분을 매각할 경우에는 분양자는 수분양자와의 계약을 해제할 수밖에 없으므로, 이미 분양된 물건을 처분하여 담보신탁계약을 정산할 경우에는 수분양자에 대한 분양금 반환채무는 이 사건 신탁계약 제21조 제1항에서 신탁보수와 함께 1순위로 정산하여야 하는 ‘"
deposit_dispute,56366,9,False,"‘이 사건 건물 신축공사 후 1층과 지하 1층을 최초 2년 계약시 보증금 2,000만 원에 월세 400만 원(부가가치세 40만 원 별도), 2년 후 추가 재계약시 보증금 4,000만 원으로 변경한다(기존 보증금 2,000만 원에 추가하여 2,000만 원 증액. 단 월세는 올리지 않는다). 그 후 2년 후 계약시 월세 및 보증금을 조정한다. 신축 후 계약/사업자등록은 B 명의로 한다. 2016년 8월 말일까지 영업한다. 이사비용으로 일천만 원을 B씨에게 지급한다. 보증금 3,000만 원은 반납한다(2,000만 원은 A 보관)’"
deposit_dispute,94456,9,False,"‘피고가 임대인의 지위를 승계하여 임차인 C의 보증금반환채무를 면책적으로 인수하는 것으로 인식하였고, 동일한 방법으로 G가 위 채무를 면책적으로 인수할 의사로 G에게 이 사건 부동산을 매도하여 피고는 임대차보증금에 상당하는 부당이득을 보유하고 있지 않다. 원고가 임대인 지위 승계 및 면책적 인수가 되지 않는 상황임에도 이를 숨기고 피고와 이를 전제로 이 사건 매매계약을 체결하여 피고가 임대차보증금반환 책임을 지게 되는 것은 신의칙상 인정될 수 없다.’"
deposit_dispute,104245,9,False,"‘피고가 임대인의 지위를 승계하여 임차인 C의 보증금반환채무를 면책적으로 인수하는 것으로 인식하였고, 동일한 방법으로 G가 위 채무를 면책적으로 인수할 의사로 G에게 이 사건 부동산을 매도하여 피고는 임대차보증금에 상당하는 부당이득을 보유하고 있지 않다. 원고가 임대인 지위 승계 및 면책적 인수가 되지 않는 상황임에도 이를 숨기고 피고와 이를 전제로 이 사건 매매계약을 체결하여 피고가 임대차보증금반환 책임을 지게 되는 것은 신의칙상 인정될 수 없다.’"
deposit_dispute,26916,9,True,"'임대인이 임대차기간이 끝나기 3개월 전부터 임대차 종료 시까지 임차인이 주선한 신규임차인이 되려는 자에게 권리금을 요구하거나 임차인이 주선한 신규임차인이 되려는 자로부터 권리금을 수수하는 행위, 임차인이 주선한 신규임차인이 되려는 자로 하여금 임차인에게 권리금을 지급하지 못하게 하는 행위를 하여 임차인의 권리금 회수기회를 방해하여서는 안 되고, 다만 제10조 제1항 각호의 어느 하나에 해당하는 사유가 있는 경우에는 그러하지 아니하다'"
fraud_core,60279,9,False,"‘일반계약(일반 분양자), 직원계약(직원 분양자), 협력회사계약(분양협조, 2006년경 분양 초기 협력회사 분양자), 협력회사계약(2008년 계약, 2008년경 협력회사 분양자), 특별계약(특별세대, 분양계약시 특별조건을 적용한 분양건), 특별계약(조사세대, 계약시 특별조건을 적용한 분양건 중 검찰이 문제를 제기한 세대)’"
protection_mechanism,31447,9,False,"「사해행위에 해당하는 각 근저당권설정계약에 기한 근저당권설정등기는 이미 말소됨으로써 원상회복이 이루어졌고, 피고들이 지급받은 돈은 위 각 근저당권설정계약과는 별도의 변제행위에 의하여 취득한 것이므로 변제행위 자체의 사해성을 다투지 아니한 채 근저당권설정계약의 취소에 따른 가액배상으로서 지급금의 반환을 구할 수는 없다」"
deposit_dispute,11782,9,False,"‘임대차계약이 종료된 경우 임차인은 위 부동산을 원상으로 회복하여 임대인에게 반환한다. 이러한 경우 임대인은 보증금을 임차인에게 반환하고, 연체 임대료 또는 손해배상금이 있을 때는 이들을 제하고 그 잔액을 반환한다.’"
deposit_dispute,47614,8,False,"‘F’라 한다)가 원고의 아들이 운영하는 I에 대하여 가지는 임대보장수수료 지급채무를 연대보증하였고, 원고는 피고 및 I과 사이에 체결된 상계계약에 따라 I이 피고에 대하여 가지는 위 연대보증채권(임대보장수수료 반환채권)을 자동채권으로 하여 피고가 원고에 대하여 가지는 임대차보증금반환채권과 대등액의 범위에서 상계하였으므로, 원고가 피고에게 반환하여야 할 임대차보증금이 존재하지 아니한다. 나. 임대차보증금반환채권과 관련한 동시이행 항변 등에 관한 판단 1) 인정 사실 ① 원고의 아들 G과 원고의 동생 H는 공동으로 ‘"
deposit_dispute,93022,8,False,"’이라 한다)를 임대차기간 2003. 7. 31.부터 2005. 7. 31.까지, 임대차보증금 8,500만 원으로 하여 임대하였고, 그 즈음 원고 A은 위 보증금 8,500만 원을 지급하였다. 원고 A, 피고 C는 위 임대차계약을 갱신하여 오다가, 2010. 9. 10. 임대차기간을 2010. 9. 10.부터 2012. 9. 9.까지로 하고, 임대차보증금을 1억 2,500만 원으로 4,000만 원 증액하는 임대차계약을 체결하였다(이하 원고 A과 피고 C 사이에 체결 및 갱신된 임대차계약을 통틀어 ‘"
deposit_dispute,116893,8,False,"“바. 별지 목록 제1, 2항 기재 각 부동산에 관한 근저당권의 설정 및 말소 1) 토피아도봉어학원은 소외 1에 대한 이 사건 임대차계약에 기한 임대차보증금 18억 원의 반환채권을 담보하기 위하여 2012. 3. 21. 소외 1 소유의 별지 목록 제1, 2항 기재 각 부동산에 관하여 채권최고액 24억 5천만 원, 채무자 소외 1, 근저당권자 토피아도봉어학원으로 된 근저당권설정계약을 체결하고, 같은 날 서울북부지방법원 도봉등기소 접수 제16986호로 위 각 부동산에 관하여 근저당권설정등기(이하 ‘"
deposit_dispute,78728,8,True,"’)에 의하면 임대차보증금은 1억 5,000만 원, 차임은 월 970만 원(부가가치세 포함 시 1,067만 원, 매월 말일 지급), 임대차기간은 2015. 11. 30.까지로 정해졌고, 임차인인 원고가 2기 이상의 차임을 연체할 경우 임대인인 피고는 최고 없이 임대차계약을 해지할 수 있으며(제6조), 임대차기간이 종료되면 임차인인 원고는 임대차목적물을 원상으로 복구하여 반환하는 것으로 하였다(제12조). 이에 따라 원고는 피고에게 위 임대차보증금을 지급하고 이 사건 점포를 인도받아 그곳에서 ‘"
fraud_core,27473,8,False,"""1999. 11. 20. 이건 건물 중 3층 부분을 피고인 1에게 임대기간 1999. 11. 30.부터 2001. 11. 29.까지, 임차보증금 5,000만 원(계약금 500만 원, 중도금 1,000만 원, 잔금 3,500만 원)으로 정하여 임대차계약을 체결하고, 위 보증금 중 금 3,000만 원은 인부들 품값으로 반환하고 금 2,000만 원만 받았으며, 위 피해자와 이 사건 매매계약을 체결할 당시 피고인 1의 임차보증금 반환채무를 위 매매대금에서 공제하기로 약정하였다."""
deposit_dispute,37395,8,False,"‘임대차 기한은 임차인에게 부동산을 명도한 날로부터 24개월 정함(영업권 보장 5년). 단 기간 만료 2개월 전에 상대방에 대하여 문서로써 조건변경의 의사표시를 하지 아니하면, 동일한 조건으로 1년간씩 자동 연장되는 것으로 하며, 계약기간 중 임대차 목적물이 매매되거나 임대인의 명의가 변경될 경우 임대인은 본 임대차계약의 제반 조건을 매수인에게 승계하기로 하며, 임대계약기간 종료 후 임차인이 원할 시 재계약은 보장하는 것으로 한다’"
deposit_dispute,103669,8,False,’라 한다)에게 이 사건 부동산에 관한 임차권을 양도하였다. 라. 소외인은 2018. 12. 6. D과 사이에 위 임대차계약의 임대차기간을 2019. 11. 16.까지로 갱신하는 내용의 임대차계약을 체결하였다. 마. 소외인은 2019. 11. 13. D과 사이에 위 임대차계약의 임대차기간을 2020. 11. 16.까지로 갱신하는 내용의 임대차계약을 체결하였다(이하 위와 같이 갱신된 임대차계약을 통틀어 ‘
deposit_dispute,133190,8,True,"‘이 사건 보증보험증권 보험기간이 연장되지 않아, 임대차계약서 제10조 제1항을 위반한 것으로 보고 원고는 2020. 3. 14.부로 임대차계약을 해지하였고, 2020. 3. 14. 임대차목적물 명도 완료하였으니 임대차보증금 300,000,000원을 3. 17.까지 반환하라. 만약 임대차보증금 반환이 기한 내에 이루어지지 않을 경우 보증보험 증권 청구를 통해 임대차보증금을 충당할 예정이다.’"
deposit_dispute,137337,8,True,"‘이 사건 보증보험증권 보험기간이 연장되지 않아, 임대차계약서 제10조 제1항을 위반한 것으로 보고 원고는 2020. 3. 14.부로 임대차계약을 해지하였고, 2020. 3. 14. 임대차목적물 명도 완료하였으니 임대차보증금 300,000,000원을 3. 17.까지 반환하라. 만약 임대차보증금 반환이 기한 내에 이루어지지 않을 경우 보증보험 증권 청구를 통해 임대차보증금을 충당할 예정이다.’"
deposit_dispute,94328,8,False,“전 임차인이 무도유흥음식점으로 경영하던 점포를 임차인이 소유자로부터 임차하여 내부시설을 개조 단장하였다면 임차인에게 임대차 종료로 인하여 목적물을 원상 회복하여 반환할 의무가 있다고 하여도 별도의 약정이 없는 한 그것은 임차인이 개조한 범위 내의 것으로서 임차인이 그가 임차 받았을 때의 상태로 반환하면 되는 것이지 그 이전의 사람이 시설한 것까지 원상회복할 의무가 있다고 할 수는 없”
deposit_dispute,87894,8,False,"’는 내용의 휴대폰 문자메세지를 발송하였고, 2017. 12. 11. 원고에게 이 사건 임대차계약의 해지 및 임대차보증금 반환 등을 통보하는 내용의 내용증명을 발송하였다. 라. D은 2018. 1. 13. 원고를 상대로 창원지방법원 통영지원 2018가단20322호로 이 사건 임대차계약의 해지를 원인으로 임대차보증금의 반환을 구하는 소송을 제기하였고, 위 소송(이하 ‘"
deposit_dispute,77568,8,False,‘건물의 전세권설정자가 전세권의 존속기간 만료 전 6월부터 1월까지 사이에 전세권자에 대하여 갱신거절의 통지 또는 조건을 변경하지 아니하면 갱신하지 아니한다는 뜻의 통지를 하지 아니한 경우에는 그 기간이 만료된 때에 전전세권과 동일한 조건으로 다시 전세권을 설정한 것으로 본다. 이 경우 전세권의 존속기간은 그 정함이 없는 것으로 본다.’
deposit_dispute,94337,8,False,"“N호 보증금 500만, L호 보증금 500만, P호 보증금 500만, R호 보증금 500만, T호 보증금 500만, V호 보증금 500만, Z호 보증금 500만, AB호 보증금 500만, X호 전세 4,300만(2019. 3. 2.), AE호 전세 4,500만(2019. 8. 22.), AG호 전세 5,000만(2019. 5. 1.)”"
deposit_dispute,68625,8,False,"‘보증금 160,000,000원 상태의 기계약에서 140,000,000원으로 하향조정함. 하향으로 인한 반환예정금액 20,000,000원은 임차인이 미수령 상태이며, 20,000,000원에 대하여는 임차인에게 반환할 때까지 대출금리로 환산하여 이자를 지급하기로 한다. 보증금 수령 및 반환의무도 피고 C로 한다.’"
deposit_dispute,130980,8,False,"‘보증금 160,000,000원 상태의 기계약에서 140,000,000원으로 하향조정함. 하향으로 인한 반환예정금액 20,000,000원은 임차인이 미수령 상태이며, 20,000,000원에 대하여는 임차인에게 반환할 때까지 대출금리로 환산하여 이자를 지급하기로 한다. 보증금 수령 및 반환의무도 피고 C로 한다.’"
fraud_core,85304,7,False,"‘E’ 사이트에 위 임대목적물을 전세 계약 조건으로 임대하는 내용의 글을 게시하고, 그 글을 보고 연락을 해 온 임차인으로부터 전세보증금을 편취하기로 마음먹고, B은 부동산 중개인을 사칭하며 임차인을 응대하는 역할을, C는 임대목적물을 물색하고 임차인에게 임대목적물을 보여줄 때 망을 보거나 건물관리인 행세 또는 임대인 행세를 하는 역할을, 피고인은 임대인 행세를 하는 역할을 하기로 서로 공모하였다. 1. 사기 가. 피해자 F에 대한 사기 피고인은 B, C와 공모하여, 2019. 12. 18.경 불상의 장소에서, 인터넷 D 카페 ‘"
deposit_dispute,71126,7,True,"“피고는 소외 3으로부터 이 사건 마트 부지에 관하여 임대차보증금 3억 원, 월세 200만 원, 임대차기간 2011. 8. 1.부터 2016. 7. 31.까지로 정하여 임차한다(제1조 및 제2조). 임대기간 만료일에는 위 부동산 지상 및 건물 내에 있는 모든 사람과 건물 이외의 물건 전부 임차인이 책임지고 명도하여야 한다(특약사항 제1항). 임차인 등은 권리비나 비품비, 시설비 등 어떠한 명분의 비용도 임대인에게 청구할 수 없고 임차인이 임의로 설치·시공한 것이 있다면 임대차 만료일까지 원상복구하여야 한다(특약사항 제2항)”"
deposit_dispute,47214,7,False,"’라 한다)‘가 작성되었는데, 위 계약서의 임대인으로 피고들이, 임차인으로 원고가 기재되어 있고, 개업공인중개사인 G과 H가 각 서명 및 날인을 하였다. 다. 원고는 위 임대차계약의 임대차보증금으로서 2015. 7. 18. 피고 B 명의의 계좌로 가계약금 1,000,000원을 이체하였고, 2015. 7. 31. 7,500,000원, 2015. 8. 4. 76,500,000원을 각 피고 C에게 송금하여서 합계 85,000,000원을 지급하였다. 라. 원고와 피고 C는 2017. 3. 22. 이 사건 계약서 위의 날짜를 ‘"
deposit_dispute,126421,7,False,"‘G’ 입점 여부는 이 사건 분양계약 체결에 있어서 매우 중요한 동기였던 점, ② 원고 입장에서 계약이 체결되고 상당한 기간이 경과한 이후에도 공사가 완성되지 않은 경우에까지 계약을 유지하고자 하는 의사가 있었다고 보기는 어려운 점, ③ 이 사건 점포가 통합된 이후 공급계약서(갑 제2호증)를 새로 작성하는 과정에서 원고와 피고 사이에 별다른 이견이 없었는바, 원고 입장에서는 특약사항의 변경을 인식하지 못한 채 이 사건 1차 특약사항과 2차 특약사항이 실질적으로 내용이 같은 것으로 생각하였을 가능성도 충분한 점, ④ ‘"
deposit_dispute,27883,7,False,"‘E병원’에서 C을 만나 C으로부터, 피고 명의 계좌로 2억 원을, 현금으로 1억 7,000만 원을 각 지급받아 합계 3억 7,000만 원의 임대차보증금을 모두 반환받았다. 당시 동석한 원고 역시 C으로부터 임대차보증금 전액을 반환받는다는 사실을 충분히 인식하였다고 판단된다. 원고와 피고가 같은 날 이 사건 건물에 관한 전세권설정등기를 말소하였다는 사실 또한 이러한 사정을 뒷받침한다. 나) 원고와 피고는 C으로부터 임대차보증금을 반환받은 후 같은 날 합의서를 작성하였는데, 위 2010. 5. 6.자 합의서에는 “"
deposit_dispute,135908,7,False,"‘E병원’에서 C을 만나 C으로부터, 피고 명의 계좌로 2억 원을, 현금으로 1억 7,000만 원을 각 지급받아 합계 3억 7,000만 원의 임대차보증금을 모두 반환받았다. 당시 동석한 원고 역시 C으로부터 임대차보증금 전액을 반환받는다는 사실을 충분히 인식하였다고 판단된다. 원고와 피고가 같은 날 이 사건 건물에 관한 전세권설정등기를 말소하였다는 사실 또한 이러한 사정을 뒷받침한다. 나) 원고와 피고는 C으로부터 임대차보증금을 반환받은 후 같은 날 합의서를 작성하였는데, 위 2010. 5. 6.자 합의서에는 “"
deposit_dispute,3410,7,False,"‘이라 한다)과 사이에 이 사건 건물에 관한 매매계약을 체결하였고, 2020. 1. 2. 건물에 관한 소유권이전등기가 경료 되어 E이 그 소유자가 되었고, 같은 날 E이 이 사건 근저당권부 채권을 면책적으로 인수하였으며, 2020. 9. 8. 이 사건 근저당권의 채무자를 E으로 변경하는 내용의 근저당권변경등기가 이루어졌다. 다. 소외 채무자회사는 2020. 4. 29. 원고와 사이에 채무자회사의 E에 대한 이 사건 근저당권부 채권인 임대차보증금반환청구권을 원고에게 승계시키는 내용의 임대차승계 합의(이하 ‘"
fraud_core,95626,7,False,"’라고 한다)를 임차하였던 임차인이며, 원고 B은 부동산중개인이다. 나. 원고 A과 피고는 2005년 11월경 원고 B의 중개로 이 사건 점포에 관한 임대차계약을 체결한 후 이를 갱신하여 오다가 2013년 5월 초경 보증금 4억 원, 월 차임 700만 원(부가가치세 별도, 이후 800만 원으로 인상되었다), 임대차기간 2013. 5. 10.부터 2018. 5. 9.까지로 하여 임대차계약을 다시 체결하였다. 위 임대차계약은 2019. 5. 9.까지 묵시적으로 갱신되었다. 다. 소외 주식회사 F(이하 ‘"
fraud_core,809,7,False,"’ H호를 피해자 I에게 임대함에 있어, 임차보증금 5,500만 원을 주면 위 H호에 기존 임차인 명의로 설정된 전세권설정등기를 곧바로 해지한 후 2018. 4. 25.경부터 2년간 임대해주고 임대차기간이 종료되면 정상적으로 임차보증금을 반환해 주겠다고 말하여 이를 사실로 믿은 피해자로부터 2018. 4. 25.경까지 임차보증금 명목으로 피고인의 남편인 B 명의의 새마을금고 예금계좌(계좌번호 1 생략)로 5,500만 원을 송금받았다. 그러나 당시 피의자는 남편 명의로 소유하고 있던 위 ‘"
protection_mechanism,125436,7,False,"’라고 한다)와 소외 1 사이에 2007. 12. 12. 체결된 근저당권설정계약과 2008. 5. 16. 체결된 근저당권설정계약, 지상권설정계약을 각 취소하고, 피고 현대위아는 소외 1에게 대구지방법원 김천지원 2007. 12. 13. 접수 제40655호로 마친 근저당권설정등기의, 같은 법원 2008. 5. 19. 접수 제18260호로 마친 근저당권설정등기의, 같은 법원 같은 날 접수 제18261호로 마친 지상권설정등기의 각 말소등기절차를 이행하고, ③ 피고 주식회사 파인디지털(이하 ‘"
protection_mechanism,30172,7,False,"’이라 한다)에 관하여, △ 2001. 5. 25. 채권최고액 26억 4,000만 원의 근저당권을 설정받고, △ 2004. 8. 2. 채권최고액 10억 원의 근저당권을 설정받았으며, △ 2004. 8. 2. 채권최고액 5억 원의 근저당권을 설정받았다. ○피고와 ○○산업은 위와 같은 근저당권에 관하여 이를 모두 포괄근저당권으로 하여 그 근저당권 설정 이후에 발생하는 채권도 담보하기로 약정하였다(이하 위 채권최고액 10억 원의 근저당권을 ‘"
protection_mechanism,120874,7,False,"’이라 한다)에 관하여, ① 2019. 3. 18.자 설정계약을 원인으로 하여 같은 달 19. 근저당권자를 피고 A으로, 채권최고액을 1억 2,000만원으로, 채무자를 F으로 하는 근저당권설정등기를 마치고, ② 2019. 3. 18.자 설정계약을 원인으로 하여 같은 달 19. 근저당권자를 피고 B로, 채권최고액을 1억 2,000만원으로, 채무자를 F으로 하는 근저당권설정등기를 마쳤다(이하 위 각 근저당권을 ‘"
protection_mechanism,116304,7,False,"'이라 한다)을 체결하고, 2016. 9. 26.까지 에 위 보증금 전액을 지급하였다. 나. 또한 피신청인은 2016. 9. 23. 과 사이에, 이 사건 건물에 관하여 전세권자 피신청인, 전세금 55,000,000원, 존속기간 2016. 9. 25.부터 2년간으로 각 정한 전세권설정계약을 체결하고, 2016. 9. 28. 이 사건 건물에 관하여 위 전세권설정계약에 따라 전세권설정등기를 마쳤으며(이하 이를 '"
fraud_core,61587,7,False,"“내가 이 사건 아파트를 매수하였다. 아직 소유권이전등기는 마치지 않았지만 분양회사와 계약을 해 놓은 상태이다. 이 사건 아파트 시세가 약 120,000,000원 정도 되니 전세권 보다 선순위로 채권최고액 20,000,000원인 근저당권을 설정하게 해 주면, 위 근저당권 바로 다음 순위로 원고 명의의 전세권설정등기를 마쳐주어 추후 임대차보증금반환채권을 안전하게 담보할 수 있도록 해주겠다.”"
deposit_dispute,108379,7,True,"‘수선의무’라 한다) 두 가지를 규정하고 있다. 먼저 임대인의 목적물 인도 의무에 관하여 보건대, 비록 민법 제623조가 명문으로 규정하고 있지는 아니하나, 임대차계약이 임대인이 임차인에게 목적물을 사용·수익하게 하고, 임차인이 이에 대하여 차임을 지급하는 것을 내용으로 하는 계약(민법 제618조)인 이상, 민법 제623조에서 말하는 ‘"
deposit_dispute,81916,7,False,"’이라 한다), 원고의 처인 H를 임차인, 피고를 임대인, E을 임대인 대리인으로 하여 같은 날 H가 이 사건 주택의 3층을 임대차보증금 35,000,000원, 월차임 250,000원, 기간 2010. 9. 30.부터 2011. 9. 30.까지로 정하여 임차하는 내용의 임대차계약서가 작성되었다. 위 각 임대차계약서의 특약사항에는 ‘"
fraud_core,97263,7,False,"‘임대목적물에 대하여 임대인(수탁자)과 수탁자 간 체결한 부동산담보신탁계약이 체결되어 있음을 확인한다(부동산등기부등본 첨부). 수탁자는 신탁부동산의 등기부상 소유자로서, 임대차계약에 관한 일체의 책임은 임대인(위탁자)이 부담하며, 임차인 및 임대인(위탁자)은 수탁자에게 임대차계약과 관련한 일체의 이의제기나 청구를 하지 아니한다.’"
deposit_dispute,10462,7,False,’이라고 한다)을 체결하였다. 그런데 이 사건 임대차계약은 피고가 이 사건 점포의 전 임차인인 D로부터 임차인 지위를 양수하면서 체결된 것이어서 피고는 전 임차인에게 임대차보증금 상당 금원을 지급하는 방법으로 임대인인 C에 대한 임대차보증금의 지급에 갈음하고 그 무렵 C으로부터 임대차 목적물을 인도받아 이 사건 점포에서 ‘
deposit_dispute,9838,7,False,"‘임대인 또는 임차인은 본 계약상의 내용에 대하여 불이행이 있을 경우 그 상대방은 불이행한 자에 대하여 서면으로 최고하고 계약을 해제할 수 있다. 이 경우 계약 당사자는 계약해제 따른 손해배상을 각자 상대방에게 청구할 수 있으며, 손해배상에 대하여 별도의 약정이 없는 한 계약금을 손해배상의 기준으로 본다’"
deposit_dispute,67411,7,False,"‘임대인 또는 임차인은 본 계약상의 내용에 대하여 불이행이 있을 경우 그 상대방은 불이행한 자에 대하여 서면으로 최고하고 계약을 해제할 수 있다. 이 경우 계약 당사자는 계약해제 따른 손해배상을 각자 상대방에게 청구할 수 있으며, 손해배상에 대하여 별도의 약정이 없는 한 계약금을 손해배상의 기준으로 본다’"
deposit_dispute,80387,7,False,"‘이라 한다)’ 중 방 한칸을 전대차보증금 20,000,000원으로 정하여 전차하였다. 그러나 2018. 8. 1.경 임대인 D과 C 사이의 임대차계약이 해지되어, 원고는 위 전대목적물을 임대인인 D에게 인도하였다. 나. 한편 C은 D에 대한 임대차보증금 반환채권(50,000,000원, 이하 ’"
fraud_core,149813,7,False,"“2018. 1. 30. 이 사건 임대차계약을 체결하면서 선순위 임차보증금이 1억 2천만 원뿐이고, 임대차기간이 종료되면 임대차보증금을 반환할 수 있다고 원고를 기망하여 원고로부터 임차보증금 9천만 원을 지급받았으나 사실은 임대차기간 종료시 임대차보증금을 반환할 의사나 능력이 없었다”"
deposit_dispute,135777,7,False,"’라 한다)에 관하여 임대차 계약을 체결하였고, 이후 임대차계약을 갱신하면서 최종적으로 2019. 1. 31. 임대차보증금을 155,950,000원(매월 납부하여야 할 월 임대료는 추가 보증금을 납부하는 것으로 대체함)으로 증액하였다(이하 갱신된 임대차계약을 포함하여 ‘"
deposit_dispute,78983,7,False,"’라 한다)에 관하여 임대차 계약을 체결하였고, 이후 임대차계약을 갱신하면서 최종적으로 2019. 2. 1. 임대차보증금을 153,850,000원(매월 납부하여야 할 월 임대료는 추가 보증금을 납부하는 것으로 대체함)으로 증액하였다(이하 갱신된 임대차계약을 포함하여 ‘"
deposit_dispute,47033,7,False,"‘원고와 사이에 이 사건 건물의 새로운 임차인이 구해지면 이 사건 매매계약을 체결하기로 구두로 합의하였는데, 원고는 이 사건 건물의 새로운 임차인이 구해지지 아니하였음에도 이 사건 매매계약을 체결한 이상 원고가 몰취당한 계약금에 대하여 피고의 책임은 인정되지 않는다’"
deposit_dispute,4516,7,False,"‘임대인 또는 임차인이 본 계약상의 내용에 대하여 불이행이 있을 경우 그 상대방은 계약을 해제할 수 있고, 계약 당사자는 계약해제에 따른 손해배상을 각각 상대방에게 청구할 수 있으며, 손해배상에 대하여 별도의 약정이 없는 한 계약금을 손해배상의 기준으로 한다’"
deposit_dispute,31177,6,False,"‘라 한다]와 사이에 이 사건 부동산에 관한 영업위탁계약을 체결하고 ㈜F에게 이 사건 부동산의 임대 관련 업무 일체(임대 보증기간 동안의 임대료 지급, 임대보증금 수금 및 관리, 임차인 물색 및 선정, 임대홍보, 임대차계약서 작성, 세대 점검 등)를 위임하였다. 다. 원고는 2018. 3. 2.경 피고의 대리인이라는 E(상호 : G, (사업자등록번호 1 생략))과 사이에 피고로부터 이 사건 부동산을 임대차보증금 65,000,000원, 임대차기간 2018. 3. 17.부터 2020. 3. 16.까지로 정하여 임차하는 임대차계약(이하 ‘"
deposit_dispute,69248,6,False,"’라고만 한다)와 사이에 2011. 8. 25.자 자산양수도계약상 매수인인 CFIC의 권리, 의무, 계약상 지위를 유동화회사에 양도하는 자산양수도계약 인수계약(을 제6호증의 2)을 체결하였고, 하나은행은 2011. 9. 29. 안흥개발에 내용증명우편으로 채권양도통지를 하였다. 2) 유동화회사는 피고와 사이에, 2013. 6. 21. 안흥개발에 대한 모든 채권을 양도하는 자산양수도계약(을 제7호증의 1)을 체결하는 한편 일자를 소급하여 2002. 12. 31.자 근저당권 중 채권최고액 6억 6,000만 원 부분을 양도한다는 내용의 ‘"
protection_mechanism,42470,6,False,"’란 기재와 같이 피고들 및 선정자들을 주택임대차보호법상의 소액임차인으로 인정하여 최선순위로 해당 금액을 배당하고, 근저당권자인 원고에게 순차 배당한 잔액 265,710,176원을 배당하는 내용의 배당표를 작성하였다. [인정근거] 다툼 없는 사실, 갑 제1호증, 갑 제2호증의 1, 2의 각 기재, 변론 전체의 취지 2. 원고의 주장 원고는, 근저당권이 설정된 이후 무단 용도 변경된 경우까지 경매 당시 현황을 기준으로 소액임차인에게 우선변제권을 인정한다면, 근저당권자에게 예측할 수 없는 손해를 입게 하는 것이므로, 이 사건과 같이 ‘"
fraud_core,72141,6,False,"’는 문언이 기재되어 있다(갑 제2호증). ③ 이 사건 임대차계약 체결 당시 이 사건 부동산에 관하여 위 담보신탁을 원인으로 한 소유권이전등기 외에 근저당권설정등기 등이 마쳐져 있지는 않았다(갑 제4호증). 2) 구체적 판단 위의 사실관계에 의하여 알 수 있는 바와 같이, 이 사건 임대차계약 체결 당시 이미 임대인 F은 2016. 7. 7. 소외 신탁사와 사이에 담보신탁계약을 체결하고 이를 원인으로 하여 소외 신탁사 앞으로 그 소유권이전등기를 마친 상태에 있었던 점, 이 사건 임대차계약서에서는 이 사건 부동산에 관하여 설정된 ‘"
deposit_dispute,14684,6,False,"’이라 한다)을 체결하였다. D는 E에게 임대차보증금 중 5,000만 원만 지급하였고, 나머지 5,000만 원은 2017. 9. 30.까지 지급하되 미지급 보증금에 대한 이자 명목으로 매월 50만 원을 지급하기로 약정하였다. 나. 원고와 D는 2017. 6. 20. 주채무자 D, 대출금액 3,000만 원, 이자율 연 22%, 지연배상금율 연 27.9%, 여신기간 만료일 2018. 6. 15.로 하는 대출계약을 체결하였고, D의 E에 대한 임대차보증금반환채권에 관하여 채권최고액 3,900만 원으로 하는 근질권설정계약(이하 ‘"
deposit_dispute,56890,6,False,"‘ 부분을 임대차보증금 4,500만 원, 임대차기간 2009. 5. 25.부터 2011. 5. 24.까지로 정하여 임차하는 내용의 임대차계약을 체결하고, 임대차보증금을 모두 지급하였으며, 임대차기간이 종료된 후 다시 2년을 갱신하는 계약을 체결하면서 소외 1을 대리한 피고 1의 요구에 따라 임대차보증금 500만 원을 추가로 지급하였다. 다. 관련 분쟁의 경과 1) 이 사건 다가구주택이 위치한 용인시 (주소 생략) 대 1,602㎡ 중 별지 2 도면 표시 1, 2, 3, 4, 1의 각 점을 차례로 연결한 선내 248㎡(이하 ‘"
deposit_dispute,93811,6,False,"’이라 한다)에 관하여 보증금 80,000,000원, 임대차기간 2008. 9. 10.부터 2010. 9. 10.까지로 정하여 임대차계약을 체결하였다. 나. 원고는 위 임대차계약 체결 당일 보증금 80,000,000원을 소외 1에게 지급하였고, 같은 날 전입신고를 마치고 확정일자를 받았다. 다. 원고는 소외 1을 상대로 임대차보증금반환청구의 소(이 법원 2011가단12689)를 제기하여 2011. 7. 2. 승소판결이 확정되었다. 라. 피고 4는 이 사건 주택에 대하여 강제경매신청(이 법원 2009타경24996호, 이하 ‘"
protection_mechanism,89975,6,True,"‘즉시’, 임차인이 주택임대차보호법 제3조 제1항에 따른 임차인으로 대항력을 갖는다는 취지의 대법원 2000다58026, 58033 판결의 취지에 따르면, 원고가 피고에 대하여 이 사건 임대차계약에 기초한 대항력을 갖추었다고 볼 여지도 있으나, 한편 대법원 2012다93794 판결의 취지에 따르면, 원고의 이 사건 아파트에 관한 인도 및 전입신고는, 대운산업이 이 사건 아파트의 소유권을 취득한 2014. 4. 8.에야 비로소 원고의 임차권에 관한 적법한 공시방법으로 되었고, 따라서 그 대항력은 대운산업이 소유권을 취득한 ‘"
deposit_dispute,119567,6,False,"’이라고 한다)을 체결하였고, 이후 위 임대차계약을 갱신하면서 최종적으로 2019. 2. 1. 임차보증금을 155,950,000원으로 증액하였다. 다. 원고는 E 아파트의 입주예정일(2014. 12.경) 이후인 2015. 1. 2. 이 사건 아파트에 전입신고를 하고 그때부터 이 사건 아파트에서 거주하기 시작하였고, C에게 위 임대차계약에 따른 임대차보증금을 모두 지급하였다. 라. 피고는 2019. 12. 31.자로 E 아파트에 대한 의무임대기간 5년이 만료되자, 2020. 1.경 원고를 포함한 위 아파트 임차인들에게 ‘"
deposit_dispute,146238,6,False,"‘○○가든’에 대한 임대차계약을 체결하고 위 임대보증금반환채무와 위 중도금 중 20,000,000원의 지급채무를 상계하였으며, ③ 잔금으로서 같은 해 9.12.부터 11.15.까지 합계 금 90,000,000원을 지급한 사실, 피고는 1989.8.12. 원고에게 위에서 약정한 채무명세서를 제시하였는데, 동일 현재의 채무 내역은 근저당채무가 합계 금 129,400,000원, 가압류채무가 금 5,600,000원, 임대보증금반환채무가 합계 금 24,500,000원으로 기재되어 있었던 사실을 인정한 다음, 피고의 항변 즉, “"
fraud_core,128495,6,False,’라 한다)’ 1장을 작성하였다. 피고인은 계속해서 이 사건 임대차계약서를 마치 진정하게 성립한 것처럼 그 정을 모르는 임차인 공소외 2에게 건네주어 자격을 모용하여 작성한 이 사건 임대차계약서를 행사하였다. 2. 원심은 다음과 같은 이유를 들어 이 부분 공소사실을 무죄로 판단한 제1심판결을 그대로 유지하였다. 문서를 작성함에 있어 모용하는 타인의 자격은 적어도 해당 문서 자체의 형식과 외관을 통해 파악될 수 있어야 한다. 그런데 피고인은 공소외 2와 이 사건 임대차계약을 체결하면서 위 계약서의 임대인 란에 ‘
deposit_dispute,76211,6,False,"‘다를 수 있다’라는 부분은 특별히 자필로 기재하고 그 옆에 서명까지 하였는데, 위 기재를 들어 반드시 차임이 수반된 임대차계약을 체결할 것만을 위임하였다고 단정할 수는 없다. 라) ① 이 사건 위탁계약에 따르면 원고로서는 이 사건 부동산의 임차인이 존재하든, 그렇지 않든 D으로부터 이 사건 위탁계약에 따른 매월의 약정금을 지급받게 된다. 이러한 이 사건 위탁계약의 구조에 비추어 보면, 원고로서는 이 사건 위탁계약 체결 당시 위와 같이 D으로부터 매월의 수익금을 고정적으로 지급받기 위해서는, ‘"
deposit_dispute,106754,6,False,"‘다를 수 있다’라는 부분은 특별히 자필로 기재하고 그 옆에 서명까지 하였는데, 위 기재를 들어 반드시 차임이 수반된 임대차계약을 체결할 것만을 위임하였다고 단정할 수는 없다. 라) ① 이 사건 위탁계약에 따르면 원고로서는 이 사건 부동산의 임차인이 존재하든, 그렇지 않든 D으로부터 이 사건 위탁계약에 따른 매월의 약정금을 지급받게 된다. 이러한 이 사건 위탁계약의 구조에 비추어 보면, 원고로서는 이 사건 위탁계약 체결 당시 위와 같이 D으로부터 매월의 수익금을 고정적으로 지급받기 위해서는, ‘"
fraud_core,105230,6,False,"“)에 관하여 보증금은 각 20,000,000원, 월세는 각 1,800,000원(부가가치세 별도), 1,200,000원(부가가치세 별도), 기간은 각 2017. 3. 31.까지 2년간으로 정한 상가임대차계약을 체결하되, 분양계약시 임대차계약은 동일한 조건으로 승계하고, 임대차보증금 및 월세는 피고에게 입금하기로 하였다. ⑵ E는 2015. 3. 31.까지 피고 계좌에 보증금 합계 40,000,000원을 입금하고, 2015. 4. 30.부터 월세를 입금하였으며, 원고와 함께 동업 형태로 ”"
deposit_dispute,80338,6,False,"‘D주유소’의 영업장에 해당하는 원주시 G 주유소용지 839㎡, H 주유소용지 800㎡ 및 위 양 토지 지상 건물에 관하여 보증금 1억 원, 임대차기간 2018. 2. 21.부터 2020. 2. 21.까지로 하는 임대차계약을 체결하고 그 무렵 F에게 보증금 1억 원을 지급하였는데, 이 사건 차용금채무의 변제조로 2019. 4. 30.경 피고와 사이에 위 임차보증금 중 5천만 원에 대한 반환채권(별지 채권 목록 기재 채권)을 피고에게 양도하는 내용의 채권양도양수계약을 체결하였다(이하 ‘"
fraud_core,27859,6,False,"‘원고가 이 사건 임대차계약 당시에 이 사건 주택에서 5년 이상 거주하겠다고 약속하여 적지 않은 비용을 들여 도배와 장판 등을 새롭게 해주었음에도 원고가 약속을 어기고 이 사건 임대차계약을 해지하겠다고 하여 경제적, 정신적 고통을 받고 있다. 뿐만 아니라 원고가 이 사건 주택에 거주하는 동안 이웃에게 자주 시비를 걸었고, 일부 임차인들은 이사를 나가기도 하였다. 원고는 피고에게 위와 같은 피해를 배상하여야 하며, 피고는 원고의 보증금 반환채권과 위 손해배상채권을 상계하고자 한다.’"
protection_mechanism,125595,6,False,‘전세권’에 해당한다고 보아야 한다. 다만 전세권설정계약의 해지로 인하여 후순위 권리자가 예상치 못한 피해를 입고 매수인은 반대로 예상치 못한 이익을 얻는 등 부당한 결과가 초래되는 특별한 사정이 있는 경우에는 그 전세권은 매수인에게 인수되고 전세권자는 배분요구를 하더라도 배분받을 수 없다(대법원 2014. 12. 24. 선고 2012다60329 판결 참조). 2. 가. 원심판결 이유와 채택 증거들에 의하면 다음과 같은 사실을 알 수 있다. (1) 피고는 영진개발 주식회사(이하 ‘
deposit_dispute,98494,6,True,"'이라 한다)는 법률상 원인 없이 위 권리금 2억 3,000만 원을 지급받고 원고에게 동액 상당의 손해를 입혔다. 이에 피고 측은 연대하여 원고에게 부당이득반환으로서 위 2억 3,000만 원과 이에 대한 지연손해금을 지급하여야 한다. 2) 이 사건 권리양도계약의 해제에 따른 원상회복 이 사건 권리양도계약 제5조에는 피고 측이 원고와 신한 사이의 임대차계약을 책임지기로 되어 있다. 그런데 피고가 이를 이행하지 아니하여 신한과 원고 사이의 임대차 계약이 체결되지 않았다. 원고는 '"
deposit_dispute,137299,6,False,"‘C’의 인테리어 시설을 하고 치킨점을 운영하기 시작하였고, 2016. 2. 28. 임대차계약을 2019. 2. 27.까지 갱신하면서 월 차임을 230만 원으로 증액하였으나, 곧 영업을 중단하게 된 사실이 인정된다. 그리고 피고가 이어서 2016. 12. 23. 원고와 임대차계약을 체결하고 이 사건 점포의 시설을 양수하여 치킨점 영업을 시작하였고, 그 후 연체차임을 공제한 금액을 새로운 보증금으로 하여 2018. 4. 25. 이 사건 임대차계약을 체결하면서, 특약으로 “"
deposit_dispute,2785,6,True,’라 한다)는 2016. 2. 16.부터 2019. 3. 11.까지 각 1년 단위로 보험기간으로 정하여 피고 J과 공인중개사법 제30조 제3항에 따른 손해를 담보하기 위하여 각 보증보험계약을 체결한 보증보험회사이다. 나. 원고들은 2016. 3. 12.부터 피고 J의 중개로 별지 표 기재와 같이 이 사건 부동산에 관하여 별지 표 임대보증금란 기재 해당 금액을 임대보증금으로 정하여 각 해당 임대인(소유자)란 기재 임대인으로부터 임차하는 내용으로 각 임대차계약(이하 ‘
fraud_core,147830,6,False,"’을, 임차인란에 공소외 13의 주민등록번호 등 인적사항을 입력하여 출력한 후, 임차인란에 기재되어 있는 공소외 13의 이름 옆에 무인을 날인하였다. 피고인들은 권한 없이 위와 같이 공소외 13 명의의 임대차계약서를 위조한 것을 비롯하여, 그 무렵 같은 방법으로 별지2 범죄일람표(2) 기재와 같이 임차인 명의의 임대차계약서 27장을 위조하였다. 그 후 피고인 3은 공소외 12 등으로 하여금 위와 같이 위조된 임대차계약서 27장을 주식회사 △△저축은행(이하 ‘"
deposit_dispute,57176,6,False,"’이라 한다)를 임대차기간 2003. 7. 31.부터 2005. 7. 31.까지, 임대차보증금 85,000,000원으로 하여 임대하였고, 그 즈음 원고 A은 위 보증금 85,000,000원을 지급하였다. 원고 A, 피고 C는 위 임대차계약을 갱신하여 오다가, 2010. 9. 10. 임대차기간을 2010. 9. 10.부터 2012. 9. 9.까지로 하고, 임대차보증금을 125,000,000원으로 40,000,000원 증액하는 임대차계약을 체결하였다(이하 ‘"
deposit_dispute,123701,6,False,"’). 마. 이 사건 권리금계약의 후속 계약으로 2019. 1. 23. 원고 회사와 피고 회사 사이에 9층 G호에 관한 임대차계약이 체결되었다. 당시 작성된 임대차계약서에 의하면 임대차목적물은 9층 G호로서[계약서 별지에 <도면 2>의 G호 부분과 거의 일치하는 도면이 첨부되었다], 임대차보증금은 7,500만 원, 차임은 월 525만 원(부가가치세 별도), 임대차기간은 2019. 1. 24.부터 2020. 1. 23.까지로 각 정해져 있었다(이하 ‘"
deposit_dispute,50215,6,False,"’이라 한다)을 체결하고, 피고에게 위 임대차보증금 85,000,000원을 지급하였다. 한편 피고는 2017. 1. 4. 원고에게 이 사건 주택에 관하여 전세금 85,000,000원, 존속기간 2016. 12. 30.부터 2018. 12. 29.까지로 한 전세권설정등기를 마쳐주었다. 2) 원고는 2018. 10. 2. 피고에게 이 사건 임대차계약 해지의 의사를 밝히면서 임대차기간 만료시 임대차보증금을 반환하여 줄 것을 요구하는 내용증명우편(이하 ‘"
deposit_dispute,79883,6,True,"’이라 한다)를 다시 작성하였다. 이 사건 임대차계약서의 내용은 기존 임대차계약과 완전히 동일하고, 제28조에서 특약사항만을 추가하였는데 해당 특약사항의 내용은 아래와 같다.   다. C의 채권압류 및 추심명령 원고는 2019. 5. 30. 이 사건 대여금 판결에 기해 서울동부지방법원 2019타채56682호로 C이 피고에 대하여 가지는 기존 임대차보증금반환채권에 관하여 청구금액을 1,100,021,918원으로 하여 채권압류 및 추심명령(이하 ‘"
deposit_dispute,73329,6,False,"’이라 한다)을 체결하였고, 위 보증계약에 기한 보증서를 발급받아 대출은행인 L에 제출하였다. 또한 위 피고는 2018. 10. 18. 임대인 I에 대한 3억 8,000만 원의 전세보증금 반환채권을 주택도시보증공사에 담보 목적으로 양도하였으며, 그 무렵 위 I에게 채권양도통지를 하였다. 4) 한편 L은 2018. 10. 23. 원고와 이 사건 대출계약에 관하여 보험가입금액 334,400,000원으로 정한 전월세자금대출용 권리보험계약(이하 ‘"
deposit_dispute,99731,6,False,‘ 소외 1 주식회사 등이 원고에게 이 사건 부동산에 관한 소유권이전등기를 경료하여 주었음에도 소외 1 주식회사 등이 계속하여 공장을 운영하고 있는 것에 대한 채권자들의 의심을 회피하기 위하여 위 2001. 11. 20.자 임대차계약 및 2004. 6. 22.자 전세권설정계약을 체결하였는데 이는 통정한 허위표시에 해당하여 무효이므로 원고의 소외 1 주식회사 등에 대한 임대차보증금반환채무 및 전세금반환채무는 각 존재하지 아니함을 확인한다’
protection_mechanism,12977,6,False,"’라 한다)에 관하여 근저당권설정계약을 체결하고 2009. 10. 16. 아래와 같이 각 근저당권설정등기를 마쳤다. 1) 송백 소유인 101호, 102호, 108호, 201호 및 원고 1 소유인 ○○ 아파트에 관하여 별지4 목록 1번 기재와 같이 채권최고액 2,500,000,000원인 각 근저당권설정등기를 마쳤고, 또한 위 각 부동산이 공동담보인 뜻을 함께 등기하였다(이하 위 각 근저당권설정등기에 기초한 각 근저당권을 통틀어 ‘"
deposit_dispute,108420,6,False,"’라는 상호로 커피숍을 운영하였는데, 이 사건 임대차계약의 보증금과 차임은 소외 2와 피고 사이의 계약내용과 동일하였고, 임대차기간은 2014. 7. 1.부터 소외 2와 피고 사이의 계약에 정해진 임대차기간 종료일인 2016. 2. 6.까지였던 사실, ④ 이 사건 임대차계약 종료 시 이 사건 점포에 있었던 시설로서 피고가 철거한 시설은 전부 또는 대부분이 ㈜제이콥헬스케어 등 원고가 이 사건 점포를 임차하기 전의 임차인이 ‘"
deposit_dispute,146302,6,False,'2010. 11월경 원고 회사와 수신인 회사간 연장계약을 피고 회사로 갱신하면서 전 계약서의 승계방식으로 지금까지 이르고 있다. 발신인이 대표이사로 변경된 이후 2013. 11월 수신인에게 이 사건 빌딩 9층에 관하여 이면계약까지 한 전세계약서는 무효로 한다고 통보한 사실이 있다. 그러나 지금까지 수신인은 답변이 없으므로 앞으로 발신인과 수신인 사이 일어나는 일에 대한 모든 책임은 계약 당사자들에게 있음을 통보한다'
deposit_dispute,73323,6,False,"”라는 내용의 내용증명우편을 보냈다. 피고가 원고에게 구체적으로 증액된 임대차보증금이나 차임을 제시하지는 아니하였으나, 원고가 주선한 신규임차인과의 임대차계약을 거절하면서 원고의 누나와의 임대차계약을 체결하되 임대차보증금과 차임을 인상하겠다는 의사를 표시한 것으로 보이고, 이는 아래에서 보는 사정에 비추어 보아 신규임대차계약의 거절과 같은 의미로 봄이 상당하다. ⑥ 피고는 2017. 12. 28.경 원고에게 “"
deposit_dispute,23748,6,False,"‘근저당권이 설정되어 있는 부동산에 관하여 사해행위 후 변제로 근저당권설정등기가 말소된 경우, 부동산 가액에서 근저당권의 피담보채권액을 공제한 한도에서 가액반환을 명하는 것이 원칙이지만, 위 인정사실에서 본 바와 같이 이 사건 부동산에 관하여 사해행위 이전에 설정된 기존 근저당권 피담보채무의 액수보다 더 많은 피담보채무를 담보하기 위한 새로운 근저당권이 설정되어 있으므로, 부동산 자체의 회복을 명하기로 한다’"
deposit_dispute,14467,6,False,"’이라 한다)을 임대차보증금 1억 원, 월 차임 200만 원, 임대차기간 2007. 6. 1.부터 2008. 5. 31.까지로 정하여 임대하되 임대차보증금에 관하여 C에게 전세권등기를 설정해 주기로 약정하였다. 그에 따라 이 사건 부동산에 관하여 대구지방법원 경산등기소 2007. 6. 12. 접수 제26043호로 전세금 1억 원, 반환기 2008. 5. 31., 전세권자 C로 된 전세권설정등기(이하 ‘"
fraud_core,50337,6,False,"’이라 한다)을 체결하고 소회 회사에 그 임대차보증금을 지급한 다음 위 J아파트 K호에 거주하여 왔는데, 위 임대차기간 만료 전인 2018. 1. 3.경 이 사건 부동산에 관하여 원고를 임차인, 피고를 임대인, F(E)을 임대인 대리인으로 하는 임대차보증금 35,000,000원, 월차임 28만 원, 기간 2017. 2. 25.부터 2019. 2. 24.까지의 임대차계약서가 작성되었다(이하 ‘"
fraud_core,82049,6,False,"’이라 한다)을 체결하고 소회 회사에 그 임대차보증금을 지급한 다음 위 J아파트 K호에 거주하여 왔는데, 위 임대차기간 만료 전인 2018. 1. 3.경 이 사건 부동산에 관하여 원고를 임차인, 피고를 임대인, F(E)을 임대인 대리인으로 하는 임대차보증금 35,000,000원, 월차임 28만 원, 기간 2017. 2. 25.부터 2019. 2. 24.까지의 임대차계약서가 작성되었다(이하 ‘"
deposit_dispute,44555,6,False,"’으로, 피고가 기초생활수급자 등 주거취약계층의 주거안정을 위하여 정부에서 지원하는 전세임대자금으로 임차하는 내용의 계약임)을 체결하였다. 2) 피고는 2009. 10. 21. C과 이 사건 토지 및 이 사건 건물 중 2층 45.12㎡ 전부에 관하여, 전세권설정자 C, 전세권자 피고, 전세금 40,000,000원, 전세권 존속기간 2011. 10. 27.까지로 하여 전세권설정계약(이하 ‘"
deposit_dispute,71139,6,False,"‘권리관계’ 란에는 다음과 같은 내용이 기재되어 있는데, 이 사건 임대차계약 체결 당시 E은 원고에게 이 사건 건물에는 12세대에 관하여 임대차계약이 체결되어 있고 임대보증금의 액수가 2억 5천만원 이하라는 사실만을 설명하였을 뿐 그 임대차계약들에서 정한 임대차의 시기와 종기, 각 임대차보증금의 개별 액수 등에 관하여는 설명한 바 없다.  5) 원고 B의 이 사건 임대차계약서에 첨부된 ‘"
fraud_core,25435,6,False,"‘이 사건 사기죄에 대한 공소는 피고인 1, 3, 4, 5가 고의부도를 예정하며 대한주택보증의 임대보증금 보증보험에 가입하여 보증이익을 취득한 것이라는 취지에서 제기된 것이고, 허위의 임대차계약을 체결하여 임대보증금 보증보험에 가입한 뒤 보증사고를 낸 후 허위임대차계약 체결세대의 임차인 명의로 임대보증금 상당액을 청구하여 이를 취득한다는 내용의 보험금 사기는 공소 제기한 취지가 아니다’"
deposit_dispute,93270,6,False,"’이라 한다)을 각 지원받았다. 나. 피고는 소외 회사에게 지원한 이 사건 임대차보증금 상당 금원의 반환을 담보하기 위하여 2018. 1. 23. 이 사건 점포에 관한 소외 회사 명의의 전세권(전세보증금 1억 2,000만 원)에 근저당권설정등기를 마치고, 이 사건 권리금 상당 금원의 반환을 담보하기 위하여 2018. 1. 24. 원고 소유의 별지 목록 기재 각 부동산(이하, ‘"
deposit_dispute,125119,6,False,"“원고의 이 사건 점포 인도의무와 소외 조합의 임차보증금반환의무가 동시이행관계에 있다고 전제한 후, 소외 조합의 위 공탁은 동시이행항변을 포기한 채 임대차보증금을 공탁한 것으로 보이고, 원고가 2008. 9.부터 차임 또는 차임 상당의 부당이득금을 지급하지 않고 있어 이를 임대차보증금에서 공제하면 반환할 보증금이 남지 않아 동시이행을 구하는 원고의 주장이 이유 없다고 판단하여”"
fraud_core,77619,6,False,"”① C과 체결한 이 사건 건물에 관한 교환계약은 피고가 H, I(C의 모친)의 거짓말에 속아 체결한 것이어서 취소되어야 하고, 이 사건 건물에 관한 피고 명의의 소유권이전등기는 위 취소에 따른 원상회복의 대상이 되므로, 피고는 이 사건 임대차보증금 반환의무가 없다. ② 위 교환계약에 따른 소유권이전등기는 잘못된 것이고, 위 교환계약 체결 과정에서 피고와 H은 ’"
fraud_core,140996,6,False,"’이 사건 K‘이라 한다)에 관하여 임대차계약을 체결하고 D에게 계약금 500만 원을 지급하였는데, M으로부터 이 사건 Q빌라의 임대차보증금 반환이 지연됨에 따라 D에게 이 사건 K의 임대차보증금 잔금을 지급하지 못하여 그 계약금 500만 원을 몰취당하였다. ② I은 피고인 및 자녀들과 떨어져 거제도에서 일하며 거주하고 있었는데, 피고인은 I으로부터 ’"
deposit_dispute,70448,6,False,‘임대인이 임대차기간이 끝나기 6개월 전부터 1개월 전까지의 기간에 임차인에게 갱신거절의 통지를 하지 아니하거나 계약조건을 변경하지 아니하면 갱신하지 아니한다는 뜻의 통지를 하지 아니한 경우에는 그 기간이 끝난 때에 전 임대차와 동일한 조건으로 다시 임대차한 것으로 본다. 임차인이 임대차기간이 끝나기 1개월 전까지 통지하지 아니한 경우에도 또한 같다.’
protection_mechanism,25254,6,True,"""① 임차인은 보증금 중 일정액을 다른 담보물권자보다 우선하여 변제받을 권리가 있다. 이 경우 임차인은 주택에 대한 경매신청의 등기 전에 제3조 제1항의 요건을 갖추어야 한다. … ③ 제1항의 규정에 의하여 우선변제를 받을 임차인 및 보증금 중 일정액의 범위와 기준은 주택의 가액(대지의 가액을 포함한다)의 2분의 1의 범위 안에서 대통령령으로 정한다."""
deposit_dispute,99010,6,False,"’이라 한다)을 매매대금 11억 원에 매수하되, 계약금 1억 1,000만 원은 계약 시에 지급하고, 임대차보증금반환채무 2억 7,500만 원은 원고들이 승계하며, 중도금 3억 5,000만 원은 2017. 7. 4., 잔금 3억 6,500만 원은 2019. 8. 8. 각 지급하기로 하고, 계약금 상당은 위 약금으로 정한 매매계약(이하 ‘"
deposit_dispute,134801,6,False,"’이라 한다)을 매매대금 11억 원에 매수하되, 계약금 1억 1,000만 원은 계약 시에 지급하고, 임대차보증금반환채무 2억 7,500만 원은 원고들이 승계하며, 중도금 3억 5,000만 원은 2017. 7. 4., 잔금 3억 6,500만 원은 2019. 8. 8. 각 지급하기로 하고, 계약금 상당은 위 약금으로 정한 매매계약(이하 ‘"
fraud_core,10234,6,False,"'피고가 소외인에게 지급한 보증금이 4,500만 원에 불과한데도 임대인(소외인)의 지위를 승계한 피해자(이 사건 원고)에 대하여 보증금이 1억 7,000만 원이고 위 금원이 모두 지급된 것처럼 기망하여 피해자와 사이에 보증금 1억 7,000만 원으로 하는 새로운 임대차계약을 체결하여 위 보증금 상당의 재산상 이익을 편취하였다.'"
deposit_dispute,116908,6,False,"‘이 사건 건물’이라 한다)에 관하여 임대차보증금 2,000만 원, 차임 월 160만 원으로 정하여 임대차계약을 체결하면서, 특약으로 2개월의 월세계약 만료시점에 임대기간 2년의 전세계약으로 전환하고, 임대차보증금은 3억 3,000만 원으로 변경하며, 이 부분이 실행되지 않을 경우에는 피고가 즉시 퇴거하기로 약정하였다(이하 ‘"
fraud_core,65051,6,True,"‘연대보증인은 피고 B이 원고에 대하여 부담하는 임대료 약속어음을 포함한 각종 어음, 수표, 채무 및 기타 일체의 채무(손해배상, 계약의 해제 또는 해지로 인한 원상회복, 원래 물건의 반환, 기타 일체의 부대채무 등을 포함한다)와 세무상으로 발생되는 모든 의무에 대해서도 피고 B과 연대하여 이행한다(임대차계약조항 제6조).’"
deposit_dispute,128126,6,False,“임차인이 임차인의 귀책사유 또는 사정 때문에 임대인의 의사에 반하여 계약기간 중도에 임의로 임대차계약의 해약을 통보하고 퇴거한 후 임대차 목적물을 정상적으로 사용 또는 운영하지 않으며 임대차계약의 종료를 일방적으로 주장하면서 제반 임대료 등 납부하여야 할 금액 일부 또는 전부를 납부하지 않는 등의 경우”
deposit_dispute,135332,6,False,"’라 한다)에 관하여 임대차계약을 체결한 임차인이다. 나. 원․피고는 2001. 9. 26.경 이 사건 점포에 관하여 임대인을 피고, 임차인을 원고, 전세보증금을 7,500만 원, 임대차기간을 2001. 9. 25.부터 2003. 9. 25.까지로 하는 내용의 전세계약서(이하 ‘"
fraud_core,20911,6,True,"""신탁기간 중 임대차 계약기간의 만료 또는 임대차계약의 해지 등으로 인하여 임대인 명의를 위탁자로 하는 새로운 임대차계약을 체결하는 경우 제9조 제2항에 따라 수탁자의 사전승낙을 얻어야 한다. 이 경우 수탁자는 임대차계약과 관련하여 권리의무를 부담하지 않는다.(10조 제3항)"""
deposit_dispute,106145,6,False,"“위 주택임대차보호법의 규정은 임차 주택이 양도된 경우 임차인을 보호하기 위하여 임대인의 지위와 함께 임차보증금 반환채무를 법률의 규정으로 새 소유자에게 인수시키는 것으로서, 이는 병존적 채무인수에 불과하여 종전 소유자인 피고의 임차보증금 반환채무가 소멸한 것이 아니다.”"
deposit_dispute,144503,6,False,"’이라 한다)에 관한 임대차계약을 체결하였다. E은 사실은 원고로부터 가항 기재와 같은 월세계약을 체결할 권한만을 위임받았음에도 마치 임대차보증금을 7,000만 원으로 하는 임대차계약(이하에서는 이와 같이 월 차임 대신 고액의 보증금 약정이 있는 임대차계약, 즉 이른바 ‘"
deposit_dispute,27898,6,False,"“원고는 계약만료일인 2019. 3. 1. 이전 3개월 전인 2018. 12.부터 수차례 전세계약을 갱신하지 않겠다는 의사를 통보하였는바, 전세계약은 2020. 3. 31. 해지될 것이며 피고는 2020. 3. 31. 6,000만 원을 반환하여 주시기 바랍니다.”"
deposit_dispute,129561,6,False,“본 임대차계약서는 건물의 소유자 및 임대주체인 임대인 A이 소유하고 있는 F산업단지의 임차인들이 기존에 A의 대표자 또는 회장 명의로 체결한 임대차계약 및 A과의 협의내용에 근거하여 본 계약서 작성일에 적용되고 있는 최종 임대차계약조건을 반영하여 작성하는 것”
deposit_dispute,37441,6,True,"'이라 한다)한 사실이 인정되는바, 이로써 피고들은 D와 사이에 이 사건 임대차계약 만료시의 계약갱신청구권을 포기하였다고 할 것이므로, F 또는 원고가 이 사건 특약을 들어 피고들의 계약갱신청구를 거절한 데에는 상가임대차법 제10조 제1항 본문이 정한 '"
deposit_dispute,104708,6,True,"'이라 한다)한 사실이 인정되는바, 이로써 피고들은 D와 사이에 이 사건 임대차계약 만료시의 계약갱신청구권을 포기하였다고 할 것이므로, F 또는 원고가 이 사건 특약을 들어 피고들의 계약갱신청구를 거절한 데에는 상가임대차법 제10조 제1항 본문이 정한 '"
deposit_dispute,118260,6,False,"‘2010. 1. 9. 계약한 보증금 1억 8,000만 원에 월 차임 200만 원 계약조건에서 보증금 1억 5,000만 원에 월차임 220만 원으로 변경계약하는 조건임. 만기는 기존 계약대로 2012. 1. 28.로 하기로 한다’"
fraud_core,8824,6,False,"‘임대인은 임차인이 임대차기간이 만료되기 6개월 전부터 1개월 전까지 사이에 계약갱신을 요구하면 제1항 단서에서 정하는 사유가 없는 한 거절하지 못하고, 갱신되는 임대차는 전 임대차와 같은 조건으로 다시 계약된 것으로 본다’"
fraud_core,122896,6,False,‘임차인인 E이 이 사건 임대차기간 중이던 2017. 12. 8. 이 사건 아파트에서 무단 전출하여 이 사건 임대차보증금반환채권의 대항력 및 우선변제권이 상실되었으므로 이 사건 보증계약에 따른 보증책임이 면책되었다.’
deposit_dispute,76676,6,True,” 상호 조정 하에 합의하여 재계약 할 수 있다. 단 계약의 연장은 1년 단위로 하며 임대보증금 및 차임은 쌍방 합의에 의해 조정한다. [ 제12조 임대물의 반환 ] ○계약기간이 종료되고 별도의 재계약이 없는 경우 “
deposit_dispute,25369,6,True,"” 상호 조정하에 합의하여 재계약할 수 있다. 단, 계약의 연장은 1년 단위로 하며 임대보증금 및 차임은 쌍방 합의에 의해 조정한다. [제12조 임대물의 반환] 계약기간이 종료되고 별도의 재계약이 없는 경우 “"
fraud_core,57522,6,False,"‘임대분양계약서’라는 제목의 계약서를 작성하였고, 계약서의 각 조항에는 임대차보증금, 임대료, 임대차기간이 기재되어 있다. ② 위 피고들은 이 사건 각 임대분양계약 체결 당시 N에 “"
deposit_dispute,18600,6,False,’란에는 ‘임대인과 질의 하에 작성. 임대인측 건물 총 임대차 보증금 있음을 고지함. 선순위 임차인 보증금 고지함. 이를 임차인에게 설명하고 내용에 동의하여 서명 및 날인함’
deposit_dispute,38289,6,False,"“임차인 E의 보증금 5,000만 원은 임차인(피고)이 책임지고 처리한다. 임차인 G의 보증금 5,000만 원은 2019. 6. 30. 임차인(피고)이 책임지기로 한다”"
fraud_core,76821,6,False,"“위탁자가 신탁부동산에 이 신탁계약 이전에 체결한 임대차계약현황은 별첨5와 같고, 동 임대차계약 임차인의 임대차보증금 반환채권은 우선수익자의 수익권보다 우선한다”"
protection_mechanism,63014,6,False,"‘기존 임차인이 보증금을 반환받고 나간다면 새로운 임차인을 단기간에 구할 수 있을 것이고, 새로운 임차인으로부터 받은 임차보증금으로 차용금을 변제받을 수 있겠다’"
fraud_core,25697,6,False,'현 시설상태의 계약임. 영업위탁계약임을 확인함. 보증금 및 계약금 입금계좌 : 수협 G ㈜B. 보증금 반환에 대한 책임은 ㈜B에서 책임지기로 한다'
deposit_dispute,142624,6,False,‘원고의 정비사업 시행으로 임대차의 목적을 달성할 수 없게 되어 임대인(피고)에게 임대차계약 해지 및 보증금 반환을 통보하였으나 반환받지 못하였다.’
fraud_core,5684,6,False,‘전 계약자와 법정 다툼이 있어 본 계약이 무효 판결될 경우 임대인은 임차인으로부터 받은 금액을 위약금 없이 반환하기로 한다’
deposit_dispute,29445,6,False,“임대인은 계약 종료 후 임차인이 임대차목적물을 원상회복하여 명도한 후에 임대보증금을 반환한다.”
protection_mechanism,123914,5,False,"‘이 사건 주택’이라 한다)에 관하여 G는 원고를 비롯한 채권자들에게 아래와 같은 각 근저당권설정등기를 마쳐주었다. ① 2018. 1. 12. 채권최고액 600,000,000원, 근저당권자 H조합 ② 2018. 1. 29. 채권최고액 39,000,000원, 근저당권자 원고 ③ 2018. 3. 15. 채권최고액 36,000,000원, 근저당권자 원고 2) H조합은 위 근저당권설정등기에 기하여 이 사건 주택 및 그 대지에 대하여 부동산임의경매신청을 하였고 2018. 6. 21. 창원지방법원 D로 부동산임의경매 개시결정이 이루어졌다(이하 ‘"
deposit_dispute,113407,5,False,"'이라 한다)하였고, 그 무렵 C에게 보증금 3,000만 원을 지급하였다. 나. 원고와 사귀는 사이였던 피고는 2019. 4. 1. 이 사건 오피스텔로 전입신고를 하였고, 원고와 피고는 그 무렵부터 이 사건 오피스텔에서 함께 거주하게 되었다. 다. 원고와 C은 2019. 5. 10.경 이 사건 임대차계약의 보증금을 1,000만 원으로, 차임을 월 100만 원으로 각 변경하였고, C은 원고에게 보증금 차액 2,000만 원을 반환하였다. 라. 그 후 원고와 피고 사이에 불화가 생겼고, 피고는 2019. 10. 31. 원고와 통화하면서 """
deposit_dispute,24783,5,False,"’로 추가로 임차하기로 하면서 보증금 지급을 위하여 필요한 자금을 원고로부터 대여하기로 하였다. C은 2018. 7. 20. 원고에게 피고에 대한 보증금 반환채권에 질권을 설정해 줌과 아울러 피고에게 보증금반환채권을 양도하였다. 원고는 같은 날 피고로부터 질권설정승낙서를 받았고, 아울러 C은 피고에게 채권양도통지를 하였다. 질권설정승낙서 및 채권양도통지서상 양도 내지 질권이 설정되는 대상채권을 다음과 같이 표시하였다.   라. 피고와 C은 2018. 7. 24. C이 피고 소유의 수원시 팔달구 F 소재 건물인 또 다른 숙박시설인 ‘"
deposit_dispute,38259,5,False,"’로 추가로 임차하기로 하면서 보증금 지급을 위하여 필요한 자금을 원고로부터 대여하기로 하였다. C은 2018. 7. 20. 원고에게 피고에 대한 보증금 반환채권에 질권을 설정해 줌과 아울러 피고에게 보증금반환채권을 양도하였다. 원고는 같은 날 피고로부터 질권설정승낙서를 받았고, 아울러 C은 피고에게 채권양도통지를 하였다. 질권설정승낙서 및 채권양도통지서상 양도 내지 질권이 설정되는 대상채권을 다음과 같이 표시하였다.   라. 피고와 C은 2018. 7. 24. C이 피고 소유의 수원시 팔달구 F 소재 건물인 또 다른 숙박시설인 ‘"
protection_mechanism,147380,5,False,"’)하였고, 다음날 2순위 근저당권에 관하여 이전의 부기등기를 마쳐주었다. O은 2003. 6. 16. I에 2순위 근저당권의 피담보채권을 양도하고, 2003. 9. 16. 2순위 근저당권에 관하여 이전의 부기등기를 마쳐주었다. 바. 원고는 2003. 9. 16. I에 55억 원을 대여하고, 같은 날 2순위 근저당권의 피담보채권에 관하여 채권액 59억 원, 채무자 I인 근저당권부질권 설정등기를 마쳤다. 사. 채권자 신용보증기금의 신청에 따라 별지 목록 기재 부동산 중 제5항, 제17항, 제18항 기재 부동산(이하 제5항 부동산을 ‘"
protection_mechanism,116412,5,False,"'이라 한다)에게 이 사건 건물에 관하여 임대인을 L로 하여 임대차계약을 체결하는 것을 승낙함과 아울러 임차인으로부터 수령한 차임 등을 이 사건 건물의 유지보수 등 비용에 사용하는 것을 승낙한다는 내용의 사용승낙서를 작성하여 주었고, 2016. 3.경 L과 사이에 이 사건 건물에 관하여 공사대금을 6억 7,120만 원으로 한 내부공사계약과 평당 운영비를 4,000원으로 한 이 사건 건물에 관한 위수탁관리용역계약을 체결하였다. 사. 피고 B은 2016. 12. 13. L과 사이에 별지 1 기재 부동산에 관하여 '"
fraud_core,140031,5,False,"’ 내 진료실에서, 피해자 주식회사 K에 위 임대차보증금반환채권을 담보로 대출을 신청하면서 그 위조 사실을 모르는 성명불상의 피해자 회사 직원에게 제1항 기재와 같이 위조한 부동산임대차계약서를 마치 진정하게 성립한 문서인 것처럼 팩스로 전송하는 방법으로 이를 행사하고 마치 3억 원의 임대차보증금반환채권이 있는 것처럼 피해자 회사를 기망하여, 이에 속은 피해자 회사로부터 같은 날 대출금 명목으로 6,000만 원을 피고인 명의의 L은행 계좌(계좌번호 2 생략)로 송금받았다. 『2020고단2920: 근로기준법위반』"
fraud_core,85721,5,False,"’로 이체하였던 점, 위 임차보증금 계약금의 입금으로 피고 계좌 ①의 잔고가 일시적으로 (+) 상태가 되었으나 그 후 계속된 인출로 (-) 상태가 된 상태에서 2012. 4. 16.자 150만 원과 2012. 4. 23.자 150만 원이 이체되었던 점, 피고 계좌 ①은 임차보증금의 잔금 2억 5,000만 원이 입금된 2012. 5. 22. 당시도 위 계약금 입금 당시와 마찬가지의 상황으로서 잔고가 (-)29,998,703원이었다가 위 임차보증금 잔금이 입금되어 잔고가 220,001,297원이 된 상태에서 '"
fraud_core,24805,5,False,"'라 한다)를 작성하도록 하였다(다만 이 사건 임대차계약서에는 계약서 작성일이 2017. 7. 13.로 기재되어 있다). 그러나 피고 C은 소유자인 I로부터 보증금 500만 원, 차임 월 60만 원에 임대할 것을 위임받은 상태였다. 당시 피고 C은 이 사건 임대차계약서의 중개업자란의 피고 B의 이름 옆에 피고 B의 도장을 날인하였으며, 피고 B 명의로 가입한 공제증서를 원고에게 교부하였다. 라. 원고는 2017. 9. 27. 100만 원, 2017. 10. 10. 3,900만 원을 임대차보증금 명목으로 '"
deposit_dispute,84557,5,False,"’할 것을 임대조건으로 제시하였는데, 이러한 요구가 신규 임차인과의 임대차계약 체결 자체를 거절하려는 부당한 요구에 해당한다고 보기 어렵다. 바) D은 원고와 추가적인 교섭을 통해 보증금과 차임을 조정하고, 소음 관련 문제에 대한 방안을 찾아보려는 노력도 하지 않은 채 계약을 포기하였다. D이 이 사건 노래방에 대한 임대차계약을 포기한 결정적 이유는 원고가 부당한 임대조건을 제시했기 때문이라기보다 이 사건 노래방에서 불법영업을 하는 것이 사실상 불가능할 것으로 판단했기 때문으로 보인다(갑 제4호증, “"
fraud_core,143665,5,False,"’의 미분양분에 대하여 임차인을 모집하고 있었는데, F, G 등은 이를 이용하여 금융기관으로부터 전세자금 대출금을 편취하기로 공모하였다. 즉, F 등은 대출을 원하는 사람들로 하여금 C과 임대차계약을 체결하게 하고, 임대차보증금 중 계약금 500만 원만이 지급되었을 뿐임에도 마치 잔금이 모두 지급된 것처럼 임대차계약서 등을 위조한 다음, 이를 원고에게 제출하면서 전세자금 대출을 신청하였다. 나. 피고 역시 대출을 받기 위해 F 등을 통하여 2019. 12. 20.경 C으로부터 위 아파트 H호(이하 ‘"
deposit_dispute,61960,5,False,"’이라 한다)을 체결하고, 이후 위 보증금을 수령하고 C에게 위 건물을 인도하였다. 나. C은 2019. 8.부터 피고에게 차임을 지급하지 않았고, 피고는 2019. 10. 31. C에게 차임 연체를 이유로 이 사건 임대차계약을 해지한다는 취지의 내용증명 우편을 발송하여 그 무렵 위 우편이 C에게 송달되었다. 다. 원고는 2020. 4. 24. C의 피고에 대한 4,000만 원의 임대차보증금반환채권 중 12,067,100원에 대하여 압류․추심명령(인천지방법원 부천지원 2020타채34765, 이하 ‘"
deposit_dispute,145657,5,False,"’이라 한다). 다. 원고는 피고 C와 사이에 이 사건 3부동산에 관하여 2000. 2. 12. 이후로 임대차계약[임대차보증금 1천 5백만 원, 월 차임 50만 원(부가가치세 별도)]을 체결해 오다가, 2016. 1. 15. 임대차보증금 1천 5백만 원, 월 차임 126만 원(부가가치세 별도), 임대차기간 2016. 1. 15.부터 2017. 1. 14.까지, 약정 연체차임 이자율 연 10%로 정하여 임대하는 임대차계약을 체결하였고(갑 제2호증의2가 작성되었는바 임대인에는 원고가 기재되어 있고 ‘"
fraud_core,79054,5,False,"’는 내용이 포함된 임대차계약서를 작성하였다. 바. 원고는 2019. 7. 26. D에게 잔금 5,300만 원을 송금함으로써 임대차보증금전액을 지급하였으나, 당시 D은 원고와의 임대차계약에 대하여 H으로부터 사전 또는 사후 승낙을 받지 못했고, 원고로부터 받은 임대차보증금을 H 등에 지급하거나 대출금채무의 변제에 사용하지 않았으며, 특약사항으로 약정한 2019. 7. 30.이 경과하였음에도 H 명의의 소유권이전등기를 말소시키지 못하였다. 사. 이에 원고는 2019. 9. 20. D 측으로부터 ‘"
fraud_core,139027,5,False,"‘피고 B’이라고 한다)으로부터 임대차보증금 1억 8,000만 원, 임대차기간 2015. 4. 30.부터 2017. 4. 30.까지로 정하여 이 사건 부동산을 임차하였고, 피고 B에게 그 임대차보증금을 지급하였다. 나. 원고는 2015. 4. 30. 이 사건 부동산을 인도받아 그 주소지에 전입신고를 마치고 임대차계약서에 확정일자를 받았고, 2017. 5. 1. 임대차계약이 묵시적으로 갱신되었다. 다. 2017. 9. 5. 이 사건 부동산에 관하여 수원지방법원 성남지원 D로 강제경매절차(이하 ‘"
fraud_core,114251,5,False,"'라고 한다)에 관하여 거래가액 합계가 26억 원인 2015. 10. 1. 매매계약을 원인으로 한 소유권이전등기를 마친 다음 위 공유 부동산에 설정된 근저당권자 N조합, 채권최고액 52억 원인 근저당권설정등기의 말소등기를 마쳤다. 나. 원고는 2015. 11. 11. 피고로부터 이자 연 4.5%, 대출기간 3년으로 정하여 42억 원을 차용하면서 이에 대한 담보로 같은 날 피고에게 이 사건 토지에 관하여 채권최고액 54억 6,000만 원, 채무자 원고, 근저당권자 피고로 한 근저당권(이하 '"
deposit_dispute,149017,5,False,"’ 영업을 소외 J에게 양도하였고, 피고 F은 2019. 4. 1. 소외 J과 이 사건 건물 1층 중 동쪽 부분에 관하여 보증금 1,500만 원, 차임 월 100만 원, 임대차기간 2019. 4. 1.부터 2020. 3. 30.까지로 정하여 임대차계약을 체결하였다. 피고 F은 위 J과의 임대차계약 체결 이후, 피고 E와 체결한 2018. 11. 29.자 이 사건 건물 1층 중 동쪽 부분 약 30평에 관한 임대차 종료에 따라 임대차보증금 1,500만 원을 반환하였다. ○ 소외 J이 위 ‘"
deposit_dispute,61764,5,False,"’이라고 한다)에 관하여 태양광 발전 시설 관련 임대차 계약 컨설팅을 제공한다는 내용의 계약을 체결하였다. (2) 이 사건 종중은 2017. 1. 26.경 F와 사이에 이 사건 종중이 F에 이 사건 부동산 중 33,000㎡를 임대차보증금 10,000,000원, 연차임 32,500,000원에 임대하기로 하는 임대차 계약을 체결하고, F로부터 임대차보증금 10,000,000원을 받았다. (3) F, H(F의 대표이사이다), 주식회사 I(이하 F, H, I을 통틀어 ‘"
deposit_dispute,36655,5,False,"'라고 한다)를 보증금 5,000만원, 차임 월 420만원(부가가치세 제외, 매월 말일 지급), 기간 2013. 2. 28.부터 2014. 2. 27.까지로 정하되, ① 구조변경 및 기타 건물에 대해 변동이 있을시 원상복구하기로 하고, ② 피고가 이 사건 임대차계약을 종료하려고 하는 경우 임대계약만료일 60일 전에 원고에게 통보하고 만일 피고가 위 통보를 하지 않는 경우 이 사건 임대차계약이 12개월간 자동으로 연장되는 것으로 정하여 임대하는 임대차계약(이하 '"
fraud_core,14649,5,True,"'란 기재 해당 각 돈인 사실이 인정되는바, 위 인정사실에 의하면, 이 사건 분양계약이 해제됨에 따라 원고들의 주위적 피고에 대한 분양대금반환채권 중 금융기관이 원고들에 대하여 가지는 대출원리금 상당액에 해당하는 범위의 채권은 이 사건 분양계약 제4조 제5항에 따라 이 사건 분양계약 체결시에 위 금융기관에 양도되어 위 대출금 이자는 주위적 피고가 납부하여야 할 것임에도 위 원고들이 납부하였으므로, 주위적 피고는 부당이득반환으로서 위 원고들에게 별표 1. '"
fraud_core,122352,5,True,"'란 기재 해당 각 돈인 사실이 인정되는바, 위 인정사실에 의하면, 이 사건 분양계약이 해제됨에 따라 원고들의 주위적 피고에 대한 분양대금반환채권 중 금융기관이 원고들에 대하여 가지는 대출원리금 상당액에 해당하는 범위의 채권은 이 사건 분양계약 제4조 제5항에 따라 이 사건 분양계약 체결시에 위 금융기관에 양도되어 위 대출금 이자는 주위적 피고가 납부하여야 할 것임에도 위 원고들이 납부하였으므로, 주위적 피고는 부당이득반환으로서 위 원고들에게 별표 1. '"
deposit_dispute,93937,5,False,"’이라 한다)에 관하여 업종을 노래방으로 정하여 보증금 7,500만 원(차임 없음), 임대차기간 2001. 2. 24.까지로 정한 임대차계약을 체결하고, 그 무렵 C에 임대차보증금을 지급하고 C로부터 이 사건 노래방을 인도받아 1999. 5. 10.경 사업자등록을 마치고 영업을 개시하였으며, 2003. 9. 1. 보증금을 1억 900만 원(차임 없음, 관리비 별도), 임대차기간을 2005. 8. 31.까지 24개월간으로 변경하는 임대차계약(이하 ‘"
deposit_dispute,143495,5,False,"’이라 한다)에 관하여 업종을 노래방으로 정하여 보증금 7,500만 원(차임 없음), 임대차기간 2001. 2. 24.까지로 정한 임대차계약을 체결하고, 그 무렵 C에 임대차보증금을 지급하고 C로부터 이 사건 노래방을 인도받아 1999. 5. 10.경 사업자등록을 마치고 영업을 개시하였으며, 2003. 9. 1. 보증금을 1억 900만 원(차임 없음, 관리비 별도), 임대차기간을 2005. 8. 31.까지 24개월간으로 변경하는 임대차계약(이하 ‘"
protection_mechanism,84376,5,False,"’이라 한다)를 해 주었다. 라. 한편 소외 1은 2011. 4.경 주유소 영업을 그만두고 2011. 6. 15 피고와 사이에 이 사건 임차계약을 합의 해지한 다음 피고에게 이 사건 건물을 인도하였다. 마. 그런데 소외 1이 대출금 상환을 지체하자 원고는 전세권근저당권자로서 2012. 7. 5. 소외 1의 피고에 대한 전세금반환채권 중 80,391,051원에 관하여 대구지방법원 2012타채8931호로 물상대위에 의한 채권압류 및 추심명령(이하 ‘"
protection_mechanism,13899,5,False,"‘이 사건 제2근저당권 설정을 포함한 2017. 9. 28.자 대환에, 원고가 ㉣ 근저당권 말소에 동의하는 등 적극 협조하였고, 이는 원고 입장에서도 자신이 인수한 ㉠, ㉡, ㉢ 각 근저당권의 피담보채무 일부를 변제하는 한편 자신의 양수금채권 중 4억 원이라도 먼저 변제받기 위한 원고의 선택에 따른 것이었는바, 위 대환을 이루는 요소인 이 사건 제2근저당권설정계약 부분만 떼어내어 그것이 원고에 대한 관계에서 사해행위에 해당한다고 볼 수는 없다’"
deposit_dispute,84713,5,False,"’이라 한다)받았다. 마. 피고는 같은 날 이 사건 대출금으로, 이 사건 상가에 설정되어 있던 I단체 명의의 근저당권 피담보채무 합계 803,767,406원(=원금 800,000,000원 + 이자 896,174원 + 중도상환수수료 2,871,232원)을 변제하고 위 근저당권을 말소하였고, 이 사건 상가에 설정되어 있던 J 명의의 근저당권 피담보채무 400,000,000원을 변제하고 위 근저당권을 말소하였다(이하 위 각 근저당권을 통틀어 ‘"
deposit_dispute,2329,5,False,"‘이 사건 대출’이라 한다)하였다. 그 이후 원고와 C은 이 사건 대출계약에 따른 변제기를 1년씩 연장하면서 그 대출금액을 줄였는데, 최종적으로는 2017. 4. 21. 대출금액 82,000,000원, 변제기 2018. 4. 20.로 정하여 이 사건 대출에 관한 기한연장계약을 체결하였다. 다. 한편, C은 2012. 4. 25. 원고에게 이 사건 대출금 채무의 담보로 이 사건 임대차계약에 기한 임대차보증금 반환채권에 대하여 질권(이하 ‘"
deposit_dispute,80493,5,False,"’을 운영하였다. 마. G는 2019. 9. 3. 피고와 임대차계약을 다시 체결하기 위해 이 사건 임대차계약 이후의 본 계약을 성공적으로 체결하고자 하는 양해각서를 체결하였다. 바. 원고는 2020. 12. 22. 이 사건 소장부본 송달로 계약의 갱신을 거절한다는 통지를 하였다. [인정근거] 다툼 없는 사실, 갑 제1호증의3, 갑 2, 3호증의 각 기재, 변론 전체의 취지 2. 청구원인에 관한 판단 위 인정 사실에 의하면, 피고가 ‘"
deposit_dispute,89952,5,False,"‘이 사건 호실’이라고 한다)에 관하여 보증금 44,000,000원, 임대차기간 2013. 8. 14.부터 24개월로 한 임대차계약을 체결하였다. 2) C은 2013. 8. 14. 장안구 H동 주민센터에 이 사건 호실을 주소지로 전입신고(갑 제7호증)하였고, 위 임대차계약서(갑 제8호증)에 확정일자를 받았다(이후 위 임대차계약은 묵시적 갱신이 계속된 것으로 보인다). 나. I 주식회사의 B에 대한 대여 등 1) I 주식회사(이하 ‘"
deposit_dispute,32258,5,True,"’으로 원고들이 해지를 원하는 경우에는 피고가 원고들에게 투자 원금을 반환하도록 정하고 있는 사실은 앞서 본 바와 같다. 이에 더하여 앞서 든 각 증거에 변론 전체의 취지를 종합하여 인정되는 다음과 같은 사정들, 즉 ① 이 사건 투자약정서 제6조에서 투자자의 부득이한 사정으로 해지할 시 투자 원금을 반환하기로 하는 규정을 단서 규정으로 두고 있으면서도, 원고들이 언제든지 이 사건 투자약정을 해지할 수 있다고 규정한 것이 아니라 ‘"
protection_mechanism,82123,5,True,"‘같은 법’이라 한다) 제3조의2 제2항은, 제3조 제1항의 대항요건과 임대차계약증서상의 확정일자를 갖춘 임차인에 대하여 민사집행법에 의한 경매 또는 국세징수법에 의한 공매시 그 환가대금에서 후순위권리자 기타 채권자보다 우선하여 보증금을 변제받을 권리가 있다고 규정하면서 그 환가대금에는 주택뿐 아니라 대지의 환가대금도 포함된다고 규정하고 있고, 같은 법 제8조 제1항은, 대항요건을 갖춘 임차인에 대하여 보증금 중 일정액(이하 ‘"
fraud_core,139335,5,True,"‘채무자회생법’이라고 한다) 제422조 제1호에 반하여 효력이 없다. 그러나 주택임대차보호법상 대항요건 및 확정일자를 갖춘 임차인들은 채무자회생법 제415조 제1항에 의하여 인정된 우선변제권의 한도 내에서는 파산절차에 의하지 아니하고 임차보증금반환채권의 만족을 받을 수 있다. 또한 이러한 임차인들은 파산절차에서 별제권자에 준하는 지위에 있으므로, 파산관재인인 피고가 채무자회생법 제492조 제14호에 따라 ‘"
deposit_dispute,22507,5,False,"’이라 한다)를 임대한 다음 매년 갱신하다가, 2018. 12. 15.경 임대차보증금 1,280만 원, 차임 월 80만 원, 임대차기간 2018. 12. 15.부터 12개월로 정하여 갱신하면서, 피고는 원고의 승인하에 개축 또는 변조할 수 있으나 부동산의 반환기일 전에 피고의 부담으로 원상회복하기로 하고, 권리금은 일체 인정하지 않으며, 임대료 2개월 연체시 원고 임의로 처분하기로 피고와 합의하였다(이하 ‘"
deposit_dispute,116992,5,False,"‘O’ 노래방 영업을 하고 있다. 아. 원고 G의 임대차계약 체결 원고 G는 2018. 2. 3.경 피고와 사이에 I빌딩 1층 W호 231㎡(약70평)에 관하여 보증금 50,000,000원, 차임 4,700,000원(매월 1일 기준 선지급, 부가가치세 별도), 계약기간 2018. 2. 19.부터 2020. 2. 18.까지로 정하여 상가임대차 계약을 체결한 후 피고에게 보증금을 지급하고 위 점포를 인도받아 ‘"
deposit_dispute,76933,5,False,"‘이 사건 점포’라 한다)를 피고로부터 보증금 1억 1,000만 원, 시설비 9,000만 원 등 합계 2억 원에 인수하는 내용의 계약을 체결하였고, 위 인수계약에 따라 2016. 10. 24. C와 사이에 이 사건 점포에 관하여 보증금 1억 1,000만 원에 차임 230만 원, 기간 2016. 11. 1.부터 2018. 10. 30.까지로 정하여 임대차계약을 체결하였다. 나. 원고가 이 사건 점포에서 ‘"
protection_mechanism,25532,5,True,"‘은행직원이 행한 담보물건에 대한 임대차조사에서 임차인이 그 임차사실을 숨겼다고 하더라도 그 후의 경매절차에서 임대차관계의 존재를 분명히 한 경우에는 경락인이 경매가격을 결정함에 있어서 신뢰를 준 것이라고는 할 수 없으므로, 경락인의 건물명도청구에 대하여 임차인이 주택임대차보호법 제3조 소정의 임차권의 대항력에 기하여 하는 임차보증금 반환과의 동시이행항변이 신의성실의 원칙에 반하는 것이라고 볼 수 없다‘"
deposit_dispute,122652,5,False,"「E는 2018년 1분기에서 3분기 임대료 1,575,000,000원을 연체하고 있고, 민원 및 불만사항에 대한 책임을 회피하면서 전차인들에게 전차보증금을 상환할 책임이 없다고 주장하고 있으므로, 원고는 다시 한 번 이 사건 포괄임대차계약을 갱신할 의사가 없음을 명백히 하고, 이 내용증명을 받고도 2개월 내에 미납 차임을 변제하지 않으면 E의 채무불이행을 이유로 이 사건 포괄임대차계약을 해지하겠다」"
deposit_dispute,7078,5,False,"‘이 사건 건물’이라고 한다)을 보증금 200,000,000원, 월세 8,000,000원에 임대하는 계약을 체결하였으나, C는 위 보증금과 월세를 지급하지 아니하였다. 나. 피고는 2020. 2. 5. C와 사이에 이 사건 건물을 보증금 150,000,000원, 월세 8,000,000원, 임대차기간 2020. 2. 5.부터 2025. 2. 4.까지로 정하여 임대하는 계약을 재차 체결하였다(이하 ‘"
protection_mechanism,54513,5,False,"'이라 한다)을 체결한 다음, 피고 Q에게 대출받은 이 사건 중도금을 납부하였다. 2) 피고 S은 이 사건 중도금 대출을 실행하면서 대출 채무의 담보를 위하여 원고들과 사이에 원고들의 이 사건 분양계약의 목적물에 관한 소유권이전등기청구권 및 위 분양계약이 무효, 취소, 해제 또는 해지될 경우 대출채무자가 피고 Q에 대하여 보유하는 분양대금반환청구권 등을 피고 S에 양도하는 내용의 양도계약(이하 '"
protection_mechanism,61179,5,True,"‘약관법’이라 한다) 제6조를 위반하여 무효이고, 또한 위 조항이 계약의 중요한 내용으로서 충분한 설명이 있어야 함에도 원고가 약관법 제3조 제3항을 위반하여 그 의무를 다하지 아니하여 이를 계약내용으로 주장할 수 없다는 취지로 주장한다. (2) 관련 규정 별지3 기재와 같다. (3) 판단 (가) 먼저, 약관법 제6조 제1항, 제2항 제1호에 따라 약관조항이 고객에게 부당하게 불리한 조항으로서 ‘"
deposit_dispute,94785,5,False,"'이라 한다)을 체결하였고, 그 무렵 피고 B에게 이 사건 임대차계약에서 정한 임대차보증금 1,000만 원 및 첫 2개월간의 월 차임으로 115만 원을 지급하였다. 4) 이 사건 임대차계약 및 그 특약사항의 주요 내용은 아래와 같다.  5) 한편 피고 C는, 원고와 피고 B 사이에 이 사건 임대차계약을 중개한 후 중개대상물 확인ㆍ설명서를 작성하였는데, 피고 C는 위 중개대상물 확인ㆍ설명서의 '"
deposit_dispute,108245,5,False,"’)이 아닌 주식회사 E가 원고의 대리인임을 표시하여 피고와 임대차계약을 체결하였다고 봄이 상당하다. 나. 이 사건 임대차계약의 효력 위 인정사실에 따르면, 원고는 이 사건 영업위탁계약을 통하여 주식회사 E에 이 사건 건물의 임대 관련 일체의 업무에 대한 권한을 위임하였고, 특히 주식회사 E가 원고를 대리하여 체결하는 임대차계약 상 보증금 및 월차임이 주식회사 E가 원고에게 지급하는 금액과 ‘"
deposit_dispute,75426,5,False,‘계약종료일’이라고 한다). 4) 피고는 2018. 2. 28. 원고에게 이 사건 임대차계약의 2017년 11월 차임 명목으로 70만 원을 지급하였다(을4). 5) 원고는 2018. 3. 21. 피고에게 이 사건 임대차계약의 임대차보증금 중 500만 원을 반환하였다(을10). 나. 이 사건 각 토지 지상 건물 현황 등 1) 원고는 피고에게 이 사건 각 토지를 임대하기 전 주식회사 D(이하 ‘
deposit_dispute,149414,5,False,"’라 한다)가 작성되었다. 실제 계약 체결은 C가 하였고(원고와 피고는 이 사건 소 제기 이전에는 만난 적 없다), C가 제1계약서와 제2계약서에 원고 대신 원고 이름으로 서명하였다. 다. 이 사건 임대차계약의 임대차기간은 2016. 6. 30.부터 2018. 5. 31.까지이고, 원고는 피고에게 보증금 3,000만 원을 모두 지급하였다. 라. C는 이 사건 점포에서 2016. 7.경부터 ‘"
deposit_dispute,65244,5,False,"‘이 사건 건물’이라 한다)에 관하여 매매대금을 2억 5,000만 원으로 하되, 계약금은 원고가 7000만 원 상당의 전세자금 대출을 받아 지급하고, 잔금은 이 사건 건물에 대한 주택담보대출을 받아 지급하기로 하며, 다만 이 사건 건물에 대한 주택담보대출을 받지 못할 경우에는 이 사건 계약을 해제된 것으로 보아 피고는 원고에게 지급받은 계약금 전액을 반환하기로 하는 매매계약(이하 ‘"
deposit_dispute,70636,5,False,"’이라 한다)을 빌려주었다. 3) 피고 회사는 2001. 11. 12. 원고와 사이에 이 사건 대여금 채권에 대한 담보로 피고 회사 소유의 대구 서구 (주소 생략) 토지 및 지상 건물에 관하여 채무자 피고 회사, 채권최고액 600,000,000원으로 된 근저당권설정계약을 체결하고, 2001. 11. 12. 그 계약에 따라 원고에게 근저당권설정등기를 마쳐 주었다(이하 이 근저당권을 ‘"
fraud_core,146960,5,False,"”고 고집하여서 어쩔 수 없이 피고인 주수도 개인 명의로 공소외 28과 주식양수도계약을 체결한 것이라고 주장하나, 위 주식양수도 계약 당시 공소외 28이 그러한 이면계약을 요구하였다고 볼만한 객관적인 자료가 없는 반면, 피고인 주수도를 대신하여 공소외 28과 협상을 진행하고 주식양수도 계약을 체결한 공소외 26, 25 및 공소외 29(주식양수도계약의 보증인)은 검찰에서 일치하여 “"
deposit_dispute,20029,5,False,"‘이 사건 건물’이라 한다)에 관하여 임대차보증금 1억 9,000만 원, 임대기간 2017. 6. 9.부터 2019. 6. 9.까지로 하는 임대차계약을 체결하였다. 나. B는 2017. 6. 9. D 외 3인으로부터 위 임대차보증금 반환의무를 승계하는 조건으로 이 사건 건물의 소유권을 이전받았다. 이에 원고는 2017. 6. 24. B와 위와 같은 내용으로 다시 임대차계약(이하 ‘"
deposit_dispute,11381,5,False,"‘임대차보증금을 반환받지 못하여 경매신청을 진행할 것이다. 이에 원고는 2018. 7. 4. 목적물을 인도할 것이고, 현재 전세권설정등기 말소등기에 필요한 서류를 대전 서구 G, H호 변호사 I 법률사무소에 보관해두었다. 경매가 진행되더라도 임대차보증금 및 지연이자, 금융비용, 법적비용이 준비되어 연락을 주면 피고와 만나서 제 비용 정산 및 전세권설정등기 말소등기를 진행하겠다’"
protection_mechanism,76374,5,False,"'C 및 개인연대보증인은 수분양자의 중도금대출 대주에 대한 중도금대출금 채무 상환을 담보하기 위하여 수분양자로 하여금 공급계약이 취소, 무효, 해제 또는 해지될 경우 보유하게 될 분양대금반환청구권을 중도금대출 대주에게 양도하는 내용의 양도계약서를 체결하도록 하여야 하고, 위 양도를 승낙하는 내용의 확정일자부 승낙서를 제출받음으로써 제3자에 대한 대항력을 갖추도록 하여야 한다'"
deposit_dispute,26243,5,False,"‘이 사건 채권’이라 한다)의 귀속 문제에 관하여, 임차인조합이 대금지급의무를 1회라도 이행하지 아니할 경우 원고는 이 사건 회사들로부터 이 사건 채권을 양수하고, 임차인조합과 이 사건 회사들은 이에 동의하며, 임차인조합은 이 사건 채권을 담보하기 위하여 ○○상가에 관하여 근저당권자를 원고, 채권최고액을 500억 원으로 한 근저당권설정등기를 마쳐주기로 약정하였다(이하 ‘"
deposit_dispute,75397,5,False,"’ 프랜차이즈를 운영하는 주식회사 K의 영업방침과 유사한 내용일 뿐이었다. 그런데 신규임차인이 이를 수락하지 않고 임대차계약을 파기한 것이고, 피고가 신규임차인과 임대차계약을 체결하지 못한 것에 정당한 사유가 있으므로, 원고의 손해배상 청구는 이유 없다. 또한 이 사건 점포의 권리금이 30,000,000원 이상이라고 볼 수도 없다. 2) 원고는 전임차인이 운영하던 ‘"
deposit_dispute,70051,5,False,"”는 취지로 제안하고 피해자에게 AA의 운영 현황자료 등을 교부하였다. 그러나 사실 AA은 2016년 말에 이미 577,489,607원의 당기순손실로 자본금 1억 원을 잠식한 상태였고, 2016. 5.경 면세점 매장의 입점 업체들이 퇴점하면서 보증금의 반환을 청구하자 새롭게 매장에 입점할 업체로부터 보증금을 받아 보증금의 반환을 청구하는 업체에게 지급하여 이른바 ‘"
protection_mechanism,61345,5,False,"'호로 기재되어 있었고, 근저당권설정계약서에도 소외인의 주소가 위와 같이 기재되어 있었을 뿐만 아니라 임차인이 담보로 제공된 건물을 임차하여 거주하고 있는지의 여부는 통상 담보권자가 되려는 자가 자신의 책임 아래 이에 관하여 조사하는 것이 보통이라는 점 등을 고려할 때 이 사건 건물에 관한 근저당권자인 주식회사 국민은행은 근저당권설정등기 당시 피고의 주민등록상의 '"
deposit_dispute,28967,5,False,"’이라 한다)을 임대차보증금 100,000,000원, 월 차임 4,500,000원(2010. 12. 1.부터는 월 5,000,000원, 각 부가세는 별도), 임대차기간 2008. 2. 1.부터 36개월으로 정하여 임차하는 계약을 체결하고, 그 무렵 피고에게 임대차보증금을 지급하였다. 나. 이즈웨딩은 2010. 12. 30. 원고에게 위 임대차보증금반환채권(이하 ‘"
protection_mechanism,46995,5,True,"""고 규정함으로써 임대주택의 인도와 주민등록이라는 대항요건을 갖춘 자에게 등기된 임차권과 같은 대항력을 부여하고 있는 점에 비추어 보면 임대인의 임대권원이 되는 계약이 해제되기 전에 임대인으로부터 주택을 임차받아 주택의 인도와 주민등록을 마침으로써 위 법 소정의 대항요건을 갖춘 임차인은 등기된 임차권자와 마찬가지로 민법 제548조 제1항 단서 소정의 '"
fraud_core,33049,5,False,"’이라 한다)의 시가가 임대차보증금 반환을 기대하지 못할 정도로 낮은 금액이었다고 단정하기 어렵다. (가) I 빌라 ① 확인가능한 보증금 합계액은 24억 1천만 원가량(수사기록 2권 336쪽), 근저당권부 대출금채무액은 8억 2천만 원가량(채권최고액 10억 8백만 원, 근저당권자 H은행)으로 합계 32억 3천만 원가량이다. ② 피고인 B은 검찰에서 “"
deposit_dispute,105110,5,False,"‘(주)G’이라 한다) 사이에 체결한 임대차계약을 승계하기로 하면서, 2015. 10. 10. 이 사건 부동산에 관하여 원고 및 (주)G과 사이에 그들을 공동임차인으로 하여 임대차보증금 11,345,000원, 월차임 1,702,000원(부가세제외), 계약기간 2014. 12. 10.부터 2016. 12. 9.까지로 하는 임대차계약을 체결하였다(이하 ‘"
deposit_dispute,90071,5,False,"'이라 한다)하였다. 이 사건 1차 임대차계약서상에는 기재되어 있지는 않으나 원고와 피고는 이 사건 점포에 관한 월 수도사용료를 30,000원으로 정하였다. 다. 원고와 피고는 2006. 12. 20. 임대차계약서를 새로 작성하였고, 위 임대차계약서상 임대차보증금은 25,000,000원, 월 임료는 없는 것으로 각 기재되었다(위 임대차계약을 이하 '"
deposit_dispute,46010,5,False,"’이라고 한다)에 관하여 매매대금을 708,000,000원으로 하되, 이 사건 각 부동산에 관하여 설정된 근저당권의 피담보채무 568,000,000원, 별지 목록 제3항 기재 건물 중 1층 상가에 관한 임대차보증금 80,000,000원의 반환 채무, 2층 상가에 관한 임대차보증금 15,000,000원의 반환 채무 및 군산시 E, 1층 상가(이하 ‘"
deposit_dispute,50886,5,False,"‘I은행’이라 한다)을 근저당권자로 하는 채 권최고액을 65,000,000원의 근저당권 및 2건의 압류(권리자 국)가 마쳐져 있었던 사실, 이 사건 임대차계약 체결일인 2019. 4.경 이 사건 아파트와와 같은 단지, 같은 평수의 아파트가 매매대금 640,000,000원에 매매가 이루어진 사실을 인정할 수 있고, 이 사건 매매계약의 특약사항에서 “"
deposit_dispute,60175,5,False,"‘I은행’이라 한다)을 근저당권자로 하는 채 권최고액을 65,000,000원의 근저당권 및 2건의 압류(권리자 국)가 마쳐져 있었던 사실, 이 사건 임대차계약 체결일인 2019. 4.경 이 사건 아파트와와 같은 단지, 같은 평수의 아파트가 매매대금 640,000,000원에 매매가 이루어진 사실을 인정할 수 있고, 이 사건 매매계약의 특약사항에서 “"
deposit_dispute,115492,5,False,"‘이 사건 건물’이라 한다)을 965,000,000원(계약금 100,000,000원, 중도금 200,000,000원, 잔금 665,000,000원)에 매수하되 원고가 이 사건 건물의 임차인들에 대한 임대차보증금반환채무 80,000,000원을 인수하고 위 80,000,000원을 잔금 665,000,000원에서 공제하기로 하는 내용의 매매계약(이하 ‘"
deposit_dispute,99180,5,False,"“2015. 9. 2. 대출 당시 이 사건 부동산의 시세는 60억 원 정도이고 선순위 근저당권부채무가 2,677,649,822원, 1순위 임대차보증금반환채무가 23억 7,000만 원이었기 때문에, 만일 임대차계약서가 위조되어 임대차보증금이 은폐되는 일이 없이 사실대로 대출 신청이 되었다면, 42억 원은 대출되지 않을 가능성이 90% 이상이었다.”"
deposit_dispute,85774,5,False,"’이라 한다)을 체결하고, 소외 3으로부터 위 설정계약을 원인으로 하여 서울중앙지방법원 관악등기소 2004. 8. 17. 접수 제38530호로 전세권설정등기를 경료받았다. 2) 소외 2는 2004. 8. 17. 소외 4에 대한 채권을 담보하기 위해 이 사건 전세권에 관하여 채권최고액을 600,000,000원으로 정한 근저당권설정계약(이하 ‘"
deposit_dispute,102059,5,True,"’상가임대차법‘이라 한다) 제10조 제3항에 따라 이 사건 상가임대차계약이 갱신되었으며, 설령 원고의 주장대로 이 사건 상가임대차계약이 기간 만료로 종료되었다고 하더라도, 임대차보증금의 반환과 동시에 이 사건 부동산의 명도가 이루어져야 한다고 항변한다. 살피건대, 갑 제2호증의 기재에 의하면, 원고가 2019. 10. 29. 피고에게 ’"
deposit_dispute,137698,5,False,"’이라 한다)을 체결하였고, 공인중개사인 피고 B은 이 사건 임대차계약을 중개하였다. 나. 피고 B은 이 사건 임대차계약의 체결 당시 D에게 이 사건 건물에 관한 총 임대차보증금액을 문의하였으나, D은 피고 B에게 이에 관한 정보 제공을 거부하였다. 피고 B은 이 사건 임대차계약의 계약서에 첨부된 중개대상물 확인․설명서의 “"
fraud_core,65094,5,False,"""E 인테리어도면을 내려면 우선 가맹계약부터 해야 한다. 나도 주방시설물 중 일부는 미리 준비를 해두기 위해서 비용이 필요한데 혹시 음식점공사 승인이 불허되더라도 계약금은 전액 돌려주고 주문해 둔 시설물은 다른 가맹점 계약자에게 공급하면 되니 걱정하지마라. 빨리 가맹점계약을 체결하고 계약금 800만 원을 달라."""
protection_mechanism,130464,5,False,"’고 정하고 있다. 라. 원고와 피고는 2019. 8. 29. 이 사건 건물 1층 전체에 관하여 임대차보증금 5천만 원, 월 차임 231만 원, 임대차기간 2019. 8. 31.부터 2021. 8. 30.까지로 하여 기존 임대차계약을 갱신하는 내용의 임대차계약을 체결하였는데, 그 특약사항 제4항은 ‘"
deposit_dispute,127291,5,False,"'이 사건 다가구주택은 현 시세가 1,300,000,000원이고 선순위 임차인들의 임대차보증금은 전세권이 설정되어 있는 140,000,000원을 포함하여 다 합쳐도 500,000,000원이 안 되므로 근저당권과 선순위 임대차보증금 다 빼도 140,000,000원은 충분히 나오니 걱정말라.'"
fraud_core,121106,5,False,"‘2018. 4. 23. 23억 원을 대출하며 거래 물건으로 계약 보증한다. 대출기간은 3개월로 정하며 취급수수료 및 상기 이자를 선납한다. 대출금 상환은 준공 후 사용승인 등록시 계약 해지와 동시에 대출금을 반환하며, 단 대출 기간 내 분양 승계를 통하여 일부 반환을 할 수 있다.’"
protection_mechanism,145809,5,True,"'시)를 요구하고 있고, 같은 법 제3조의2 제2항에서는 위 요건들에 더하여 확정일자까지 갖춘 경우 임차인에게 우선변제권을 인정하고 있다. 따라서 주택담보대출자인 원고로서는 담보물인 주택의 담보가치 확보에 방해가 되는 임차인의 대항력과 우선변제권의 존부를 파악하기 위해 해당 주택에 '"
deposit_dispute,58243,5,False,"’라 한다)를 임대기간 입주개시일로부터 5년, 임대차보증금 59,700,000원, 월 임대료 200,000원으로 정하여 임차하기로 하는 임대차계약을 체결하였고, 이후 3차례에 걸쳐 보증금을 증액함에 따라 위 임대차계약상 보증금이 최종적으로 98,971,200원으로 변경되었다(이하 ‘"
deposit_dispute,10965,5,True,"’는 의사를 표시함으로써 주택임대차보호법 제6조의3 제1항이 정한 계약갱신 요구를 하였고, 원고가 위 계약갱신 요구를 거절할 수 있는 정당한 사유도 존재하지 않으므로, 이 사건 임대차계약은 2023. 3. 15.까지로 다시 연장되었다고 주장한다. 그러나 위 내용증명서에는 “"
deposit_dispute,54022,5,False,"‘이 사건 임대차계약을 갱신할 의사가 없고 자신이 직접 이 사건 건물에서 약국을 운영하고자 하니 이 사건 임대차계약 기간이 만료되면 이 사건 건물을 명도하여 주고, 이 사건 임대차계약의 특약사항으로 권리금 주장을 할 수 없다고 약정하였으므로 권리금에 관한 주장은 이유 없다’"
deposit_dispute,50924,5,False,"「이 사건 부동산에 대하여 임대관련 업무, 임대 보증기간 동안의 임대료 지급, 임대보증금 수금 및 관리, 임차인 물색 및 선정, 임대홍보, 임대차계약 관리(계약서 작성) 등 임대차계약 사실을 확인하며 임대 관련사항 일체와 세대점검 및 방문과 관련된 권한을 C에 위임한다」"
deposit_dispute,124628,5,False,"’란에 피고 B이 서명․날인하였다. 원고는 E에게 위 임대차계약의 임대차보증금 5,500만 원을 지급하고 이 사건 부동산에 거주하여 왔고, 이후 한 차례 이 사건 임대차계약은 묵시적으로 갱신되었다. 다. 원고가 이 사건 임대차계약 당시 교부받은 중개대상물 확인․설명서 ‘"
fraud_core,65880,5,False,’로 허가받기 위하여는 대표자 명의의 임대차계약서가 필요하다는 사실을 알게 되자 임대차계약서를 위조하기로 마음먹었다. 1. 사문서위조 피고인은 2017. 2. 1.경 안성시 E에서 부동산임대차계약서 양식에 위 상가를 임차하는 내용의 계약서를 작성하면서 임대인 란에 ‘
fraud_core,102964,5,False,"‘전세계약이 아닌 임대차계약을 체결할 권한을 위임받았음에도 불구하고 그 임무에 위반하여 전세보증금 1억 2,000만 원의 전세계약을 체결하여 동액 상당의 재산상 이익을 취득하고, 피고 B으로 하여금 동액 상당의 전세금 반환채무를 부담하게 하여 재산상 손해를 가하였다’"
deposit_dispute,14614,5,False,"『피고에 대하여도 유효하고, I이 피고를 대리하여 원고로부터 임대차보증금 9,000만 원을 수령한 이상 피고가 이 사건 영업위탁계약에 따라 소외 회사로부터 지급받은 보증금 1,000만 원의 한도 내로 피고의 원고에 대한 임대차보증금 반환의무가 제한되는 것은 아니다.』"
deposit_dispute,106660,5,False,"""위 소외 1과 피고는 위 임대차계약 해지시에 위 소외 1이 위 대출금을 상환기한 내에 변제하고 위 근저당권을 말소하여 주기로 하되, 이를 이행하지 아니할 경우 피고가 위 소외 1에게 반환할 임대차보증금을 담보로 하여 위 대출금채무를 인수하기로 약정하였다."""
fraud_core,36467,5,False,"“G과 공모하여 허위로 작성된 G의 소득증빙 서류, 임차인과 임대인의 계약의사나 임차인의 거주의사 없이 대출 목적으로 허위 작성된 전세계약서 등을 H은행에 제출하여 G의 전세자금 대출금 명목으로 같은 은행으로부터 2억 1,600만 원을 입금받아 편취하였다”"
protection_mechanism,108733,5,False,"‘이 사건 건축주들의 근저당권설정계약서가 백지날인 상태로 교부되고 확인서면이 작성된 적도 없는 상태에서 계약이 철회되었으나, 인감사용기간이 남아 있고 근저당권설정계약서도 회수되지 못하여 이 사건 건축주들의 의사에 반하여 위․변조되어 사용될 염려가 있다’"
deposit_dispute,147285,5,False,"“피고가 이 사건 점포 누수에 대한 수선의무를 이행하지 않았으므로, 이 사건 임대차계약을 해지하고, 임대차보증금 100,000,000원, 계약금 10,000,000원, 이사비 등 10,000,000원 합계 120,000,000원을 청구한다”"
deposit_dispute,125300,5,False,"‘이 사건 점포’라 한다)를 임차하였고, 위 임대차계약은 이후 갱신되어 왔는데, 이 사건 이전에 최종 갱신된 임대차계약상의 임대차보증금은 40,000,000원, 월 차임은 850,000원, 기간 만료일은 2018. 8. 1.이었다(이하 ‘"
fraud_core,124165,5,False,"‘이라 한다)에 관하여 2018. 10. 27. 체결된 임대차계약에 관한 임차인 명의변경계약을 취소한다. 피고는 D, E에게 위 임차인 명의변경계약이 취소되었다는 취지의 통지를 하라. 나. 예비적으로, 피고와 제1심 공동피고 B(이하 ’"
deposit_dispute,125203,5,False,"「이 사건 매매계약서는 2013. 9. 27.경 작성되었으나, 대출금 이자 대납일(을가 제4호증 특약사항 5항 참조)과 매매계약서에 따른 계약금 지급일을 맞추기 위해 매매계약 체결일을 2013. 7. 5.로 소급하여 작성하였다」"
deposit_dispute,125600,5,False,"’이라 한다)을 체결하고, D에게 임대차보증금을 전부 지급하였다. 나. 피고는 그 무렵 원고와 사이에 D이 원고에게 반환해야 할 임대차보증금 3억 원 중 1억 5,000만 원의 반환채무를 보증하는 내용의 보증계약(이하 ‘"
fraud_core,24062,5,False,"”라고 정하고 있다. 이 조항은 임차인이 취득하는 대항력의 내용을 정한 것으로, 상가건물의 임차인이 제3자에 대한 대항력을 취득한 다음 임차건물의 양도 등으로 소유자가 변동된 경우에는 양수인 등 새로운 소유자(이하 ‘"
fraud_core,54020,5,False,"”라고 정하고 있다. 이 조항은 임차인이 취득하는 대항력의 내용을 정한 것으로, 상가건물의 임차인이 제3자에 대한 대항력을 취득한 다음 임차건물의 양도 등으로 소유자가 변동된 경우에는 양수인 등 새로운 소유자(이하 ‘"
deposit_dispute,31338,5,False,"”라고 정하고 있다. 이 조항은 임차인이 취득하는 대항력의 내용을 정한 것으로, 상가건물의 임차인이 제3자에 대한 대항력을 취득한 다음 임차건물의 양도 등으로 소유자가 변동된 경우에는 양수인 등 새로운 소유자(이하 ‘"
deposit_dispute,108029,5,False,"‘E마트 내 수산코너를 추가로 전대할 테니 전대차보증금 3,000만 원을 내게 주고 입점하라. 향후 2년간 수산코너를 사용하도록 해 주고, 계약이 해지되더라도 전대차보증금을 즉시 반환해 줄 테니 걱정할 필요 없다.’"
deposit_dispute,147311,5,False,"‘임대인 피고들, 임차인 원고, 임대차보증금 4,000만 원(계약금 300만 원은 계약시 지불, 잔금 3,700만 원은 2017. 4. 29. 지불), 임대기간 2017. 4. 30.부터 2019. 4. 29.까지’"
deposit_dispute,104779,5,False,’란에는 ‘임대차보증금의 중도금은 기존 임차인 H(피고의 아버지) 계좌로 입금한다. 임차인과 임대인의 합의하에 잔금은 H에게 양해를 구하고 임차인이 잔금을 납부할 때까지 월 20만 원을 H 계좌에 입금하기로 한다’
fraud_core,95811,5,False,"’은 앞서 Ⅱ. 1. 나. 9)항에서 본 바와 같이 재계약 임차인들이 당시 시세에 따라 분양대금을 초과하여 웃돈(프리미엄)을 지급하면서까지 재임대차계약을 체결하는 과정에서 발생한 부분으로, 재계약 임차인들이 ‘"
fraud_core,31071,5,False,"""본 계약 체결 이전 또는 이후에 이루어진 임대차계약에 기인한 임대차보증금 반환채무 기타 이와 관련하여 발생하는 모든 채무는 신탁기간 중 신탁해지 이후에도 위탁자 및 수익자가 부담하며, 수탁자를 면책시킨다."""
fraud_core,114479,5,False,"""본 계약 체결 이전 또는 이후에 이루어진 임대차계약에 기인한 임대차보증금 반환채무 기타 이와 관련하여 발생하는 모든 채무는 신탁기간 중 신탁해지 이후에도 위탁자 및 수익자가 부담하며, 수탁자를 면책시킨다."""
deposit_dispute,44318,5,False,"“임차인들이 임대차계약서에 기재된 임대기간이 지난 후 다음 임차인의 임대차계약 체결 시까지 건물에서 퇴거한 증거가 없으므로, 피고가 계속하여 종전 임차인으로부터 차임을 받은 것으로 볼 수 있다.”"
deposit_dispute,143835,5,False,“아직 임대차계약이 종료가 되지 않았고 법적 자동갱신 계약 기일이 1년도 넘게 남았는데 당사자 합의 없이 일방적으로 임대보증금 반환을 하시고 명도를 요구하시는 것은 법과 경우에 맞지가 않습니다.”
deposit_dispute,9477,5,False,"’로 하는 임대차 계약을 체결함에 있어 피해자가 이 사건 오피스텔에 설정된 선순위 근저당권 9,072만 원이 존재하여 임대차 보증금을 반환받지 못할 것을 염려하여 계약을 주저하자, 피해자에게 """
protection_mechanism,51537,5,False,"'라 한다)과 사이에, 피고 회사가 건설공사계약에 따라 부담하는 하자보수보증금채무, 계약이행보증금채무 등을 담보할 목적으로 아래 표 기재와 같은 내용의 각 이행보증보험계약(이하 통틀어 '"
deposit_dispute,147320,5,True,"“계약서 제18조 소정의 신탁수익에서 손실이 잔존하는 경우에는 신탁계약을 해지할 수 없으며, 수익자는 수탁자인 파산 전 회사와 협의하여 그 손실을 상환한 후 신탁계약을 해지할 수 있다”"
deposit_dispute,52529,5,False,‘이사를 가는데 지금 살고 있는 집 임대인이 임대차보증금을 반환해주지 않아 돈이 부족하다. 500만 원을 빌려주면 2020. 1. 10.까지 위 보증금을 반환받아서 갚겠다.’
fraud_core,102285,5,False,‘전세보증금을 계약기간 종료 후 문제없이 반환해 주겠다. 계약기간 내에 대출 및 설정이 있을 시에는 언제든지 계약을 파기할 수 있고 그 경우 즉시 전세금을 돌려주겠다.’
fraud_core,64434,5,True,’). 당시 작성된 임대차계약서 제5조와 특약 제2조에 의하면 위 임대차계약이 종료되는 경우 임차인은 위 점포를 원상으로 회복하여 반환하는 것으로 되어 있다(이하 ‘
deposit_dispute,135887,5,False,"“설정자는 채권자의 동의 없이 임대인과 임대차계약의 연장, 갱신이 불가하며 임대차계약의 연장, 갱신의 경우에는 반드시 채권자의 사전동의를 얻어야 효력이 발생합니다.”"
deposit_dispute,39636,5,False,‘이 사건 계약에 따른 위 보증금을 2020. 4. 30.까지 반환하고 그 반환을 지체하는 경우 연 12%의 비율로 계산한 지연이자까지 가산하여 반환하겠다’
deposit_dispute,6705,5,False,“임차인인 원고의 동의 없이 상호전환된 임대보증금 및 임대료로 체결된 이 사건 임대차계약은 임대보증금이 표준임대차보증금을 초과하는 범위 내에서 무효”
deposit_dispute,16754,5,False,“임차인인 원고의 동의 없이 상호전환된 임대보증금 및 임대료로 체결된 이 사건 임대차계약은 임대보증금이 표준임대차보증금을 초과하는 범위 내에서 무효”
deposit_dispute,43280,5,False,'와 사이에 이 사건 임대차보증금 반환채권에 관한 이 사건 질권설정계약을 체결하였으니 임대차계약 만료 시에 이 사건 임대차보증금 2억 원을 ‘
fraud_core,121518,5,True,‘임차인에게 계약갱신요구권이 있음에도 불구하고 임대인이 상가임대차법 제10조 제1항 각 호의 사유를 들어 갱신요구를 거절할 수 있는 경우’
protection_mechanism,94818,5,True,‘임차인이 계약갱신요구권이 있음에도 불구하고 임대인이 상가임대차법 제10조 제1항 각 호의 사유를 들어 갱신요구를 거절할 수 있는 경우’
deposit_dispute,13568,5,True,‘임차인이 계약갱신요구권이 있음에도 불구하고 임대인이 상가임대차법 제10조 제1항 각 호의 사유를 들어 갱신요구를 거절할 수 있는 경우’
protection_mechanism,44931,5,False,“계약기간 연장 및 재계약 등 더 이상 계약연장 등에 의사가 없어 임대기간이 종료됨과 동시에 계약을 해지하겠다”
protection_mechanism,118277,5,False,“계약기간 연장 및 재계약 등 더 이상 계약연장 등에 의사가 없어 임대기간이 종료됨과 동시에 계약을 해지하겠다”
fraud_core,20491,5,False,"‘임대인은 명도시에 보증금을 임차인에게 반환해야 하나 월세 및 부가세, 공동사용료 체납분을 공제하고 반환한다’"
deposit_dispute,80647,5,False,"‘G를 운영하는 F만이 보증금반환의무를 부담하고, 임대인인 피고는 보증금반환의무를 부담하지 않는다’"
deposit_dispute,112169,5,False,"‘G를 운영하는 F만이 보증금반환의무를 부담하고, 임대인인 피고는 보증금반환의무를 부담하지 않는다’"
deposit_dispute,103859,5,False,"‘소외 회사만이 보증금반환의무를 부담하고, 임대인인 피고는 보증금반환의무를 부담하지 않는다’"
deposit_dispute,70498,5,False,‘계약 위반시 매도인은 계약금 배액 배상하고 매수인은 계약금 포기하고 계약을 해지한다’
fraud_core,31970,5,False,“임대보증금 오천만 원은 임차인 D의 권리이며 향후 보증금 반환 시 D에게 반환한다”
fraud_core,110865,4,True,"‘공사도급계약’을 체결하여, 이 사건 건물의 신축공사를 대금 24,420,000,000원에 수급하였다(갑 제2호증의 1). ○위 공사도급계약에서는, 피엠코리아가 공사대금 지급목적으로 조성하는 자금에 대해여 원고가 연대보증 등 모든 협조를 취하여야 한다고 약정하였다(특약조건 제9조). ○위 공사대금은 2003. 7. 15.까지 3차에 걸쳐 26,048,000,000원으로 증액되었다(갑 제2호증의 2, 3, 4). [3] ○피엠코리아는 2002. 7.경부터 이 사건 건물의 점포를 임대하였고, 그 임차인들이 국민은행으로부터 대출(이하 ‘"
deposit_dispute,14288,4,True,"’에 해당한다. 나. 검사는 피고인들의 행위를 성매매처벌법 제2조 제1항 제2호 (가)목에 해당하는 행위로 기소하였지만 피고인들의 행위가 성매매처벌법 제2조 제1항 제2호 (다)목의 행위로도 인정되는 이상 이 부분 공소사실은 범죄수익은닉규제법에 따른 몰수의 대상이 되는 성매매처벌법 제2조 제1항 제2호 (다)목의 행위와 관련성이 인정되므로, 이 사건 임대차보증금반환채권을 몰수하더라도 불고불리의 원칙에 위반되지 않는다. 다. 따라서 이 사건 임대차보증금반환채권은 범죄수익은닉규제법 제2조 제2호 (나)목 1)에서 범죄수익으로 정한 ‘"
protection_mechanism,66133,4,False,"'라고 한다)에서, 원고는 이 사건 아파트에 관한 주택임대차보호법상의 우선변제권을 가지는 임차인이라고 주장하면서 임대차보증금 4억 5,000만 원에 대하여 권리신고 및 배당요구를 하였다. 라. 배당 및 원고의 이의 위 집행법원은 배당기일인 2014. 2. 6. 실제 배당할 금액 1,329,863,951원 중 2,748,730원을 1순위 압류권자에게, 5,603,940원을 2순위 교부권자에게 각 배당한 후근저당권자이자 신청채권자인 피고에게 나머지 1,311,571,931원을 배당하고, 원고에게는 배당하지 않는 내용의 배당표(이하 '"
deposit_dispute,67983,4,False,"’E‘ D을 대리인으로 하여 체결되었으나(이 사건 ② 임대차계약 체결 무렵에는 소외 회사가 해산된 상태였고, 당시 계약에 관여한 H이 사용한 인장은 소외 회사가 아닌 D의 인장으로 보인다), 원고가 소외 회사에 포괄적인 임대차계약 체결권한을 위임한 것은 이 사건 건물의 임대 관련 일체의 업무로부터 벗어나면서도 매월 고정적인 임대수익을 얻기 위한 것이었고, 소외 회사가 해산될 무렵 D이 동일한 상호를 사용하여 소외 회사가 영업위탁계약에 기하여 수행해 오던 이 사건 건물의 임대 관련 일체의 업무를 동일하게 해 왔으며, 원고로서는 ’"
protection_mechanism,50475,4,False,"“각 근저당권의 등기 선후 및 이 사건 우선회수특약상 변제충당 순위(각 해당 근저당권의 채권최고액 한도 내에서 그 피담보채권 중 미변제 잔액, 피고의 대위변제금 중 해당 근저당권과 관련하여 이전된 채권 상당액, 신용보증 없는 다른 대출 채권 등 순서)에 따라 배당하는 방법을 취하여야 하고, 위 방법에 따르면 원고의 손해액은 이 사건 경매절차에서 피고의 대위변제금에 배당되었을 것으로 예상되는 103,752,493원 및 113,015,219원과 ○○ 공장에 관한 경매절차에서 배당되었을 것으로 예상되는 31,196,845원이다”"
deposit_dispute,3361,4,False,"‘임대인 G와 2018. 12. 24. 임대차계약을 하면서 계약일에 계약금 300만 원을 현금으로 주고 나머지 잔금을 2018. 12. 27.까지 주기로 하였는데, 돈을 받을 곳에서 제날짜에 돈이 들어오지 않아 말일까지 기다려 달라고 G에게 부탁하였고, 말일 점심때까지 1,470만 원밖에 준비가 안되어 우선 G에게 찾아가 1,470만 원을 건넸고, 같은 날 밤 10시반까지 230만 원을 구해 계좌로 송금해 주었다. 그리고 다음날인 2019. 1. 1. 점심 때쯤 나머지 1,000만 원을 G 은행계좌로 송금해 주었다’"
deposit_dispute,125404,4,False,"‘임대인 G와 2018. 12. 24. 임대차계약을 하면서 계약일에 계약금 300만 원을 현금으로 주고 나머지 잔금을 2018. 12. 27.까지 주기로 하였는데, 돈을 받을 곳에서 제날짜에 돈이 들어오지 않아 말일까지 기다려 달라고 G에게 부탁하였고, 말일 점심때까지 1,470만 원밖에 준비가 안되어 우선 G에게 찾아가 1,470만 원을 건넸고, 같은 날 밤 10시반까지 230만 원을 구해 계좌로 송금해 주었다. 그리고 다음날인 2019. 1. 1. 점심 때쯤 나머지 1,000만 원을 G 은행계좌로 송금해 주었다’"
protection_mechanism,36668,4,False,"'이라 한다). 나. 신본기업은 부도로 2009. 8. 18. 경 이 사건 공사를 중단하였고, 채무자 회사는 2009. 9. 16. 신본기업에게 신본기업의 계약불이행을 이유로 이 사건 하도급계약을 해지한다는 통보를 하였다. 다. D이라는 상호로 건축자재 제조 판매업을 하는 원고는 2008. 9.경부터 2009. 8.경까지 신본기업에게 이 사건 공사에 필요한 건축자재를 납품하였다. 라. 신본기업은 원고에게 이 사건 하도급계약에 따른 신본기업의 채무자 회사에 대한 220,000,000원의 기성공사대금채권을 양도(이하 '"
deposit_dispute,25833,4,False,"‘①재항고인이 위 임대차보증금 3,000만 원의 반환을 구하는 청구를 포기하고, 신청인은 재항고인에 대한 위 위자료 1,500만 원의 채권을 포기하며, ②신청인이 위 위자료 1,500만 원의 채권 등을 피보전권리로 한 재항고인에 대한 가압류를 취하·해제하고, 재항고인이 신청인을 상대로 제기한 추심금 소송을 취하하며 위 임대차보증금 3,000만 원의 반환채권과 관련한 주택임차권등기의 말소등기절차를 이행하고, 아울러 ③신청인과 재항고인은 혼인생활과 관련하여 이미 발생한 손해를 상대방에게 민사상 청구하지 않기로 한다’"
deposit_dispute,20596,4,False,"’이라 한다)을 운영하였으며, 위 임대차계약은 피고가 이 사건 건물의 소유권을 취득한 2017. 5. 1.경까지 묵시적으로 갱신되며 유지되었다. 다. 피고는 2017. 5. 1. E, F로부터 이 사건 건물을 매수하였고, 2017. 7. 31. 위 건물에 관한 소유권이전등기를 경료하였다. 라. 원고는 2017. 8. 5. 피고와 사이에 이 사건 상가에 관하여 임대차보증금 50,000,000원, 월 차임 2,500,000원, 임대차기간 2017. 8. 1.부터 2018. 8. 1.까지로 하여 임대차계약(이하 ‘"
fraud_core,148469,4,False,"’라고만 한다)가 운영하는 공제사업은, 비록 보험업법에 의한 보험사업은 아닐지라도 그 성질에 있어서 상호보험과 유사하고 중개업자가 그의 불법행위 또는 채무불이행으로 인하여 거래당사자에게 부담하게 되는 손해배상책임을 보증하는 보증보험적 성격을 가진 제도로서, 중개업자와 피고 사이에 체결된 공제계약은 기본적으로 보험계약으로서의 본질을 갖고 있으므로, 적어도 공제계약이 유효하게 성립하기 위해서는 공제계약 당시에 공제사고의 발생 여부가 확정되어 있지 않아야 한다는 우연성과 선의성의 요건을 갖추어야 한다. 여기서 ‘"
deposit_dispute,146505,4,True,"‘제2차 제안’이라 한다). 사. 결국 소외 1은 2016. 1. 14. 피고의 제1, 2차 제안과 같은 차임 등의 액수가 지나치게 과다하다고 판단하여 피고와 이 사건 점포에 관한 신규 임대차계약을 체결하지 않기로 하고, 원고와 이 사건 양도계약 제3조가 정한 대로 이 사건 양도계약을 무효화하였다. 아. 원고는 피고에게 2016. 2. 1.부터 이 사건 임대차계약 기간 만료일인 2016. 2. 6.까지의 차임 1,365,516원[= 월 차임 6,600,000원(부가가치세 포함) × 6일/29일, 이하 ‘"
deposit_dispute,113703,4,True,"’이라 한다)이 신고한 회생채권 및 회생담보권은 그 중 1억원의 입회금반환채권만이 회생채권 입회금반환채무로 분류되었으며, 나머지 항고인들(별지 항고인 목록 3 내지 242)이 신고한 입회금반환채권은 모두 회생채권 입회금반환채무로 분류되었다. 다. 이 사건 회생계획의 주요내용 항고인들과 관련된 이 사건 회생계획의 주요내용의 요지는 아래와 같다.   2. 항고인들의 주장 및 판단 가. 체육시설의 설치·이용에 관한 법률 제27조 위반 주장 관련 1) 항고인들의 주장 체육시설의 설치·이용에 관한 법률(이하 ‘"
protection_mechanism,72769,4,False,"‘원고는 채권매수청구권 행사 이후 현상유지 차원에서 관리하고 있는 이 사건 파생계약이 2012. 5. 23.부터 만기가 도래하는바, 성동조선으로부터 받은 공문에 따르면 협의회는 위 파생계약을 더 이상 연장하지 않기로 결정한 것으로 보인다. 원고로서는 위 파생계약의 당사자인 성동조선의 공문을 위 파생계약의 청산요청으로 취급할 수밖에 없는 입장이다. 협의회가 이와 다른 입장이라면 성동조선을 통하여 그 입장을 밝히기를 바라고, 다른 사정이 없다면 성동조선의 요청에 따라 이를 만기연장하지 않고 청산하겠다’"
fraud_core,116377,4,False,"‘이 사건 점포’라 함)에 관하여 전전세계약을 체결하기 전에는 이 사건 점포가 자신의 소유인 것처럼 얘기하였지만, 전전세계약 체결 직전 이 사건 점포에 관한 부동산등기부등본을 보고 소유자가 Y인 사실을 알게 되었고, 이에 피고인은 2016. 11. 28. 전전세계약을 체결하면서 향후 이 사건 점포를 매수할 계획이라고 얘기하였다고 진술하였다. 2) 피고인은 2016. 11. 28. C와 사이에 전세금 1억 원, 전전세기간 인도일부터 2018. 12. 28.까지로 하는 전전세계약(이하 ‘"
deposit_dispute,41820,4,False,"’이라고 한다)을 체결하였고, 이에 따라 F는 그 무렵 원고에게 임대차보증금 270,000,000원, 피고에게 임대차보증금 50,000,000원, 망인에게 임대차보증금 230,000,000원을 각 지급하고, 원고, 피고, 망인으로부터 이 사건 토지를 인도받았다. 다. 망인은 2011. 11. 10. 사망하였고, 그 상속인으로 자녀들인 원고, 피고, G, H, I, J이 있었다. 라. 피고, G, H은 원고를 상대로 부산지방법원 동부지원 2012가단411호로 유류분반환 청구소송(이하 ‘"
deposit_dispute,10240,4,True,"‘채권증서’는 채권의 존재를 증명하기 위하여 채권자에게 제공된 문서로서 특정한 이름이나 형식을 따라야 하는 것은 아니지만, 장차 변제 등으로 채권이 소멸하는 경우에는 민법 제475조에 따라 채무자가 채권자에게 그 반환을 청구할 수 있는 것이어야 한다. 이에 비추어 임대차계약서와 같이 계약 당사자 쌍방의 권리의무관계의 내용을 정한 서면은 그 계약에 의한 권리의 존속을 표상하기 위한 것이라고 할 수는 없으므로 위 채권증서에 해당하지 않는다고 할 것이다. 원고는 주식회사 유비원(이하 ‘"
deposit_dispute,46979,4,False,"’이라 한다)에 관하여 위 채권자들을 제1 내지 4순위 우선수익자로 하는 부동산담보신탁계약을 체결하고, 같은 날 피고 생보부동산신탁에게 위 부동산담보신탁계약을 원인으로 한 소유권이전등기를 마쳐주었다. 그 후 가오닉스스포츠는 2009. 3. 23. 피고 극동아이앤디에 대한 이 사건 차용금채무를 담보하기 위하여 피고 생보부동산신탁과, 위 부동산담보신탁계약에 관하여 피고 극동아이앤디를 제5순위 우선수익자(수익한도금액 2,730,000,000원)로 추가하는 부동산담보신탁변경계약(이하 ‘"
deposit_dispute,111818,4,False,"’이란 상호(사업자등록자는 원고의 딸인 G이다)로 식당을 운영하였으며, 또한 원고측은 2011. 1. 6. 위 건물 3층도 임대차보증금 500만 원, 차임 월 40만 원에 임차하였는데, 위 차임 40만 원은 2013. 4.경부터 20만 원으로 감액되었으며, 차임은 D 명의 계좌로 입금되었다. 나. 그 후 위 G와 D 사이에 2017. 6. 21.경 이 사건 건물 1층에 관하여 임대차보증금 3,000만 원, 차임 월 110만 원으로 한 임대차계약서가 작성되었고, 위 계약서에는 ‘"
fraud_core,145065,4,False,"'이라 한다), 채권최고액 204,000,000원으로 정한 근저당권이 설정되었다. ④ 그런데 K, L, M은 2013. 5. 20.경기도 여주군 T로 주민등록을 이전하였다가, 2013. 5. 22. 다시 이 사건 아파트로 재전입하였다. ⑤ 피고인과 피해자는 2013. 7. 25.경 이 사건 아파트에 관하여 임대차보증금 1억 3,000만 원을 기존 임대차보증금 지급으로 대신하기로 하고, 임대차기간을 2015. 7. 24.경까지 2년으로 정한 임대차계약을 체결하였으며(이하, '"
fraud_core,4668,4,False,"’이라고 한다), 피고에게 2014. 3. 29. 53,000,000원을 지급하였다. 2) 원고는 2014. 4. 8. E호로 전입신고를 마치고, 그 무렵 피고로부터 E호를 인도받았다. 3) 이 사건 임대차계약은 그 기간 만료 이후 묵시적으로 갱신되었는데, 원고는 2017년 말경 피고에게 임대차계약의 해지를 통보하였다. 나. 원고의 주택임차권등기 경료 및 인도 원고는 이 사건 건물에 관하여 2018. 5. 3. 수원지방법원 오산시법원 2018카임45호로 임차권 범위를 ‘"
deposit_dispute,76878,4,False,"’이라 한다)을 체결하였다. 원고는 D에게 임대차보증금 전액을 지급하였다. 원고는 F의 직원으로부터 이 사건 건물 I호를 소개받아 이를 알게 된 것이었고, 위 직원이 원고에게 위 I호를 보여주었으며, 이 사건 계약 체결 당시 F에서 D, 위 직원을 만나 이 사건 계약을 체결하면서 위 직원으로부터 중개대상물 확인·설명서 및 공제증서를 교부받고, 중개수수료를 지급하였다. 다. 원고가 교부받은 중개대상물 확인·설명서에는 채권최고액 756,000,000원의 근저당권(다음부터 ‘"
deposit_dispute,125599,4,False,"’이라 한다), 위 명의신탁약정에 따라 이 사건 임야에 관하여 춘천지방법원 정선등기소 1988. 5. 6. 접수 제3723호로 1988. 4. 27.자 매매를 원인으로 피고 1 명의로 소유권이전등기가 마쳐졌다. 나. 이 사건 임야에는 같은 등기소 1998. 11. 11. 접수 제10039호로 같은 달 9. 근저당권 설정계약을 원인으로 하여 채권최고액 9,500만 원, 채무자 피고 1, 근저당권자 피고 2( 피고 1의 처남이다)으로 하는 근저당권설정등기가 마쳐졌다(이하 ‘"
protection_mechanism,22318,4,False,"’이라 한다)으로부터 대출을 받고 2010. 9. 28. 이 사건 부동산에 관하여 우리은행에 채권최고액 1,200,000,000원의 근저당권을 설정하여 주었다. 그리고 피고는 그 후인 2010. 9. 29. 이 사건 2 계약의 임대차계약서상에 확정일자를 받았다. 다. 이 사건 경매절차 그 후 씨오비트레이드가 대출금 상환을 지체함에 따라 우리은행의 위 근저당권에 기하여 2011. 6. 28. 수원지방법원 2011타경26840호로 이 사건 부동산에 관한 임의경매절차(이하 ‘"
deposit_dispute,395,4,False,"’이라고 한다)을 체결하였고, C에게 위 임대차계약에 따른 임대차보증금을 모두 지급하였으며, 위 임대차계약상 입주예정일인 2014. 12.경(한편 이 사건 아파트에 관하여 2014. 12. 29. 등기부가 개설되어 같은 날 C 명의로 소유권보존등기가 마쳐졌다) 무렵부터 이 사건 변론종결 당시까지 위 아파트에 거주하고 있다. 다. 피고는 2019. 12. 31.자로 E 아파트에 대한 의무임대기간 5년이 만료되자, 2020. 1.경 원고를 포함한 위 아파트 임차인들에게 ‘"
protection_mechanism,97069,4,False,"’라 한다)에 관하여 채권최고액 금 58,500,000원, 채무자 소외 1, 근저당권자 국민은행으로 하여 대구지방법원 동대구등기소 2002. 9. 12. 접수 제41737호로 근저당권설정등기를 마쳤다. 나. 원고는 2005. 2. 12. 소외 1과 사이에 이 사건 아파트에 관하여 임대차보증금 14,000,000원, 임대차기간 2005. 2. 25.부터 2007. 2. 25.까지로 정하여 임대차계약을 체결하고, 2005. 3. 2. 이 사건 아파트의 등기부상 주소지인 ‘"
fraud_core,136031,4,False,"’이라고 한다), C에게 2014. 3. 29. 53,000,000원을 지급하였다. 2) 원고는 2014. 4. 8. E호로 전입신고를 마치고, 그 무렵 C으로부터 E호를 인도받았다. 3) 이 사건 임대차계약은 그 기간 만료 이후 묵시적으로 갱신되었는데, 원고는 2017년 말경 C에게 임대차계약의 해지를 통보하였다. 나. 원고의 주택임차권등기 경료 및 인도 원고는 이 사건 건물에 관하여 2018. 5. 3. 수원지방법원 오산시법원 2018카임45호로 임차권 범위를 ‘"
deposit_dispute,43293,4,False,"’이라 한다)을 체결하였고, 그 무렵 D에게 위 임대차보증금을 지급하였다. 나. 원고는 그 무렵 이 사건 F호실에 입주하여 2014. 7. 1. 전입신고를 한 뒤 이를 점유·사용하였다. 그 후 이 사건 임대차계약이 갱신되어 임대차기간이 2018. 1. 23.까지 2년간 연장되었다. 다. D은 2018. 3. 2. 피고와 사이에 충북 청주시 청원구 E 대 315.9㎡ 및 그 지상의 이 사건 건물을 대금 560,000,000원에 매도하기로 하는 계약을 체결하였고(이하 ‘"
deposit_dispute,72083,4,False,"’이라 한다)을 체결하였고, 그 무렵 D에게 위 임대차보증금을 지급하였다. 나. 원고는 그 무렵 이 사건 F호실에 입주하여 2014. 7. 1. 전입신고를 한 뒤 이를 점유·사용하였다. 그 후 이 사건 임대차계약이 갱신되어 임대차기간이 2018. 1. 23.까지 2년간 연장되었다. 다. D은 2018. 3. 2. 피고와 사이에 충북 청주시 청원구 E 대 315.9㎡ 및 그 지상의 이 사건 건물을 대금 560,000,000원에 매도하기로 하는 계약을 체결하였고(이하 ‘"
deposit_dispute,138033,4,False,"‘원고가 현상태의 집기(식기 등) 및 시설(주방시설, 테이블, 의자, 에어컨, 냉장고 등) 등 모든 시설과 물품 등을 그대로 두고 나가는 조건으로 원상복구를 하지 않기로 하고 이 사건 부동산을 피고에게 반환하며, 피고는 원고에게 임대차보증금 70,000,000원 중 2개월분의 차임액 9,900,000원과 보관금 명목의 5,000,000원을 제외한 55,100,000원을 반환하되, 위 보관금은 전기요금, 수도요금, 제세공과금 등의 정산이 모두 끝난 후 반환하기로 한다’"
fraud_core,123031,4,False,"‘1차 내용증명’이라 한다)을 보내어 2018. 2. 5. C에게 도달하였다. 원고는 2018. 4. 12. 피고가 2018. 4. 1. 기준으로 2기의 차임액에 해당하는 62,478,230원의 지급을 연체하고 있는 등 1차 내용증명에 적시한 사유에다가, 이 사건 부동산의 1층 부분을 불법 증축하였으며, 이 사건 부동산을 임대인의 서면동의 없이 제3자에게 무단 사용하게 함으로써 계약을 위반하였다는 이유를 추가한 임대차계약 해지의 의사표시가 담긴 내용증명우편(이하 ‘"
fraud_core,129562,4,False,"‘피고’라고 한다)는 1990. 1. 10. 무렵부터 이 사건 상가에서 음식점을 운영해 오다가, 1995. 1. 12. 이 사건 상가의 소유권을 취득하였다. 피고는 2003. 5. 6. 소외 1에게 이 사건 상가를 매도한 후 같은 해 6. 5. 소외 1로부터 이 사건 상가를 보증금 2,000만 원, 월 차임 150만 원, 계약기간 2003. 6. 5.부터 1년으로 정하여 임차하였고, 이후 이 사건 임대차계약은 묵시적으로 갱신되어 왔다. 나. 원고(반소피고, 이하 ‘"
fraud_core,148494,4,False,"’이라 한다)받았으며, 그 대출금은 같은 날 피고 C의 계좌로 송금되었다. 그런데 피고 B은 2017. 1. 23. 이 사건 임대차계약에 대하여 확정일자를 받고 2017. 1. 31. 이 사건 부동산에 관하여 전입신고를 하였다가 2017. 2. 28. 무단전출하여 이 사건 임대차계약에 관한 대항력 및 우선변제권을 상실시켰고, 피고 법인은 2017. 2. 8. 이 사건 부동산의 소유권을 취득하고는 피고 B이 무단전출해 있던 사이인 2017. 3. 3. K조합(이하 ‘"
deposit_dispute,2693,4,False,"’이라 한다)를 보증금 90,000,000원에 2012. 8. 10.부터 2013. 4. 30.까지 임차하기로 하는 계약을 체결한 사실, 망인은 2015. 3. 8.경 사망하였고 그 상속인으로는 처인 피고 B, 자녀들인 원고, 피고 C, D, E, F이 있는 사실, G와 H은 망인에 대한 임대차보증금의 반환을 위하여 2018. 4. 24. 서울중앙지방법에 2018년 금제10253호로 그 상속인들인 원고와 피고들을 피공탁자로 하여 90,000,000원을 공탁(이하 ‘"
deposit_dispute,71463,4,False,"’이라 한다)을 체결하였다. 나. C의 이 사건 임대차보증금 공탁 경위 1) 피고 대한민국 소속 영등포세무서는 2019. 9. 24.경 피고 B이 국세 17건 총 275,312,410원을 체납하였음을 이유로 이 사건 임대차보증금 반환채권 중 체납액(향후 가산되는 가산금 포함)을 압류하고, 그 취지를 C에게 통지하였다. 2) C은 이 사건 임대차계약이 종료된 직후인 2020. 12. 21. 피공탁자를 피고 B 또는 D 또는 영등포세무서로 하고, 공탁원인사실을 ‘"
fraud_core,72588,4,False,"’ 사무실에서 주식회사 H와 사이에 위 부동산에 관하여 주식회사 H를 근저당권자로 하여 근저당권을 설정하는 조건으로 주식회사 H와 외상 물품거래를 하겠다고 제안한 다음, 팩스를 이용하여 제1항 기재와 같이 위조한 C 명의 임대차계약서를 그 위조 사실을 모르는 주식회사 H 담당자 I에게 마치 진정하게 성립한 것처럼 제출하였다. 이로써 피고인은 제1항 기재와 같이 위조한 C 명의 임대차계약서를 행사하였다. 3. 사기 피고인은 2018. 12. 6.경 위 ‘"
deposit_dispute,148403,4,False,"’라는 내용의 계약해제(파기) 통보를 내용증명 우편으로 발송하였고, 위 우편은 2019. 2. 26. 피고에게 도달하였다. 마. 피고 등은 2019. 9. 5. 원고를 상대로, 원고가 이 사건 임대차계약 체결 후 2018. 11. 14.부터 차임을 지급하지 않았으므로, 원고의 차임연체를 이유로 이 사건 임대차계약을 2019. 10. 14.자로 해지하며, 이 사건 주유소의 인도를 구하는 소를 제기하였고(수원지방법원 여주지원 2019가단56628, 이하 ‘"
fraud_core,11710,4,True,"’이라고 한다)을 체결하였다. 2) 이 사건 보증계약에 의한 책임은, 주채무자인 대동종합건설이 부도·파산 등의 사유로 분양계약상의 주택공급의무를 이행할 수 없게 되는 경우에, 피고가 보증채권자인 수분양자 등의 선택에 따라, ① 분양계약에 따른 당해 주택의 공급의무 자체를 이행하거나(분양이행), ② 수분양자가 이미 납부한 계약금 및 중도금을 환급해 주는 것(환급이행)을 그 내용으로 한다. 다만 이 사건 보증보험약관 제4조 제1항에 의하면, 피고는 ‘"
fraud_core,17606,4,False,"’이라고 한다)을 체결하였다. 나. 한국철도공사 소유인 이 사건 토지는 피고가 2012. 4. 1.경 한국철도공사로부터 임차한 이래 1~2년 간격으로 임대료 등을 변경해가며 새로 임대차계약을 체결하는 방식으로 임대차기간을 연장해 왔는데, 이 사건 임대차계약 체결 무렵에는 피고와 한국철도공사 사이에 2018. 4.경 임대차기간을 2020. 3. 31.까지로 하는 임대차계약이 체결된 상태였으며, 이와 관련하여 원고와 피고는 이 사건 임대차계약서에 ‘"
fraud_core,54987,4,False,"’라 한다)에 대하여 이를 36억 원에 매수하기로 하는 계약을 체결하기는 하였으나, 계약금의 일부만 납입한 상태였기 때문에 위 F의 승인 없이는 임대차설정을 할 수 없었고, 달리 F로부터 위 상가에 대한 임대차계약을 체결할 권한을 위임받은 바도 없었다. 1. 사기 가. 피고인은 2017. 10. 13.경 화성시 L 주변 공인중개사 사무소에서, 피해자 C에게 마치 이 사건 상가 K호에 대한 적법한 임대차계약 체결 권한이 있는 것처럼 행세하면서 “"
deposit_dispute,149255,4,False,"’라는 상호의 사업자등록을 마치고, 이 사건 건물에서 안마시술소를 운영하여 왔다. 라. 원고는 2019. 9. 30.경 및 2019. 11. 18.경 피고 B에게 이 사건 임대차계약에 기한 임대차보증금 중 25,000,000원이 지급되지 않았고, 차임이 연체되었다는 이유로 이 사건 임대차계약을 해지한다는 의사표시가 기재된 내용증명 우편을 발송하였고, 그 무렵 위 내용증명 우편이 피고 B에게 송달되었다. 마. 피고 B은 2020. 1. 3. ‘"
deposit_dispute,93805,4,False,"’이라 한다)을 체결하였다. C은 피고 및 E에게 임대차보증금 60,000,000원을 지급하고 이 사건 건물을 인도받아 현재까지 점유, 사용하고 있다. 나. 원고는 C에 대한 이 법원 2017차2704 대여금 사건의 지급명령을 집행권원으로 하여 2019. 7. 23. 이 법원 2019타채7822호로 C의 피고에 대한 이 사건 임대차계약에 따른 임대차보증금반환채권에 관하여 청구금액을 40,259,588원으로 하는 채권압류 및 추심명령(이하 ‘"
deposit_dispute,64428,4,False,"‘종전계약’이라고 함)을 체결하였다. 나. 원고와 피고는 2018. 7. 1. 종전계약을 임대차기간 2018. 7. 1.부터 2020. 6. 30.까지, 임대차보증금 100,000,000원(지급기한: 2018. 7. 1.까지 10,000,000원, 2018. 10. 31.까지 50,000,000원, 2018. 12. 31.까지 40,000,000원), 차임 월 4,730,000원(부가가치세 포함)으로 변경하기로 합의(변경된 임대차계약을 ‘"
deposit_dispute,34,4,False,"『라. 소결론 피고가 이 사건 계약에 따른 영업권 양도의무를 위반하였다고 인정할 수 없음은 앞서 보았으므로, 피고의 영업권 양도의무 위반을 전제로 한 이 사건 근저당권 말소청구 및 37,833,037원(보유브랜드 영업권 2억 원 – 4차 잔금 162,166,963원)의 지급청구는 이유 없다. 또한 피고는 원고에 대해 내리창고에 관한 임대차보증금 35,000,000원을 반환할 의무를 부담하지 않으므로 이 부분 청구 역시 이유 없다.』"
deposit_dispute,34827,4,False,"’이라 한다)을 체결하다. 위 임대차계약은 갱신되었고, 피고 B은 이 사건 부동산을 점유․사용하고 있다. 2) 원고는 피고 B에게 2016. 9. 2. 20,000,000원을 이자율 연 19%, 상환기간 2018. 9. 30.로 정하여 대출해 주면서, 피고 B으로부터 그 대출원리금의 담보로 이 사건 보증금 반환채권을 양도받았고, 피고 B은 그 무렵 피고 공사에 내용증명 우편으로 위 채권 양도의 통지를 하였다(이하 위 대출금을 ‘"
deposit_dispute,136817,4,False,"” 매장을 운영하였다. 나. 이 사건 임대차계약 및 임대차계약 특약사항 제1항에 따라 원고와 피고들이 2016. 10. 24. 서울중앙지방법원 2016자40674호로 한 제소 전 화해의 화해조항(다만 피신청인은 원고, 신청인들은 피고)에는 아래 내용이 각 포함되어 있다.   다. 피고들은 임대차기간의 만료일이 다가오자 2020. 9. 7. 이메일을 통해 원고에게 이 사건 건물 내부 인테리어 등의 철거와 여기에 첨부한 별지 ‘"
deposit_dispute,13573,4,False,"'이라 한다)에 관한 임차인으로 임대차보증금 64,000,000원이라는 권리신고 및 배당요구를 하였다. 위 신청서에는 피고와 C 사이에 2018. 10. 25.자로 계약을 체결하고, 피고가 2019. 10. 21. 제천세무서장으로부터 확정일자를 받은 임대차계약서가 첨부되었다. 다. 위 법원은 2020. 9. 21. 열린 배당기일에서 실제 배당할 금액 1,449,927,767원을 아래와 같이 배당하는 내용으로 배당표(이하 '"
deposit_dispute,92975,4,False,"’이라 한다)에 관한 임차인으로 임대차보증금 64,000,000원이라는 권리신고 및 배당요구를 하였다. 위 신청서에는 피고와 D 사이에 2018. 10. 25.자로 계약을 체결하고, 피고가 2019. 10. 21. 제천세무서장으로부터 확정일자를 받은 임대차계약서가 첨부되었다. 라. 위 법원은 2020. 9. 21. 열린 배당기일에서 실제 배당할 금액 1,449,927,767원을 아래와 같이 배당하는 내용으로 배당표(이하 ‘"
deposit_dispute,45864,4,False,"‘두영건설’이라고만 한다)로부터 부산 서구 아미동2가 27-1에 있는 두영오피스텔 (호수 생략)(미등기 상태)를 보증금 30,000,000원에 임차하고 두영건설에 2006. 4. 22. 25,000,000원, 2006. 5. 17. 5,000,000원 합계 30,000,000원을 보증금으로 지급하였는데, 위 임대차보증금반환채권을 담보하기 위하여 2006. 4. 26. 두영건설로부터 그 소유의 두영오피스텔 103호(이하 ‘"
protection_mechanism,23784,4,False,"‘분양전환 완료’의 의미를 매매계약에 따라 동시이행관계에 있는 위 각 의무의 이행까지 마쳐지는 것으로 해석하면 분양전환을 위한 매매계약의 성립만으로는 아직 신탁이 종료되지 아니하여 평창토건이 이 사건 아파트를 반환받을 수 없게 되고, 이는 사실상 원고들에게 매매대금의 선이행을 강제하는 결과를 초래하게 된다. 따라서 이 사건 신탁의 목적인 분양전환의 원만한 이행이라는 측면에서, 이 사건 신탁계약에서 정한 신탁종료 사유인 ‘"
protection_mechanism,42426,4,False,"‘분양전환 완료’의 의미를 매매계약에 따라 동시이행관계에 있는 위 각 의무의 이행까지 마쳐지는 것으로 해석하면 분양전환을 위한 매매계약의 성립만으로는 아직 신탁이 종료되지 아니하여 평창토건이 이 사건 아파트를 반환받을 수 없게 되고, 이는 사실상 원고들에게 매매대금의 선이행을 강제하는 결과를 초래하게 된다. 따라서 이 사건 신탁의 목적인 분양전환의 원만한 이행이라는 측면에서, 이 사건 신탁계약에서 정한 신탁종료 사유인 ‘"
deposit_dispute,46241,4,True,"’로 그 상호가 동일하다고 볼 수 없고, D의 원고에 대한 임대차계약에 기한 원상회복의무가 상법 제42조에서 정한 영업으로 인한 채무에 해당한다고 보기도 어려운 점 등에 비추어 보면, 을 제15호증의 기재만으로, 원고 D이 변경한 부분까지 원상회복할 의무를 부담한다고 보기 어렵다. 따라서 피고의 위 주장은 이유 없다. 3) 원고가 변경한 부분 살피건대, 갑 제1호증의 기재에 의하면, 이 사건 임대차계약서 제5조는 “"
deposit_dispute,53371,4,False,"'라 한다)는 같은 날 F, G로부터 J 토지를 매수하였다. 다. 원고는 H의 위 임대차계약을 승계하기로 하고 2015. 5. 21. 피고(선정당사자)와 이 사건 건물 1층 식당 및 2층 일부에 관하여 보증금 3,000만 원, 차임 300만 원(부가 가치세 포함, 2016. 7.부터 272만 원으로 변경되었다), 임대차기간 전(前) 임차인 H의 잔여 임차기간인 2018. 3. 31.까지로 하여 임대차계약(이하 '"
deposit_dispute,84847,4,False,"‘이 사건 주택’이라 한다.)에 관하여 1/2 지분의 공유자로서 소유권보존등기를 마쳤다. 나. 원고는 2018. 5. 8. 피고 및 C와 이 사건 주택에 관하여 보증금을 500,000,000원으로 하되 계약금 50,000,000원은 계약시에 지급하고 잔금 450,000,000원은 2018. 5. 24. 지급하며, 임대차기간은 2018. 5. 24.부터 2010. 5. 24.까지로 하는 내용의 임대차계약서(이하 ‘"
deposit_dispute,110267,4,False,"’이라는 상호로 병원을 경영하다가, 2018. 1. 3. 및 2018. 3. 16. 기존 임대차계약을 해지하고 임대차보증금의 반환을 청구한다는 내용증명우편을 보내어 그 무렵 원고에게 도달하게 하였다. J은 그 뒤 2018. 7.경에는 위 병원을 폐업하고, 이 사건 점포에서 퇴거하였다. 마. 한편 J이 이 사건 상가 2층에 설치한 병원 설비는 철거되지 않고 남아있었고, I이 대표이사로 재직하는 K 주식회사(이하 ‘"
deposit_dispute,128827,4,False,"’이라는 상호로 병원을 경영하다가, 2018. 1. 3. 및 2018. 3. 16. 기존 임대차계약을 해지하고 임대차보증금의 반환을 청구한다는 내용증명우편을 보내어 그 무렵 원고에게 도달하게 하였다. J은 그 뒤 2018. 7.경에는 위 병원을 폐업하고, 이 사건 점포에서 퇴거하였다. 마. 한편 J이 이 사건 상가 2층에 설치한 병원 설비는 철거되지 않고 남아있었고, I이 대표이사로 재직하는 K 주식회사(이하 ‘"
protection_mechanism,42501,4,False,"'이라 한다)을 체결하였다. 이 사건 전대차계약상 원고는 F에게 위 전대차보증금 2억 원 중 계약금 2,000만 원은 2018. 12. 6.에, 중도금 8,000만 원은 2018. 12. 31.에, 잔금 1억 원은 2019. 1. 31. 또는 개원일에 지급하기로 약정하였다. 라. 원고는 2018. 12. 31. G과 사이에, G에게 이 사건 건물에 관한 권리금 1억 원을 지급하기로 하는 내용의 권리금계약(이하 '"
deposit_dispute,24425,4,False,"’라고만 지칭한다), 소외 회사에 대하여 2018. 2. 14. 해산등기가 마쳐졌다. 나. 이 사건 부동산의 임대차계약 1) 원고는 2018. 2. 28. 피고의 대리인으로 표시된, F이 운영하는 H와 사이에, 이 사건 부동산을 임대차보증금 50,000,000원, 월 임대료 90,000원, 임대차기간 2018. 2. 28.부터 2019. 2. 27.까지로 정하여 임대하는 계약(이하 &apos이 사건 임대차계약‘"
deposit_dispute,77063,4,False,"’라고만 지칭한다), 소외 회사에 대하여 2018. 2. 14. 해산등기가 마쳐졌다. 나. 이 사건 부동산의 임대차계약 1) 원고는 2018. 2. 28. 피고의 대리인으로 표시된, F이 운영하는 H와 사이에, 이 사건 부동산을 임대차보증금 50,000,000원, 월 임대료 90,000원, 임대차기간 2018. 2. 28.부터 2019. 2. 27.까지로 정하여 임대하는 계약(이하 &apos이 사건 임대차계약‘"
protection_mechanism,137694,4,False,"‘이 사건 주택’이라 한다)를 임대차보증금 60,000,000원, 월 임차료 100,000원, 임대차기간 2010. 3. 8.부터 2011. 3. 7.까지로 각 정하여 임차하였고, 2010. 2.~3.경 D에게 임대차보증금 60,000,000원을 지급하였다. 나. D은 이 사건 주택에 관하여 2010. 3. 16. 채권최고액 455,000,000원, 채무자 D, 근저당권자 G조합로 하는 근저당권설정등기(이하 ‘"
fraud_core,132407,4,False,"“당장 급하게 내야 할 캐피탈 업체에 대한 대출원리금, 사채 이자, 카드 대금이 있는데, 네 명의로 위 아파트의 임대차보증금 반환채권을 담보로 하여 대출을 받아주면 그 대출금으로 급한 돈을 지급하려고 한다. 대출에 대한 이자를 정상적으로 납부하고, 담보로 잡힌 1,000만 원 상당의 위 임대차보증금 반환채권에 문제가 없도록 2020년 여름 무렵까지 내 소유의 아파트를 처분하여 그 대금으로 원금을 상환하겠다.”"
fraud_core,121745,4,False,"‘한글’ 프로그램의 파일 속성 화면)을 제출하였으나, 증 제7호증의 임대차계약서는 피고인이 위조하여 행사한 임대차계약서(수사기록 1책 1권 16면)와 완전히 같은 문서가 아닐 뿐더러, 설령 양자가 완전히 같다고 하더라도 피고인이 위조한 임대차계약서가 증 제7호증의 문서파일에 기한 것인지 알 수도 없다(즉 피고인이 2018. 4. 11. 위조하여 행사한 임대차계약서와 같은 완전히 똑같은 문서를 다른 날짜에 ‘"
fraud_core,29978,4,False,"’이라 한다)을 체결하고, 피고 B에게 임대차보증금 6,000만 원을 지급하고 2017. 8. 20. 확정일자를 받았다. 나. 이 사건 임대차계약은 공인중개사인 피고 E 명의의 J공인중개사사무소에서 체결되었고, 실제로는 피고 E의 어머니인 피고 D이 피고 E의 명의를 사용하여 임대차계약을 중개하였다. 피고 D은 이 사건 임대차계약 체결 당시 원고에게 중개대상물 확인·설명서를 교부하였는데, 그 설명서의 ‘"
deposit_dispute,25271,4,False,"’이라 한다)을 체결하고, 피고 B에게 부산지방법원 중부산등기소 2018. 9. 17. 접수 제24281호로 이 사건 매매계약을 원인으로 한 소유권이전등기를 마쳐 주었다. 3) 한편 이 사건 매매계약 당시 이 사건 부동산에 관하여 부산지방법원 중부산등기소 2017. 10. 13. 접수 제29057호로 채권최고액 236,400,000원, 채무자 피고 A, 근저당권자 F조합인 근저당권설정등기(이하 ‘"
deposit_dispute,34588,4,False,"'서울고등법원 2018나2060718 판결에 기한 <토지, 건물 임대차계약의 종료에 따른 임대차보증금 반환>, 잔여 보증금 304,700,000원에서 2018. 10. 3.부터 2020. 12. 3.까지 26개월간의 임료 상당 부당이득 59,800,000원을 공제하고, 소송비용액확정 27,418,692원을 상계한 나머지 217,481,308원을 공탁하려 하였으나, 피고들 보조참가인이 수령거절함'"
deposit_dispute,145168,4,False,"‘이 사건 건물’이라 한다)을 보증금 1,000만 원, 월차임 67만 원, 기간은 24개월로 정하여 임대차계약을 체결하였고, 위 건물에서 C병원을 운영하였다. 나. 원고는 월차임을 연체하였고, 피고는 이 법원 2017가단9478(본소)호로 건물인도 등의 소를, 원고는 이 법원 2017가단522834(반소)호로 임대차보증금 반환 등의 소를 각 제기하였으며, 이 법원은 2017. 11. 4. ‘"
deposit_dispute,126026,4,False,"’이라 한다)을 체결하였고, 그 무렵 위 보증금을 모두 지급하고, 이 사건 I호를 인도받았다. 원고 주식회사 B의 직원 J이 2019. 5. 16. 이 사건 I호에 전입신고를 하였고, 원고 주식회사 B는 2020. 2. 13. 이 사건 2 임대차계약에 따른 계약서에 확정일자를 받았다. 다. 이 사건 1 임대차계약 체결 당시 D이 작성하여 원고 A에게 교부한 중개대상물 확인·설명서(이하 ‘"
deposit_dispute,33499,4,True,"『, ④ 이 사건 제1임대차계약 제13조 제1항은 이 사건 제1임대차계약 체결 1년 후부터 이 사건 외식사업소와 이 사건 활어판매장 중 6개소를 포함하여 임대료를 2,000만 원으로 정하기도 한 점 등에 비추어보면, 이 사건 제1, 2임대차계약은 그 해지 여부를 판단함에 있어 일체로 취급하는 것이 타당하다. 다만, 각 차임이나 부당이득 등을 계산하는 경우에는 별도로 취급하기로 한다.』"
protection_mechanism,37465,4,True,"‘원고는 2007. 10. 23. 이 사건 주택에 대한 인도와 주민등록을 마침과 동시에 임대차계약증서상의 확정일자를 갖춤으로써 그 다음날인 2007. 10. 24. 00:00 주택임대차보호법 제3조의2 제2항에 의한 우선변제권을 취득하였으므로, 경매절차상 환가대금에서 2007. 10. 24. 근저당권설정등기를 마친 피고보다 우선하여 임대차보증금 3,000만 원을 변제받을 권리가 있다’"
fraud_core,71448,4,False,"’(이하 ’상가‘라 함)를 전세보증금 2,000만 원, 계약금 1,000만 원에 임차하여 액세서리 판매점을 운영할 계획인데, 1,000만 원을 투자하면 12%이상의 수익을 지급해 주고, 1년 후에는 원금 지급을 보장해주겠다. 투자금은 위 상가의 보증금과 물품 및 기계 구매로 사용할 것이며, 만약 투자금액 배당 미지급 시 위 상가의 보증금 2,000만 원에 대한 권리를 양도해주겠다."""
deposit_dispute,60928,4,False,"‘담보를 제공하라는 공소외 2 회사의 압박이 무척 심했다. 공소외 1 회사 내부적으로도 피해자에게 근저당권을 설정해 주느냐, 공소외 2 회사에 근저당권을 설정해 주느냐에 대해 수차례 회의를 하였다. 솔직히 피해자에게 먼저 근저당권을 해 주는 것이 당연하다. 하지만 공소외 1 회사의 투자자 전부와 직원들을 보호하기 위해서는 공소외 2 회사에 근저당권을 먼저 설정해 줄 수밖에 없었다’"
protection_mechanism,40500,4,False,"’이라 한다)을 체결하였다. 나. 원고는 이 사건 임대차계약에 따라 피고에게 2019. 3. 19. 가계약금 20만 원, 2019. 3. 22. 나머지 계약금 380만 원, 2019. 4. 1. 잔금 3,600만 원 합계 4,000만 원의 임대차보증금을 지급하였다. 다. 피고의 채권자가 2020. 2. 21. 익산시 C 토지와 이 사건 건물(이하 위 토지와 이 사건 건물을 ‘"
fraud_core,49372,4,False,"’이라 한다). 2) 원고는 2017. 6. 9. 이 사건 임대차계약서에 확정일자를 받았으며, 같은 날 이 사건 주택에 관하여 주민등록을 하였다. 나. 피고의 부동산수탁 피고는 2017. 9. 13. 이 사건 주택에 관하여 2017. 9. 13. 신탁계약을 원인으로 하여 소유권이전등기를 경료하였다. 다. 원고의 임대차보증금 반환 촉구 원고는 2019. 11. 8. D에게 ‘"
fraud_core,108044,4,False,"’이라 한다). 2) 원고는 2017. 6. 9. 이 사건 임대차계약서에 확정일자를 받았으며, 같은 날 이 사건 주택에 관하여 주민등록을 하였다. 나. 피고의 부동산수탁 피고는 2017. 9. 13. 이 사건 주택에 관하여 2017. 9. 13. 신탁계약을 원인으로 하여 소유권이전등기를 경료하였다. 다. 원고의 임대차보증금 반환 촉구 원고는 2019. 11. 8. D에게 ‘"
fraud_core,78078,4,True,"‘보증채권자’에는 분양계약을 체결한 자 중 보증대상에서 제외되는 자, 예컨대 대물변제, 차명, 이중계약 등 정상계약자가 아닌 자(이 사건 분양보증약관 제4조 제1항 제2호), 보증서 발급 이전에 분양계약을 체결한 자(이 사건 분양보증약관 제4조 제1항 제3호) 등은 포함되지 않는다고 할 것이다. 그러나 뒤에서 보듯이 이 사건 해제수분양자들은 이 사건 면책약관에서 말하는 ‘"
protection_mechanism,99208,4,False,"'이라 한다) 및 공장기계에 관하여 창원지방법원 접수 제60055호로 채무자를 소외 회사, 근저당권자를 동화은행, 채권최고액을 금 20억 원으로 하는 근저당권설정등기와, 다시 1997. 6. 30. 위 법원 접수 제1998호로 채무자와 근저당권자는 위와 동일하고 채권최고액을 금 30억 원으로 하는 근저당권설정등기를 각 경료하였다. 나.한편, 소외 장언산업 주식회사(이하 '"
fraud_core,48757,4,False,"“서울 송파구 C 건물을 소유하고 있고 패션회사를 운영하고 있으니 돈을 변제할 수 있다. 중국에서 옷을 수입해 오는 등 사업자금으로 사용할 돈을 빌려주면 2018. 8. 7.까지 월 2%의 이자를 지급하고, 원금을 상환하겠다. C 건물 1층 일부를 D에게 보증금 2억 5천만 원에 전세로 임대하고 있는데 그 보증금 반환채권을 임차인 D의 승낙을 받아 담보로 제공해 주겠다”"
deposit_dispute,66500,4,False,"‘이 사건 점포’라 한다)에 관하여 임대차보증금 2억 원, 임대차기간 2010. 10. 1.부터 2014. 9. 30.까지(계약 만료 3개월까지 일방 당사자가 서면으로 계약의 종료를 통보하지 않는 한 1년씩 연장), 월 임대료 3,300만 원(부가가치세 별도)로 하는 임대차계약을 체결하였다. C은 그 무렵 이 사건 점포를 인도받아 인테리어 공사를 하고 그곳에서 ‘"
deposit_dispute,143963,4,False,"‘이 사건 점포’라 한다)에 관하여 임대차보증금 2억 원, 임대차기간 2010. 10. 1.부터 2014. 9. 30.까지(계약 만료 3개월까지 일방 당사자가 서면으로 계약의 종료를 통보하지 않는 한 1년씩 연장), 월 임대료 3,300만 원(부가가치세 별도)로 하는 임대차계약을 체결하였다. C은 그 무렵 이 사건 점포를 인도받아 인테리어 공사를 하고 그곳에서 ‘"
protection_mechanism,47127,4,True,"'는 채권자가 채무자에 대하여 가지는 모든 채권을 담보하는 것으로 볼 것인 점, ② 당사자 일방이 계약을 해제한 때에는 각 당사자는 그 상대방에 대하여 원상회복의 의무가 있으므로(민법 제548조 제1항), 피고 회사는 원고 회사에게 이 사건 투자계약의 해제에 따른 원상회복으로, 뒤에서 보는 바와 같이 원고 회사로부터 지급받은 투자금과 부도어음 가액 상당(이하 '"
fraud_core,9677,4,False,"’, 임대인 H」을 기재하게 하고, 임차인 란에 피고인의 주소, 주민등록번호, 연락처, 성명을 불러주고 그 공동명의인으로 B를 기입하게 한 뒤 출력된 양식을 교부받았다. 계속하여 피고인은 인근의 PC방에 들어가 그곳에 있던 성명불상자에게 1만 원을 주고 위와 같이 성명불상중개업자로부터 교부받은 고시원 임대차 계약서의 임대인 주소지 란에 볼펜을 이용하여 ‘"
protection_mechanism,134552,4,False,"’라고 한다)에 관하여 채권최고액 14억 4,000만 원, 근저당권자 오에스비저축은행, 채무자 소외 1로 하는 근저당권설정계약을 체결한 후 같은 내용의 근저당권설정등기를 마쳤다. 3) 오에스비저축은행은 2013. 5. 23. 소외 1과 7억 2,000만 원을 약정이율 연 8.66%, 지연배상금률 연 25%로 정하여 대출하기로 하는 여신거래약정(이하 ‘"
protection_mechanism,64770,4,False,"’이라 한다)에 관하여, 근저당권자를 북삼농협으로, 채무자를 소외 1로, 채권최고액을 490,000,000원으로 각 정하고 소외 1이 북삼농협에 대하여 현재 및 장래에 부담하게 될 여신거래, 신용카드거래 등 모든 채무를 포괄하여 담보하되 3년이 경과하면 근저당권설정자가 서면통지에 의하여 결산기를 지정할 수 있도록 하는 내용의 근저당설정계약(이하 ‘"
deposit_dispute,88994,4,False,"”라고 답변한 사실은 인정된다. 그러나 D가 원고를 대리하여 이 사건 임대차계약을 체결할 권한이 있다고 보기 어려운 점, 원고와 피고 사이에 이 사건 임대차계약의 계약기간을 2년으로 연장하기로 하는 내용의 임대차계약서가 작성되지는 않은 점, 오히려 원고는 D가 위 문자메시지를 보낸 직후인 2020. 2. 10.경 피고에게 내용증명우편으로 ‘"
protection_mechanism,28568,4,False,"""다음날 망인(소외 1을 말한다)은 처(작성자 이□□의 처인 원고를 말한다)에게 분양계약서 원본 및 부동산매매계약서를 작성해 주었으며, 그리고 망인은 부동산매매계약서를 공증해 주겠다면서 법무사의 직원을 불러서 부동산매매계약서를 공증해 주라고 하면서 공증에 필요한 인감증명서 및 위임장 등을 해 주었고 당일 처로부터 서류를 건네 받았습니다."""
protection_mechanism,108917,4,False,"‘위 대금 1억 3,500만 원 중 4,000만 원을 임대차보증금으로 하고, 임대차기간은 2003. 3. 1.부터 36개월로 하되, 피고인이 만기가 되어 나갈 때에는 위 보증금 4,000만 원을 포기하고, 공소외 6의 사정으로 만기 이전에 임대차계약이 무효가 될 경우에는 공소외 6이 피고인에게 위 보증금 4,000만 원을 지급하기로 하는’"
deposit_dispute,100790,4,False,"’이라 한다)을 체결하였다. (2) B은 이 사건 근저당권설정계약을 원인으로 피고 D 앞으로, 이 사건 25, 26 부동산에 관하여 서울중앙지방법원 2014. 4. 10. 접수 제84100호 근저당권설정등기를, 이 사건 1 내지 20, 120 부동산에 관하여 광주지방법원 2014. 4. 11. 접수 제75021호 근저당권설정등기(이하 ‘"
deposit_dispute,130089,4,False,"'(종전 임대인들로부터) 보증금이 모두 입금되어서 보내려고 하는데 확인할 부분이 있다. (피고 측이) 이 사건 점포 2층 부분을 비워달라고 해서 (원고도) 그렇게 하기로 했으니 (피고 측에) 2층 부분의 보증금은 제외하고 나머지 보증금을 보내는 것이 타당하다고 생각하는데, (피고 측) 생각은 어떤지 알아야 보낼 액수를 정할 수 있겠다'"
deposit_dispute,109804,4,True,"""피고가 실제로 이 사건 주택을 이용하지 않고, 또한 전세보증금도 피고가 낸 것이 아니어서 피고의 전세권설정등기는 통정허위표시로서 무효일 뿐 아니라 피고와 소외인 간에 체결한 채권양수도 계약의 확정일자가 없어 타채권자들에게 대항력이 없었기에 원고로서는 피고에게 금전을 지급할 수 없어 구 민사소송법 제581조에 의한 집행공탁을 한 것"""
protection_mechanism,38120,4,False,"’이라는 내용이 포함되어 있다. 나. 원고는 2020. 1. 9. 피고와 이 사건 주택을 보증금 2억 2,000만 원으로 하고, 보증금 중 1,100만 원은 계약 시에, 잔금 2억 900만 원은 2020. 2. 4.에 각 지급하며, 임대차기간은 2020. 2. 4.부터 2022. 2. 3.로 정하여 임차하는 부동산임대차계약(이하 ‘"
deposit_dispute,127181,4,False,"’이라 한다)을 체결하였고, 2018. 9. 20. 위 보증금을 모두 지급하고, 이 사건 I호를 인도받았으며 2019. 1. 15. 이 사건 I호로 전입신고를 하였고, 이 사건 2 임대차계약에 따른 계약서에 확정일자를 받았다. 다. 이 사건 1 임대차계약 체결 당시 D이 작성하여 원고 A에게 교부한 중개대상물 확인·설명서(이하 ‘"
deposit_dispute,7353,4,False,"’피고가 원고로부터 받아야 할 보증금은 1억 원이고, 보증금 1,000만 원당 10만 원의 이자만 내면 되는데, 왜 피고가 굳이 1,000만 원을 빌리면서 20만 원의 이자를 내야하는지 이해가 되지 않아, 이때부터 피고가 받아야 할 보증금에서 기존의 대여금을 공제하고 피고가 필요한 돈을 보증금에서 빼줄 것을 원고에게 요청하였다‘"
deposit_dispute,75169,4,True,"""임대인은 임대차기간이 끝나기 3개월 전부터 임대차 종료 시까지 다음 각 호의 어느 하나에 해당하는 행위를 함으로써 권리금 계약에 따라 임차인이 주선한 신규임차인이 되려는 자로부터 권리금을 지급받는 것을 방해하여서는 아니 된다. 다만, 제10조 제1항 각 호의 어느 하나에 해당하는 사유가 있는 경우에는 그러하지 아니하다."""
deposit_dispute,136580,4,True,"""임대인은 임대차기간이 끝나기 6개월 전부터 임대차 종료 시까지 다음 각 호의 어느 하나에 해당하는 행위를 함으로써 권리금 계약에 따라 임차인이 주선한 신규임차인이 되려는 자로부터 권리금을 지급받는 것을 방해하여서는 아니 된다. 다만, 제10조제1항 각 호의 어느 하나에 해당하는 사유가 있는 경우에는 그러하지 아니하다."""
protection_mechanism,17651,4,False,"‘제1 부동산’이라 한다)에 관하여 별지 3 목록 기재 각 근저당권설정등기를 마쳤다(다만 제1 부동산 중 일부에는 별지 3 목록 기재 근저당권설정등기 중 일부가 마쳐져 있지 않거나, 위 근저당권설정등기와는 다른 근저당권설정등기도 마쳐져 있다). 나. 피고는 2012. 3. 2. 제1심 공동원고 농업협동조합중앙회(이하 ‘"
fraud_core,54528,4,False,"’이라 한다)을 체결한 후 같은 날 임대차보증금 계약금 2,000,000원, 2017. 6. 22. 임대차보증금 잔금 18,000,000원을 송금받았다.   나. 이 사건 임대차계약서에 첨부된 중개대상물 확인 설명서에는 ① 대상물건의 표시 중 전용면적란에 76.44㎡로 기재되어 있고, ⑤ 관리에 관한 사항란에는 ‘"
fraud_core,88148,4,False,"’이라 한다)을 체결한 후 같은 날 임대차보증금 계약금 2,000,000원, 2017. 6. 22. 임대차보증금 잔금 18,000,000원을 송금 받았다.  나. 이 사건 임대차계약서에 첨부된 중개대상물 확인 설명서에는 ① 대상물건의 표시 중 전용면적란에 76.44㎡로 기재되어 있고, ⑤ 관리에 관한 사항란에는 ‘"
protection_mechanism,42758,4,False,"”로 정정신고를 하여 전입 주소가 정정되었다). 나. 소외인은 임대차계약 체결일인 2006. 6. 27. 원형토건과 사이에 이 사건 부동산에 관한 전세권설정계약도 체결하고 2006. 7. 4. 이 사건 부동산에 관하여 전세금 8,000만 원, 존속기간 2007. 7. 3.까지로 된 전세권설정등기를 마쳤다(이하, ‘"
deposit_dispute,17788,4,False,"’이라 한다) 위 보증금을 피고에게 지급하였다. 원고와 피고는 이 사건 임대차계약 특약사항으로 관리비는 매월 20만원(부가가치세 별도)으로 약정하였다. 원고는 위 보증금 외에도 피고에게 8. 13. 200만 원, 8. 17. 800만 원 합계 1,000만 원을 지급하였다. 원고는 이 사건 상가를 인도받아 ‘"
deposit_dispute,100530,4,False,"’이라고 한다)하였는데, 이 사건 계약의 관련 부분은 다음과 같다.  나. 원고는 피고에게 보증금을 전부 지급하였고, 이 사건 아파트에 관하여 수원지방법원 동수원등기소 2018. 6. 14. 접수 제56595호로 보증금을 전세금으로 하고, 2020. 6. 13.까지를 존속기간으로 하는 전세권설정등기(이하 ‘"
deposit_dispute,10165,4,False,"’라고 한다)하였다. 다. 한편, 피고 F는 피고 E에 대한 계약금 등 반환채권(청구금액 71,000,000원)을 피보전채권으로 하여 피고 E가 G에 대하여 가진 위 임대차보증금 반환채권에 관한 채권가압류신청을 하였고, 2018. 3. 15. 서울남부지방법원 2018카단478호로 채권가압류결정(이하 ‘"
deposit_dispute,41307,4,False,"’이라고 한다)에 관한 임대차계약에 기한 D의 피고에 대한 임대보증금반환청구채권 중 39,000,000원에 대하여 원고 등에게 채권양도하는 내용의 계약을 체결하고, 원고 등은 2019. 11. 4. 피고에게 채권양도의 통지를 하였다. 다. 위 2019. 11. 4.자 채권양도통지서(갑 제8호증)에는 ‘"
deposit_dispute,13757,4,False,"’라고 한다)의 모(母)이다. 나. 원고는 2018. 4. 14. E의 대리인인 피고 B와 이 사건 아파트에 관하여 원고를 임대인, E를 임차인, 임대차기간 2018. 5. 4.부터 2020. 5. 3.까지, 임대차보증금 30,000,000원, 월 차임 1,000,000원으로 하는 임대차계약(이하 ‘"
protection_mechanism,1451,4,False,"‘기존 근저당권’이라 한다)가 마쳐졌고, 피고 조합은 2015. 3. 24. 위 근저당권에 관하여 2015. 3. 20. 확정채권대위변제를 원인으로 한 근저당권이전등기를 마친 후 위 근저당권에 기하여 임의경매개시신청을 하여 2016. 3. 7. 임의경매개시결정이 내려졌다(서울서부지방법원 R, 이하 ‘"
protection_mechanism,31826,4,False,"‘기존 근저당권’이라 한다)가 마쳐졌고, 피고 조합은 2015. 3. 24. 위 근저당권에 관하여 2015. 3. 20. 확정채권대위변제를 원인으로 한 근저당권이전등기를 마친 후 위 근저당권에 기하여 임의경매개시신청을 하여 2016. 3. 7. 임의경매개시결정이 내려졌다(서울서부지방법원 R, 이하 ‘"
deposit_dispute,58008,4,False,"’ 음식점의 시설에 대한 권리와 임대차보증금반환채권을 6,000만 원(시설권리금 3,000만 원 + 임대차보증금 3,000만 원)에 매도하는 계약을 체결하였다. 피해자 F은 2018. 9. 27. C에게 3,000만 원, 주식회사 K에 3,000만 원을 송금하였다. F은 2018. 10. 10. ‘"
deposit_dispute,63378,4,True,"‘상가임대차법’이라 한다) 제10조 제4항에 따라 묵시적으로 갱신되어 2019. 8. 14.까지 연장되었는데(상가건물의 임대차에 관하여 상가임대차법이 규정하고 있는 사항에 대해서는 민법의 적용이 배제되므로, 민법에 따라 임대인 해지통고 이후 6월의 기간이 경과되어야 해지의 효력이 발생함을 전제로 ‘"
fraud_core,111277,4,False,"‘이 사건 대지’라고 한다)에는 피고의 임차권에 우선하여 근저당권(근저당권자 사하농업협동조합, 채무자 원고, 채권최고액은 70,000,000원이었으나 2007. 5. 23. 변경계약에 의하여 36,400,000원이 되었다)설정등기가 마쳐져 있으며, 인가된 위 변제계획은 위 근저당권 및 임차권을 “"
deposit_dispute,93285,4,False,"'이라 한다)상 관리단이다. 2) 피고는 원고로부터 이 사건 건물 제2층을 임차하여 피씨방을 운영한 사람이다. 나. 임대차계약, 공동근저당권설정계약의 체결 1) 피고는 2015. 12. 2. 원고와 사이에 다음과 같은 임대차계약을 체결하고, 같은 날 원고로부터 이 사건 건물 제2층을 인도받아 """
protection_mechanism,121143,4,False,"'2011. 9. 7.자로 채권이 협의회로 이전되었음. 향후 만기도래하는 개별 파생계약에 대해 연장할 필요가 없으며, 파생계약의 연장 수수료, 중도해지 수수료 등 일체의 비용을 납부할 필요가 없음. 2011. 9. 7.자 이후 기납부한 파생계약 관련 수수료는 협의회가 추후 원고와 정산할 것임'"
deposit_dispute,61048,4,False,"‘K호’라 한다)를 임대차보증금 3,800만 원, 임대차기간 2015. 8. 12.부터 2017. 8. 11.까지로 정하여 임차하는 임대차계약을 체결하였고, 2015. 8. 12.에 전입신고를 마쳤으며, 2015. 8. 12. 확정일자를 받았다. 2) 원고 B의 임대차계약서 특약사항란에는 “"
deposit_dispute,135356,4,False,"‘F’이라는 상호의 음식점을 운영하였다. ○ E는 2014년 8월경부터 피고의 임차목적물을 고의로 훼손하여 피고의 사용ㆍ수익을 방해하였고, 이에 피고는 2015년 2월경 임대차계약을 해지하고 D, C, E를 상대로 임대차보증금 반환 및 손해배상을 청구(이 법원 2015가합50660, 이하 ‘"
deposit_dispute,84919,4,False,"’이라 한다), 그 무렵 위 임대차보증금을 전부 지급하였으며, 2015. 2. 25. 전입신고를 마쳤다. 나. 피고는 2015. 10. 8. C로부터 이 사건 건물을 매수하였고, 원고는 피고와 위 임대차계약에 따른 임대차보증금을 2,000만 원으로 하는 임대차계약서를 다시 작성하고(이하 ‘"
deposit_dispute,134275,4,False,"“임차인은 어떠한 사정으로 자기 소유물 또는 재산을 반출하지 못하였거나 임대차목적물을 원상으로 복구하지 못하였을 때에는 임대차계약이 종료한 날로부터 기산하여 명도 또는 복구된 날까지의 통상 임대료 및 관리비, 보증금 이자(월 1% 계산)의 2배를 확정배상액으로서 임대인에게 지급하여야 한다”"
deposit_dispute,34420,4,False,"'이다. 나.피고는 2000. 9.경 서라벌여행사에게 송객 보증금 및 미수금을 반환하여 줄 것을 독촉한 바 있는데, 당시 서라벌여행사의 대표이사는 예정해였고, 별지 목록 기재 임대차계약의 임차인도 위 예정해였다. 다.위 예정해는 2001. 1. 18. 이희규, 고숙자, 김정대와 함께 '"
fraud_core,22174,4,False,"‘-. 현재 등기부상의 대출은 없는 상태이며, 전세기간 동안 임대인은 별도의 대출을 받지 않기로 한다. -. 임대인은 임차인의 전세자금대출에 협조하여 주기로 한다. -. 전세잔금일은 기존 세입자와 상호 협의 후 앞당길 수 있다. *임대인 계좌 : G (계좌번호 1 생략) A*’"
deposit_dispute,5530,4,False,’라고 한다)가 되었다. 나. 원고와 피고는 2019. 10. 23. 이 사건 토지 및 건물에 관하여 아래와 같은 내용의 매매계약을 체결하였다.  다. 원고와 피고는 위 매매계약상 특약에 따라 2020. 1. 3. 이 사건 건물에 관하여 아래와 같은 내용의 임대차계약(이하 ‘
deposit_dispute,12876,4,False,’라고 한다)가 되었다. 나. 원고와 피고는 2019. 10. 23. 이 사건 토지 및 건물에 관하여 아래와 같은 내용의 매매계약을 체결하였다.  다. 원고와 피고는 위 매매계약상 특약에 따라 2020. 1. 3. 이 사건 건물에 관하여 아래와 같은 내용의 임대차계약(이하 ‘
fraud_core,69094,4,False,"’이라 한다)의 공동중개로 F과 사이에 이 사건 부동산에 관하여 임대차보증금 154,000,00원, 임대차기간 2019. 5. 31.부터 2021. 5. 30.까지 24개월로 정하여 임차하기로 하는 내용의 이 사건 임대차계약을 체결하였다. 이 사건 임대차계약 특약사항에는 ‘"
deposit_dispute,24041,4,False,"“원고 1은 2000. 8. 28.경 처음 개업할 무렵에 임대차보증금 600만 원의 임대차계약을 체결하여 2002. 11. 14. 확정일자를 받았고, 원고 2는 2002년 7월경 임대차보증금 1,000만 원의 임대차계약을 체결하여 2002. 12. 26. 확정일자를 받았다”"
deposit_dispute,96803,4,False,"’이라 한다)을 임대차보증금 280,000,000원(계약금 28,000,000원은 계약 시에, 잔금 252,000,000원은 2019. 9. 27.에 각 지급), 임대기간 2019. 9. 27.부터 2021. 9. 26.까지로 하여 임차하는 내용의 임대차계약(이하 ‘"
protection_mechanism,31671,4,False,"'이 사건 임대차계약은 G이 피고 D에게 이 사건 지상물들 철거 등을 요구한 2015년 6월경 종료되었고, 관례상 토지 소유자가 바뀌면 새로운 토지 소유자와 임대차계약을 체결하는 것이 기본 상식인데 그러한 임대차계약을 체결하지 않았으므로 자신은 임대인이 될 수 없다'"
fraud_core,63985,4,False,"’이라고 한다)를 제기하였다. 제1관련소송에서 법무법인 F은 이 사건 계약이 쌍방의 합의로 해지되었다고 주장하였고, 원고 B은 이 사건 계약이 해지되지 않았다고 주장하였다. 다. 피고 D는 2019. 2. 19. 제1관련소송의 소송대리인을 피고 법무법인 C(이하 ‘"
deposit_dispute,28017,4,False,"'이라 한다)을 매매대금 26억 9,000만 원에 매도하면서, 매매대금에 관하여 피고 B가 기존 임대차보증금반환채무 3,900만 원을 승계하고, 계약금 4억 원은 계약시 지급받고, 잔금 22억 5,100만 원은 2015. 5. 29.에 지급받기로 하였다(이하 '"
deposit_dispute,143040,4,True,“주택임대차보호법 제3조(대항력 등) 제1항의 규정에 의한 대항요건을 갖추고 임대차계약증서상의 확정일자를 받은 임차인은 개인회생재단에 속하는 주택(대지를 포함한다)의 환가대금에서 후순위권리자 그 밖의 채권자보다 우선하여 보증금을 변제받을 권리가 있다.”
fraud_core,53763,4,False,"’이라고 한다)을 체결하였는데, 당시 위 임대차계약이 종료된 경우 임차인은 위 점포를 원상으로 회복하여 임대인에게 반환하기로 약정하였다. 나. 피고는 이 사건 점포에서 내과의원 개업을 위한 인테리어 공사를 시공한 뒤 의료장비와 집기 등을 들여 놓고 ‘"
deposit_dispute,72356,4,False,"‘이 사건 건물’이라고 한다)에 관하여 임대차계약을 체결하고, C으로부터 임대차보증금 88,000,000원을 지급받았다. 나. C은 2019. 10. 14. 원고에 대한 대출원리금 채무의 변제를 위하여 피고에 대하여 가지는 임대차보증금반환채권(이하 ‘"
deposit_dispute,91488,4,False,"‘제1 보증계약’이라 한다)을, ② 2008. 12. 30. 피보험자 주식회사 아워홈, 보험가입금액 2억 원, 보험기간 2009. 1. 1.부터 2010. 1. 5.까지, 보험료 3,558,080원으로 정하여 임대차보증금반환 지급보증보험 계약(이하 ‘"
deposit_dispute,140029,4,False,"“상기 위임자 본인은 상기 물건에 대하여 임대관련 업무, 임대보증기간의 임대료 지급, 임대보증금 수금 및 관리, 임차인 물색 및 선정, 임대홍보, 임대차계약 관리(계약서 작성) 등 임대 관련사항 일체와 세대점검 및 방문과 관련한 권한을 D에 위임한다”"
deposit_dispute,990,4,False,"’이라 한다)을 체결하였고, 2019. 5. 30. 이 사건 임대차계약을 월 차임을 850,000원으로 증액하고 임대차기간을 2020. 5. 30.까지로 갱신하는 계약을 체결하였다. 나. 원고는 이 사건 임대차계약 체결 이후 이 사건 점포에서 ‘"
deposit_dispute,4804,4,False,"'이라 한다) ○ 임대차기간 : 2002. 10. 15. ~ 2008. 10. 15. ○ 임대차보증금 : 2억 원 ○ 차임 : 월 1,200만 원 B과 피고는 위 임대차보증금 반환채권을 담보하기 위하여 아래와 같은 전세권설정등기를 마쳤다(이하 '"
protection_mechanism,113602,4,True,"’라고 규정하고 있을 뿐 지상권의 경우에는 지료의 지급을 지상권설정계약의 요소로 하고 있지 아니하므로 지상권설정계약은 무상계약일 수도 있고, 유상계약일 수도 있다 할 것이다. 국토의계획및이용에관한법률 제118조 제1항이 괄호 안에 ‘"
deposit_dispute,74250,4,False,"’이라 한다)에 관하여 근저당권설정계약을 체결하고, 서울중앙지방법원 등기국 2007. 12. 17. 접수 제93033호로 채권최고액 2,600,000,000원, 채무자 E, D, F, 근저당권자 K으로 된 근저당권설정등기(이하 ‘"
fraud_core,60541,4,False,"‘D’ 주점에 관하여 피해자가 위 주점을 운영할 것이라고 피해자를 소개하면서 N의 중개로 임대인 O와 사이에서 임대차계약서를 작성하였고, 당시 피해자가 위 임대차계약서에서 정한 임대차보증금과 차임을 모두 지급한 점, 피해자는 ‘"
fraud_core,71560,4,False,“임대인은 임대차기간이 끝나기 3개월 전부터 임대차 종료 시까지 다음 각호의 어느 하나에 해당하는 행위를 함으로써 권리금 계약에 따라 임차인이 주선한 신규임차인이 되려는 자로부터 권리금을 지급받는 것을 방해하여서는 아니 된다.”
deposit_dispute,82250,4,False,‘임대인은 임대차기간이 끝나기 6개월 전부터 임대차 종료 시까지 다음 각 호의 어느 하나에 해당하는 행위를 함으로써 권리금 계약에 따라 임차인이 주선한 신규임차인이 되려는 자로부터 권리금을 지급받는 것을 방해하여서는 아니 된다’
deposit_dispute,100324,4,False,"’이라 한다)를 매매대금 1억 7,000만 원에 매수하기로 하는 내용의 매매계약(계약금으로 1,000만 원, 잔금으로 8,200만 원을 각 지급하고, 임대차보증금반환채무 7,800만 원을 매수인이 인수하는 조건이었다. 이하 ‘"
fraud_core,93747,4,True,"'이라 한다)을 체결하고, 2009. 6. 12.부터 이 사건 아파트에서 거주해 왔다. 라. 제1, 2임대차계약에 적용된 피고의 표준임대차계약서 중 관련 조항의 내용은 별지 기재와 같은바, 특히 계약특수조건 제10조는 '"
deposit_dispute,43336,4,False,"‘○○○병원’이라고 한다)의 기존 시설을 확장하고 원고 명의로 병원을 새로 개설하여 공동운영하기로 하는 동업계약을, 2009. 10. 6. 위 계약내용을 수정하는 동업계약을 각 체결하였다(이하 위 각 동업계약을 통틀어 ‘"
fraud_core,135395,4,False,"""공소외 2가 위 주택에 전세입자로서 살고 있는 것처럼 임대차계약서를 작성하여서 그것을 근거로 배당신청을 하면 임대차보증금에 상당하는 돈을 배당받을 수 있으니 보증금을 1억 5천만 원으로 하는 임대차계약서를 작성하자."""
fraud_core,113887,4,False,"“만일 임차인이 피고에게 점포의 전대를 위임하면 피고가 책임지고 점포를 전대하고, 임차인에게 그 전대차보증금과 전대료를 지급하여 주겠다. 그러면 임차인이 직접 상가를 운영하지 않고도 상당한 투자수익을 얻을 수 있다.”"
deposit_dispute,106084,4,False,"“옆 상가 H호(I)와 본건의 안쪽 경계인 벽면을 임대인은 철거하는 것을 허락하며 앞 전면 유리 현재 문의 위치를 바꾸는 것 또한 허락하며, 임대차기간 종료 시에는 임차인은 모든 것을 원상회복하여 임대인에게 인계한다”"
deposit_dispute,122427,4,False,"‘C는 2019. 7. 29. 임대인 피고로부터 임대차보증금 35,000,000원을 수령하였음을 확인합니다. 이 날짜의 정산 후 임대인 피고와 임차인 C 사이에는 일체의 채권, 채무 관계가 전혀 없음을 확인합니다.’"
deposit_dispute,10313,4,False,"‘상가임대차법’이라 한다)에 따른 이 사건 각 임대차계약의 갱신을 요구하였다. 차. 원고는 피고들에게 2020. 6. 10.경 이 사건 각 임대차계약의 해지를 내용증명우편으로 통보하였고, 2020. 7. 1.경 ‘"
fraud_core,75184,4,False,"'이라 한다), 같은 날 원고 명의의 소유권이전등기를 마쳤다. 2) 이 사건 매매계약 당시 이 사건 아파트의 전소유자인 J와 임차인 K 사이에 위 아파트에 관하여 임대차보증금 3,500만 원의 임대차계약(이하 '"
fraud_core,58165,4,False,"‘상가건물 임대차보호법상 임대차계약갱신요구권의 행사기간은 10년이고, 피고가 처음 2015. 1. 30.자 사업자등록을 한 때로부터 10년이 경과하지 아니하였으므로 나머지 기간 동안의 계약갱신요구를 요청한다’"
deposit_dispute,79187,4,False,"“소송, 경매, 국세체납 등 등기부등본에 공시되지 아니한 하자가 없고, 채무는 선순위 임차인에게 반환하여야 할 임대차보증금 총액 약 2억 5,000만 원과 근저당권 채권최고액 2억 6,000만 원이 전부이다”"
deposit_dispute,6157,4,False,“또한 매매예약완결로 매매계약이 성립된 이후 원·피고 사이의 묵시적인 합의로 위 매매계약이 해제되었음은 앞서 본 바와 같으므로 원고가 위 대출금 채무와 임차보증금반환 채무를 인수하여야 한다고 보기도 어렵다”
deposit_dispute,105813,4,False,“J과장이 원고 명의의 사용인감을 가지고 있으면서 다른 세입자들을 상대로 기존 계약이 만기될 시 재계약을 하든지 아니면 새로운 세입자들을 상대로 새로운 계약서를 작성하여 계약을 체결하는 업무를 하였습니다.”
deposit_dispute,42670,4,False,‘I이 2000년경부터 2018년경 사이에 임의로 월세 임대차계약을 전세임대차계약으로 변경하는 사문서위조 등 범행을 하였고 이로써 F의 임대차보증금반환 채무가 늘어났다. 피고인은 I의 범행을 도왔다.’
fraud_core,5762,4,False,"‘제1계약서’라 한다)에는 임대인으로 원고, C의 서명․날인이 되어 있고, 임대차보증금은 2,000만 원, 차임은 월 150만 원으로 기재되어 있다. 2) 또 다른 임대차계약서(갑 제4호증, 이하 ‘"
fraud_core,79396,4,False,"‘제1계약서’라 한다)에는 임대인으로 원고, C의 서명․날인이 되어 있고, 임대차보증금은 2,000만 원, 차임은 월 150만 원으로 기재되어 있다. 2) 또 다른 임대차계약서(갑 제4호증, 이하 ‘"
protection_mechanism,2205,4,False,"“임대인은 임차인이 임대차기간이 만료되기 6개월 전부터 1개월 전까지 사이에 계약갱신을 요구할 경우 정당한 사유 없이 거절하지 못한다. 다만, 다음 각 호의 어느 하나의 경우에는 그러하지 아니하다”"
protection_mechanism,45186,4,False,"’라 한다)에 관하여, 임대인 E, 임차인 원고, 임대차보증금 2,000만 원, 월 차임 15만 원, 임대차기간 2018. 12. 31.부터 2020. 12. 30.까지로 정하여 임대차계약(이하 ‘"
protection_mechanism,115890,4,False,"’이라 한다), 그 계약 내용은 임대차보증금을 6,500만 원으로 정하여 계약금 500만 원은 계약시에, 잔금 6,000만 원은 2012. 8. 16.에 지급하는 것이었고, 임대차기간에 관하여는 ‘"
fraud_core,31550,4,False,"‘제1계약서’라 한다)에는 임대인으로 원고․C의 서명․날인이 되어 있고, 임대차보증금은 2,000만 원, 차임은 월 150만 원으로 기재되어 있다. 나) 다른 임대차계약서(갑 제4호증, 이하 ‘"
fraud_core,25935,4,False,"“보증금 8,000만 원을 받았다는 영수증은 내가 작성한 것이 아니다. 이는 가짜다. 월세와 보증금을 받은 사실이 없으니 오히려 내가 밀린 월세를 받아야 하고 보증금은 반환해 줄 것이 없다”"
protection_mechanism,545,4,False,"’에 관하여 2016. 8. 10. 임대인을 C, 임차인을 피고, 임대차보증금을 1억 원, 임대차기간을 2016. 8. 16.부터 2018. 8. 15.까지로 하는 내용의 임대차계약(이하 ‘"
fraud_core,99150,4,False,"’위탁자 및 수익자가 임대차 관리를 책임지고, 이 사건 신탁계약 체결 이전 또는 이후에 이루어진 임대차계약에 기인한 임대차보증금 반환채무는 위탁자 및 수익자가 부담하며, 수탁자는 면책된다‘"
deposit_dispute,138976,4,True,"‘피고는 원고의 동의 없이 이 사건 임대차계약의 연장, 갱신하는 것이 불가능하고, 임대차계약의 연장, 갱신의 경우에는 반드시 원고의 사전 동의를 얻어야 효력이 발생한다(제3조 제10호)‘"
fraud_core,124315,4,False,"“처음에 월세 계약을 할 때 제가 참여하여 직접 계약서를 작성한 적이 있지만, 근래 3~4년 동안은 계약도 자기가 알아서 하겠다고 하면서 임차인이 바뀌었다고 통보만 해주었습니다.”"
deposit_dispute,15765,4,False,“설령 이 사건 임대차계약이 유효하다고 하더라도 위와 같이 임대차계약을 유지할 수 없는 중요 부분에 사정변경이 발생하였으므로 이를 이유로 이 사건 임대차계약을 해제 또는 해지한다”
deposit_dispute,47924,4,False,‘임대차보증금을 반환받으면 이사를 할 의사가 있다. 다만 이사 나갈 집을 구하고 일정을 정하는 문제가 있으니 건물인도와 임대차보증금 반환에 관하여 상호 합의할 것을 요청한다.’
deposit_dispute,56413,4,False,‘임대차보증금을 반환받으면 이사를 할 의사가 있다. 다만 이사 나갈 집을 구하고 일정을 정하는 문제가 있으니 건물인도와 임대차보증금 반환에 관하여 상호 합의할 것을 요청한다.’
fraud_core,135796,4,False,"‘임차인은 이 사건 부동산에 존재하는 선순위 권리(근저당권, 임차권 등)로 인하여 경매 등이 실행될 경우 임차보증금의 전부 또는 일부를 반환받지 못할 수도 있음을 확인한다.’"
protection_mechanism,90309,4,False,"‘원고는 임대차보증금을 회수할 수 없는 상태임을 충분히 예상할 수 있음에도 임대차계약을 체결하여 주택임대차보호법상의 최우선변제권을 악용한 임차인이므로, 배당에서 제외해 달라’"
deposit_dispute,17100,4,False,"“임차인은 위 부동산에 존재하는 선순위 권리(근저당권, 임차권 등)로 인하여 경매 등이 실행될 경우 임차보증금의 전부 또는 일부를 반환받지 못할 수도 있음을 확인한다.”"
deposit_dispute,146449,4,False,"“임차인은 위 부동산에 존재하는 선순위 권리(근저당권, 임차권 등)로 인하여 경매 등이 실행될 경우 임차보증금의 전부 또는 일부를 반환받지 못할 수도 있음을 확인한다.”"
fraud_core,83165,4,False,"‘B건물 F호를 2018. 3. 7.부터 2020. 3. 7.까지 보증금 230,000,000원에 임대하고, 임대차 계약이 종료되면 즉시 보증금을 반환하겠다’"
deposit_dispute,147753,4,True,‘피고는 상가건물 임대차보호법 제10조의 갱신요구권 조항에 따라 이 사건 부동산을 10년간 임차할 수 있으므로 이 사건 임대차계약의 갱신을 요구한다.’
fraud_core,120814,4,False,"‘일천오백만원(1,500,000) 위 금액을 다음 부동산에 대한 임대차계약의 보증금 중 계약금(보증금 중 중도금 중 잔금으로) 틀림없이 받았습니다.’"
deposit_dispute,88658,4,False,"‘피고는 소외 1에게 대전 중구 목동 건물 소유자들에 대한 보증금반환채권을 양도하고, 소외 1은 위 보증금을 책임지고 반환받아 원고에게 지급한다’"
fraud_core,33523,4,False,"""피해자에게 5년 동안 임대차계약이 되어 있고 매년 12월에 계약을 갱신하는데, 12월에 G와 임대차계약을 체결할 수 있도록 해주겠다고 말했다"""
deposit_dispute,888,4,False,‘임차인은 임대인의 승인 하에 가옥을 개축 또는 변조할 수 있으나 계약대상물을 명도 시에는 임차인이 일체 비용을 부담하여 원상복구하여야 함’
deposit_dispute,3731,4,False,‘이 사건 임대차계약은 원고와 반소원고 사이의 임대차계약이 아니라 피고와 반소원고 사이의 전대차계약으로서 원고는 위 계약의 당사자가 아니다’
deposit_dispute,60525,4,False,‘임대인은 임차인이 임대차기간이 만료되기 6개월 전부터 1개월 전까지 사이에 계약갱신을 요구할 경우 정당한 사유 없이 거절하지 못한다.’
deposit_dispute,93112,4,False,‘임차인은 임대인의 승인하에 개축 또는 변조할 수 있으나 계약 대상물을 명도 시에는 임차인이 일체 비용을 부담하여 원상복구 하여야 함’
deposit_dispute,47173,4,False,"""임대차계약 종료 후 정상적으로 임대차보증금을 반환받을 수 있고 위 주택의 선순위 보증금 합계는 250,000,000원 상당이다."""
deposit_dispute,85713,4,True,"’에 ‘임차인의 임대계약 체결 후 주택임대차보호법 제3조 제1항에 규정한 확정일자를 갖출 수 있으며, 보증금의 우선변제권이 있음.’"
deposit_dispute,134620,4,True,’도시정비법‘이라 한다) 제70조 제1항 및 제2항에 의하여 피고와의 임대차 계약을 해지하고 원고에게 임대차보증금 반환을 청구한다’
deposit_dispute,137070,4,False,‘임대인의 동의를 얻어 임차물을 전대한 경우에는 임대인과 임차인의 합의로 계약을 종료한 때에도 전차인의 권리를 소멸하지 아니한다’
deposit_dispute,5006,4,True,“존속되거나 상가건물임대차보호법 제13조 제2항에 따른 계약갱신요구권의 대위행사에 의해 임대차계약이 갱신될 수 있다고 주장한다”
protection_mechanism,99069,4,False,"‘경매목적물’이라 한다)에 관하여 채권최고액을 2,160만 원으로 한 근저당권설정계약을 체결하였는데, 그 근저당권설정계약은 ‘"
fraud_core,120984,4,False,"‘계약 연장을 원하지 않아 기간 만료시 원상회복 및 건물 명도를 하겠으니, 동시에 임대차보증금을 반환해 달라’"
deposit_dispute,427,4,False,“임대인이 원하지 않는 업종을 임차인이 신규임차인으로 주선하지 못하게 하기 위하여 업종제한 특약을 기재한다”
deposit_dispute,88095,4,False,‘임대차계약이 종료된 경우 임차인(원고)은 이 사건 지하층을 원상으로 회복하여 임대인(피고)에게 반환한다’
deposit_dispute,116343,4,False,‘임차인의 차임 연체액이 2기의 차임액에 달할 경우 임대인은 즉시 이 사건 임대차계약을 해지할 수 있다’
deposit_dispute,143532,4,False,‘정당한 사유 없이 임대인이 임차인이 주선한 신규임차인이 되려는 자와 임대차계약의 체결을 거절하는 행위’
protection_mechanism,58618,4,False,‘정당한 사유 없이 임대인이 임차인이 주선한 신규임차인이 되려는 자와 임대차계약의 체결을 거절하는 행위’
fraud_core,12679,4,False,"”이 받은 계약보증금(계약 해제시 위약금 포함), 중도금, 잔금 등은 이해관계인에게 지불할 때까지 “"
deposit_dispute,79844,4,False,"‘임대인은 임차인이 시설한 시설 비용 30,000,000원을 보상하고 보증금은 반환하기로 한다’"
deposit_dispute,128712,4,False,"‘임대인은 임차인이 시설한 시설 비용 30,000,000원을 보상하고 보증금은 반환하기로 한다’"
deposit_dispute,132494,4,False,‘임차인의 차임 연체액이 2기의 차임액에 달하였을 때 임대인은 즉시 본 계약을 해지할 수 있다’
deposit_dispute,124151,4,False,“임대인은 임차인이 3기의 차임액에 달하도록 차임을 연체한 경우 계약을 해지할 수 있다”
deposit_dispute,113292,4,False,"“새로운 임차인과 매매계약 시 보증금 50,000,000원은 참가인에게 반환합니다.”"
deposit_dispute,69224,4,False,‘전세권근저당권설정을 통해 대출이 이루어지려면 전세권설정계약서가 있어야 한다.’
deposit_dispute,23513,4,True,’임차인이 제3조를 위반하였을 때 임대인은 즉시 본 계약을 해지할 수 있다‘
protection_mechanism,79587,4,False,‘임대차계약이 종료한 경우 임차인은 원상 복구하여 임대인에게 반환한다.’
deposit_dispute,99640,4,False,'임차인이 차임을 2기 연체할 시 임대인은 계약을 해지할 수 있다'
deposit_dispute,54419,3,False,"’라 한다)를 임대차보증금 50,000,000원, 임대료 월 3,000,000원, 임대차기간 2010. 6. 18.부터 3년으로 정하여 임대하였고, 피고는 이 사건 상가에서 식당을 운영하였다. 피고는 C로부터 이 사건 상가를 임차하면서 임대차가 종료하면 이 사건 상가를 임차할 당시의 상태로 원상회복하여 인도하기로 약정하였다. (2) C는 2017. 1. 25. D, E에게 이 사건 건물 중 각 1/2 지분의 소유권을 이전해 주었고, D, E는 2017. 5. 30. 피고와 이 사건 건물에 관하여 아래와 같은 내용의 임대차계약(이하 ‘"
deposit_dispute,91688,3,True,"’라 한다)의 소외 1에 대한 대출금채권 약 19억 원, ③ 소외 1의 이 사건 건물의 임차인들에 대한 임대차보증금반환채무 약 7억 원, ④ 이 사건 건물에 관하여 유치권을 취득한 공사업자들의 공사대금채권 합계 1,876,799,380원을 공제하면, 소외 1에게 지급할 청산금은 남지 않게 된다. 4) 설령 피고가 소외 1에게 지급할 청산금이 있다고 하더라도 피고가 소유권이전등기를 경료한 2005. 8. 9.로부터 10년이 경과하는 시점에 시효완성으로 소멸하였다. 3. 판단 가. 청산금청구권의 발생 1) 가등기담보법 제11조 본문은 ‘"
protection_mechanism,110064,3,False,"’라고 한다)는 2005. 6. 10. 네오스틸과 상거래에 대한 담보로 별지 제1 내지 3목록 기재 부동산에 관하여 채권최고액 300억 원의 근저당권설정계약을 체결하고 2005. 6. 13. 근저당권설정등기를 마쳤다. 다. 네오스틸은 2006. 12. 29. 별지 제1목록 기재 부동산에 관하여 2006. 12. 28.자 매매를 원인으로 하여 그 명의로 소유권이전등기를 마쳤다. 라. 네오스틸은 대구지방법원 2007회합8호로 회생절차 개시신청을 하였고, 위 법원은 2007. 9. 7. 회생절차 개시결정을 하고, 2008. 4. 14. “"
protection_mechanism,147627,3,False,"'동 101호로 된 피고의 주민등록은 이 사건 임대차의 공시방법으로서 유효한 것이라고 할 수 없고, 피고는 실제 동 표시와 맞게 주민등록이 정리된 이후에야 비로소 대항력을 취득하였다고 볼 것이다. 원심의 판시에 미흡한 점이 없지 아니하나 결국 피고의 당초의 주민등록이 이 사건 임대차에 대한 공시방법으로서 유효하지 않다고 판시하면서 피고의 주장을 배척한 것은 정당하고, 거기에 소론과 같은 주택임차권 및 그 대항력에 관한 법리를 오해한 위법이 없다. 소론은 또 원고가 이 사건 건물에 대한 근저당권을 취득할 당시 이 사건 건물의 주택이 '"
deposit_dispute,147088,3,False,"’이라 한다)을 체결하였다. 2) D은 이 사건 임대차계약에 따른 임대차보증금 및 연간차임으로피고에게 2017. 3. 9. 100,000,000원, 2017. 4. 10. 100,000,000원, 2017. 4. 11. 175, 000,000원 합계 375,000,000원[= 임대차보증금 100,000,000원 + 연간차임 275,000, 000원(= 250,000,000원 × 1.1, 부가가치세 포함)]을 지급하였다. 다. 1) D은 2017. 3. 15. 이 사건 부동산에 관하여 원고의 전신인 (가칭)A지역주택조합(이하 ‘"
deposit_dispute,134665,3,False,"'라 한다)를 보증금 1,000만 원에 임차하는 계약을 체결하고 입주하였고, 피고 E도 비록 주민등록을 이전하지는 않았으나 J 아파트에 입주하여 이 사건 아파트로 이사할 때까지 망인과 동거하였다. 2) 망인이 2017. 3.경 이 사건 아파트에 관한 임대차계약을 체결하고 입주한 후 피고 E도 이 사건 아파트에 입주하여 망인이 사망할 때까지 이 사건 아파트에서 계속 동거생활을 해 왔고, 망인이 사망한 후에도 여전히 이 사건 아파트에 거주하며 생활하고 있다. 3) 망인은 E가 전 배우자와 이혼하기 전인 2013. 7.경 '"
protection_mechanism,20564,3,True,"’ 기재 해당 금원을 부당이득으로 반환할 의무가 있다. 나. 피고들 1) 이 사건 선택형 약관은 고객이 그 비용의 부담주체를 선택할 수 있도록 선택권을 부여하고 있고, 원고들은 이율 등의 제반조건을 비교 형량한 후 교섭을 거쳐 인지세 및 근저당권설정비용을 부담하기로 결정하였으므로 이는 약관이라고 볼 수 없으며 원고들은 위 약정에 따라 인지세 및 근저당권설정비용을 부담하여야 한다. 2) 이 사건 선택형 약관 및 이를 활용한 원고들의 선택과 이 사건 채무자부담 약관은 관련 행정사건에서 구 약관규제법 제19조의2 제3항의 ‘"
deposit_dispute,79017,3,False,"'라고 함은 보관물에 대하여 소유자의 권리를 배제하는 의사표시를 하는 행위를 뜻하므로, 타인의 재물을 보관하는 사람이 단순히 반환을 거부한 사실만으로 횡령죄가 성립하는 것은 아니며, 반환거부의 이유 및 주관적인 의사 등을 종합하여 반환거부행위가 횡령행위와 같다고 볼 수 있을 정도이어야만 횡령죄가 성립할 수 있다(대법원 2006. 2. 10. 선고 2003도7487 판결, 대법원 2008. 12. 11. 선고 2008도8279 판결 등 참조). 2. 원심은, 피고인이 이 사건 상가의 관리업체인 공소외 주식회사(이하 ‘"
protection_mechanism,149932,3,False,"’이라 한다)하였다. 아. F은 2020. 5. 8. 법정구속되었다가 2020. 6. 19. 보석으로 석방되었는데, 그로 인해 제1 매매계약에 따른 F의 피고에 대한 매매대금 지급이 지체되자 피고는 F에게 제1 매매계약이 해제되었다고 주장하였고, F은 제1 매매계약에 기한 소유권이전등기청구권을 피보전권리로 하여 이 법원에 피고를 상대로 이 사건 각 부동산에 관한 처분금지가처분신청(2020카단504252)을 하여 2020. 7. 29. 가처분결정을 받았으며, 같은 날 가처분기입등기가 마쳐졌다. F은 위 가처분(이하 ‘"
fraud_core,63475,3,False,"’는 내용의 내용증명우편을 발송하였다. [인정근거] 다툼 없는 사실, 갑 제1, 2, 4, 6호증(가지번호 있는 것은 각 가지번호 포함, 이하 같다), 을 제1, 10, 11, 16호증의 각 기재, 변론 전체의 취지 2. 당사자의 주장 가. 원고의 주장 요지 1) 피고들은 아래와 같이 이 사건 각 부동산을 점유할 권원이 없음에도 불구하고 공동하여 이 사건 각 부동산을 불법점유하였다. 가) 이 사건 계약은 임대인이 영업장소를 제공하고 그 수익의 일정비율을 배분받는 형태의 비전형계약으로 상가건물 임대차보호법(이하 ‘"
fraud_core,94870,3,False,"’는 내용의 내용증명우편을 발송하였다. [인정근거] 다툼 없는 사실, 갑 제1, 2, 4, 6호증(가지번호 있는 것은 각 가지번호 포함, 이하 같다), 을 제1, 10, 11, 16호증의 각 기재, 변론 전체의 취지 2. 당사자의 주장 가. 원고의 주장 요지 1) 피고들은 아래와 같이 이 사건 각 부동산을 점유할 권원이 없음에도 불구하고 공동하여 이 사건 각 부동산을 불법점유하였다. 가) 이 사건 계약은 임대인이 영업장소를 제공하고 그 수익의 일정비율을 배분받는 형태의 비전형계약으로 상가건물 임대차보호법(이하 ‘"
deposit_dispute,123855,3,False,'도 결국 원고 등이 공동으로 상속받은 재산(예금 외의 재산)과 피고가 상속받은 재산(위 예금)에 관하여 어떠한 세금이 부과되었거나 부과될 경우 스스로 부담하고 상대방에게 어떠한 청구도 하지 아니한다는 의미라고 풀이하는 것이 문언에 따른 합리적인 해석이다. 5) 이 사건 조정조항 4항이 초과 상속세의 정산금 청구까지 염두에 둔 조항이라면(원고들은 위 조항에 기하여 이 사건 이행청구를 하고 있다) 상속세는 이미 완납되었고 총액이 변동될 가능성이 없이 원고 등과 피고 사이의 분담 문제만 남는 것이므로 '
fraud_core,6836,3,True,"‘ 사업권에 대한 사업 포기각서를 써주어야 투자금을 입금해 줄 수 있다는 식에 협박적인 내용으로 B(피고) E씨는 통화와 문자로 사업포기각서요구 같이 일하는 M씨는 메일(사업포기각서 초안 발송)로 보내는 등 계약 약정 자체에 없는 불법적인 업무행위를 본 시행사한테 서슴없이 강요하였고, 위임계약임에도 불구하고 용역계약서 제2조에 명시한 내용 중 시행사와 선행적 합의 및 어떻게 진행하겠다라는 것조차 없었으며 귀사가 했다는 제2조[업무범위]에 을(피고)이 수행할 업무범위 중 본 시행사가 보낸 공문 ’"
deposit_dispute,41594,3,False,"’ 부분을 각 점유하고 있는 사실은 당사자 사이에 다툼이 없거나 갑 제4, 5호증의 각 기재에 변론 전체의 취지를 더하여 인정된다. 따라서, 위 피고들은 이 사건 건물의 위 각 부분을 점유함으로써 주택임대차보호법에서 정한 임차권의 대항력 요건을 갖추었는지 내지 위 피고들이 P로부터 임대차보증금을 반환받았는지 여부를 불문하고, 원고의 이 사건 토지 소유권 행사를 방해하고 있다 할 것이다(대법원 2010. 8. 19. 선고 2010다43801 판결 참조). 따라서, 원고에게, 피고 B, C는 위 ‘"
deposit_dispute,19136,3,False,"’라 한다)에서 영업중인 F라는 상호의 실내포장마차 영업권과 시설일체를 권리금 23,000,000원에 인수하기로 하는 양도양수계약을 체결하고, 같은 달 22. 이 사건 건물의 공유자인 피고들(피고 B은 피고 C의 아들이다)과 이 사건 점포에 대하여 임대차기간 2018. 8. 10.부터 2020. 8. 9.까지 2년, 임대차보증금 10,000,000원, 차임 월 1,000,000원(부가가치세 별도, 매월 10일 후불지급), 관리비(수도요금 포함) 월 40,000원으로 정하여 임대차계약(이하 ‘"
fraud_core,138741,3,False,"”고 거짓말을 하였다. 그러나 사실은 피고인은 E을 대신하여 임시로 C어린이집을 운영한 것이므로 보증금 3,000만 원을 지급하고 위 어린이집을 임차한 사실이 없고, E으로부터 동의를 받은 적이 없어 임대차보증금을 담보로 지급할 의사나 능력이 없었다. 피고인은 이와 같이 피해자를 기망하여 이에 속은 피해자로부터 같은 날 차용금 명목으로 540만 원을 교부받고, 위와 같이 위조한 부동산임대차계약서를 마치 진정하게 성립된 것처럼 피해자에게 교부하여 행사하였다. 증거의 요지 『2021고단644』"
deposit_dispute,123871,3,False,"’에 관하여 체결한 근저당권설정계약은 이를 취소한다. 피고 현대성우오토모티브코리아 주식회사는 피고 1에게 이 사건 2 내지 5 부동산에 관하여 인천지방법원 북인천등기소 2011. 11. 4. 접수 제76246호로 마친 각 근저당권설정등기의 각 말소등기절차를 이행하라.  이유 1. 이 법원의 심판범위 원고는 제1심에서 제1심 공동피고 주식회사 백록, 소외 1, 소외 4, 소외 2, 소외 5 및 피고 1에 대하여 금전 지급청구를 하였고, 피고 1, 피고 현대성우오토모티브코리아 주식회사(이하 ‘"
fraud_core,75450,3,False,"‘이 사건 사업’이라 한다)을 추진하면서, 2008. 5. 당진군에 건축허가를 신청하여 2008. 6. 2. 당진군수로부터 건축허가(배수설비설치신고, 공작물축조신고, 개발행위허가, 산지전용허가 의제처리)를 받고, 2009. 9. 22.경 신축 건물의 2 ~ 5층에 관하여 입점의향서를 제출한 주식회사 L와 임대차계약을 체결하고, 2009. 7. 28.경 M과 공사기간 2009. 8. ~ 2010. 3., 계약금액 200억 2,000만 원으로 정하여 N빌딩 신축공사 도급계약을 체결(이하 ‘"
protection_mechanism,50900,3,False,"‘한마트’라고 한다) 소유의 이 사건 부동산에 관하여 채권최고액 1,950,000,000원, 채무자 소외 1로 된 근저당권설정등기를 경료하였다. (2) 한편 소외 2, 3은 2008. 6. 12. 한마트 소유의 이 사건 부동산에 관하여 채권최고액 500,000,000원, 채무자 소외 1로 된 근저당권설정등기를 경료하였다. (3) 위 소외 2, 3은 자신들의 위 근저당권에 기하여 임의경매를 신청하여 2008. 10. 28. 서울서부지방법원 2008타경16857호로 임의경매개시결정(이하 ‘"
protection_mechanism,57899,3,True,"’이라 한다) 제3조 제1항에 정한 대항력 요건을 갖추고 유흥주점으로 점유․사용하고 있다. 나. 원고는 2018. 9. 12. C으로부터 이 사건 건물을 매수한 뒤, 2018. 9. 13. 이 사건 건물에 관하여 원고 명의의 소유권이전등기를 마쳤다. 다. 원고는 2018. 10. 17.경 피고와 이 사건 건물 건물에 관하여 임대차보증금 40,000,000원, 차임 월 2,800,000원, 임대차기간 2018. 10. 17.부터 2020. 10. 18.까지로 정하여 임대차계약(이하 ‘"
protection_mechanism,120494,3,False,"'이라 한다). 위 매매계약에, 따라 이 사건 아파트의 소유권이전등기는 2016. 12. 1. C로 이전되었다가, 같은 날 피고에게 이전되었으며, 국제자산신탁으로 다시 이전되었다. 4) 위 3)항 기재 신탁이전등기는, 제1 신탁계약의 목적물 중 일부인 이 사건 아파트에 관하여 피고가 소유권을 이전받으면서 피고가 새롭게 위탁자가 되어 체결한 것으로, Q조합을 우선수익권자로(우선수익한도금액 464,100,000원), 수탁자를 국제자산신탁으로 하여 체결한 신탁계약에 기한 것이다(이하 '"
deposit_dispute,110309,3,False,"’ 송달일 신탁해지를 원인으로 한 소유권이전등기절차를 이행하라. 3. 피고 주식회사 I은 원고가 피고 B 등을 대위하여 피고 H에 대하여 이 사건 부동산에 관한 2017. 2. 6.자 신탁계약을 해지한 데 대하여 동의의 의사표시를 하라. [원고는 이 법원에서 피고 B 등에 대한 청구취지를 확장함과 아울러, 피고 H에 대한 청구취지 중 소유권이전등기의 등기원인 부분을 변경하였다.]  이유 1. 기초 사실 이 법원이 이 부분에 관하여 적을 이유는, 제1심판결 중 4면 4, 5행의 “"
fraud_core,1485,3,False,"’이라 한다)을 체결하였다. 2) O은 이 사건 각 매매계약을 체결한 후 이 사건 각 부동산의 임차인인 원고들 등에게 이 사건 각 부동산에서 전출하였다가 다시 전입신고를 해달라고 요청하였다. 이에 원고들 등은 별지2 표 기재와 같이 2019. 4. 26., 2019. 4. 29., 2019. 4. 30., 2019. 5. 14.경 이 사건 각 부동산에서 전출하였고, 2019. 4. 23.경부터 2019. 5. 23.경까지 O과 이 사건 각 부동산에 관하여 각 임대차계약(이하 ‘"
protection_mechanism,48360,3,False,"’고 정하고 있다. (5) 이 사건 권리양도계약에 따라, 원고는 피고 1에게 2013. 3. 11. 계약금 4,000만 원, 2013. 4. 9. 중도금 1억 원, 2013. 8. 30. 잔금 중 1억 원, 2013. 8. 31. 2억 200만 원(나머지 잔금 1억 4,000만 원과 임차보증금 6,200만 원을 합한 금액이다)을 지급한 다음 이 사건 상가를 인도받아 2013. 9. 1.경부터 이 사건 약국을 운영하였다. (6) 피고 1은 2013. 8. 27.경 소외 1에게 ‘"
fraud_core,120468,3,True,"‘계약’에 기한 것이므로, 단독행위인 상계를 전제로 하는 채무자회생법 제422조 제1호가 적용되지 않는다고 주장한다. 그러나 파산채권자 사이의 공평을 유지하기 위한 채무자회생법 제422조 제1호의 규정 취지에 비추어 볼 때, 파산채권자가 파산선고 후에 부담한 채무에서 파산채권을 공제하는 경우에도 위 제422조 제1호가 적용되어야 하므로, 원고들의 피고 파산관재인에 대한 매매대금지급채무에서 임대보증금반환채권을 공제할 수 없고, 위와 같은 공제가 파산법원의 허가를 받은 ‘"
fraud_core,101266,3,False,"’이라 한다)을 체결하고, 2018. 6. 29. 이 사건 임대차계약서에 주택임대차보호법에 따른 확정일자를 받았으며, 피고 B에게 2018. 6. 26.부터 2018. 7. 13.까지 사이에 보증금 183,000,000원을 지급하였다. 라. 피고 B은 이 사건 부동산에 관하여, 2019. 5. 27. 신탁재산의 귀속을 원인으로 소유권이전등기를 마쳤다가, 2019. 5. 27. 다시 I조합를 우선수익자로 하고, 수탁자를 피고 신탁회사로 하는 부동산담보신탁계약(이하 ‘"
deposit_dispute,119481,3,False,"‘ 소외 4’에 대한 임대차보증금반환채권으로 특정되어서 당해 채권자인 원고, 채무자인 소외 1, 제3채무자인 소외 4 사이에만 효력이 있고, 제3채무자인 소외 4가 이 사건 가압류결정을 송달받은 후 임대차목적물인 이 사건 주택을 피고에게 양도하여 피고가 주택임대차보호법에 따라 소외 4로부터 소외 1에 대한 임대인의 지위를 승계하였다고 하더라도 피고는 소외 4의 특정승계인에 불과할 뿐, 포괄승계인이라고 볼 수 없으므로, 이 사건 가압류결정은 가압류대상인 소외 1의 ‘"
protection_mechanism,120118,3,False,"'라고만 한다)는 그 이전인 1994. 3. 19. 소외 1로부터 이 사건 주택 부분을 임대차보증금 3,500만 원을 지급하고 임차하여 현재까지 이 사건 주택 부분에 거주하면서 이를 점유하고 있으나, 임대차계약서상의 확정일자는 1994. 10. 10. 마쳤고, 전입신고는 위 근저당권설정 이후인 1996. 7. 3. 비로소 마쳤다. 나. 그러던 중 위 농협중앙회의 신청에 의해 1997. 2. 21. 서울지방법원 동부지원 97타경3860호로 부동산임의경매절차(이하 '"
deposit_dispute,137397,3,True,"‘잔금’은 실사를 거쳐 피고 회사의 각종 채권채무를 정산한 다음 그 차액을 지급하기로 한 것이었으므로(이 사건 계약서 제5조), 잔금의 정산 결과 반드시 피고 등이 원고에게 일정금액을 지급하여야 하는 것은 아니며, 오히려 원고가 이미 받았던 계약금과 중도금 중 일정금액을 반환하여야 할 경우도 생길 수 있는 것이다. 따라서 원심의 위 논거는 그 전제의 타당성을 인정할 수 없어 부당하다. 다음으로 ②의 점에 관하여 보면, 이 사건에서 당사자들이 주장하고 있는 ‘"
fraud_core,67340,3,True,"”고 규정하고 있는 사실은 당사자 사이에 다툼이 없고, 소외 1이 2003. 5. 3.부터 1년씩 공제계약을 각 갱신할 당시 피고에 대하여, 자신이 2001. 12. 20.부터 세입자들로부터 전세금 명목으로 금원을 편취하여 공제사고에 해당하는 행위를 해온 사실을 알리지 아니한 사실은 앞서 본 바와 같다. 그러나 소외 1의 위 행위가 공제약관 제17조가 정하는 공제계약을 무효로 하는 사기행위에 해당하는지에 관하여 보건대, ① 공제약관 제1조는 공제가입자의 ‘"
deposit_dispute,129642,3,False,"’라 한다)개시결정을 하였고, 2016. 11. 24. 회생계획인가결정을 하였으며, 위 회생절차는 2018. 6. 1. 종결 및 확정되었다. 2) 피고는 이 사건 회생절차에서 이 사건 임대차계약에 따른 임대차보증금반환채권 2억 5,000만 원을 회생채권으로 신고하였고, 원고의 관리인인 J은 이를 그대로 시인하였다. 그 결과 시인된 피고 명의의 회생채권은 그대로 확정되어 원금의 50%에 해당하는 1억 2,500만 원을 변제하는 내용으로 회생채권자표(이하 ‘"
fraud_core,90538,3,False,"‘E’라고 입력하여 이를 출력한 후, 임차인 성명란 옆에 E 명의의 도장을 날인하였다. 이로써 피고인은 행사할 목적으로 권리·의무에 관한 사문서인 E 명의의 오피스텔 임대차계약서 1부를 위조하였다. 3. 위조사문서행사 피고인은 2016. 12. 23.경 인천 계양구 F건물 G호에서 그 위조 사실을 모르는 E에게 위와 같이 위조한 오피스텔 임대차계약서를 마치 진정하게 성립한 것처럼 교부하여 위조된 사문서를 행사하였다. 증거의 요지 『2020고단2886』"
protection_mechanism,102833,3,False,"‘보조참가인’이라고만 한다)에게 채권최고액 39억 2,000만 원의 근저당권설정등기(수원지방법원 동수원등기소 접수 (접수번호 1 생략))를, ② 같은 날 참가인에게 채권최고액 10억 원의 근저당권설정등기(위 등기소 접수 (접수번호 2 생략))를 각 마쳐주었다. 라. 원고와 피고 사이의 도급계약 1) 원고(변경 전 상호: 주식회사 케이디오산업)는 2008. 10. 1. 및 2008. 11. 1. 피고로부터 이 사건 토지 상 별지목록 기재 부동산(이하 ‘"
fraud_core,21654,3,False,"’이라 한다)을 체결하였다. 나. 원고들은 2018. 12. 4. 소외 회사로부터 이 사건 건물을 매수하고, 2019. 6. 4. 그 소유권이전등기를 마쳤다. 다. 원고들은 2019. 7. 4. 피고 D에게 이 사건 계약에 따른 임대차기간이 2019. 11. 30. 종료될 예정이며 임대차계약을 갱신할 의사가 없음을 통보하는 내용의 내용증명을 발송하였고, 그 내용증명은 그 무렵 피고들에게 도달하였다. 라. 피고 E은 피고 D과 이 사건 임차건물에서 ‘"
fraud_core,131799,3,False,"’이라 한다)을 체결하였다. 나. 원고들은 2018. 12. 4. 소외 회사로부터 이 사건 건물을 매수하고, 2019. 6. 4. 그 소유권이전등기를 마쳤다. 다. 원고들은 2019. 7. 4. 피고 D에게 이 사건 계약에 따른 임대차기간이 2019. 11. 30. 종료될 예정이며 임대차계약을 갱신할 의사가 없음을 통보하는 내용의 내용증명을 발송하였고, 그 내용증명은 그 무렵 피고들에게 도달하였다. 라. 피고 E은 피고 D과 이 사건 임차건물에서 ‘"
protection_mechanism,67214,3,False,"’이라고 한다), 2010. 6. 5. 변경계약을 체결하면서 창성여객이 정비차량 1대를 추가로 양도하고 전체 양도대금을 4,971,000,000원으로 증액하였다. 3) 이 사건 양도계약에서 피고가 이 사건 버스에 설정된 저당권의 피담보채무와 고용승계하기로 한 창성여객 근로자들에 대한 퇴직금채무를 인수하고 양도대금과의 차액을 창성여객에게 지급하기로 정하였다가, 이 사건 변경계약에서는 피고가 이 사건 버스에 설정된 주식회사 삼화두리상호저축은행(이하 ‘"
deposit_dispute,128538,3,False,"'라는 상호로 숙박시설을 운영하던 E과, 원고가 7,000만 원에 위 숙박시설의 영업에 관련된 물적 설비 일체 및 그 사업에 관한 모든 권리․의무 일체를 양도받기로 하는 내용의 포괄적 영업양수도 계약을 체결하였다. 나. 원고는 2015. 2. 10. 피고와 이 사건 건물에 관하여 임대차보증금 1억 3,000만 원, 차임 월 600만 원(부가가치세 별도), 임대기간 2015. 2. 11.부터 2018. 2. 10.까지로 정하여 임대차계약(이하 '"
fraud_core,86396,3,False,"”로 사용승인을 받았다. 한편, 원고 A의 남편인 치과의사 H은 2019. 3. 13. 이 사건 건물 I호에 대하여 J로부터 보증금 5,000만 원, 월 차임 140만 원(부가가치세 별도)에 2019. 3. 13.부터 2021. 7. 31.까지, 위 건물 K호에 대하여 L로부터 보증금 3,000만 원, 월 차임 150만 원(부가가치세 별도)에 2019. 3. 13.부터 2021. 7. 31.까지 각 임차하는 내용의 계약을 체결하였다(이하 “"
deposit_dispute,147859,3,False,"”라고 기재되어 있다. 라. 한편, J공인중개사사무소를 운영하는 공인중개사인 피고 D은 이 사건 임대차계약서의 중개인 란에 서명, 날인하였다. 마. 원고는 피고 C에게, 2015. 3. 13. 계약금 15,000,000원, 2015. 3. 16. 중도금 10,000,000원, 2015. 4. 10. 잔금 20,000,000원을 각 지급함으로써 합계 45,000,000원의 임대차보증금을 모두 지급하였다. 바. 원고는 2015. 8. 13. ‘"
deposit_dispute,159,3,True,"‘이 사건 건물’이라고 한다)를 커피전문점을 운영하려는 피고에게 2010. 11. 29. 보증금 5억 원, 임대차기간 2010. 12. 15.부터 2015. 12. 15.까지, 월차임 1,000만 원으로 정하여 임대하였다. 나. 피고가 이 사건 건물에서 커피전문점을 운영하기 위해서는 주택이었던 이 사건 건물의 인테리어 공사 등이 필요한 상황이었다. 이에 따라 이 사건 건물의 현상변경 및 원상회복과 관련하여 원, 피고는 계약서 제5조에서 ‘"
deposit_dispute,67713,3,False,"‘C’라고만 한다)에 대한 청주지방법원 2016차2407호 지급명령, 청주지방법원 2016차2432호 지급명령, 청주지방법원 2016차2433호 지급명령에 기한 각 강제집행을 불허한다.  이유 1. 기초사실 가. 피고의 C에 대한 지급명령 1) 청주지방법원 2016차2407호 지급명령 피고는 C를 상대로 청주지방법원 2016차2407호로 임대차계약의 임대차보증금 반환을 청구하는 지급명령을 신청하였고, 위 법원은 2016. 8. 30. ‘"
fraud_core,103991,3,True,"’이라고 한다) 제4조는 다음과 같이 보증이행 대상이 아닌 채무를 열거하고 있다. 제4조 (보증이행 대상이 아닌 채무) 보증회사는 다음 각 호의 1에 해당하는 채무에 대하여는 보증채무를 이행하지 아니합니다. 2. 주채무자가 대물변제, 차명, 이중계약 등 주택공급에 관한 규칙에 의한 정상계약자가 아닌 자에게 부담하는 채무 3. 입주자모집공고 전에 주택분양계약을 체결한 자가 납부한 입주금 나-3. 한편, 위 주택분양보증서 특기사항란에는 ‘"
deposit_dispute,8597,3,False,"“피고는 ‘피고가 2015. 1. 2.자 유체동산양도양수계약서(을 제8호증) 등을 통해 이 사건 회사를 양수받으면서 위 회사 소유의 유체동산도 소유하게 되었으나, 이 사건 건물에 대한 인도집행이 이루어지면서 원고가 위 유체동산을 보관·점유하게 되었는바, 피고가 위 유체동산에 대한 반환을 요청하였음에도 원고는 자신의 소유권을 주장하면서 시가 2,500만 원 상당의 산소통 등 64종류의 자동차 정비기계와 기구에 대한 반환을 거부하였다’"
fraud_core,120674,3,False,"’이라 한다)을 체결한 사실 등을 인정한 다음, 이 사건 건물에 대한 공사기간은 2003. 3.경부터 2004. 2.경까지 1년 가까이 소요된 점, 원고는 이 사건 건물이 완공된 후 다시 피고와 사이에 이 사건 임대차계약을 체결한 점 등에 비추어 보면, 원고는 피고가 이 사건 건물을 신축하는데 대하여 묵시적으로 동의하였다고 봄이 상당하고, 이 사건 임대차계약 당시 작성된 공장월세계약서(갑 제1호증)에는 이 사건 임대차 목적물로 ‘"
deposit_dispute,21534,3,False,"’라고 한다)하는 내용의 계약을 체결하고, E에게 같은 날 계약금 600만 원, 2016. 10. 17. 나머지 임대차보증금 5,400만 원을 각 지급한 뒤, 늦어도 2016. 11. 15. 이전에 이 사건 점포를 본점 소재지로 하여 사업자등록을 하였다. 다. E은 2017. 9. 14. 이 사건 건물에 관하여 신탁재산의 귀속을 원인으로 한 소유권이전등기를 경료받았다가 같은 날 H주식회사(변경 전 상호 : 주식회사I, 이하 ‘"
protection_mechanism,131407,3,False,"""① 위 소외 1이 위 소외 2에게 이 사건 부동산을 매도하고 위 소외 2로부터 이를 임차하였다. ② 위 소외 2이 이 사건 부동산을 소외 3 회사에 금 50,000,000원에 매도하기로 하고 계약금으로 금 10,000,000원을 교부받았다. ③ 1985. 5. 초경 소외 6이 소외 3 회사의 대표사원인 소외 7과 함께 이 사건 주택을 방문하였을 때 실소유자는 소외 2이고 자신은 임차인이라고 하면서 임대차계약서를 제시하였다."""
deposit_dispute,117685,3,False,"’라는 상호로 식당을 운영하던 종전 임차인인 F 및 G에게 권리금과 함께 임대차보증금을 반환하는 방식으로 지급하였다. 나. C는 이 사건 점포를 인도받은 후 위 상호를 승계하여 식당을 운영하였는데, C의 요청으로 피고는 2017. 5. 18. 원고와 사이에 이 사건 점포에 관하여 임대차기간을 2017. 5. 18.부터 2019. 5. 17.까지(24개월)로 정하고 나머지 조건은 위 C(이하 원고와 C를 함께 칭할 경우에는 ‘"
protection_mechanism,111396,3,True,”를 지나치게 좁게 해석할 필요가 없다. 공매는 채무자인 체육시설업자의 의사와 무관하게 진행되는 강제환가절차를 통한 소유권 이전이라는 점에서 민사집행법에 따른 경매 절차 등과 실질적으로 차이가 없다. 또한 담보신탁계약에 따른 공매 절차가 유찰되어 최종 공매 조건으로 체결되는 체육필수시설에 관한 수의계약도 공매의 경우와 실질적으로 같다. 따라서 이와 같은 공매 절차나 수의계약도 체육시설법 제27조 제2항 제4호에서 정하는 “
deposit_dispute,11354,3,True,"’이라 한다). 다. 피고 E는 이 사건 ㉮부분을 인도받아 I슈퍼라는 상호의 가게를 운영하고 있고, 피고 F은 이 사건 ㉯부분을 인도받아 J식당이라는 상호(종전 상호 K)의 가게를 운영하고 있다. 라. 망 H은 2009. 7. 12. 피고 E와 임대차보증금을 700만 원으로, 차임을 월 120만 원으로, 피고 F과 임대차보증금을 300만 원으로, 차임을 월 60만 원으로 각 변경하였다. 위 각 임대차계약서 제11조에는 ‘"
protection_mechanism,121348,3,False,"’이라 한다)을 발령하였다. 이 사건 지급명령은 2019. 7. 23. E, B에게 송달되어, 2019. 8. 7. 확정되었다. 마. B는 2020. 1. 27.(을 제3호증에는 체결일이 2020. 2. 28.이라 기재되어 있으나 등기부상 등기원인일의 기재에 따른다) 피고와 사이에 B 소유의 이 사건 부동산 2분의 1 지분에 관하여 채권최고액 100,000,000원, 채무자 B, 근저당권자 피고의 근저당권설정계약(이하 ‘"
deposit_dispute,50158,3,False,"’이라는 상호로 음식점을 운영하였다. 다. 2020. 7. 초순경 이 사건 상가 내 천장과 벽면에서 누수가 발생하였고, 같은 해 7. 30.에는 누수로 인하여 천장 일부가 무너져 내리는 일이 발생하였다. [인정근거] 다툼 없는 사실, 갑 제1, 2호증의 각 기재, 갑 제3호증의 영상 및 변론 전체의 취지 2. 피고의 수선의무위반 및 이 사건 임대차계약의 해지 가. 인정사실 1) 원고는 2019. 7. 29. 피고에게 ‘"
deposit_dispute,66816,3,False,"’라 한다)를 작성한 것은 기왕에 이루어진 채권양도약정에 따라 임대인인 소외인에게 채권양도사실을 통지하기 위한 것이었을 뿐이고, 실제로 와이푸드가 피고에게 이 사건 임대차보증금 반환채권을 양도한 것은 2008. 10. 1.이므로, 그 당시를 기준으로 와이푸드에게 사해의사가 있었는지, 와이푸드와 피고가 통모하였는지 등을 판단하여야 한다는 피고의 주장에 대하여, ① 2008. 10. 1. 작성된 조건부 이행 확약서(이하 ‘"
deposit_dispute,89438,3,False,"’이라는 상호로 음식점을 운영하였다. 다. 2020. 7. 초순경 이 사건 상가 내 천장과 벽면에서 누수가 발생하였고, 같은 해 7. 30.에는 누수로 인하여 천장 일부가 무너져 내리는 일이 발생하였다. [인정근거] 다툼 없는 사실, 갑 제1, 2호증의 각 기재, 갑 제3호증의 영상 및 변론 전체의 취지 2. 피고의 수선의무위반 및 이 사건 임대차계약의 해지 가. 인정사실 1) 원고는 2019. 7. 29. 피고에게 ‘"
protection_mechanism,25850,3,False,"'이라고 한다)의 1층 및 4층에 관하여 임차보증금을 금 130,000,000원, 기간을 1997. 11. 20.부터 12개월로 각 정하여 임대차계약을 체결한 후 1997. 10. 22. 이 사건 건물 소재지로 주민등록 전입신고를 마치고, 그 임대차계약서에 대하여 같은 달 23.자로 확정일자를 받은 사실, 그 후 이 사건 건물이 완공되자 원고는 1998. 4. 15. 소외 1로부터 이 사건 건물의 2층 202호(이하 '"
deposit_dispute,37059,3,False,"”라고 기재한 사실, 원고는 위 경매절차에서 이 사건 부동산을 낙찰받아 소유권을 취득한 후 소외인에 대하여 이 사건 부동산의 인도청구를 하였으나 소외인의 위 전입신고가 그의 임차권을 공시하는 효력이 있어 주택임대차보호법상의 대항력을 갖추었다는 이유로 2007년 5월에 원고의 패소가 확정된 사실, 그리하여 원고는 같은 해 8월에 소외인에게 임대차보증금 4,300만 원을 반환한 사실을 알 수 있다. 이에 대하여 원심은 ‘"
deposit_dispute,104376,3,False,"’를 공인중개사 I의 명의로 개설등록을 하여 운영하면서 부동산중개업을 영위한 자이다. 다. F은 원고로부터 원고의 명의로 임대차계약을 체결할 권한을 부여받고, J에게 이 사건 부동산을 소개하여 주었고, J은 F의 중개로 2018. 5. 4. 이 사건 부동산을 보증금 15,000,000원, 임대기간 2018. 5. 4.부터 2019. 5. 3.까지, 차임 월 300,000원으로 정하여 임차하는 내용의 임대차계약(이하 ‘"
fraud_core,32757,3,False,"”이라는 옛 임금들의 호령이라도 들어 마땅하지 않은가? A의 100억 원대 빚은 A가 갚아야지 왜? 총회 회관 팔아 총회원 공금으로 갚는다는 말인가?? 그것도 이 땅위에 성령님의 강림과 역사하심의 성지, 총회 회관은 돈으로 계산할 수 없는 무한대 고가품인 것이다. 매각해서도 안 되지만 매각 계약을 하려면 제대로 해야지, 밀거래 식 이중계약을 하고, 기부금만 131억 4천만 원을 받기로 한 계약서는 또 무엇인가? “"
deposit_dispute,98710,3,True,"‘상대방’은 이 사건 연대보증계약의 주채무자인 소외 2를 일컫는 것이 아니라 채권자인 원고를 일컫는 것이어서 소외 1 의료법인의 회생절차 개시신청 전 6월을 초과하여 이루어진 이 사건 연대보증계약에 따른 구상금채권 6억 원에 대하여는 피고가 부인권을 행사할 수 없다. 나. 피고의 주장 이 사건 연대보증계약은 채무자회생법 제100조 제1항 제4호에서 정한 무상행위에 해당하고, 같은 법 제101조 제3항에서 규정한 ‘"
protection_mechanism,109989,3,False,"‘O’에서 F을 만나 그로부터 제1항 기재와 같이 서울동부지방법원 G 경매사건에 관한 감정, 상담 및 유치권 신고에 필요한 법률 관계 문서 작성 등을 해달라는 의뢰를 받고 컨설팅 의뢰 계약을 체결한 뒤, 그 수임계약금 명목으로 500,000원을 (주)I 명의의 AL은행 계좌(계좌번호 : AM)로 입금 받았다. 그 후 피고인은 그 계약에 따라 위 F을 위하여, 위 경매사건에 관한 유치권을 신고하는 내용의 ‘"
fraud_core,32975,3,False,"’라는 상호로 성매매알선 영업을 하다가 경찰에 단속되었고, 경찰은 2018. 5. 3. 피고인에게 단속결과 통지를 발송하였다. 3) 피고인이 2019. 4. 1. L의 소개로 A에게 이 사건 상가를 보증금 3,500만 원, 월차임 253만 원, 기간 같은 날부터 2023. 3. 30.까지로 정하여 임대하였으며, 이 사건 건물의 관리소장인 G가 계약 당시 참석하였다. 당시 작성된 임대차계약서 말미에 ‘"
fraud_core,123588,3,False,"’라는 상호로 성매매알선 영업을 하다가 경찰에 단속되었고, 경찰은 2018. 5. 3. 피고인에게 단속결과 통지를 발송하였다. 3) 피고인이 2019. 4. 1. L의 소개로 A에게 이 사건 상가를 보증금 3,500만 원, 월차임 253만 원, 기간 같은 날부터 2023. 3. 30.까지로 정하여 임대하였으며, 이 사건 건물의 관리소장인 G가 계약 당시 참석하였다. 당시 작성된 임대차계약서 말미에 ‘"
fraud_core,34667,3,False,"’이라 한다). 원고는 그 무렵 대자연네트웍스에 위 임대차보증금 1,000,000,000원을 지급하였다. (2) 원고와 대자연네트웍스는 2010. 11. 23. 원고의 대자연네트웍스에 대한 위 임대차보증금반환채권을 담보하기 위하여 피고에 대한 대자연네트웍스 명의의 1,000,000,000원의 예금채권(예금종류 : 자유로 회전예금, 예금주 : 대자연네트웍스, 증서번호 : (증서번호 생략), 이하 ‘"
fraud_core,90966,3,True,"’할 것을 정지조건으로 정한 것이라고 볼 수 없고, 더욱이 앞의 1.의 나. 1), 2), 3)에서 인정한 사실에 변론 전체의 취지를 종합하면 알 수 있는 다음과 같은 사정 즉, 이 사건 주택분양신탁계약은 원고가 이 사건 주택분양보증계약에 따라 분양이행을 한 경우 신탁부동산을 관리·처분하기 위한 목적에서 체결된 것으로서(이 사건 주택분양신탁계약서 제2조), 원고 또는 원고가 지정하는 자(이하 ‘"
fraud_core,44664,3,False,"""라고 거짓말을 하였다. 그러나 이 사건 주택은 시가가 5억 8,700만 원인 데 비하여 이에 설정된 근저당권의 피담보채무액이 합계 3억 4,000만 원, 피고인이 이 사건 주택에 관하여 부담하는 전세보증금 반환채무가 N호의 P에 대하여 7,000만 원, O호 Q에 대하여 3,500만 원, M호 R에 대하여 1억 4,000만 원으로 합계 2억 4,500만 원이어서 담보가치가 거의 없는 이른바 '"
fraud_core,98147,3,True,"'라 칭하면서 원고에게 이 사건 부동산의 임대차계약을 알선하였는바, 이러한 행위는 그 일련의 과정 전체를 객관적으로 보아 사회통념상 공인중개사법 제2조 제1호에서 정한 중개행위에 해당한다고 봄이 타당하다. 따라서 피고 협회의 위 주장도 이유 없다. 다. 피고 협회는, 이 사건 공제계약상의 공제금액을 모두 변제공탁하였다고 주장한다. 살피건대, 이 사건 공제계약에 적용되는 약관 제8조 제1항은 """
fraud_core,123325,3,False,"’를 작성한 다음 이를 공증하여 피해자 공소외 2를 기망하고, 이에 속은 피해자 공소외 2로부터 2005. 2. 25.경 1억 원짜리 자기앞수표 5장 합계 5억 원을 교부받아 이를 편취하고, 라. 위 공소외 2로부터 위 다.항과 같이 재건축시행 계약금을 받는데 행사할 목적으로, 2005. 2. 24.경 위 서부종합법률사무소에서 위 공소외 2와 재건축시행계약을 체결하면서 계약서 용지의 하단에 ‘"
deposit_dispute,146263,3,False,"‘B’ 상호로 부동산, 보증금 담보대출 등을 취급하는 대부업체이고, 피고인은 월세보증금을 담보로 피해자 회사로부터 1,000만 원을 대부받은 사람이다. 피고인은 2018. 2. 7.경 장소 불상지에서 피해자 회사에 전화하여 피고인이 거주하는 서울 강남구 C아파트 D호의 월세보증금 5억 원 중 1,000만 원을 채권양도(임대기간 2018. 1. 22.부터 2021. 1. 21.)하기로 하면서 ‘"
protection_mechanism,121510,3,False,"'로 주민등록 전입신고를 한 사실, 그 후 이 사건 부동산에 관하여 1999. 3. 16.자 채권최고액 2,600만 원, 근저당권자 소외 주식회사 한국주택은행, 채무자 소외인인 근저당권설정등기가 경료되었고 위 근저당권에 기한 임의경매절차에서 원고가 2001. 9. 3. 이 사건 부동산을 낙찰하여 그 대금을 완납한 사실, 이 사건 부동산은 2개의 독립된 동(동)이 하나의 단지를 이루고 있는 '"
deposit_dispute,143931,3,False,"‘원고가 이 사건 토지에 설정된 근저당권의 피담보채무 41,000,000원과 이 사건 건물의 임대차보증금 반환채무 47,000,000원을 인수하고, 150,000,000원(피고들은 원고가 200,000,000원을 지급하고, 이와 별도로 소외 1이 피고 2와 정산하기로 하였다고 주장하나 이를 인정할 증거가 없다)을 피고 2에게 지급하며, 피고 2는 이 사건 토지와 건물을 원고에게 양도한다’"
fraud_core,49889,3,False,"’라 한다)에 관하여 원고에게 2001. 10. 27.자 매매를 원인으로 한 소유권이전등기를 마쳐주었다. 다. 원고와 피고 사이의 임대차계약 관련 1) 피고는 2011. 1. 29. 원고와 사이에, 피고가 원고로부터 이 사건 아파트에 관하여 임대차보증금 195,000,000원, 임대차기간 2011. 2. 25.부터 2013. 2. 25.까지로 하여 임차하기로 하는 임대차계약(이하 ‘"
fraud_core,133634,3,False,"“대출받을 차주가 남양주 E아파트 전세계약을 하면 2억 9백만 원의 대출금이 나오는데, 이중 차주에게 생활안정자금으로 4~5천만 원을 지급하고 나머지는 모집회사에서 재테크로 사용한다. 차주는 2년 동안 이자 없이 생활안정자금을 사용한 후 잘 갚기만 하면 된다. 전세계약시 계약금은 대납해줄 것이니 대출받은 차주를 모집해오면 그 대가로 1명당 2,000만 원을 주겠다.”"
protection_mechanism,30407,3,True,"’에게 양도한 사실은 앞서 본 바와 같다. (2) 나아가, 위 약관 혹은 이 사건 양도계약에 기한 잔여분양대금채권양도에 관하여 피고들에 대한 대항요건을 갖추었는지에 관하여 보건대, 먼저 제1항 마 (2)에서 본 중앙공영과의 승계시공계약서(갑제17호증의 7)에 소외 2가 이 사건 아파트 입주예정자 대표회의 회장 자격으로 서명 날인하였고, 위 승계시공계약서 제33조에 ‘"
protection_mechanism,52662,3,True,"”는 등의 이유로, 동희개발과 원고를 피공탁자로 하고, 법령조항을 민법 제487조, 민사집행법 제248조 제1항, 제291조로 하여, 동희개발로부터 받은 이 사건 토지 분양대금 합계 2,078,710,700원 중 계약보증금 등 364,953,160원을 공제한 1,713,757,540원에 법정이자 269,555,760원을 가산한 1,983,313,300원(이하 ‘"
deposit_dispute,5882,3,True,"”라는 추상적 개념으로 임차인의 어떠한 권리행사도 금지한 것으로 피고 ○○○○○에게 지나치게 불리하여 무효이거나 위 규정만으로 유익비상환청구권을 포기하였다고 단정할 수는 없다고 주장한다. 살피건대, 유익비상환청구권에 관한 민법 제626조는 강행규정이 아니므로 당사자의 약정에 의하여 임차인이 이를 포기할 수 있는 것이고 이 조항에서 행사할 수 없다고 한 권리는 ‘"
deposit_dispute,76714,3,False,’라 한다)에 관하여 각 임차인들과 사이에 임대차계약을 체결하였다. 원고들의 이 사건 각 점포에 대한 소유지분은 상속지분과 같다.   사. 피고의 상속부동산 매매계약 체결 피고는 다른 공동상속인들로부터 위임받아 2016. 6. 21. AG과 사이에 망인으로부터 상속받아 이 사건 공동상속인들이 공유등기를 마친 청주시 상당구 AH 대 326㎡ 및 지상 건물(이하 ‘
deposit_dispute,10100,3,True,"‘필요비·유익비’라는 표현으로 우선변제권을 인정하였을 뿐만 아니라 특정한 채권의 우선변제권은 담보물권자 등 다른 이해관계인의 이해관계에 중대한 영향을 미칠 수 있으므로 엄격하게 해석하여야 하고, 특히 신탁계약의 경우 소요비용에 관하여 이해관계인의 다툼이 예상되므로 이를 쉽게 확장하여 해석하기 어려운 점은 앞에서 설명한 바와 같은바, 신탁법 제48조 제1항의 ‘"
deposit_dispute,103089,3,False,"'이라 한다)에 대하여 임대차기간 2014. 9. 5.부터 5년간으로 하되, 이 사건 건물 1층 부분에 대하여는 임대차보증금 27,800,000원, 월 차임 700,000원(부가가치세 별도), 이 사건 건물 2층 부분에 대하여는 임대차보증금 222,000,000원, 월 차임 5,800,000원(부가가치세 별도)으로 하여 임차하기로 하는 각 임대차계약(이하 '"
fraud_core,99791,3,False,‘H건물 I호’이라고만 한다)를 임차보증금을 승계하는 조건으로 매수하고 2018. 8. 20.경 피고인 C 명의로 소유권이전등기를 마쳤다. 1. 피고인 A과 피고인 C의 공동범행 가. 사문서위조 피고인들은 사문서인 부동산임대차계약서를 위조하기로 공모한 후 2018. 8월경 장소를 알 수 없는 곳에서 인쇄된 부동산임대차계약서 용지의 부동산표지란의 소재지에 ‘
protection_mechanism,105878,3,False,"‘에이치오엔’이라고 한다) 소유의 이 사건 부동산에는 2010. 7. 2. 이촌새마을금고 앞으로 채권최고액 929,500,000원의 근저당권이 설정되어 있었는데, 피고는 2010. 7. 19. 이 사건 부동산에 관하여 에이치오엔과 사이에 보증금 1억 4,000만 원, 임대차기간 2010. 7. 19.부터 2011. 7. 18.까지로 한 임대차계약(이하 ‘"
deposit_dispute,25768,3,False,"’이라 한다). 라. 피고는 2020. 2. 26. C로부터 이 사건 부동산지분을 매매대금 219,000,000원에 매수하되, 계약금은 154,791,890원으로 하여 H에 대한 채무를 변제하고, C의 임대차보증금채무 63,333,333원은 승계하고, 잔금 874,887원은 2020. 3. 2. 지급하기로 하는 내용의 단독주택·부속대지 매매계약(이하 ‘"
deposit_dispute,12225,3,False,"”는 내용의 판결을 선고하였으며, 위 판결은 그 즈음 그대로 확정되었다. 다. 원고의 채권 가압류, 압류 및 추심명령 1) 원고는 선행 소송을 제기하기 전인 2013. 3. 14. 이 법원 2013카단914호로 채무자 C, 제3채무자 피고, 청구금액 300,000,000원으로 한 이 사건 임대차계약에 기한 임대차보증금반환채권에 대한 채권가압류(이하 ‘"
deposit_dispute,47923,3,True,"‘피고 협회’라고 한다)는 피고 D과 공제계약을 체결하여 피고 D이 부동산 중개행위를 하면서 원고들에게 입힌 손해를 배상할 책임이 있으므로, 피고 협회는 피고 D과 공동하여 원고들에게 손해배상금으로 원고들이 반환받지 못한 임대차보증금의 범위 내에서 청구취지 기재 각 금원을 지급할 의무가 있다. 다. 판단 1) 공인중개사법 제25조 제1항, 제3항은 “"
deposit_dispute,76314,3,False,"’이라 한다). 나. 주식회사 C은 2013. 3. 15. 원고에게 위 임대차계약에 따른 임대차보증금 반환채권을 비롯한 임차권 일체를 양도하였고, 피고에게 위 채권 및 임차권 양도사실을 통지하였다. 다. 한편 F은 2011. 1. 1.부터 양주시 G에 있는 건물에서 자동차 타이어 수리점을 운영하고 있었는데, 2014. 6.경 피고의 남편 H으로부터 ‘"
deposit_dispute,98725,3,True,"‘피고 협회’라고 한다)는 피고 D과 공제계약을 체결하여 피고 D이 부동산 중개행위를 하면서 원고들에게 입힌 손해를 배상할 책임이 있으므로, 피고 협회는 피고 D과 공동하여 원고들에게 손해배상금으로 원고들이 반환받지 못한 임대차보증금의 범위 내에서 청구취지 기재 각 금원을 지급할 의무가 있다. 다. 판단 1) 공인중개사법 제25조 제1항, 제3항은 “"
fraud_core,2261,3,False,"‘을 체결하였는데, 부동산담보신탁계약서에는 이 사건 건물 임대현황으로 임대차 현황서와 같은 내용의 70세대 임대차보증금액 합계 1,715,000,000원이 기재된 임대현황표가 첨부되어 있다. (8) 피해자는 2016. 5. 25. 피고인의 대출신청에 관하여 ① 감정평가서, ② 부동산담보신탁계약서 등으로 대출심의위원회를 개최하였고, 대출심의위원회는 “"
protection_mechanism,2542,3,True,"‘피고에게 1순위로 20,000,000원이 배당된 것은 임차인 F이 채무자회생법 제415조 제2항에 규정된 우선변제를 받을 권리를 가짐을 전제로 하는데, 임대인 B의 파산신청일까지 주택임대차법 제3조 제1항의 규정에 의한 대항요건을 갖추지 못한 F에게는 이러한 권리가 인정되지 아니하므로 위 20,000,000원은 별제권자인 원고에게 배당되어야 한다’"
fraud_core,109835,3,False,"’고 기망하여 원고가 보증금 3,000만 원을 모두 부담하였음에도 피고 C와 공동 임차인으로 되어 보증금 중 1,500만 원에 대한 권리를 상실하였는바, 피고 B은 원고를 기망하여 1,500만 원을 편취한 것이다. ③ 피고 C는 피고 B의 위 5,500만 원 편취 행위에 대하여 사용자책임이 있다. ④ 피고 B, C는 2016. 11.경 원고에게 ‘"
protection_mechanism,92045,3,False,"‘J’라 한다)와 피고 D, E, F 사이의 2016. 4. 21.자 근저당권설정계약을 취소하고, 피고 D, E, F는 J에게 위 부동산에 관하여 같은 등기소 2016. 4. 21. 접수 제2974호로 마친 근저당권설정등기의 말소등기절차를 이행하라.  이유 1. 기초사실 가. 원고는 2015. 3. 20.경 I, J(이하 I와 J를 통칭할 때는 ‘"
deposit_dispute,124301,3,False,"‘주식회사’는 생략한다)와 각 근저당권설정계약을 체결하고, 피고 E 앞으로 채권최고액을 1,000,000,000원으로 하는, 피고 C 앞으로 채권최고액을 196,500,000원으로 하는, 피고 D 앞으로 채권최고액을 165,000,000원으로 하는, 피고 E 앞으로 채권최고액을 121,600,000원으로 하는 각 근저당권설정등기를 마쳤다(이하 ‘"
deposit_dispute,99236,3,False,"'이라고 한다)을 임대차보증금10,000,000원(계약금 1,000,000원, 잔금 9,000,000원), 월차임 600,000원, 임대차기간 2019. 6. 1.부터 2021. 5. 31.까지(최초 임대차계약을 체결할 때에는 2019. 6. 10.부터 2021. 6. 9.까지였으나 이후 변경되었다)로 정하여 임대하는 내용의 상가임대차(이하 '"
deposit_dispute,40864,3,False,"'이라 한다)을 체결하였다. 원고는 D에게 이 사건 임대차계약에 따른 임대차보증금 70,000,000원을 지급하고 2016. 11. 29.경 D으로부터 이 사건 건물 F호를 인도받았으며, 그에 대하여 전입신고를 마치고 확정일자를 받았다. 다. 이 사건 임대차계약 체결 당시 이 사건 건물의 대지인 대구 달서구 E 대 255.1m²(다음부터 '"
protection_mechanism,140878,3,False,"’이라고 한다)과 사이에 E 소유의 별지1, 3 목록 기재 각 부동산에 관하여 채무자 F, 채권최고액 36억 원으로 하는 공동근저당권설정계약을 체결한 다음, 피고 B에게 위 각 부동산에 관하여 제주지방법원 2018. 7. 10. 접수 제68937호로 근저당권설정등기를 마쳐주었다. 2) E는 2018. 7. 5. 피고 주식회사 C(이하 ‘"
fraud_core,67999,3,False,"’라 한다)를 4억 1,811만 원[계약금 4,180만 원, 중도금 2억 9,260만 원(4,180만 원씩 7회 분할 지급), 잔금 8,371만 원]에 분양받는 내용의 이 사건 분양계약을 체결한 사실, 피고는 2006. 8. 25. 알투엔건설로부터 1,000만 원을 차용하여 계약금 중 일부로 이 사건 아파트의 분양대금 입금계좌(이하 ‘"
deposit_dispute,103172,3,False,"‘타인의 동의’는 자신의 사망을 보험사고로 하는 보험계약의 체결에 대하여 이의가 없다는 의사를 표시하였다고 볼 수 있을 정도로 각 보험계약의 내용을 이해한 후 진정한 의사로 이루어진 동의를 의미한다고 봄이 타당하다. 2) 판단 가) 갑 제11호증의 기재에 의하면, 망인이 이 사건 각 보험계약 청약서의 피보험자란에 자신의 당시 이름인 ‘"
deposit_dispute,133428,3,False,"’ 상호의 D 개인 사업자등록번호가 기재되어 있다. 마. 원고는 이 사건 임대차계약의 임대차보증금 명목으로 2018. 11. 26. 100만 원을 F 명의 계좌로 송금하고, 2018. 12. 7. 및 2018. 12. 10. 합계 5,400만 원을 D(E) 명의 계좌로 각 송금하였다. 바. 피고는 이 사건 영업위탁계약 체결 이후부터 ‘"
fraud_core,128313,3,False,"‘이 사건 계약’이라 한다)에 따른 약정금 지급의무를 이행하지 못한 것은 사실이지만, 피고인이 처음부터 이 사건 계약에 따른 약정금 지급의무를 이행할 의사 없이 ○○○○ 건물(이하 공소외 2 회사가 소유하던 1층과 2층을 지칭하는 것으로 한다)을 편취할 의도로 이 사건 계약을 체결한 것은 아니다. 피고인은 공소외 6 주식회사(이하 ‘"
deposit_dispute,53004,3,False,"’이라고 한다), 2012. 8. 7. 이 사건 아파트에 입주하였다. 그 후 이 사건 임대차계약이 여러 차례 갱신되면서 원고가 피고에게 지급한 임대차보증금은 이 사건 변론종결일 현재 65,481,080원이다. 다. 피고는 2019. 5. 3. 구 임대주택법(2015. 8. 28. 법률 제13499호로 전부 개정되기 전의 것, 이하 ‘"
deposit_dispute,10949,3,False,"“[원고는 이 법원에 이르러 임대인 ○○○가 2007. 4. 6. 1,540만 원을 인출한 자료(갑 제102호증의 3, 4)를 제출하였으나, 그 인출 시기가 원고가 주장하는 바에 따르더라도 임대차가 종료된 2007. 5. 이전이므로, 위 인출사실만으로 위 금원이 임대차보증금이고, 나아가 원고에게 반환되었다고 인정하기에 부족하다]”"
deposit_dispute,68606,3,False,"’을 각 운영하고 있다. 마. 원고는 피고를 상대로 동업계약 해지로 인한 손해배상과 정산금의 지급을 구하는 소를 제기하였고[인천지방법원 2019가합51443호(본소)], 피고는 이에 대하여 동업해지약정에 따른 정산금의 지급을 구하는 반소를 제기하였다[인천지방법원 2019가합51450(반소)]. 위 법원은 2021. 1. 26. ‘"
deposit_dispute,86200,3,False,"‘성남시 주택’이라고만 한다)에 대하여, 원고가 이 사건 지급명령 정본에 의한 강제경매를 신청하여 2019. 10. 28. 강제경매절차가 개시되었고 그 개시결정이 2019. 11. 5. C에게 송달되었다. 라. C은 2019. 11. 13. 피고에게 이 사건 임대차보증금 반환채권을 양도하는 내용의 채권양수도계약을 체결하고(이하 ‘"
fraud_core,122648,3,False,"’는 서면을 작성하여 교부하였다. 2) 피고 C는 2016. 10. 14. 피고 D에게 F에 대한 보증금채권 3,000만 원을 양도하는 계약을 체결하고, F에게 채권양도통지를 하였다. 다. 원고와 피고 E 간의 주택 임대차계약에 기한 법적 분쟁 1) 원고는 2014. 11. 18. I 명의의 대전 서구 J에 있는 K호(이하 ‘"
deposit_dispute,101752,3,False,"’이라 한다). 위 각 대부 회사는 같은 날 피고에게 이 사건 채권양도통지, 이 사건 임대차보증금반환 청구 및 임대차보증금 수령 업무를 위임하였고, D은 이를 승낙하였다. 다. 피고는 2019. 11. 15. D을 대리하여 원고에게 이 사건 채권양도 통지를 하였고 위 통지는 2019. 11. 20. 원고에게 도달하였다(이하 ‘"
fraud_core,76682,3,False,"’이라 한다)을 체결하고, 그 무렵 피고에게 위 임대차보증금을 전부 지급하였다. 이 사건 임대차계약서에는 다음과 같은 내용의 특약이 기재되어 있다.  나. 원고는 위 임대기간 만료일인 2019. 6. 17. 이 사건 아파트 현관 앞에 박스 하나를 남겨둔 채로 이 사건 아파트에서 퇴거하였고, 피고에게 2019. 7. 7. ‘"
deposit_dispute,35570,3,False,"‘이 사건 전세권은 원고가 매매대금 마련을 위해 설정한 것이어서 이 사건 전세금반환채무는 원고가 책임지기로 하였는데, 원고가 I에게 전세금을 반환하지 않아 I가 경매를 신청하여 이 사건 아파트가 이 사건 경매절차에서 매각된 것이므로, 이 사건 아파트에 관한 소유권이전등기의무가 이행불능으로 된 데에 피고의 귀책사유가 없다’"
fraud_core,147636,3,False,"‘2개월 후 피고인은 피해자에게 4,400만 원을 지급한다. 만약 이 계약을 어길시 피고인은 피해자에게 이 사건 부동산을 2억 원에 매도한다. 단, 이 경우 피해자는 피고인에게 8.100만 원(= 2억 원 - 보증금 7,500만 원 - 차용금 4,400만 원)을 지급한다. 피고인은 위 각 근저당권설정등기를 말소한다.’"
deposit_dispute,103522,3,False,“피고(피고인 A)의 조카인 B는 주식회사 E이라는 상호로 인테리어 공사업을 운영하면서 당시 파산 상태였는데 원고(피해자 회사)로부터 공사에 필요한 물품을 공급받은 후 대금을 지급하지 못하자 위 물품대금채무를 담보하기 위하여 피고의 G에 대한 이 사건 임대차계약에 따른 보증금반환채권을 원고에게 양도해 주기로 하였다.”
fraud_core,21128,3,False,"“피고는 소외 1의 명의를 빌려 이 사건 부동산을 매수하여 이 사건 소유권이전등기를 마친 이 사건 부동산의 실질적인 소유자로서 소외 1과 통모하여 형식상 이 사건 임대차계약을 체결하고 겉으로 임차인으로 가장하였을 뿐 진정한 임차인이 아니므로, 소외 1에 대한 유익비상환청구권 및 이에 기한 유치권을 행사할 수 없다.”"
deposit_dispute,63010,3,False,"’이라 한다), 그 무렵 이를 인도받으면서 피고에게 위 임대차보증금 2,500만 원을 지급하였다. 나. 원고는 위 소외 1에 대하여 가지는 구상금채권을 피보전권리로 하여 2004. 3. 24. 서울서부지방법원 2004카단5466호로 소외 1의 피고에 대한 위 임대차보증금반환채권에 관하여 가압류 결정을 받았고(이하 ‘"
fraud_core,13815,3,False,"“추후에 별도의 계약서가 작성되지 않는다 하더라도 ① 원고가 피고 회사에 투자금의 일부 혹은 전부를 지불한 후에도 주식 배정을 받지 못하거나, ② 타의에 의하여 대표이사에서 해임된 경우에는 그 즉시 계약의 주체는 피고 회사에서 원고로 자동 변경되며 피고 회사의 계약상 모든 권리 역시 원고의 권리로 자동 인계된다.”"
fraud_core,42290,3,True,"‘① 공동매수인들은 공소외 3을 본 계약 협상 및 체결 등 모든 권한을 행사함에 있어 대표자로 위임하고, ② 공동매수인들은 연대하여 본 계약상의 의무를 이행하기로 하며, 매도인인 공소외 24 주식회사 11호 기업구조조정조합에 대한 관계에서는 공동매수인의 권리행사는 공동으로 하여야 한다(위 계약서 제14조 참조).’"
protection_mechanism,17291,3,False,"’이라고 한다)을 체결하였다. 피고는 보증금 중 일부는 현금으로, 나머지는 피고의 채권으로 상계 처리하는 등의 방법으로 증액된 보증금을 모두 지급하였고, 2009. 9. 30. 파주세무서장으로부터 이 사건 임대차계약서에 확정일자를 받았다. 3) 제이비에스는 2009. 9. 30. 주식회사 인성상호저축은행(이하 ‘"
deposit_dispute,122658,3,False,"’라 한다)를 임대하기로 하고 그 무렵 피고로부터 임대차보증금 20,000,000원을 지급받았다. 나. 원고는 2016. 7. 22. 피고와 사이에 이 사건 토지에 관하여 임대차보증금 20,000,000원, 월 차임 1,200,000원, 임대차기간 2016. 7. 22.부터 12개월로 정하여 임대차계약(이하 ‘"
fraud_core,55623,3,False,"’이라 한다)을 체결한 직후 사업자등록에 필요한 토지 소유권자의 동의를 받기 위하여 J과 함께 피고인 A, B를 만났다. 피고인 A은 J이 미리 작성해온 임대차계약서를 확인한 다음 당시 등기부상 소유명의자로 되어 있던 피고인 B에게 임대차계약서에 싸인을 하라고 말하였고, 피고인 B는 임대차계약서 하단에 ’"
deposit_dispute,34919,3,False,"’이라는 상호로 병원을 운영하였고, 피고들은 각 내과 전문의, 정형외과 전문의로 이 사건 병원의 양수인이다. 나. 이 사건 병원에 관한 양도양수계약 체결 원고는 2019. 3. 31. 피고들과 이 사건 병원을 권리금 1억 원, 보증금 1억 5,000만 원에 양도하기로 하는 아래와 같은 양도양수계약(이하 ‘"
fraud_core,132649,3,False,"’라고 답변한 사실이 인정된다. ④ 위와 같은 사실에 비추어 B와 피해자 사이에 2019. 3. 9.경 임대차계약을 합의해지한 사실이 없고, 계약이 명시적으로 2020. 11. 2.까지 2년간 연장되어 임대차기간이 많이 남아있었음에도 불구하고, 피해자는 2019. 6. 4. 임차권등기명령을 신청하면서 ‘"
fraud_core,11461,3,False,"’는 취지의 내용증명우편도 발송하였다. ○ 이 사건 임대차계약은 2020. 4. 14. 기간만료로 종료되었는데, 원고는 피고로부터 임대차보증금을 반환받지 못하자 수원지방법원 안산지원 2020카임126호로 임차권등기명령을 받아 2020. 5. 14. 이 사건 주택에 관하여 주택임차권등기를 마치고(이하 ‘"
protection_mechanism,144980,3,False,"’라 한다) 등과 그들 소유의 별지 제1 내지 3 목록 기재 부동산(별지 제3목록 기재 부동산 중 순번 24 내지 29번 제외, 이하 같다) 등에 관하여, 채권최고액 71억 오천만 원의 근저당권설정계약을 체결하고 2005. 6. 13. 위 각 부동산을 공동담보로 하는 근저당권설정등기를 마쳤다(이하 ‘"
fraud_core,12467,3,True,"“임차인과 합의한 세대에 대하여 당해 임대주택을 임차인에게 매각(분양전환)할 수 있는 것이며, 임대의무기간이 지난 공공건설임대주택의 우선매각은 임대주택법 시행령 제13조의 규정에 의하여 입주일 이후부터 매각 당시까지 당해 임대주택에 거주한 무주택자인 임차인에게 우선적으로 매각하도록 규정하고 있다.”"
fraud_core,38355,3,False,"‘F’ 공인중개사사무소에서 임대수입을 목적으로 다가구 주택을 매입하려는 피해자 G과 이 사건 건물을 7억 2,500만 원에 매도하는 계약을 체결하였다. 피고인은 위 계약 체결 당시 위 공인중개소 사무원인 H을 통해 피해자에게 이 사건 건물의 보증금 및 월세가 기재되어 있는 임대현황표를 제시하면서 “"
deposit_dispute,20931,3,False,"’이라고 한다)을 체결하고, 그 무렵 임대차보증금 20억 원을 지급하였으며, 계약기간이 만료된 2005. 11. 1.에 임대차기간을 2007. 10. 31.까지로 연장하는 내용의 임대차계약을 체결하였다. 나. 원고는 2006. 6. 28. 피고 1과 사이에, 피고 1이 별지 목록 기재 채권(이하 ‘"
protection_mechanism,32651,3,False,"‘○○ 텔’에 납부하였다.  라) 망인은 2012. 6. 22. 최HH와 이 사건 건물 3층에 관하여 임대차보증금200,000,000원, 월차임 2,800,000원(부가가치세 별도), 임대차기간 2012. 7. 2.부터 2017. 7. 1.까지 5년으로 정한 임대차계약을 체결하면서, 특약사항으로 ‘"
deposit_dispute,38833,3,False,"”을 위임하였다. 당시 원고의 대출담당자(I)는 K에게 등기신청업무를 위임하면서 등기신청서류 접수 전에 반드시 이 사건 주택에 대한 전입세대열람내역표를 열람하여 1순위 우선변제권 확보에 이상이 없는지 확인하고 등기신청 접수를 하여 달라고 구두로 요청하며, 근저당권설정계약서에 포스트잇을 이용하여 “"
deposit_dispute,56580,3,False,"’이라고 한다). 나. 피고는 2018. 7. 17. 원고로부터 209,000,000원을 대출받으면서 그 대출금 채무에 대한 담보로 2018. 7. 16. 이 사건 임대차계약에 따른 임대차보증금반환채권을 원고에게 양도하였고, 같은 날 E에게 양도사실을 통지하였다. 다. 피고는 그 무렵 원고에게 “"
deposit_dispute,91278,3,False,"‘이라 한다). 나. 원고들과 피고는 G 명의로 2008. 4. 7. H와 사이에, H로부터 이 사건 아파트를 170,000,000원에 매수하되 그중 110,000,000원은 기존의 임대차보증금반환채무를 인수하는 것으로 갈음하고 잔금 60,000,000원을 지급하기로 하는 내용의 매매계약(이하 ‘"
fraud_core,95290,3,False,"'을 운영하던 사람이다. 나. 피고 B과 G의 임대차계약 1) 피고 B은 2011. 12. 22. G과 사이에 이 사건 건물에 관하여 임대차보증금 2,500만 원, 차임 140만 원, 임대차기간 2011. 12. 30.부터 2013. 12. 30.까지로 정하여 임차하기로 하는 임대차계약(이하 '"
deposit_dispute,37089,3,True,"‘O’ 사업자등록증, C과 P 사이의 필리핀 마사지샵 관련 계약서, C이 CEO로 기재된 O 명함, 마사지샵 O 명패도장이 포함되어 있다. ② M 명의의 사업자등록은 2019. 2. 20.에 이루어졌는데, 위 필리핀 마사지샵 관련 계약서는 2019. 2. 24. 체결되었고, 계약서 제3조는 ‘"
deposit_dispute,56210,3,False,"‘계약권한 일체’란 이 사건 부동산에 관한 임대차계약의 체결부터 종료에 이르기까지 일체의 행위를 할 수 있는 권한, 즉 임대차보증금의 수령권한까지 포함한다고 해석함이 타당하다. 피고가 주장하는 사후적인 사정 및 제출한 증거만으로는 이를 뒤집기에 부족하고, 달리 반증이 없다. ① 위 위임장에 “"
deposit_dispute,121043,3,True,"‘피고 등이 요구한 서류는 피고회사에 보관되어 있으며, 이 사건 계약서 제13조 및 제14조(위 가.의 ⑶항과 ⑷항에 해당한다)의 내용에 비추어 피고 등이 연한초과차량대금과 매출액누락분을 피고회사의 채무로 계상하는 것은 부당하고, 차고지 임대차보증금은 피고회사가 위 소외 3으로부터 반환받았다’"
deposit_dispute,9119,3,False,"'이라 한다)으로부터 180,000,000원을 대출받았다. 다. B은 2015. 11. 9. C과 사이에 C 소유의 이 사건 부동산에 관한 근저당권설정계약을 체결하고, 같은 날 위 부동산에 관하여 채무자 C, 채권자 B, 채권최고액을 75,000,000원으로 한 근저당권설정등기(이하 '"
deposit_dispute,130268,3,False,"’이라 한다), 이에 따라 G 등에게 임대차보증금을 모두 지급하였으며, 그 무렵 이 사건 각 건물을 인도받아 전입신고를 마치고 이 사건 각 임대차계약서에 확정일자를 받았다.  다. 피고 E은 이 사건 각 임대차계약 당시 원고들에게 중개대상물 확인․설명서를 교부하였는데, 그 설명서의 ‘"
protection_mechanism,53993,3,True,"’는 우선해지특약을 하였고, 그 신용보증약관 제15조 제1호에는 참가인이 위 특약사항을 위반하였을 경우 원고는 보증채무의 전부 또는 일부에 대하여 책임을 지지 아니한다고 기재되어 있는 사실, 한편 신용보증약관 제1조와 원고가 2차 보증 당시 참가인에게 송부한 신용보증 승인확인서에는 ‘"
deposit_dispute,85054,3,True,’에 지급되는 채권을 의미하는 것이므로(대법원 1996. 9. 20. 선고 96다25302 판결) 이 사건 지연배상금의 소멸시효가 3년이라 볼 수 없다. 따라서 피고의 소멸시효 항변은 이유 없다. 다. 이 사건 임대차계약 4.제3조의 위약금에 관하여 본다. 이 사건 임대차계약에서 ’
deposit_dispute,96432,3,False,"‘F’라는 상호로 컨테이너 보관장소로 사용하였다. 마. 이 사건 임대차계약 당시 특약사항으로, 피고는 임대차기간 만료일까지 석분과 자갈을 제거하고 복토하여 원상복구하기로 하였고, 만일 피고가 이를 어길 경우 보증금을 포기하고 위 원상복구시까지 임대료 2배를 배상하기로 하였다(이하 ‘"
deposit_dispute,140364,3,False,‘이 사건 계약’이라 한다)을 체결하고 D로부터 이 사건 부동산을 인도받아 관리비를 납부하고 각 호실을 관리하는 등 이 사건 부동산에서 고시원을 운영하였다. 피고는 그 무렵 원고에게 D와 임대차계약 해지 사실을 알렸다. 사. 원고는 2019. 1. 21. 피고에게 피고의 요구로 “
deposit_dispute,124956,3,True,"‘피고 3이 구 공인중개사법 제33조 제6호에서 금지하는 쌍방대리를 하였거나, 구 공인중개사법 제19조에서 금지하는 중개사무소등록증을 대여받아 이 사건 계약을 중개하였다. 따라서 위 중개계약은 무효이므로, 피고 3, 피고 4는 원고한테서 받은 중개수수료를 반환할 의무가 있다’"
protection_mechanism,34501,3,False,"’이라 한다)에 관하여, 임대차보증금 25,000,000원, 임대차기간 2015. 1. 1.부터(특약사항으로 전세임대기간 만료 시 계속 연장하는 것으로 간주하며, 만료 2개월 전 사전 협의하여 결정하기로 하였음)로 정하여 이 사건 임차부분을 임차하는 내용의 임대차계약(이하 ‘"
deposit_dispute,153,3,False,"’라 한다)는 피고 B와 공제계약을 체결한 공제보험업자이다. 다. 이 사건 건물에 관하여 채권최고액 3억 원, 채무자 D, 근저당권자 G조합인 근저당권설정등기가 마쳐져 있었는데, G조합의 신청에 따라 2019. 7. 23. 이 사건 건물 및 그 대지에 대한 임의경매(이하 ‘"
deposit_dispute,8696,3,False,‘D’이라는 상호로 종이제품 등을 제조하는 업체를 운영하였다. 원고는 위 임대차기간이 만료된 이후에는 묵시적 갱신을 통하여 위 임차목적물을 계속 점유․사용하여 오다가 2018. 4. 9. 피고에게 2018. 4. 10.자로 이 사건 임대차계약을 해지한다는 의사가 표시된 ‘
deposit_dispute,82461,3,False,‘D’이라는 상호로 종이제품 등을 제조하는 업체를 운영하였다. 원고는 위 임대차기간이 만료된 이후에는 묵시적 갱신을 통하여 위 임차목적물을 계속 점유․사용하여 오다가 2018. 4. 9. 피고에게 2018. 4. 10.자로 이 사건 임대차계약을 해지한다는 의사가 표시된 ‘
deposit_dispute,52003,3,False,"’이라 한다)에서 어린이집 운영을 위해 위 건물을 임차한 자이다. 나. 원고는 피고와의 사이에 2014. 12. 31.경, 임대차보증금 5,000,000원, 월 임료 355,720원, 계약기간 2015. 1. 1.부터 2019. 12. 31.로 하는 임대차계약(이하 ‘"
deposit_dispute,15480,3,False,"’이라 한다)을 운영하던 중, 2017. 1. 1. C와 사이에 이 사건 점포에 관하여 임대차보증금 4,000만 원, 차임 월 180만 원(부가가치세 별도), 관리비 60만 원, 임대기간 2017. 1. 1.부터 2019. 12. 31.까지로 하는 갱신계약(이하 ‘"
protection_mechanism,73238,3,False,"’라 한다)를 피고 광진섬유 명의로 경료해 주었다. 마. (1) 제1부동산에 관하여 선순위근저당권자인 기은십일차유동화전문 유한회사(중소기업은행으로부터 근저당권을 양도받았다)의 근저당권 실행으로 진행된 부동산임의경매절차( 의정부지방법원 2008타경7935호, 이하 ‘"
deposit_dispute,19014,3,False,"‘임대차보증금 8,000만 원, 차임 500만 원(부가가치세 별도, 매월 10일 지급), 임대차기간 2014. 2. 20.부터 2019. 2. 19.까지, 미납 시 월 2% 연체이자를 산정하여 변제, 임대차보증금의 채권보전을 위하여 이 사건 주차장에 근저당 설정’"
deposit_dispute,19423,3,False,"’이라 한다)을 체결하였는바, 그 계약 내용은 별지 2 부동산(공장)임대차계약서의 기재 내용과 같다. 나. 원고는 피고로부터 임대차보증금으로 2020. 6. 23. 60,000,000원, 다음 달 1일 540,000,000원, 합계 600,000,000원(이하 ‘"
deposit_dispute,104000,3,False,"‘0’이었던 사정을 고려할 때, 위 계약 체결 당시에 확정일자를 받지 아니하고, 2017. 2. 2.에 이르러서야 위 계약서에 확정일자를 받은 사정을 두고 이 사건 임대차계약이 허위라고 단정하기도 어렵다. 또한 C이 2013. 11. 18. D와 합의를 하면서 “"
fraud_core,136453,3,False,"’이라고 한다)을 상환하려고 하였다. 2) 소외 1을 대리한 원고승계참가인은 2009. 9. 7. 소외 2와 이 사건 아파트에 관하여 보증금 220,000,000원, 계약기간 2009. 10. 31.부터 2011. 10. 30.로 정하여 부동산임대차계약(이하 ‘"
deposit_dispute,101074,3,False,‘본인은 변제기일(또는 기한의 이익상실일)까지 대출원리금을 변제하지 못할 시에는 임대차기간 내에라도 귀 G은행이 임대인으로부터 임차보증금을 직접 반환받을 수 있도록 즉시 귀 G은행 또는 귀 G은행이 지정하는 자에게 임대차 목적물을 명도하여 드리겠음을 확약합니다’
deposit_dispute,47573,3,False,‘변제기일(또는 기한이익 상실일)까지 대출 원리금을 변제하지 못할 시에는 임대차기간 내에라도 원고가 임대인인 피고 한국토지주택공사로부터 임대차보증금을 직접 반환받을 수 있도록 즉시 원고 또는 원고가 지정하는 자에게 임대차 목적물을 명도하겠다고 확약한다’
deposit_dispute,145434,3,False,"‘이 사건 호실’이라 한다)를 임대차기간 2016. 6. 7.부터 2017. 6. 6.까지, 보증금 40,000,000원(= 계약금 500,000원 + 잔금 39,500,000원), 관리비 50,000원으로 각 정하여 임대하는 내용의 임대차계약(이하 ‘"
protection_mechanism,70378,3,False,"'이라 한다)를 임대차보증금 22,000,000원, 임대차기간 1997. 1. 26.부터 1998. 1. 25.까지로 정하여 피고가 임차하기로 하는 임대차계약을 체결하여, 그 무렵 위 보증금을 지급하고 이 사건 주택에 입주한 후 1997. 2. 4. '"
deposit_dispute,113306,3,False,‘주식회사’를 생략한다)에 대한 각 금융거래정보제출명령 결과에 변론 전체의 취지를 종합하면 이를 인정할 수 있다.   가) 이 사건 빌라 J호의 공동담보에 관한 판단 이 사건 근저당권설정계약 당시 E조합의 근저당권이 포항시 남구 I 지상 빌라(이하 ‘
fraud_core,89289,3,False,"’라고 한다)를 임대차보증금 160,000,000원(계약금은 8,000,000원 계약 당일 지급, 잔금 152,000,000원은 2018. 12. 29. 지불), 임대차기간 2018. 12. 29.부터 2020. 12. 28.로 정하여 임차(이하 ‘"
deposit_dispute,61703,3,False,"‘원고가 이 사건 토지에 설정된 근저당권의 피담보채무 41,000,000원과 이 사건 건물의 임대차보증금 반환채무 47,000,000원을 인수하고, 150,000,000원을 피고 2에게 지급하며, 피고 2는 이 사건 토지와 건물을 원고에게 양도한다’"
protection_mechanism,58968,3,True,"'이라 한다) 제179조 제1항 제2호에 따라 공익채권이 된다. 나) 이 사건 신탁계약이나, 이 사건 관리회사와의 아파트 관리계약이 현재까지 해지되지 않고 유지되고 있으므로, 이 사건 관리비 채권은 채무자회생법 제179조 제1항 제7호에서 정한 '"
fraud_core,119357,3,False,‘가’ 항과 같이 위조된 경남 거제시 G아파트 H호 부동산임대차계약서 1매를 우편 송부하여 이를 행사하였다. 다. 사기미수 피고인은 2019. 1. 4. 의정부시 가능동에 소재한 의정부지방법원 2018가단20866 임대차보증금 반환소송 중에 위 ‘
deposit_dispute,124976,3,False,"’라고 한다)와 임대차계약을 체결하였으나, 2017. 11.경부터 임대료를 지급하지 않아 2018. 2. 13.경 임대차계약 해지 통지를 받았다. J는 D를 상대로 이 사건 예식장에 관한 명도소송을 제기하였고, 이에 대하여 2018. 4. 5. ‘"
protection_mechanism,83445,3,True,"'위 제7-3조가 이 사건 신탁계약 제13조 제1항에서 이미 정해 놓은 선순위 공사대금과 대출원리금의 우선변제 순위를 변경하는 예외 조항이라고 볼 수는 없고, 이 사건 대출약정 제7-3조에 따른 어떠한 조치를 하여 수익이 발생하였다는 자료가 없다'"
deposit_dispute,110607,3,False,‘원고를 위해 이 사건 근저당권을 설정한 것이 아니고 회계감사 등을 위하여 설정하였고 피고에게 재산분할을 해준 뒤 기존 선순위 근저당권이 실행될 위기에 처하자 피고가 이 사건 건물을 담보로 새로 대출을 받기 위해서 이 사건 근저당권을 말소하였다’
deposit_dispute,143097,3,True,"‘B의 피고에 대한 이 사건 임대차보증금반환채권 중 157,036,350원(단, 주택임대차보호법 제8조 및 같은 법 시행령의 규정에 따라 우선변제를 받을 수 있는 금액이 있을 경우 이를 제외한 나머지 금액)에 대하여 채권압류 및 추심명령(이하 ’"
deposit_dispute,101306,3,False,"'이라 한다)의 4, 5층 중 별지2 원고별 인용금액 중 호실(구좌수)란 기재 각 호실에 관하여 임대차보증금은 같은 표 중 임차보증금란 기재 각 돈, 임대차기간은 2018. 2. 22.부터 2019. 2. 21.까지로 정하여 임대차계약(이하 '"
deposit_dispute,120744,3,False,"“본 계약 체결 후 을이 위약시에는 적립한 계약보증금 중 갑이 제비용(미수된 월임대료, 제세공과금, 부동산의 원상복구비용, 법적수속비용 및 기타경비)을 공제한 나머지를 을에게 임의변제하고, 강제명도 하여도 을은 어떠한 이의도 제기치 아니한다.”"
fraud_core,111844,3,False,"’ 사무소에서, 행사할 목적으로 그 정을 모르는 위 사무소 직원 G로 하여금 컴퓨터를 사용하여〔소재지: 보령시 H아파트 I호, 보증금: 금 육천오백만원정, 존속기간: 인도일로부터 2020년 7월 30일(24개월), 임대인: C, 임차인: A’"
deposit_dispute,106605,3,False,"’이라 한다), 피고는 2013. 1. 22. 원고에게 임대차보증금 5,000,000원을 지급하였다. 나. 그 후 이 사건 임대차계약은 묵시적으로 갱신되었고, 피고는 2013. 1. 22.부터 2021. 3. 25.까지 원고에게 별지2 ‘"
protection_mechanism,49812,3,True,「 제3조 제1항의 대항요건과 임대차계약증서상 확정일자를 갖춘 임차인은 민사집행법에 의한 경매 또는 국세징수법에 의한 공매시 임차주택(대지를 포함한다)의 환가대금에서 후순위권리자 기타 채권자보다 우선하여 보증금을 변제받을 권리가 있다」
deposit_dispute,73952,3,False,"‘이 사건 상가’라 한다)를 임대차보증금 30,000,000원, 월차임 1,700,000원(이후 1,800,000원으로 증액됨), 계약기간 2015. 5. 31.부터 2017. 5. 31.로 정하여 임차하는 내용의 임대차계약(이하 ‘"
protection_mechanism,8615,3,False,'피고가 이 사건 부동산의 사용·수익보다는 대항력 있는 임차인으로 보호받아 후순위담보권자보다 우선하여 채권을 회수하려는 것에 주된 목적이 있는 허위임차인이라고 인정할 증거가 부족하므로 피고에 대한 채권자 D의 청구는 기각되어야 한다'
fraud_core,48346,3,False,"’이라 한다)에서 임대보증금 500만 원, 월세 38만 원에 임차하여 거주 중이던 소외 4를 내보내고, 2007. 8. 21. 원고들과 위 임차주택에 관하여 전세보증금을 5,000만 원, 전세기간을 2년으로 정하여 전세계약(이하 ‘"
fraud_core,81923,3,True,”의 사전 동의 없이는 이를 양도하거나 질권을 설정할 수 없다. 제15조(신탁종료 및 신탁재산의 교부) ① 본 계약은 신탁기간 만료 또는 중도해지 및 계약해제에 의하여 종료하며 신탁종료에 따른 소유권이전 및 신탁등기말소 신청은 “
deposit_dispute,61238,3,False,"’이라 한다)을 체결하였고, 2019. 4. 22. 피고 C에게 별지 목록 기재 각 부동산에 관하여 수원지방법원 동수원등기소 2019. 4. 22. 접수 제34541호로 이 사건 근저당권설정계약을 원인으로 근저당권설정등기(이하 ‘"
fraud_core,104525,3,False,"' 공소외 1과 공소외 2가 통정하여 1998. 5. 18. 고소인 모르게 임차인을 공소외 2로 하는 임대차계약서를 다시 작성하여 고소인의 임대차 보증금 1,000만 원과 권리금 800만 원 합계 1,800만 원을 편취하였다.'"
deposit_dispute,55088,3,False,"'이라 한다)을 임대차보증금 53,825,000원, 월차임 213,580원, 임대차기간 2017. 11. 1.부터 2019. 10. 31. 까지로 정하여 임차하는 내용의 임대차계약을 체결하였다(이하 피고들 사이의 임대차계약을 '"
fraud_core,69953,3,False,‘당사에서는 매매계약 내용에 따라 소유권을 취득하고 이후 토지 및 건물을 당사에서 직접 사용하고자 하오니 위 건물 소유주인 임대인과 협의하여 명도일정(매매계약 체결 후 3개월 이내)에 차질이 없도록 준비하여 주시기 바랍니다.’
deposit_dispute,28171,3,False,"'이 사건 건물에 대한 피고의 임대차보증금 반환채무를 모두 인수하는 방법으로 위 잔금 750,000,000원의 지급에 갈음하고자 하며, 만일 임대차보증금액이 잔금액에 미치지 못하는 경우 부족분은 현금으로 정산해 드리고자 한다'"
deposit_dispute,63399,3,True,"‘계약서’를 기준으로 한다(제3조 제4항). ② 이 사건 양도계약 체결 전 2018. 9. 3.경 원·피고, D 직원 K와 G 직원 J은 이 사건 양도계약의 조건에 관하여 협의를 하였는바, K는 2018. 9. 5. J에게 ‘"
deposit_dispute,67611,3,True,"‘계약서’를 기준으로 한다(제3조 제4항). ② 이 사건 양도계약 체결 전 2018. 9. 3.경 원·피고, D 직원 K와 G 직원 J은 이 사건 양도계약의 조건에 관하여 협의를 하였는바, K는 2018. 9. 5. J에게 ‘"
protection_mechanism,94114,3,False,"’라 한다)에 관하여 채권최고액 420,000,000원, 채무자 소외 회사, 근저당권자 원고인 근저당권설정등기를 마쳤다. 나. 피고와 소외 회사 사이에 이 사건 빌라에 관해 작성된 2019. 2. 27.자 임대차계약서(이하 ‘"
fraud_core,132860,3,False,"'이라 한다)을 매매대금 1,955,697,000원(계약금 200,000,000원은 계약체결일에, 잔금 1,755,697,000원은 2015. 8. 28.에 각 지급하기로 약정)에 매수하기로 하는 내용의 매매계약(이하 '"
fraud_core,134221,3,False,"’이라 한다) 앞으로 2011. 2. 25. 설정계약에 기한 근저당권설정등기(채권최고액 2억 8,800만 원, 채무자 I, 근저당권자 P은행)를 마쳤고, 2004. 4. 30. 별지1 목록 순번 4항 기재 부동산(이하 ‘"
fraud_core,147943,3,False,"’라는 회사 명의로 임대계약서를 위조한 다음 이를 이용해 임차인들로부터 보증금 및 월세 명목으로 돈을 수령하기로 마음먹었다. 1. 사문서위조, 위조사문서행사 피고인은 2014. 11. 29.경 아산시 (주소 1 생략) ‘"
deposit_dispute,40306,3,False,"‘본 건물 18가구의 보증금 총액은 2억 8,300만 원 있음을 2016. 4. 30. 기준으로 임대인과의 통화로 확인하였으며, 실제 세부 권리관계는 임대인이 추후 중개사무소 방문하여 잔금 전까지 설명할 것임을 확인한다’"
deposit_dispute,36072,3,False,"’라 한다)를 작성하였다. 라. 원고는 2017. 6. 28. C와 사이에 이 사건 점포에 관하여 전세보증금을 80,000,000원으로 증액하고, 계약기간을 2017. 6. 28.부터 2년으로 정하여 임대차계약(이하 ‘"
deposit_dispute,39056,3,False,"’라 한다)를 작성하였다. 라. 원고는 2017. 6. 28. C와 사이에 이 사건 점포에 관하여 전세보증금을 80,000,000원으로 증액하고, 계약기간을 2017. 6. 28.부터 2년으로 정하여 임대차계약(이하 ‘"
protection_mechanism,56252,3,False,"'이라 한다)을 체결하였다. 나. 그 후 E과 피고는 종전 임대차계약상 임대차보증금과 월차임을 각 60,000,000원, 2,000,000원으로 감액하기로 하고, 2016. 1. 21. 변경된 내용의 임대차계약(이하 '"
deposit_dispute,82211,3,False,"’라고 한다)의 계약당사자가 되어 이 사건 계약서에 서명날인하고 H에게 계약금 2억 원을 지급하였다. 그로 인하여 이 사건 의료재단은 이 사건 건물 1, 3, 4층을 기본재산으로 취득할 수 있게 되었다(이하 ‘"
fraud_core,119638,3,False,"’이라고 한다)을 매수하고 원고 명의로 소유권이전등기를 마치고, 이 사건 임대차계약상 임대인의 지위를 승계하였다. 다. 원고는 2017. 4. 21. 피고와 사이에 다음과 같은 특약사항을 합의하였다(이하 ‘"
deposit_dispute,40580,3,False,"‘F호 시설과 관련하여 창틀, 창문, 출입문, 냉난방기, 벽면, 천장은 이전 임차인 미장원이 시설한 것으로 현 임차인(피고)는 책임이 없다. 23년 동안 노후와 관련된 상태에 대하여 임차인은 책임이 없다.’"
deposit_dispute,100363,3,False,"‘임차인은 임대기간 만료로 2020. 10. 6.까지 본인의 짐을 가지고 이사 가는 것에 동의한다. 모든 짐을 치우고 손상시킨 부분이 있을시 서로 협의한 후 전세보증금 2,000만 원을 임대인이 지급한다’"
deposit_dispute,15870,3,False,‘이 사건 공유건물의 임대사업을 영위하는 과정에서 임대차보증금을 반환하였다고 하더라도 당초부터 매출액에 반영되어 정산 대상에 포함된 바가 없는 임대차보증금이 매출액에서 공제되는 비용이라고 볼 수는 없다’
deposit_dispute,16240,3,False,"'H이 서울중앙지방법원 2009카합3303호 가처분이의 사건에서 피고와 합의한 금전지급 약속을 어길 경우 이 사건 건물에 관한 임차인의 지위를 포기하고, 피고에게 임차인 명의와 임대차보증금을 양도한다.'"
fraud_core,18608,3,False,‘피고가 임대인 원고와 사이에 체결된 2013. 1. 12.자 부동산임대차계약서와 2016. 1. 12.자 부동산임대차계약서 및 관련 서류 일체를 계룡시청(건설교통과 건설행정팀)에 제출한 사실이 있다’
deposit_dispute,55896,3,False,’라는 상호로 구두수선집을 운영하였다. 4) 이 사건 임대차계약은 임대기간 만료 이후 묵시적으로 갱신되어 왔다. 나. 화재의 발생 1) 2019. 5. 3. 06:05경 이 사건 점포에서 화재(이하 ‘
protection_mechanism,127358,3,False,’라 한다)를 경료해주었다. (나) 피고 5에게 2009. 11. 26.자 근저당권설정계약을 원인으로 부산지방법원 중부산등기소 2009. 11. 26. 접수 제33025호로 근저당권설정등기(이하 ‘
fraud_core,8735,3,False,"‘인근’으로 평가될 수 있다. 그리고 이 사건 각 분양계약 당시 고속철도 H역은 이미 개통공사가 시작되어 공사현장 및 부지를 육안으로 확인할 수 있었고, 이 사건 각 분양계약의 계약서에도 ‘"
deposit_dispute,140547,3,False,"’이라고 한다)이 설정되어 있었는데, 원고와 D은 매매대금의 지급을 D이 이 사건 근저당권의 피담보채무와 이 사건 건물에 관한 임대차보증금반환채무를 인수하는 것으로 갈음하기로 하였다(이하 ‘"
fraud_core,119821,3,False,‘2008. 9. 10.경 실제로 수목매매계약이 체결되었고 당시 매매계약을 체결하는 자리에 공소외 34가 함께 있다가 계약서를 컬러로 복사하여 공소외 35에게 건네주어 이를 받아 두었다.’
protection_mechanism,98583,3,False,"’이라고 한다)을 체결하여 2004. 6. 28. 근저당권설정등기를 마쳐주고, 2004. 7. 5. 피고 2와 사이에 채권최고액 275,015,000원으로 된 근저당권설정계약(이하 ‘"
deposit_dispute,55778,3,False,‘원고 B과 D이 혼인의 의사로 피고 소유의 이 사건 아파트에 거주하기로 하면서 피고 소유의 이 사건 아파트의 종전 임차인에게 반환해 주어야 할 임대차보증금 자금으로 사용하기 위해’
deposit_dispute,66327,3,False,‘원고 B과 D이 혼인의 의사로 피고 소유의 이 사건 아파트에 거주하기로 하면서 피고 소유의 이 사건 아파트의 종전 임차인에게 반환해 주어야 할 임대차보증금 자금으로 사용하기 위해’
deposit_dispute,93839,3,False,"'임대인이 고지한바 현 건물 선순위전세보증금 주인세대-1억 3천(2018. 12. 이사예정), 투베이-4천만원, 원룸-3,500만원 있다고 고지함[총 보증금 2억 3천 9백만원].'"
deposit_dispute,107086,3,False,"'반소피고와 신규임차인 F 사이의 새로운 임대차계약을 주선하고자 하니, F과 새로운 임대차계약을 체결하여 반소원고로 하여금 F으로부터 권리금을 수수할 수 있도록 협조해 주기 바란다'"
deposit_dispute,9376,3,False,"”이 사건 매매계약 체결 당시 피고인이 운영하는 B가 이 사건 빌라에 대한 임대차보증금을 부담하고, B에는 총 매매대금에서 임대차보증금을 공제한 금액을 지급하기로 약정하였다.“"
deposit_dispute,35944,3,False,"”이 사건 매매계약 체결 당시 피고인이 운영하는 B가 이 사건 빌라에 대한 임대차보증금을 부담하고, B에는 총 매매대금에서 임대차보증금을 공제한 금액을 지급하기로 약정하였다.“"
deposit_dispute,135453,3,False,"‘이 사건 방’이라 한다)을 임대차보증금 35만 원, 차임 월 35만 원, 계약기간 2017. 9. 13.부터 2018. 8. 12.까지로 정하여 임차하는 임대차계약(이하 ‘"
protection_mechanism,84000,3,False,‘이 사건 임대차계약이 종료된 이후에는 이 사건 주택에 직접 거주할 계획이므로 귀하의 임대차계약 갱신 요구를 받아들일 수 없음을 본 서면을 통하여 다시 한번 알려드립니다.’
deposit_dispute,12492,3,False,’라는 상호로 화장품판매업을 운영하였다. 그 후 임대차보증금 및 차임의 증액 없이 임대차기간을 2019. 11. 15.까지로 하는 내용으로 임대차계약이 갱신되었다(이하 ‘
fraud_core,4969,3,False,'이 사건 계약 당시 피고인 A 측에서 다른 회사나 개인과 어떤 계약을 체결하였는지 전혀 몰랐다. 만약에 그런 것이 있었으면 이 사건 계약을 아예 체결하지 않았을 것'
deposit_dispute,86704,3,False,"’고 약정한 사실, 참가인은 2005. 1. 31. 원고로부터 금원을 차용하면서 그 채무 담보를 위하여 이 사건 임대차계약에 기한 임대차보증금반환채권을 양도(이하 ‘"
deposit_dispute,437,3,False,"‘계약 당사자는 계약 해제에 따른 손해배상을 각각 상대방에 대하여 청구할 수 있으며, 손해배상에 대하여 별도의 약정이 없는 한 계약금을 손해배상의 기준으로 한다’"
deposit_dispute,147601,3,False,"‘이 사건 주택’이라 한다)에 관하여 임대차보증금 80,000,000원, 계약기간 2017. 2. 16.부터 2019. 2. 15.까지로 정한 임대차계약(이하 ‘"
fraud_core,102053,3,False,"“C건물 J호는 보증금 20만 원, 차임 38만원의 월세이고, K호는 보증금 30만 원, 차임 50만원의 월세이며, L호는 임대차 계약을 체결한 사실이 없다.”"
protection_mechanism,9761,3,True,‘임차인이 제6조 제1항 전단의 기간(임대차기간이 끝나기 6개월 전부터 2개월 전까지의 기간) 이내에 계약갱신을 요구할 경우 정당한 사유 없이 거절하지 못한다’
deposit_dispute,65699,3,False,"‘이 사건 주택’이라 함)에 관하여 임대차보증금 7,500만 원, 계약기간 2014. 11. 9.부터 2016. 11. 8.까지로 하는 주택임대차계약(이하 ‘"
deposit_dispute,92665,3,False,"‘부동산에 존재하는 선순위 권리(근저당권, 임차권 등)로 인하여 경매 등이 실행될 경우 임차보증금의 전부 또는 일부를 반환받지 못할 수도 있음을 확인한다’"
fraud_core,24790,3,False,"‘임대차보증금: 53,000,000원, 임대차기간: 2014. 1. 18.부터 2016. 1. 17.까지, 임대인: 망인, 임차인: 원고, 중개인: F’"
deposit_dispute,45608,3,False,"‘쿨투’라 한다)와 소외인 등은 이 사건 임대차계약 체결 당시 임대차보증금반환채권을 양도하지 못하는 것으로 약정하였는데, 쿨투가 원고(반소피고)(이하 ‘"
deposit_dispute,122983,3,False,‘임차인이 유익비를 지출한 경우에는 임대인은 임대차종료 시에 그 가액의 증가가 현존한 때에 한하여 임차인의 지출한 금액이나 그 증가액을 상환하여야 한다’
protection_mechanism,18587,3,False,“지방자치단체의 장은 채용된 지방계약직공무원의 근무상황과 업무수행실적을 정기 또는 수시로 평가하여 계약의 변경·연장 또는 해지시 이를 반영할 수 있다.”
deposit_dispute,37629,3,False,"’이라 한다)에 대하여 임대인은 피고로, 임대차보증금은 35,000,000원으로, 임대차기간은 2019. 1. 19.로 정하여 임대차계약(이하 ‘"
deposit_dispute,100078,3,False,"“① 소유권 이전 중이므로, 소유권 이전과 동시에 전세권설정을 하기로 한다. ② 전세권보다 선순위로 근저당권 2,000만 원을 인정하기로 한다.”"
deposit_dispute,54637,3,False,‘소액보증금’이라 한다)에 관하여 다른 담보물권자보다 우선하여 변제받을 권리를 인정하는 한편 같은 조 제3항은 우선변제를 받을 임차인(이하 ‘
fraud_core,126218,3,False,“하나의 주택에 2인 이상의 임차인이 그 주택에서 가정공동생활을 하는 경우에는 이들을 1인의 임차인으로 보아 이들의 각 보증금을 합산한다.”
deposit_dispute,48826,3,False,‘임차인은 계약기간 중에 제3자에게 이 계약상의 권리를 양도하거나 임대차 물건의 전부나 일부를 전대할 수 없으며 이는 불법점유로 본다’
deposit_dispute,36853,3,False,"“임대차계약을 해지하고 그 건물의 점유를 인도하여 줄 것이고, 이 사건 질권설정계약에 기한 I과의 관계는 자신이 잘 해결해 주겠다.”"
deposit_dispute,54660,3,False,’이라 한다)을 체결하였다.  다. 원고와 피고 B은 2018. 10. 16. 이 사건 임대차계약에 기한 임대차보증금반환채권(이하 ‘
protection_mechanism,70196,3,True,“제2조 제3항의 개정규정 중 제3조 대항력에 관한 규정은 이 법 시행 후 최초로 계약이 체결되거나 갱신되는 임대차부터 적용한다.”
fraud_core,59463,3,False,‘임차인의 계약갱신요구권은 최초의 임대차 기간을 포함한 전체 임대차 기간이 5년을 초과하지 않는 범위 내에서만 행사할 수 있다’
deposit_dispute,137221,3,False,‘잔금 시 건축물의 보존등기에 관한 문제점 및 보증금 등에 대한 책임 있는 확약서를 임대인(대리인)은 임차인에게 써주기로 한다’
deposit_dispute,81534,3,False,"‘E이 반환받을 보증금 350,000,000원은 J이 직접 E에게 지급하기로 하고 피고는 이를 J의 보증금 지급으로 인정한다’"
deposit_dispute,75506,3,True,“제5조: 임차인은 임대인의 승인하에 개축 또는 변조할 수 있으나 부동산의 변환기일전에 임차인의 부담으로 원상 복구키로 함”
deposit_dispute,136835,3,False,"“2012. 4. 11. 만기시에는 임대인이 사용하여야 하기에 재계약이 불가하며, 반드시 임차인이 점포를 비워주기로 한다”"
fraud_core,132721,3,False,"'임대인 피고인 1, 임차인 피고인 2, 임대차보증금 40,500,000원, 주택인도일 1998. 3. 28.'"
deposit_dispute,15672,3,False,"“만기 3개월전 연장여부를 협의하고, 원고가 이를 이행하지 않을 시에는 보증금 반환은 하지 않는 조건부계약이다”"
deposit_dispute,56738,3,False,"“임차인 J에게 문의함, 계약서 작성시 호수 기입없이 안채로 계약하였으며, 전입도 호수 기재없이 전입하였다 함”"
deposit_dispute,77177,3,False,“매수인(임차인의 오기로 보인다)이 현지 확인 후 현 시설 상태에서의 매매계약(임대차계약의 오기로 보인다)이다”
deposit_dispute,127537,3,False,"‘소외 2는 이 사건 임대차보증금반환채권을 사건본인(소외 3)에게 양도하고, 임대인에게 그 양도사실을 통지한다’"
protection_mechanism,23941,3,False,"""임대차계약을 체결하거나 보증금을 지급한 바가 없을 뿐더러 향후 임차보증금에 대한 권리주장을 하지 않겠다."""
fraud_core,140876,3,False,"‘이 사건 양도계약, 이 사건 대출약정, 근질권설정계약, 이 사건 신탁계약, 매입보장약정 및 자금대여약정’"
fraud_core,142598,3,True,"""본 신탁계약 일반조항 제10조에도 불구하고 신탁부동산에 대한 임대차계약은 체결하지 않음을 원칙으로 한다"""
deposit_dispute,13105,3,False,‘이 사건 임대차계약 당시 미등기 임차인의 임대차보증금․임대차의 시기와 종기 등 이 사건 건물의 권리관계’
deposit_dispute,74899,3,False,‘위 무주택자인 임차인은 임차인이 속한 세대의 세대원 전원이 주택을 소유하고 있지 않은 임차인을 의미한다’
deposit_dispute,128393,3,False,‘위 무주택자인 임차인은 임차인이 속한 세대의 세대원 전원이 주택을 소유하고 있지 않은 임차인을 의미한다’
deposit_dispute,121489,3,False,“계약서에 조건부 계약에 관한 사항이 반영되어 있지 않으므로 조건부 계약임을 입증할 증거가 전무한 상황”
deposit_dispute,89679,3,False,"‘임대차보증금 1000만 원은 직전계약자인 원고와 임대인, E이 1개월 이내에 만나서 별도로 합의한다’"
fraud_core,50744,3,False,“임대차기간이 끝난 경우에도 임차인이 보증금을 반환받을 때까지는 임대차관계가 존속되는 것으로 본다.”
deposit_dispute,55760,3,False,“임대차기간이 끝난 경우에도 임차인이 보증금을 반환받을 때까지는 임대차관계가 존속되는 것으로 본다.”
deposit_dispute,128836,3,False,"'원고들의 피고에 대한 3, 4 임차인 임대차보증금 반환채무 중 내부적 지분 분담금 지급채무 부존재'"
fraud_core,82265,3,False,“임대차가 종료된 경우에도 임차인이 보증금을 반환받을 때까지 임대차관계는 존속하는 것으로 본다.”
deposit_dispute,5763,3,False,"‘임대차계약을 연장할 의사가 없고, 보증금 반환과 함께 이 사건 부동산을 열쇠와 함께 반납하겠다’"
deposit_dispute,7162,3,False,‘알아보니 전세계약갱신청구가 가능하다고 한다. 형편이 여의치 않아 전세계약 연장했으면 한다.’
protection_mechanism,129129,3,False,‘이 사건 매매계약의 대금지급채무에서 이 사건 임대보증금의 반환채권을 공제(상계)하는 합의’
deposit_dispute,50294,3,False,'본계약은 분양 점포주를 대신한 위임계약으로 잔금입금시 분양점포주와 본 계약을 체결한다.'
deposit_dispute,108864,3,False,‘위 매매계약은 임대차 계약(2015. 2. 2.자)으로 지급된 금액을 계약금으로 한다’
deposit_dispute,129451,3,False,"‘임대계약(임대인 B, 임차인 E)의 상실을 인정하며 이로서 본인의 권리상실을 인정한다’"
fraud_core,72793,3,False,"‘사업주체가 대물변제, 허위계약, 이중계약 등 정상계약자가 아닌 자에게 부담하는 채무’"
deposit_dispute,839,3,False,"""부동산중개업자는 임대인과 임차인이 본 계약을 불이행함으로 인한 책임을 지지 않는다."""
deposit_dispute,37336,3,False,"""선순위보증금 및 월세 보증금 총 약 팔천오백만원(임대인에게 확인 설명 들음)"""
deposit_dispute,124610,3,False,"‘이라 한다)을 체결하였는데, 위 계약의 특약사항에는 보증금 입금 계좌번호로 ’"
deposit_dispute,131413,3,False,"‘이라 한다)을 체결하였는데, 위 계약의 특약사항에는 보증금 입금 계좌번호로 ’"
protection_mechanism,82629,3,False,"‘전세권 설정 외 월세 3건 보증금 3,000만 원- 임대인 고지에 의함’"
deposit_dispute,114917,3,False,“2년 전세 계약을 하면 계약이 끝나는 날 보증금을 모두 돌려주겠다”
fraud_core,57221,3,False,‘임대인이 분양계약서상 수분양자임을 확인하고 계약을 진행한다’
deposit_dispute,44802,3,False,‘임차인의 퇴거일 및 보증금 반환요구 우편송부에 대한 답변’
fraud_core,111287,3,False,’임대차계약이나 그에 기초한 임차인과 임대인의 합의‘
deposit_dispute,1677,3,False,‘임대인의 임대차보증금 반환의무’
fraud_core,1897,2,False,"’을 주식회사 B을 소유권자로 하여 소유권보존등기를 경료하였고, 그 무렵 D에게 위 오피스텔 E호와 F호를 임대차보증금 없이 월세 100만 원을 지급받는 조건으로, 위 오피스텔 G호를 임대차보증금 없이 월세 80만 원을 지급받는 조건으로 임대하였다. 한편, 피해자 H와 피해자 I은 남매지간으로, 2019. 1.경 피해자들과 이종사촌인 위 D로부터 피해자 H는 위 오피스텔 E호를, 피해자 I은 위 오피스텔 G호를 임차하여 생활하고 있었다. [범죄사실] 피고인은 2019. 2.경 제주시 J에 있는 위 오피스텔 E호에서, 피해자들에게 “"
protection_mechanism,135492,2,False,"”로 표시된 위 피고의 주민등록은 이 사건 임대차의 공시방법으로서 유효하다고 볼 수는 없고 위 피고가 실제 호수에 맞게 주민등록상의 주소를 변경한 2003. 4. 8.에야 비로소 대항력을 취득하였다고 볼 수 있다. 그러나, 통상 담보권자가 되려는 자는 담보로 제공된 건물을 다른 사람이 임차하여 거주하고 있는지의 여부를 조사하는 것이 보통이므로, 이 사건에 있어 원고도 별지 목록 기재 각 건물에 대한 근저당권을 취득하기 전에 보람건설(채무자)에게 묻거나 직접 담보대상물을 조사하는 방법으로 담보가치를 파악하였을 것이고 그 과정에서 “"
fraud_core,59482,2,False,"“㉠ 피고인의 주식 2,420주(1억 9,300만 원)를 그 대금을 지급받은 후 차기 대표이사인 공소외 5에게 일괄 양도한다. ㉡ 공소외 5, 공소외 1, 공소외 4는 피고인의 지분 2,420주에 대한 대금 1억 9,300만 원을 2012. 5. 30.까지 현금으로 지불한다. ㉢ 공소외 5, 공소외 1, 공소외 4는 2012. 3. 21.부터 피해자 회사의 임대차보증금 2억 원에 대하여 피고인에게 채권양도를 하되, 2012. 5. 30.까지 1억 9,300만 원을 지급완료 시 피고인은 임대차보증금에 대한 채권양도를 취소한다.”"
protection_mechanism,38236,2,False,"'는 말을 들었던 것을 기억하고 피고인을 찾아가 전세보증금을 반환받을 수 있도록 도와달라고 부탁한 사실, 이에 피고인은 당초 공소외 1에게 이 사건 민사소송과 관련하여 법률적인 지원을 하는 조건으로 자신과 성관계를 가질 것을 요구하였으나, 피고인과의 성관계는 거절하면서도 계속하여 다른 조건하에 법률적인 지원을 해달라고 부탁하는 공소외 1에게 착수금 200만 원, 제1심 승소시 사례금 300만 원을 지급할 것을 요구한 사실, 이에 피고인과 공소외 1은 이 사건 공소사실 기재 범행 일시·장소에서 공소사실 기재와 같은 약정(이하 '"
deposit_dispute,39439,2,True,"'과 교육세 및 각 그 가산금에 대하여 교부청구를 한 이상 그 이후 배당기일까지 발생되는 중가산금을 확장하여 다시 교부청구를 하면 이를 위 지방세 및 교육세에 대항하지 못하는 임차보증금 반환채권에 우선하여 배당을 하여야 한다고 해석할 여지가 있다. 그러나 이는 다음과 같은 이유에서 타당한 해석이라고 할 수 없다. 즉, (1) 중가산금은 단순히 지연배상금의 성질만을 가지고 있는 것은 아니고, 조세의 체납자들에 대한 제재의 성질을 띤 금전적 행정벌이라고도 볼 수 있는 점, (2) 지방세법 제31조 제2항의 규정에 비추어 보면 '"
protection_mechanism,149388,2,False,"‘이 사건 토지’라 한다)에 관하여 채무자 소외 2, 근저당권자 원고들, 채권최고액 7억 원의 근저당권설정등기를 마쳤고, 부산광역시(처분청 연제구청)는 소외 1 주식회사가 주민세(법인세할)을 체납하였음을 이유로 2002. 8. 16. 이 사건 토지를 압류하였다. 나. 예비적 피고는 지방산업단지개발사업{사포일반지방산업단지 조성사업(1차)}의 부지로 이 사건 토지를 수용하면서 손실보상협의가 이루어지지 아니하자 중앙토지수용위원회에 재결신청을 하였고, 위 위원회는 2008. 6. 19. 보상금을 114,173,000원(이하 ‘"
deposit_dispute,142140,2,False,"‘이 사건 호실’이라 한다)를 임차한 사실이 없음에도, 마치 피고인이 D으로부터 이를 정상적으로 임차한 것처럼 가장하고 허위의 전세자금 대출을 받기로 공모하였다. 위와 같은 공모에 따라 피고인은 B, C과 2014. 3. 28.경 부산 부산진구 G에 있는 H 공인중개사무소에서 피고인이 D으로부터 이 사건 호실을 보증금 7,000만 원에 임차하였다는 취지가 기재된 허위의 부동산 전세 계약서 및 대출신청서 등 서류를 작성하였다. 계속하여 피고인은 B과 2014. 4. 11.경 부산 부산진구 I에있는 피해자 J(이하 ‘"
fraud_core,15040,2,False,"’라고 기재되어 있고, F 명의의 인장이 날인되어 있으며, 주소 및 사업자등록번호 란에는 개인사업자 F(G)의 주소 및 사업자등록번호가 기재되어 있다. 바. 피고는 이 사건 임대차계약서에 기재된 수협 계좌로 보증금 5,000만 원을 송금하였고, 2018. 2. 4.경 이 사건 건물을 인도받았다. 사. 피고는 이 사건 소장을 송달받은 후인 2019. 8. 14. 이 사건 건물에 관하여 수원지방법원 2019카임398호로 주택임차권등기 명령을 받았고, 2019. 9. 3. 이 사건 건물에서 퇴거하였다. 아. 원고는 ‘"
deposit_dispute,121578,2,True,"’이라 한다). 그 주요 내용은 다음과 같다.  나. 원고는 2020. 2. 1. 피고에게 임대차보증금 3억 원을 지급한 다음 이 사건 상가에서 마트를 운영하여 왔다. [인정근거] 다툼 없는 사실, 갑 제1 내지 3호증(가지번호 있는 것은 가지번호 포함)의 각 기재, 변론 전체의 취지 2. 당사자들의 주장 가. 원고 원고는 코로나19 전염병으로 인하여 적자가 누적되어 이 사건 상가에서 더 이상 마트 운영을 할 수 없어 폐업하고 피고에게 이 사건 상가를 인도하였는바, 기간을 정한 임대차계약에서 민법 제636조의 ‘"
deposit_dispute,137361,2,False,"‘이 사건 건물’이라고 한다)를 매수하여 2003. 9. 3. 위 건물 중 각 1/2 지분에 관하여 소유권이전등기를 마쳤다. (2) 소외 3은 2003. 9.경 소외 1의 연대보증 하에 주식회사 부산은행으로부터 이 사건 건물 매수자금으로 220,000,000원을 대출받았고, 소외 1과 소외 3은 위 은행에 대한 대출금채무 내지 연대보증채무를 담보하기 위하여 2003. 9. 3. 위 건물에 관하여 근저당권자를 위 은행, 채무자를 소외 3, 소외 1, 채권최고액을 264,000,000원으로 하는 근저당권등기(이하 ‘"
deposit_dispute,71809,2,False,"’으로 하는 내용의 임대차계약서를 작성하였고, 2004. 10. 6. 소외 1과 피고 2 명의로 합계 150,000,000원을 입금하는 등 그때로부터 2004. 11. 26.까지 총 21회에 걸쳐 피고 등과 소외 3의 명의로 하나마트에 합계 494,000,000원을 위 임대차보증금으로 지급하고, 그 이후 2006. 5. 11.까지 하나마트에게 월차임을 지급하였다. (2) 피고 등은 2004. 10. 14.부터 2007. 1. 5.까지 하나마트에게 별지 표 기재(다만, 소외 1이 2004. 11. 1. 입금한 ‘"
deposit_dispute,56389,2,False,"“매매대금은 이 사건 슈퍼마켓을 담보로 대출을 받아서 주겠다는 말은 저희(D 또는 양도회사)가 계속 돈을 독촉할 때 하였고 이 사건 양수도계약 체결 이후에 (피고인이) 이야기했다. 계약 체결을 할 당시에는 피고인이 대출받아서 준다고 이야기한 적이 없고 저희가 돈을 독촉하니까 받아서 준다고 했다. 대금을 지급받기 전에 이 사건 슈퍼마켓의 점유와 사업자명의를 먼저 넘겨준 이유는 (피고인이) 이 사건 슈퍼마켓 안에서 같이 영업하던 분이고 처음 본 사람이 아니며, 임대회사 회장이라는 G이 보증을 해서였기 때문이다.”"
fraud_core,55983,2,True,"’이 있는 경우는 아니다. 원고는 또, 피고들이 건물인도를 거부하여 원고가 임의를 이를 인도받아 철거할 수 없게 되면, 장차 원고는 도시계획시설사업의 시행자로서 수용절차를 거쳐 이 사건 건물을 인도받아 철거할 수 있을 터이므로 원고에게는 계약갱신을 거절할 수 있는 정당한 사유가 있다는 취지로도 주장한다. 그러나 원고가 그 같은 절차를 거쳐 이 사건 건물을 수용하여 철거할 수 있다고 하더라도, 장차 그 같은 가능성이 있다는 것만으로는 상가건물 임대차보호법 제10조 제1항 단서 및 제7호 다.목이 규정한 ‘"
deposit_dispute,69012,2,False,"’는 내용의 매매계약서, 부동산거래계약신고서 및 이 사건 토지에 관한 소유권이전등기절차에 관한 위임장에 그의 인감도장을 날인하여 교부하였으며, 그와 함께 직접 발급받은 인감증명서(부동산매수자 란에 원고가 기재되어 있음)와 이 사건 토지의 등기권리증도 교부하였다. (4) 그런데 피고 C는 2006. 9. 7. 피고 B에게 이 사건 토지에 관하여 2006. 9. 6. 매매예약을 원인으로 한 소유권이전청구권가등기를 마쳐 주었다. (5) 한편, 이 사건 토지 위에 신축된 4층 규모의 다가구주택(이하 “"
deposit_dispute,50877,2,False,"'(갑 제4호증의 2)를 제출받았다. ① 원고는 2010. 7. 21. 홍GG을 상대로 대구지방법원 서부지원 2010가단18205호로 위 KK동 다가구주택에 관한 2007. 10. 1.자 증여계약에 대하여 사해행위 취소 및 원상회복을 구하는 소를 제기하여, 2010. 11. 4. 위 법원으로부터 청구를 인용하는 판결을 선고받았고, 위 판결은 그 무렵 확정되었다. 3) 판단 위 인정사실에 의하면, 원고가 위 대구지방법원 서부지원 2010가단18205호 판결을 선고받은 2010. 11. 4.경 '"
protection_mechanism,117425,2,False,"'이 포함된 것으로 볼 여지가 있는 경우, 이러한 운용이익은 사회통념상 매수인의 행위가 개입되지 아니하였더라도 그 목적물로부터 매도인이 당연히 취득하였으리라고 생각되는 범위 내의 것이 아닌 한 매수인이 반환하여야 할 사용이익의 범위에서 공제하여야 한다(대법원 2006. 9. 8. 선고 2006다26328, 26335 판결 등 참조). 위와 같은 법리를 토대로 이 사건에 관하여 보건대, 감정인 H의 당심 감정결과에서 2013년도의 영업이익이 그 이후와 유사하게 평가된 점, 이 사건 계약 역시 """
protection_mechanism,35194,2,False,"” 다음에 아래 기재를 추가한다. 처분문서는 그 성립의 진정함이 인정되는 이상 법원은 그 기재 내용을 부인할 만한 분명하고도 수긍할 수 있는 반증이 없으면 처분문서에 기재된 문언대로 의사표시의 존재와 내용을 인정하여야 하는바(대법원 2021. 4. 29. 선고 2021다202309 판결 등 참조), 앞서 본 바와 같이 피고와 F가 작성한 이 사건 임대차계약서가 존재함에도 불구하고 그 임대차계약이 부존재하거나 무효라는 점을 증명할 책임은 원고에게 있는 점,  ○ 제1심판결문 3면 8행의 “"
protection_mechanism,86927,2,False,"’이라 한다. 이 사건 주식 이외의 나머지 3,455주는 1,000주권 3장, 100주권 4장, 50주권 및 5주권 각 1장으로 보호예수되었고, 2002. 7. 26. 1주당 액면가가 500원으로 액면분할되어 이를 기준으로 하면 13,634,550주가 되는데, 액면분할에 따라 1주당 액면가 500원인 신주에 대한 새로운 주권이 재보호예수되지는 아니하였다)의 주권에 관하여 반환제한기간을 2002. 6. 24.부터 2003. 6. 23.까지로 정하여 보호예수 및 반환제한에 관한 약정(이하 ‘"
fraud_core,35303,2,False,"’라고 한다)의 신축을 도급받은 건설회사(시공사)이다. (나) 피고는 이 사건 사업에 필요한 사업비를 조달하기 위하여 2007. 12. 26. 참가인 회사로부터 95억 원을 차용하기로 하는 이 사건 차용계약을 참가인 회사와 체결하고, 2007. 12. 27. 참가인 회사 및 원고와 이 사건 차용계약과 관련하여 피고가 제공하는 담보물의 관리와 처분을 위한 참가인 회사 및 원고의 역할 등을 정하기 위하여 이 사건 합의서를 작성하였다. 그 주요 내용은 ① 피고는 주식회사 한국토지신탁(이하 ‘"
deposit_dispute,54887,2,False,"’라고 한다)은 2019. 4. 16. D, E, F과 사이에, 이 사건 건물과 그 부지를 매수하기로 하는 계약을 체결한 후 2019. 5. 23. 이 사건 건물과 그 부지에 관하여 소유권이전등기를 마쳤다. 다. 소외 회사는 2019. 5. 22. 원고와 사이에, 이 사건 건물과 그 부지 및 장차 그 지상에 건축될 집합건물의 소유권을 원고에게 신탁하고, 원고는 위 토지 및 집합건물을 제3자에게 분양하여 취득한 신탁이익을 우선수익자에게 교부하기로 하는 내용의 관리형 토지신탁계약(이하 ‘"
deposit_dispute,61853,2,False,"’라고 한다)와 사이에 각각 신용보증계약을 체결하였는데 그때마다 소외 3이 위 각 회사들이 위 각 신용보증계약에 기하여 원고에 대하여 부담하게 될 구상금채무를 연대보증한 사실, 제1회사는 소외 3이 대주주였고 주주 대부분이 소외 3과 가까운 친척관계에 있었고, 제2회사는 임원 및 주주 대부분이 소외 3과 가까운 친척관계에 있었던 사실, 소외 3은 2005. 9. 26. 처남인 원심공동피고 3에게 서울 강동구 천호동 (이하 생략) ○○플라자(오피스텔) 3층 제5호 45.99㎡(이하 ‘"
fraud_core,8400,2,False,"’이라고 기재한 뒤, 그 이름 옆에 G 명의의 도장을 찍었다. 이로써 피고인은 행사할 목적으로 권리의무에 관한 사문서인 G 명의의 임대차계약서 1장을 위조하였다. 2. 위조사문서행사 피고인은 제1항 기재 일시,장소에서 그 위조 사실을 모르는 성명불상의 D(주)의 직원에게 위와 같이 위조한 임대차계약서를 마치 진정하게 성립한 문서인 것처럼 건네주었다. 이로써 피고인은 위조한 사문서를 행사하였다. 3. 사기 피고인은 2019. 1.경 대구 북구 C, 4층에 있는 피고인이 운영하는 ‘"
fraud_core,29513,2,False,"’라 한다), 그 무렵 D에게 임대차보증금을 지급하고 이 사건 건물을 인도받은 다음 2015. 5. 27. 이 사건 건물을 사업장 소재지로 한 사업자등록을 마쳤다. 나. 원고는 2018. 10. 1.경 C의 대리인인 D에게 2018. 11. 10.을 종료일로 하여 이 사건 임대차를 해지하겠다는 의사표시를 하였고, D은 이에 동의하였다. 다. 피고는 C과 부부였던 사이로, C을 상대로 제기한 서울가정법원 2017드합31708 이혼 등 청구의 소 계속 중 2018. 10. 12. ‘"
fraud_core,91527,2,False,"’라 한다), 그 무렵 D에게 임대차보증금을 지급하고 이 사건 건물을 인도받은 다음 2015. 5. 27. 이 사건 건물을 사업장 소재지로 한 사업자등록을 마쳤다. 나. 원고는 2018. 10. 1.경 C의 대리인인 D에게 2018. 11. 10.을 종료일로 하여 이 사건 임대차를 해지하겠다는 의사표시를 하였고, D은 이에 동의하였다. 다. 피고는 C과 부부였던 사이로, C을 상대로 제기한 서울가정법원 2017드합31708 이혼 등 청구의 소 계속 중 2018. 10. 12. ‘"
deposit_dispute,29564,2,False,"’이라 한다)을 부가한 사실, ③ 동윤개발은 원고들과 사이에 이 사건 지하상가에 대한 임대차계약을 체결하면서 이 사건 협약 및 이 사건 허가조건에 따라 임대차보증금의 환불적립금이 현금으로 예치될 예정이라고 설명한 사실, ④ 그런데 동윤개발은 피고에게 매년 일정액의 환불적립금을 예치하는 대신 10년간 예치할 환불적립금 상당의 약속어음을 발행하고 그 지급기일에 유예된 환불적립금을 전액 예치하겠다고 요청하였고, 피고는 이를 승낙한 사실, ⑤ 이에 동윤개발은 피고에게 액면금을 ‘"
deposit_dispute,54270,2,False,"‘이 사건 상가’라고 한다)을 인도하고, 2020. 6. 16.부터 인도완료일까지 월 180만 원의 비율에 의한 돈을 지급하고, 2,880,000원 및 이에 대하여 본 청구취지 및 청구원인 정정 신청서 송달 다음날부터 다 갚는 날까지 연 12%의 비율에 따른 돈을 지급하라.  이유 1. 기초사실 가. 원고들은 2017. 7. 11. 피고와 이 사건 상가에 관하여 임대차보증금 3천만 원, 월차임 180만 원, 존속기간 2019. 7. 10.로 하는 상가임대차계약(이하 ‘"
protection_mechanism,113960,2,False,"'라 함은 회사가 제3자의 행위에 협력하거나 제3자가 회사의 행위를 대행하는 경우, 또는 제3자의 행위의 효과가 실질적으로 회사가 한 것과 동일시할 수 있을 정도에 이르러야 한다고 새겨야 할 것인데, 위 사실관계와 이 사건 기본약정, 채권양도계약서 등 서식의 교부행위, 피고의 보충행위의 법적 성질 등에 비추어 보면, 위 1997. 8.경의 이 사건 기본약정과 그에 터잡아 백지를 보충함으로써 1999. 12. 2.자 채권양도계약이 체결되게 한 피고의 행위는 전체적으로 '"
fraud_core,79239,2,True,"’이라 한다)을 체결하였고, 그에 따라 위 점포에 2007. 10. 11. 피고 2회사 명의로 신탁을 원인으로 한 소유권이전등기가 마쳐졌다. (4) 이 사건 신탁계약의 주요 내용은 다음과 같다. 제1조 (신탁목적) 이 신탁은 신탁부동산의 소유권 권리와 위탁자가 부담하는 채무 내지는 책임의 이행을 보장하기 위하여 수탁자가 신탁부동산을 보전·관리하고 채무불이행시 환가·정산하는데 그 목적이 있다. 제3조 (수익자) ① 이 신탁계약에서 신탁원본의 제1순위 우선수익자는 ‘"
fraud_core,108635,2,False,"”에 관한 용역계약 및 공소외 6 회사와 공소외 8 회사 사이의 수도권 조사용역에 관한 용역계약이 체결된 바 없다는 점을 입증취지로 하여, 공소외 7, 5 및 피고인 5 회사 임직원, 재개발조합 관련자들의 진술 및 공소외 6 회사 법인계좌 거래내역, 공소외 8 회사 법인계좌 거래내역, 단독주택 재건축 용역보고서 검토 등의 문서를 각 제출한 바 있다. (다) 이 사건 의견서 등의 증거능력 1) 검사의 입증취지, 피고인 1, 2, 피고인 5 회사(이하 이 항에서 “"
protection_mechanism,117264,2,False,"‘ ○○산업’을 폐업하여 위 각 대출금에 대한 기한의 이익이 상실되었음에도 위 각 대출원리금을 변제하지 아니하자, 위 은행은 2005. 3. 26. 원고에게 보증사고 발생통지를 하였고, 이에 원고는 2005. 4. 29. 위 각 대출금의 원금 1,068,450,000원 및 이자 금 12,894,727원의 합계 금 1,081,344,727원을 위 은행에 대위변제하였다. 다. 위 소외 1과 피고 사이의 전세권설정계약 (1) 위 소외 1은 1998. 4. 10. ‘"
deposit_dispute,55799,2,False,"’라 한다). 나. 원고는 2013. 12. 11. 피고로부터 이 사건 정비업체 내에 있는 판금․도색 전용작업장을 임대차보증금 1억 3,000만 원, 차임 월 600만 원, 임대차기간 2014. 2. 1. ~ 2019. 1. 31.까지로 정하여 임차함과 아울러, 피고의 사업자등록 명의로 원고가 자동차판금․도색 영업을 하고 원고의 판금 영업으로 발생한 매출금에서 차임․비용 등을 공제하여 정산한 돈을 피고로부터 지급받기로 하는 내용의 계약을 체결하였다(이하 ‘"
deposit_dispute,124615,2,False,"‘피고 협회’라 한다)는 부동산중개업자인 공제가입자가 부동산중개행위를 하면서 고의 또는 과실로 거래당사자에게 재산상 손해를 입게 하여 거래당사자에게 부담하게 될 손해배상책임을 보장하기 위하여 설립된 공제사업자로서, 피고 1과 공제금액 1억 원, 공제기간 2010. 7. 10.부터 2011. 7. 9.까지로 하는 공제계약을, 2009. 9. 7. 피고 2와 공제금액 1억 원, 공제기간 2009. 9. 9.부터 2010. 9. 8.까지로 하는 공제계약(이하 ‘"
protection_mechanism,53437,2,False,"'이라 한다)을 임차보증금 1,500만 원, 월 차임 35만 원, 임대기간 2017. 3. 22.부터 2019. 3. 21.까지로 정하여 임차한 후, C에 임차보증금을 지급하고 이 사건 부동산을 인도받아 현재까지 이를 점유·사용하고 있으며, 2017. 3. 22. 전입신고를 마쳤다. 나. 한편, C는 2015. 9. 30. 이 사건 부동산을 매수하여 2015. 11. 12. 위 매매를 원인으로 한 소유권이전등기를 마친 다음 같은 날 D 주식회사(이하 '"
fraud_core,122861,2,False,「성립에 다툼이 없는 갑 제2호증에 의하면 오히려 단기 1958년 9월 28일 본건 계쟁부분을 포함한 본건 부동산 전체에 관하여 원고에 대하여 임대차계약을 갱신한 사실을 인정할 수 있으므로 결국 본건 부동산전체에 대한 원고의 임차권은 의연존속한다 할것이니 피고가 본건 계쟁부분을 피고보조참가인에 대하여 임대하고 차를 기초로하여 동인에게 불하한 각 처분은 이여의 쟁점에 대한 판단을 기다릴 것도없이 모두 원고의 기권익을 침해한 위법처분이라 아니할 수 없다」
deposit_dispute,42182,2,False,"’이라 한다), E는 D의 이 사건 각 대여금채무를 연대보증하였다. 다. 원고는 2012. 3. 13. 이 사건 각 대여금채무를 담보하기 위하여, 원고 소유의 서울 용산구 H 지상 I건물 제4층 J호에 관하여 서울서부지방법원 2012. 3. 13. 접수 제7426호로 채권최고액을 150,000,000원, 채무자를 원고, 근저당권자를 피고로 하는 근저당권설정등기를, 원고 소유의 서울 용산구 K 지상 제4층 J호(위 I건물 제4층 J호와 통칭하여 이하 ‘"
deposit_dispute,42196,2,False,"’이라 한다), E는 D의 이 사건 각 대여금채무를 연대보증하였다. 다. 원고는 2012. 3. 13. 이 사건 각 대여금채무를 담보하기 위하여, 원고 소유의 서울 용산구 H 지상 I건물 제4층 J호에 관하여 서울서부지방법원 2012. 3. 13. 접수 제7426호로 채권최고액을 150,000,000원, 채무자를 원고, 근저당권자를 피고로 하는 근저당권설정등기를, 원고 소유의 서울 용산구 K 지상 제4층 J호(위 I건물 제4층 J호와 통칭하여 이하 ‘"
deposit_dispute,77889,2,False,"’는 판결을 선고하였다. 나. 그 무렵 원고는 2015. 3.경 이오개발을 상대로 임대차보증금 반환을 구하는 소를 제기하였고(서울동부지방법원 2015차전5810), 위 법원은 원금 81,620,000원, 이자 1,771,040원, 비용 61,800원, 합계 83,452,840원에 대한 지급명령을 하였으며 위 지급명령은 그 무렵 확정되었다. 다. 원고는 2015. 5. 4.경 채권압류 및 추심명령을 받았는데(서울동부지방법원 2015타채6427, 이하 ‘"
protection_mechanism,103700,2,False,"’라 한다)에 관하여 피고를 도급인, 소외회사를 수급인으로 하여 도급금액 46억 원(그 중 14억 원은 준공검사일로부터 1년 후에 지급), 공사기간 2007. 9. 1.부터 2008. 6. 30.까지로 하는 공사하도급계약을 체결하였다. 위 계약 체결 당시 피고는 소외회사에 이 사건 공사와 관련한 행정절차 및 자금집행에 관한 것은 피고의 형인 소외 1과 협의하도록 요청하였다. 나. 소외회사로부터 이 사건 공사 중 원고 1은 골조공사, 원고 2는 ‘"
deposit_dispute,112759,2,False,"’라 한다).  나. 원고의 직원 L은 2017. 4. 11. 피고 C과 함께 D의 직원인 M을 만나 M에게 수표금 합계 2억 원을 지급하였다. 다. 피고 B은 2017. 4. 11. D에 이 사건 각 임대차계약에서 정한 보증금의 합계액인 5억 원(= 무통장 입금으로 265,649,650원 + 자기앞수표로 234,350,400원)을 지급하였다. 라. E공사는 2017. 4. 7. N역, O역, P역의 일부 지하철 역사 내 상가 9동(이하 ‘"
protection_mechanism,122659,2,True,”은 신용보증조건에 부합되게 실행된 대출로서 보증비율에 의한 기금책임분담부분과 채권자책임분담부분을 합한 대출을 의미한다. 제9조 (회수금의 변제충당) 제1항 제4호 보증부대출만을 피담보채권으로 한 담보권 또는 이 보증서 앞면의 특약에 의하여 취득한 담보권의 실행에 의한 회수금(담보권해지의 대가로 수취한 회수금 포함)은 보증부대출의 변제에 우선 충당하여야 한다. 제16조 (담보대위 등) 제4항 채권자는 기금으로부터 보증채무이행을 받는 즉시 “
deposit_dispute,94000,2,False,"‘이 사건 점포’라 한다)을 인도하고, 2,991,910원 및 2020. 12. 3.부터 위 각 부동산의 인도완료일까지 월 7,700,000원의 비율로 계산한 돈을 지급하라.  이유 1. 인정사실 ○ 원고는 2019. 8. 1. 피고와 사이에 이 사건 점포에 관하여 임대차기간 2019. 8. 3.부터 2021. 8. 2.까지, 임대차보증금 100,000,000원, 차임 월 7,700,000원(부가가치세 포함)으로 정한 임대차계약(이하 ‘"
deposit_dispute,147916,2,False,"‘이 사건 점포’라 한다)을 인도하고, 2,991,910원 및 2020. 12. 3.부터 위 각 부동산의 인도완료일까지 월 7,700,000원의 비율로 계산한 돈을 지급하라.  이유 1. 인정사실 ○ 원고는 2019. 8. 1. 피고와 사이에 이 사건 점포에 관하여 임대차기간 2019. 8. 3.부터 2021. 8. 2.까지, 임대차보증금 100,000,000원, 차임 월 7,700,000원(부가가치세 포함)으로 정한 임대차계약(이하 ‘"
deposit_dispute,65285,2,True,"'이라 한다) 제6조 제1항, 제3조에 근거하여 피고인 A 명의 및 AD 등 명의로 된 임대차보증금 채권 18건, CE 등 명의로 된 부동산 11건, 피고인 A 명의 오피스텔 분양권 1건, CE 등 명의로 체결한 신탁계약상 신탁수익채권 16건이 특정경제범죄가중처벌등에관한법률위반(배임)죄 범죄피해재산임을 전제로 이에 대한 몰수를 청구하였다. 나. 판단 1) 특정경제범죄가중처벌등에관한법률위반(배임)죄로 인한 범죄피해재산 해당 여부 아래 '"
fraud_core,73229,2,False,"‘H’의 인적사항과 이름을 적고 H의 인영을 그리고, 임차인란에 피고인의 이름을 기재하고, 임차대리인란에 피고인의 부친 G 이름을 기재하여 권리의무에 관한 사문서인 H, G 명의의 부동산임대차계약서 1부를 위조하였다. 나. I 명의의 인테리어비 영수증 위조 피고인은 2020. 3. 13.경 전주시 완산구 C, D호 피고인의 주거지에서, 행사할 목적으로 컴퓨터를 이용하여 인터넷에서 다운받은 영수증 이미지파일과 한글프로그램을 이용하여 ‘"
deposit_dispute,10079,2,False,“원고의 귀책에 의하여 임대차계약이 해지되는 과정임을 주지하기 바란다. 임차물건의 모든 시설 및 기계장치는 신규설치 및 가동에 문제가 없는 상태로 임대가 되었으므로 파손된 부분이 있으면 수리비를 공제하고 모든 시설 및 건물 하자시 또한 청구할 것이다. 특히 액화석유가스 보관 탱크 내 액중펌프는 가스 잔여량이 반드시 15% 이상 보유되어야 함을 알고 계시겠지만 다시 한 번 명문의 서류로 알려드리니 문제 없이 유지되어야 함을 고지한다.”
deposit_dispute,64469,2,False,“원고의 귀책에 의하여 임대차계약이 해지되는 과정임을 주지하기 바란다. 임차물건의 모든 시설 및 기계장치는 신규설치 및 가동에 문제가 없는 상태로 임대가 되었으므로 파손된 부분이 있으면 수리비를 공제하고 모든 시설 및 건물 하자시 또한 청구할 것이다. 특히 액화석유가스 보관 탱크 내 액중펌프는 가스 잔여량이 반드시 15% 이상 보유되어야 함을 알고 계시겠지만 다시 한 번 명문의 서류로 알려드리니 문제 없이 유지되어야 함을 고지한다.”
protection_mechanism,124043,2,False,"‘이 사건 경매’라 한다), 같은 날 피고가 이 사건 아파트에 대하여 전입신고를 마쳤다. 바. 이 사건 경매 절차에서 이 법원은 배당기일인 2021. 3. 24. 실제 배당할 금액 220,266,055원을 배당하였는데, 확정일자부 임차인이라는 이유로 피고에게 195,000,000원을, 국민건강보험공단 대전유성지사에게 615,350원을, 신청채권자 및 근저당권자인 원고에게 24,650,694원을 차례로 배당하는 내용의 배당표(이하 ‘"
deposit_dispute,73525,2,False,"‘N호’라고 한다)에 관하여 임대차보증금을 50,000,000원, 임대차기간을 2019. 3. 19.부터 2020. 3. 18.까지로 정하여 N호를 임차하는 내용의 임대차계약을 체결하였다. 피고 C은 2019. 3. 20. N호로 전입신고를 마쳤다. 피고 C의 사위인 O은 2015. 9. 30.경 이 사건 부동산의 소유자이던 P(이후 2015. 12. 31. F으로 소유자가 변경되었음)과 사이에, 이 사건 부동산 중 Q호(이하 ‘"
protection_mechanism,60455,2,False,"‘우양주택건설’이라 한다)에 30억 원을 이자 연 9%, 연체이자 최고 연 19%로 약정하여 대출하였다. 피고 부림저축은행은 위 채권 등의 담보로서 소외 1과 소외 2 및 우양주택건설 소유의 별지 부동산의 표시 기재 부동산 전부에 관하여 2009. 2. 26. 채권최고액 65억 원의 근저당권을 설정받았다가 위 30억 원의 채권만이 남게 되자 2009. 10. 19. 채권최고액을 39억 원으로 변경하였다(이하 변경된 근저당권을 ‘"
deposit_dispute,33770,2,False,"‘이 사건 상가’라고 한다)를 조성한 다음 2000년경부터 이 사건 상가를 분할하여 분양·임대하였고, 원고는 2000. 8. 17.경 피고로부터 이 사건 상가의 점포 1구좌를 분양받은 다음 피고의 공개추첨을 통하여 이 사건 상가의 지상 1층 제119호 점포를 배정받고, 2001. 8.경 피고와 임대차기간을 5년, 임대차보증금을 5,500만 원, 장기임대료를 2,400만 원, 월 임대료를 65만 원으로 정하여 임대차계약(이하 ‘"
protection_mechanism,111775,2,False,"’은 마지막으로, 이 사건 연대보증계약에 기한 책임은 보조참가인의 업무와 연관되는 범위 내에서 보조참가인이 위 연대보증으로 인하여 취득하는 반대급부와의 균형, 당사자들의 합리적인 의사 등을 종합적으로 고려하여 제한적으로 해석되어야 하므로, 수산물관리자로서의 의무를 다한 보조참가인에게 이 사건 연대보증계약에 기한 책임을 물을 수는 없다는 취지로 주장하나, 위와 같은 사정만으로 연대보증책임을 면책하거나 제한할 수는 없으므로, ‘"
deposit_dispute,123314,2,False,"‘이 사건 공장’이라 한다)을 계약금 600,000,000원, 잔금 145,000,000원 매매대금 205,000,000원, 잔금 지급기일 2014. 1. 29.로 정하여 매도하였다. 2) 원고는 2014. 1. 29. 피고에게 이 사건 공장에 대한 매매대금으로 100,000,000원을 지급하였다. 라. 원고의 이 사건 창고 임대차계약 승계 1) 피고는 2011. 12. 1. H과 사이에 별지 2 목록 기재 부동산(이하 ‘"
fraud_core,76451,2,False,"’이라고 한다)설정등기를 마쳐주었다. 다. 피고는 서울중앙지방법원 2019카임343호로 이 사건 주택에 관한 임차권등기명령을 신청하여 2019. 11. 18. 인용결정을 받고, 이에 기하여 서울중앙지방법원 2019. 12. 30. 접수 제205823호로 임차보증금 330,000,000원, 임대차계약일자 2017. 9. 25., 주민등록일자, 점유개시일자, 확정일자 각 2017. 11. 15.인 주택임차권설정등기(이하 ‘"
deposit_dispute,62165,2,False,"“이 사건 공정증서상 원고의 피고에 대한 총 7억 3,800만 원의 채무 중 피고가 강제집행절차에서 잔존하고 있다고 주장하는 2억 4,800만 원은 이 사건 합의서의 내용 및 이행에 의하여 이미 정산 완료되어 소멸하였고, 원고가 추가로 피고에게 1억 원을 더 지급하기로 약정한 부분은 2008. 9. 30. 피고의 처 소외 2를 근저당권자로 하여 설정된 채권최고액 1억 1,000만 원의 근저당권에 의하여 담보되고 있다.”"
fraud_core,18725,2,False,"”이라고 기재하고, 위조 흔적을 지우기 위해 이를 다시 복사하여 사본을 만들었다. 이로써 피고인은 행사할 목적으로 권한 없이 K 명의로 된 권리의무에 관한 사문서인 임대차계약서 1장을 위조하였다. 나. 위조사문서행사 피고인은 위 제3의 가.항 기재와 같이 F 및 G로부터 허위진술하고 위조된 임대차계약서를 제출할 것을 지시받은 다음 2020. 3. 12. 대구지방경찰청 생활안전과 J계 사무실에 출석하여 위 지시대로 “"
protection_mechanism,125882,2,False,"'이라 한다)한 다음, 1999. 10. 14. 피고 앞으로 이 사건 매매계약을 원인으로 한 소유권이전등기를 경료하여 준 사실, 한편 소외 1 소유의 이 사건 부동산에 관하여 1986. 5. 3. 주식회사 한국주택은행 앞으로 채권최고액 3,750,000원의 제1순위 근저당권이 설정된 다음, 1993. 4. 21. 아파트인 이 사건 부동산과 함께 그 대지지분, 서울 동작구 (주소 생략) 대지 및 그 지상 건물(이하 '"
deposit_dispute,101416,2,False,"’)에서, 위 법원은 2020. 12. 22. 배당기일을 열고 피고에게 소액임차인으로서 1순위로 32,000,000원을, 소외 은행에게 근저당권자로서 2순위로 105,783,042원을 각 배당하고, 원고에게는 인정되는 채권금액 151,945,205원(= 원금 100,000,000원 + 이자 51,945,205원) 중 일부인 59,425,374원을(담보)가등기권자로서 3순위로 배당하는 내용으로 된 배당표(이하 ‘"
deposit_dispute,118557,2,False,"’)에서, 위 법원은 2020. 12. 22. 배당기일을 열고 피고에게 소액임차인으로서 1순위로 32,000,000원을, 소외 은행에게 근저당권자로서 2순위로 105,783,042원을 각 배당하고, 원고에게는 인정되는 채권금액 151,945,205원(= 원금 100,000,000원 + 이자 51,945,205원) 중 일부인 59,425,374원을(담보)가등기권자로서 3순위로 배당하는 내용으로 된 배당표(이하 ‘"
protection_mechanism,51857,2,False,"’이라고 한다)는 한림시티앤지의 근로자들로서 한림시티앤지에 대하여 총 49,989,793원의 우선변제 대상 임금채권을 가지고 있는데, 한림시티앤지는 2013. 7. 4.경 공증인가 법무법인 우리하나로 작성 증서 2013년 제446호로 피고 등이 선정당사자로 선정한 피고를 채권자로 하여 위 49,989,793원을 2013. 7. 10.까지 변제(지연이율 연 20%)하기로 하는 내용의 채무변제계약 공정증서(이하 ‘"
deposit_dispute,137388,2,True,"’이라 한다) 제3조 1항 소정의 대항력을 취득하였다. 다. 원고와 피고는 2017년 2월 말경 이 사건 임대차에 따른 차임을 2017. 3. 1.부터 2019. 2. 29.까지의 기간 동안 월 2,500,000원(부가가치세는 별도)으로 합의하였다. 라. 원고는 2018. 6. 23. F과 이 사건 건물을 470,000,000원에 매도하고 이 사건 임대차는 F이 승계하기로 하는 내용의 부동산 매매계약(이하 ‘"
deposit_dispute,145812,2,False,"’이라 한다)을 완공한 후 2019. 5. 8. 위 건물의 각 1/2 지분에 관하여 소유권보존등기를 마쳤다. 나. 원고와 피고 사이의 임대차계약서, 합의서 작성 등 1) C은 2017. 10. 18. 피고와 D를 상대로 이 사건 사업과 관련하여 조합 탈퇴로 인한 지분 반환을 구하는 등의 소를 제기하였다가, 2019. 11. 14. C 일부 승소판결을 받았다(서울서부지방법원 2017가합38242 판결, 이하 ‘"
deposit_dispute,12403,2,False,"‘이 사건 호실’이라 한다)에 전입신고를 마치고, 2008. 1. 10. 소외 F와 혼인신고를 하였다. 한편 피고의 아들 소외 C은 F를 고용한 사람으로 위 건물에 관하여 피고와 함께 각 1/2 지분씩을 소유하고 있었다. 나. 원고와 피고는 이 사건 호실에 관하여, 피고가 2009. 3. 15. 원고에게 임대차보증금 35,000,000원, 임대차기간 24개월로 정하여 임대하였다는 내용의 임대차계약서(이하 ‘"
deposit_dispute,54608,2,False,"‘2019. 5.경 D과 사이에 인천 중구 B 1층 상가에 대하여 권리금 5,000만 원으로 정한 권리양수양도계약을 체결하였는데, 이후 D이 이 사건 상가에 불법증축부분이 존재한다는 이유로 이 사건 권리양수양도계약을 해제하였고, 건물주 E는 불법증축부분이 존재한다는 사실을 알면서도 이를 고지하지 않았는 바, 이는 상가건물임대차보호법에 위반되는 행위이므로, E는 권리금 상당의 손해 5,000만 원을 배상하라’"
deposit_dispute,184,2,False,"’). 피고는 이후 위 임대차계약에 따라 G에게 보증금 9,000만 원을 모두 지급하였고, 2018. 8. 22. 확정일자를 받았으며 2018. 10. 2. 전입신고를 하고 입주하였다. 다. C은 2018. 11. 2. 이 사건 건물을 G으로부터 매수하여 소유권이전등기를 마쳤다. 라. 원고는 2018. 11. 8. C과 아래와 같은 합의를 하였고, 이 합의에 따라 2018. 11. 9. 이 사건 건물에 ‘"
deposit_dispute,110138,2,False,"’). 피고는 이후 위 임대차계약에 따라 G에게 보증금 9,000만 원을 모두 지급하였고, 2018. 8. 22. 확정일자를 받았으며 2018. 10. 2. 전입신고를 하고 입주하였다. 다. C은 2018. 11. 2. 이 사건 건물을 G으로부터 매수하여 소유권이전등기를 마쳤다. 라. 원고는 2018. 11. 8. C과 아래와 같은 합의를 하였고, 이 합의에 따라 2018. 11. 9. 이 사건 건물에 ‘"
deposit_dispute,34641,2,False,"‘이 사건 토지’라 한다)에 관하여 매매대금 2억 1,952만 원으로 정한 매매계약을 체결하고, 2018. 4. 10. 이 사건 토지에 관하여 소유권이전등기를 마쳤다. 마. 원고는 2018. 12. 26. 피고와 사이에, ① 이 사건 아파트에 관하여 매매대금을 1억 3,000만 원으로 하는, ② 이 사건 토지 중 472/1481 지분에 관하여 매매대금을 1억 10만 원으로 하는 각 매매계약(이하 ‘"
deposit_dispute,59760,2,False,"’이라 한다). 이어 소외 회사는 2015. 8. 11. 원고에 대한 위 대여금 중 잔액인 587,740,757원의 채권과 2,000만 원의 임대차보증금반환채권을 피보전권리로 하여 원고를 상대로 같은 법원 2015카단3379호로 또 다른 채권가압류를 신청하였고, 위 법원의 담보제공명령에 따라 2015. 8. 18. 원고를 피공탁자로 하여 위 법원에 담보로 1억 2,500만 원을 공탁한 다음(이하 ‘"
deposit_dispute,121559,2,False,"‘이 사건 토지’라 한다)에 관하여 매매대금 2억 1,952만 원으로 정한 매매계약을 체결하고, 2018. 4. 10. 이 사건 토지에 관하여 소유권이전등기를 마쳤다. 마. 원고는 2018. 12. 26. 피고와 사이에, ① 이 사건 아파트에 관하여 매매대금을 1억 3,000만 원으로 하는, ② 이 사건 토지 중 472/1481 지분에 관하여 매매대금을 1억 10만 원으로 하는 각 매매계약(이하 ‘"
protection_mechanism,147152,2,False,"‘수입’에 해당한다고 보기 어렵다(외국 1 현지 사업체에 파견된 특수공작관 9가 외국 1 현지 사업체로부터 직접 급여 명목의 금원을 지급받음으로써 본래 국고로 반환되어야 하는 외국 1 현지 사업체의 임대수익 중 위 급여에 상응하는 금원만큼 국고 수입이 감소하는 결과가 초래된다고 하더라도, 특수공작관 9에게 지급되는 공무원 급여로서 가수금계좌에 보관되어 있던 금원의 성격이 국고로 반환하여야 하는 ‘"
deposit_dispute,82958,2,False,"'라 한다)는 2016. 5. 30. 피고 C와 사이에 공제기간 2016. 5. 31.부터 2017. 5. 30.까지로 하여 피고 C가 부동산중개행위를 함에 있어 거래당사자에게 손해를 입힌 경우 그 손해를 공제금액인 100,000,000원의 한도에서 이를 보상해 주기로 하는 내용의 공제계약을 체결한 공제사업자이다. 나. 임대차계약의 체결 1) 원고는 창원시 성산구 K 건물에서 위 체력단련시설 '"
protection_mechanism,91687,2,False,"’이라 함)을 공동담보로 하여 채권최고액 2,616,000,000원으로 하는 근저당권 설정등기를 마쳐주었다. 원고는 C의 물상보증인으로서 같은 날 D에게 그 소유의 별지 목록 기재 부동산(이하 이 사건 부동산이라 함)을 공동담보로 하여 대구지방법원 등기국 2016. 10. 31. 접수 제174922호로 채권최고액 2,616,000,000원, 채무자 의료법인 C으로 된 근저당권설정등기(이하, ‘"
fraud_core,99387,2,False,"’란 기재와 같다. 3. 피고 2 주식회사에 대한 제1, 2예비적( 대법원 판결의 원고 47, 48은 단순병합) 청구원인 중 기망, 착오, 이행불능, 이행지체, 하자담보책임, 계약금포기에 따른 해제, 임대차계약의 일부무효, 지체상금 및 대법원 판결의 원고 7, 8, 9, 18, 24, 26, 28의 개별적 해제 주장에 대한 판단 이 부분에 관하여 이 법원이 설시할 내용은 제1심 판결 중 “"
deposit_dispute,148276,2,False,"'이라 한다)를 상대로 임대차보증금 반환을 구하는 소를 제기하였고(서울동부지방법원 2015차전5810), 위 법원은 원금 81,620,000원, 이자 1,771,040원, 비용 61,800원, 합계 83,452,840원에 대한 지급명령을 하였으며 위 명령은 그 무렵 확정되었다. 나. 원고는 2015. 5. 4.경 채권압류 및 추심명령을 받았는데(서울동부지방법원 2015타채6427, 이하 '"
protection_mechanism,37977,2,False,"’만을 명시함으로써 이의한 채권자에 대해서만 위 조항을 적용하려는 입법의도를 분명하게 표명하고 있으므로, 위 조항을 함부로 확인적이거나 예시적인 규정으로 해석할 수는 없다. (2) 민사집행법이 제정되기 이전의 구 민사소송법(2002. 1. 26. 법률 제6626호로 전부 개정되기 전의 것, 이하 같다)은 다수의 경합하는 채권자들 사이의 배당순위에 관하여 프랑스 등이 채택하고 있던 이른바 ‘"
protection_mechanism,145619,2,False,"’이라 한다)로부터 도급받은 고속국도 제60호선 춘천-동홍천 간 건설공사(제3공구) 현장의 토목공사, 교량공사 및 터널공사, 포장부대공사의 5차 공사선급금의 지급과 관련하여 소외 회사의 선급금 반환채무를 담보하기 위하여, 피보험자 신동아건설, 보험가입금액 422,589,000원, 보험기간 2008. 3. 28.부터 2008. 12. 31.까지로 정하여 이행보증보험계약을 체결하였고(이하 ‘"
deposit_dispute,68865,2,False,"' 부동산 월세계약서 사본 첨부, 피의자 B 명의 W은행 계좌거래내역서 첨부, 피의자 B의 휴대전화에서 발췌한 음성녹음파일 및 사진 첨부) 1. 메시지 사진, 메시지 사진 등, 영업장부, 일지, X와의 계약서, 사진, 각 계좌내역, 출입국관리법위반사범 고발 요청 회신, CD 1장, 메시지, 전자정보확인서, 전자정보 상세 목록 1. 추징액 산정 관련, 추징액 재산정 『2020고단5411』"
deposit_dispute,101993,2,False,‘C’ 법원점의 가맹회사인 C 법인에 투자하면 월 3%의 고수익을 안정적으로 올릴 수 있다. 투자는 가맹점주들만 할 수 있는데 이미 나는 5천만 원을 투자한 터라 여력이 없다. 돈을 빌려주면 본사에서 받는 수익금 전액을 모두 주겠다. 가맹점별로 회사에서 미리 받아 둔 보증금이 있는데 이를 회사가 관리하기 때문에 만약 폐업 등의 문제가 생겨도 보증금으로 받으면 되기에 전혀 위험은 없다.”
fraud_core,124294,2,True,‘협회 공제의 손해배상책임은 공제약관 제8조의 규정에 의거 협회와 공제가입자 간의 계약에 따라 공제가입자가 가입한 공제기간 중 발생한 모든 중개사고로 인하여 손해를 입은 중개의뢰인들의 수 또는 중개계약의 건수나 그 손해액에 관계없이 손해를 입은 각 중개의뢰인들이 협회로부터 보상받을 수 있는 손해배상액의 총 합계액은 공제증서에 기재된 공제가입금액 한도 내에서 배상책임이 있습니다.’
fraud_core,94593,2,False,"""빌딩 내의 이 사건 점포를 임대보증금 5,000만 원, 차임 월 금 100만 원에 임대받아 그 임대보증금의 일부로 금 3,900만 원을 지급하였는데도 위 점포건물에 대한 사용검사가 나오지 않아 개업이 늦어지게 되자 위 피해자를 위협하여 손해배상 명목으로 금원을 갈취할 것을 마음먹고, (1). 1993.10.27. 15:00경 이 사건 건물신축공사현장사무실내에서 위 피해자에게 """
fraud_core,85980,2,False,"’이라고 기재하고 그 옆에 미리 새기어 가지고 있던 D 명의의 도장을 날인하였다. 이로써 피고인은 D의 대리인 자격을 모용하여 권리의무에 관한 사문서인 임대차계약서를 작성하였다. 2. 자격모용작성사문서행사 피고인은 위와 같은 일시, 장소에서 위 사무실에 있는 성명불상의 직원에게 위 임대차계약서를 제출하였다. 이로써 피고인은 자격을 모용하여 작성한 사문서를 행사하였다. 판단 ‘"
deposit_dispute,10902,2,False,"'이라는 상호로 상업에 종사하는 자로서, 청구인의 매부인 청구외 박○수와 피고소인 사이에 토지 임대 문제로 분쟁이 생기고, 이와 관련하여 청구인이 피고소인을 상대로 횡령 혐의로 고소를 제기하였다가 혐의없음 불기소처분 결정이 있은 후, 다시 청구인이 피고소인을 상대로 광주지방법원 98가소74802 임대차보증금반환청구소송을 제기하자, 이에 앙심을 품고, 1998. 7. 1.경 """
protection_mechanism,60439,2,False,"'이라고만 한다)은 소외인의 소유로 있을 당시인 1993. 9. 6. 이 사건 각 부동산 중 토지에 대하여 채무자를 소외인으로 하여 채권최고액 7억 8천만 원의 근저당권설정등기를, 1994. 10. 4. 이 사건 각 부동산 중 건물에 대하여 추가근저당권설정등기를 각 마쳤다. (4) 피고 주식회사 서울은행(1995. 6. 1. 서울신탁은행에서 현 상호로 변경되었다. 다음부터 '"
deposit_dispute,125013,2,False,"‘유지해왔던 점, 피고의 주장에 의하더라도 피고는 2006. 11.경부터 주식회사 와이푸드와 거래하면서 별다른 담보 없이 수차례에 걸쳐 외상물품거래 및 금전거래를 해왔으나 2008. 11.경에 이르러서는 주식회사 와이푸드의 유일한 재산인 이 사건 임대차보증금 반환채권을 담보로 제공받는 등 주식회사 와이푸드의 변제자력에 관하여 의심을 품었던 것으로 보이는 점 등 제반 사정에’"
protection_mechanism,52681,2,False,"‘동희개발’이라고만 한다)에게 여신기간 만료일을 2007. 3. 29.로 정하여 제1대출금인 9억 원을 대출함과 아울러, 제1대출금채무의 담보로서 동희개발이 한국토지공사에 대하여 가지는 매매대금반환청구권 중 11억 7,000만 원 상당인 제1담보채권을 양도받은 사실, ② 그런데 원고(탈퇴)가 2004. 3. 29. 제1담보채권의 대항력을 갖추기 위해서 한국토지공사에 보낸 ‘"
fraud_core,55050,2,False,"‘이 사건 건물’이라 한다)에 관하여 2020. 7. 31. 공유물분할을 위한 경매로 인한 매각을 원인으로 한 원고 명의의 소유권이전등기를 마친 다음, 같은 날 주식회사 C 앞으로 (담보)신탁계약을 원인으로 한 소유권이전등기를 마쳐 주었다. ○ 피고는 2008. 4. 5.경 전 건물주 겸 임대인 대표인 D로부터 이 사건 건물 중 1층 대중음식점 298.00㎡(이하 ‘"
protection_mechanism,90207,2,False,"’이라 한다)을 소유하고 있었는데, 자신의 피고 안중농협에 대한 채무를 담보하기 위하여 2006. 9. 1. 이 사건 제1 부동산에 관하여 채권최고액 1억 3,000만 원의 제1순위 근저당권을, 2009. 12. 8. 이 사건 제2 내지 7 부동산에 관하여 채권최고액 15억 1,000만 원의 제1순위 근저당권을 각 피고 안중농협 앞으로 설정해 주었다(이하 통칭하여 ‘"
fraud_core,109818,2,False,"'는 취지의 설명을 하지 아니하고, 2009. 12. 하순경 본건 토지에 관한 임대차계약을 체결할 당시에도 피고소인 I는 위와 같은 약정에 대해 설명을 하지 않는 방법으로 고소인을 기망하여, 피고소인 D은 본건 건물에 대한 매매대금 8,500만 원을 교부받고, 피고소인 I는 임대차보증금 1,000만 원, 5년간 매월 110만 원의 월세를 교부받아 각각 편취하였다."""
fraud_core,39638,2,False,"’이라 한다)을 체결하였다. 나. 원고는 2006. 10월경 피고로부터 고등학교 3학년인 자식의 수능시험 때문에 일시 사용했으면 좋겠다는 말을 듣고, 2006. 10. 31. 피고의 자인 E과 사이에, E에게 보증금 15,000,000원, 월차임 3,000,000원, 임대기간 2006. 10. 31.부터 2006. 11. 30.까지로 정하여 임대하는 계약(이하 ‘"
deposit_dispute,6086,2,False,"'이라 한다).  다. 원고는 C에 대한 이혼에 따른 위자료 및 재산분할청구권을 청구채권으로 하여 2017. 5. 10. 대전가정법원 논산지원 2017즈단5025호로 C의 피고에 대한 경남 함양군 D건물 제3층 E호에 관한 임대차보증금반환채권 중 95,000,000원을 가압류하였고, 위 가압류결정은 2017. 5. 15. 제3채무자인 피고에게 송달되었다(이하 '"
deposit_dispute,70537,2,False,"‘제소전 화해’).   4) 2018. 3. 17.부터 2020. 2. 7.까지 사이에 피고 D은 월 차임 총 28,825,000원을 연체하였고, 위 화해조항에서 정한 피고 B의 연체차임 대납의무도 이행하지 않았다. 5) 한편, 피고 B은 2019. 11. 9. 피고 F에게 지하 G호 및 지하 R호, 지하 S호를 임차보증금 260,000,000원에 임대하면서 ‘"
protection_mechanism,54216,2,False,"’이라 한다)을 매매대금 15억 5,000만 원에 매수하되, 위 매매대금의 지급은 당시 이 사건 각 부동산에 설정된 중소기업은행 및 소외 D의 각 근저당권에 관한 피담보채무액(합계 약 15억 4,000만 원)을 피고 C가 그대로 인수하고, 나머지 잔금 약 1,000만 원은 그 무렵 피고 C의 피고 A에 대한 물품대금 채권과 상계하는 내용의 매매계약(이하 ‘"
protection_mechanism,119712,2,False,"‘G’라 한다) 및 그 사내이사인 H를 상대로 대구지방법원 2019가단107224호로 투자금의 반환을 구하는 소를, I협동조합을 상대로 대구지방법원 2019가단107231호로 투자금의 반환을 구하는 소를 각 제기하여 일부 승소판결을 받았고, 위 각 판결이 확정되었다(이하 위 각 확정판결에 따라 G와 I협동조합이 원고들에게 각 부담하는 판결금채무를 통틀어 ‘"
protection_mechanism,62950,2,False,"’이라 한다)을 체결하고 같은 날 이 사건 각 부동산에 관하여 피고 명의로 소유권이전등기를 경료하여 주었다. 2) 이 사건 매매계약이 체결되기에 앞서 이 사건 각 부동산 및 제대기에 관하여는 2010. 1. 29. 수원지방법원 용인등기소 (접수번호 생략)로 채권최고액 18억 원, 채무자 엘에스산업, 채권자 중소기업은행으로 한 공동근저당권(이하 이 사건 ‘"
protection_mechanism,13493,2,False,"‘○○종합건설’이라 한다)은 이 사건 제1 내지 제12 부동산을 소유하고 있었는데, 원고는 이 사건 제1 부동산에 관하여 2007. 5. 25. 채권최고액 450,000,000원의 근저당권을 설정하였고, 이 사건 제2 부동산에 관하여 2007. 4. 20. 채권최고액 910,000,000원의 근저당권을 설정하였다. 나. 피고 산하 성남세무서(이하 ‘"
deposit_dispute,65014,2,False,"’이라 한다)을 운영하고, 3층은 원고의 가족 등을 위한 주거 공간으로 사용하였다. 피고들은 각 내과 전문의, 정형외과 전문의로 이 사건 병원의 양수인이다. 나. 원고는 2019. 3. 31. 피고들과 사이에, 원고가 피고들에게 이 사건 병원을 권리금 1억 원, 보증금 1억 5,000만 원에 양도하기로 하는 아래와 같은 내용의 양도양수계약(이하 ‘"
deposit_dispute,71444,2,False,"‘이 사건 경매’라 한다]. 라. 피고는 2018. 4. 4.경 피고의 원고에 대한 2017. 9. 30.자 임대차보증금 반환채권 100,000,000원을 청구채권 및 청구금액으로 하여 이 사건 각 부동산에 관한 부동산 가압류 신청을 하였고(수원지방법원 성남지원 2018카단61132), 2018. 4. 9. 부동산 가압류 결정을 받았다(이하 ‘"
fraud_core,94976,2,False,"‘이 사건 건물’이라 한다)의 소유자로서 임차인인 피고 D을 상대로 이 사건 건물을 인도하라는 소송을 제기하였고, 2020. 4. 6. 이 사건 건물을 비롯한 부지 일체를 주식회사 E 명의로 소유권이전등기를 마쳐준 이후에도 임대인의 지위에서 소송을 계속 수행하여 2020. 7. 22. 인용판결(춘천지방법원 2019가단55817 판결, 이하 ‘"
deposit_dispute,116237,2,True,"’이라 한다). 나. 이 사건 임대차계약은 피고가 이 사건 상가의 차임 및 관리비를 매월 10일 원고의 계좌에 납부하여야 하고, 이를 연체할 경우 월 2%의 연체료를 가산하여 지급하도록 정하고 있다(제4조). 다. 피고는 2014. 9. 1.경 원고에게 임대차보증금 240,000,000원을 지급하고 그 무렵부터 현재까지 이 사건 상가에서 ‘"
protection_mechanism,95994,2,False,"’이라 한다)에 관하여 2003. 10. 24. 채권최고액 6,000만 원의, 2005. 4. 26. 채권최고액 4,000만 원의, 2011. 7. 26. 채권최고액 5,000만 원의, 2012. 10. 25. 채권최고액 5,000만 원의 각 근저당권설정등기를 마쳐두었다(채권최고액 합계가 2억 원이다, 이하 위 각 근저당권을 모두 합하여 ‘"
deposit_dispute,100756,2,False,"”을 체결하고 피고 C에게 권리금 70,000,000원을 지급하였다. 원고는 2017. 10. 16. 피고 B과 사이에, 피고 B으로부터 이 사건 건물을 보증금 30,000,000원, 월차임 2,500,000원, 기간 2019. 10. 15.까지로 하여 임차하는 내용의 부동산임대차계약을 체결하였다. 원고는 그 무렵부터 이 사건 건물에서 “"
protection_mechanism,142208,2,False,"’라고 한다)에 관하여 담보한도액을 34,000,000원으로 하는 한정근담보계약을 체결하였다. (2) 피고는 소외 1과 위 냉동 갈치에 관하여 임치계약을 체결하였는데, 원고의 채권회수를 위하여 소외 1의 동의 없이도 담보물을 처분할 수 있다는 담보물 처분 승낙서 및 확약서를 원고에게 작성·교부하였다. (3) 위 확약서의 라.항에 의하면 ‘"
deposit_dispute,31757,2,False,"‘이 사건 상가’라 한다)에 관하여 그 소유자 D와 사이에 임대차기간 2016. 7. 4.부터 2018. 7. 3.까지, 임대차보증금 합계 105,000,000원(1층 80,000,000원+2층 25,000,000원), 차임 합계 4,600,000원(1층 2,200,000원+2층 2,400,000원)으로 하는 내용의 임대차계약(이하 ‘"
deposit_dispute,5160,2,False,"‘이라 한다)에 관하여 재산분할을 원인으로 한 소유권이전등기절차를 이행하며, 원고는 피고 B으로부터 이 사건 부동산에 관한 소유권이전등기절차를 이행받음과 동시에 피고 B의 이 사건 부동산에 관한 광주지방법원 순천지원 여천등기소 2016. 7. 27. 접수 제15552호로 설정된 근저당권(채무자 피고 B, 근저당권자 E조합, 이하 ’"
protection_mechanism,76856,2,True,"'저당권자는 배당요구의 종기가 아니라 배당기일 전까지 물상대위권을 행사하면 우선변제를 받을 수 있고, 적어도 원고가 이 사건 배당요구의 종기인 공탁사유신고일 이전에 채권압류 및 전부명령을 신청하여 구 민사소송법 제733조에 의한 권리를 행사한 이상 위 채권압류 및 전부명령의 송달에 관계없이 물상대위권자로서 우선변제 받아야 한다.'"
fraud_core,90057,2,False,"「피고인은 2005. 11. 9.경 서울 마포구 합정동 (이하 생략) 공소외 1 법무사 사무실에서, 사실은 피해자 공소외 2로부터 인수금 명목으로 금원을 받더라도 이를 서울 영등포구 영등포동2가 (지번 생략) 소재 상가주택에 입주하여 있는 세입자들에게 임대차보증금으로 반환하여 줄 의사나 능력이 없음에도 불구하고, 피해자에게 “"
deposit_dispute,61685,2,False,"’이라 한다)설정등기를 마쳐 주었다. 라. 원고는 2008. 10. 7. G와 사이에 이 사건 건물 중 1층 전부, 2층 일부(면적을 26.44㎡로 기재)를 임대차보증금 4천만 원, 월 차임 2백만 원에 임대하는 임대차계약을 체결하였다. 마. 원고는 2008. 12. 31. F과 사이에 별지 약정서 기재와 같은 약정(이하 ‘"
deposit_dispute,107624,2,False,"’이라 한다)설정등기를 마쳐 주었다. 라. 원고는 2008. 10. 7. G와 사이에 이 사건 건물 중 1층 전부, 2층 일부(면적을 26.44㎡로 기재)를 임대차보증금 4천만 원, 월 차임 2백만 원에 임대하는 임대차계약을 체결하였다. 마. 원고는 2008. 12. 31. F과 사이에 별지 약정서 기재와 같은 약정(이하 ‘"
fraud_core,17063,2,False,"‘김제수협’이라고 한다) 앞으로 채권최고액 1억 3,000만 원의 근저당권설정등기를 경료하였다. (2) 이후 이 사건 아파트에 관하여 위 근저당권자인 김제수협의 임의경매신청에 따라 2007. 10. 2. 같은 법원 2007타경20506호로 임의경매개시결정이 있었고, 원고는 2008. 9. 12. 그에 따른 경매절차(이하 ‘"
deposit_dispute,81125,2,False,"‘피고 은성교회’라고 한다)가 주장하는 임대차보증금은 이 사건 건물의 매매대금 잔금에 불과할 뿐 실제로 임차보증금은 존재하지 않는다고 주장한다. 살피건대, 갑26 내지 28호증, 을5호증의 3, 을17호증의 각 기재에 변론 전체의 취지를 종합하면, 피고 은성교회는 교회 신축공사의 수급인인 피고 다인종합건설 주식회사(이하 ‘"
deposit_dispute,119442,2,False,"’이라 한다). 나. 피고는 2016. 7. 1.부터 2016 12. 31.까지 6개월분의 차임을 연체하였고, 2017년에 이르러는 2017. 4. 1.부터의 차임을 연체하였다. 다. D은 2017년 8월경 피고에게 이 사건 임대차계약의 갱신을 거절한다고 통지하였다. 라. D은 2017. 10. 11. 사망하였고(이하 ‘"
protection_mechanism,91174,2,False,"’)가 진행되었다. 나. 원고는 2019. 12. 19. 이 사건 경매절차에 이 사건 부동산 중 25㎡를 보증금 20,000,000원에 임차하였다는 내용의 권리신고 및 배당요구신청서를 제출하였다. 다. 그러나 위 경매법원은 원고가 진정한 임차인이 아니라고 판단하여 2020. 6. 30. 아래와 같은 내용의 배당표(이하 ‘"
fraud_core,55413,2,False,"’)를, 기간 2015. 10. 1.부터 2020. 9. 30.까지 60개월간, 보증금 7,000만원, 월차임 275만원(부가가치세 포함)으로 정하여 임차하여 그곳에서 식당을 경영해 왔다. 그리고 그 무렵 원고는 이 사건 점포에 관한 상가건물임대차보호법 소정의 대항력 요건을 구비하였다. 다. 피고 C 주식회사(이하 ‘"
deposit_dispute,91420,2,False,’라는 내용의 시말서(을가 제12호증)를 작성하여 교부하였다. 바. 피고는 2017. 10. 20. 이 사건 약속어음 공정증서에 기초하여 원고의 G에 대한 임대차보증금반환채권에 관하여 이 법원 2017타채16568호로 채권압류 및 추심명령을 받았다. 사. 피고의 대표이사 H과 피고의 실질대표자인 피고보조참가인(이하 ‘
deposit_dispute,95623,2,False,"‘이 사건 건물’이라 한다)을 각 1/2 지분으로 공유하고 있었다. 나. 원고는 2019. 7. 20. 피고, C과 사이에, 피고와 C으로부터 이 사건 건물 중 E호에 관하여 임대차기간 2019. 9. 5.부터 2021. 9. 4.까지, 임대차보증금 160,000,000원으로 하여 임차하기로 하는 임대차계약(이하 ‘"
deposit_dispute,59723,2,False,"’라 한다)를 작성해 주었고, F는 D의 채무를 연대보증하였다. 나. D이 위의 채무를 변제하지 않자, 원고는 집행력 있는 위 공정증서에 기초하여 2020. 12. 2. 대구지방법원 2020타채10933호로 F가 피고들에 대하여 가지는 1억 원의 임대차보증금 반환채권에 대하여 채권압류 및 추심명령을 받았고(이하 ‘"
protection_mechanism,32061,2,False,"'라 한다)에 관하여 1997. 11. 3.에 1997. 10. 29. 설정계약을 원인으로 하여 채권최고액 3억 원의 근저당권설정등기 및 지상권설정등기를, 1998. 3. 16.에 1997. 10. 29. 매매예약을 원인으로 한 지분이전청구권 가등기를 각 경료하고, 그 소유의 같은 목록 제1 기재 아파트(이하 '"
deposit_dispute,97716,2,False,"’라 한다)에 관하여 소유권이전등기를 마쳤다. 이후 2010. 11. 26. 이 사건 F호에 관하여 채무자 G, 근저당권자 주식회사 H, 채권최고액 81,900,000원의 근저당권설정등기가 마쳐졌다. 나. 원고는 2014. 1. 28. D과 사이에 주거용으로 개조된 이 사건 F호의 일부인 59.5㎡(이하 ‘"
protection_mechanism,148509,2,False,"’이라 한다)을 선고받았고, 이 사건 판결은 그 무렵 그대로 확정되었다. 8) C는 2019. 9.경 피고와 사이에, C가 이 사건 사업과 관련하여 피고로부터 차입한 대여금 등을 담보하기 위하여 피고에게 이 사건 신탁계약상 C의 수익권에 아래와 같은 내용의 근질권을 설정해 주기로 하는 근질권설정계약(이하 ‘"
deposit_dispute,103297,2,False,"’란에 이 사건 토지에 관하여 신한은행의 위 근저당권설정등기와 주식회사 내외종합건축사무소의 가압류기입등기 등 별도등기가 있다는 취지가 부기되었다가, 2004. 5. 4. 위 별도등기가 일부 말소되었다는 취지가 부기되었다. 나. 이 사건 아파트에 관한 임대차계약의 체결 (1) 피고 한국공인중개사협회(이하 ‘"
fraud_core,9648,2,False,"「근로기준법」이 적용되지 않으며, 피고의 정규근로자에게 적용되는 취업규칙 및 제반규정이 적용되지 않음이 명시되어 있고, 위 원고들도 위와 같은 계약 내용을 알면서 피고와 사이에 채권추심 위임계약을 체결한 것으로 보인다. (2) 피고는 2015. 1. 19. 본사부서 및 각 부점에 앞서 본 바와 같은 ‘"
deposit_dispute,103439,2,False,"‘C’라는 상호의 업체를 운영하였다. 이후 이 사건 임대차계약은 갱신되었는데, 월세는 2019. 2.경부터 매월 말일에 지급되는 것으로 변경되었고, 2020. 5.경부터 280만 원(부가가치세 별도)으로 감액되었다. 피고는 2020. 6. 26.경 원고에게 이 사건 부동산을 매수하라고 권유하면서 ‘"
fraud_core,129283,2,False,"‘ ○○’ 상가를 2006. 9. 9. 개점하겠다고 통보하였는데, 원고는 실제로 2006. 9. 22.에 위 상가를 개점한 다음 현재까지 이 사건 임차목적물을 점유·사용하고 있다. ○원고는 피고에게 위 일시불 임대료 750억 원 중 계약금은 위 계약 당일에 지급하였고, 중도금은 별지 내역표 ‘"
fraud_core,68048,2,False,"’이라 한다)을 체결하였는데, 이 사건 업무협정서 및 그에 따른 부속협정서 중 이 사건에서 문제되는 주요 조항은 아래와 같다. 이후 피고는 이 사건 업무협정에 따른 위 H의 원고에 대한 보험계약상의 의무를 그대로 승계하였다.  라. 원고는 이 사건 업무협정 외에도 소외 I 주식회사(이하 ‘"
deposit_dispute,86551,2,False,"’이라 한다)가 각 설치되어 있었다. 나. 원고의 이 사건 부동산 매수 및 임대 1) 원고와 피고는 2019. 11. 6. 원고가 피고로부터 이 사건 부동산을 5,486,000,000원(계약금 550,000,000원, 잔금 4,936,000,000원)에 매수하는 계약을 체결하였다(이하, ‘"
deposit_dispute,134958,2,False,"’이라 한다)을 발령받았고, 피고도 위와 같은 사정을 알면서 원고에게 이 사건 토지를 임대하여 주었다는 이유로 농지법위반죄의 공범으로 함께 처벌받았다. 마. 원고는 2016. 5.경 사업장을 다른 장소로 이전한 후 2017. 10. 10. 피고에게 제2 임대차계약을 해지한다고 통보(이하 ‘"
deposit_dispute,142765,2,False,"’라고 한다)로 임대차보증금 10,000,000원을 반환받았다. 다. 피고는 2020. 1.경 원고의 1인 주주인 H로부터 회사 매각을 이유로 사임을 권유받고 인수인계 절차를 진행하던 과정에서 H와 갈등이 발생하자, 2020. 2. 28. 원고의 I은행 계좌((계좌번호 2 생략), 이하 ‘"
deposit_dispute,60131,2,False,"'이라 한다). 그 내역은 아래와 같다.  8) 그 후 중소기업청장은 B가 납부고지일까지 보조금정산잔액을 반납하지 아니 하자, 2010. 1. 5. B의 한국벤처투자 주식회사에 대한 서울 서초구 F빌딩 3층에 관한 임대차보증금 반환채권 중 위 반납금액에 해당하는 금액을 압류하였다(이하 '"
deposit_dispute,65393,2,False,"’이라 한다)에 관하여, 임대차보증금을 10,000,000원으로, 차임을 월 750,000원(매월 7일 후불, 이후 2018. 7.경 월 차임을 1,000,000원으로 증액하였다)으로, 임대차기간을 2014. 5. 7.부터 2016. 5. 6.까지(24개월)로 정하여 임대차계약(이하 ‘"
protection_mechanism,23209,2,False,"’이라 한다)에 30억 원을 대출하였는데, 그에 앞서 담보로 2009. 2. 26. 채무자 우양주택 소유 부동산들과 물상보증인 소외인 소유 부동산들에 채권최고액 65억 원의 공동근저당권을 설정받았다가, 그 후 채권최고액을 39억 원으로 변경하였다(이하 위 대출채권과 공동근저당권을 ‘"
deposit_dispute,24726,2,False,"‘이 사건 건물’이라 한다)를 임대차보증금 50,000,000원, 차임 월 2,500,000원(부가세 별도, 매월 말일 지급), 관리비 월 40,000원, 임대차기간 2017. 2. 28.부터 2019. 2. 27.까지로 정하여 임차하였다(이하 C과 피고 사이의 위 임대차계약을 ‘"
deposit_dispute,139403,2,True,"‘H’으로 변경되고 그에 따른 위 음식점의 개축 또는 개조가 이루어졌는데, 이는 피고의 일방적인 결정이 아니라 원·피고 상호간의 합의에 따른 것이고, 그 비용부담에 관하여 원·피고 사이에 이 사건 추가 동업계약이 체결된 바 있다. (5) 이 사건 최초 동업계약 제6조 제2항은 ‘"
fraud_core,13485,2,True,"‘신탁자가 신탁계약체결 이후 새로운 임대차계약을 체결하는 경우에는 수탁자 및 우선수익자의 서면에 의한 동의를 받아야 하고(제11조 제2항), 신탁자가 수탁자 또는 우선수익자의 동의 없이 신탁부동산을 제3자에게 임대함으로서 발생하는 모든 손해나 비용을 배상할 책임이 있다(제5조)’"
fraud_core,48173,2,False,"‘이 사건 건물’이라 한다)를 2000. 3. 31. 원고에게 임대차보증금 2,500만 원, 임대차기간 24개월로 정하여 임대한 사실, 위 임대차계약이 존속 중인 2002. 10.경 피고는 주식회사 천광건설(2003. 3. 17. 주식회사 우리성건설로 상호가 변경되었다. 이하 ‘"
fraud_core,59532,2,True,"‘신탁자가 신탁계약체결 이후 새로운 임대차계약을 체결하는 경우에는 수탁자 및 우선수익자의 서면에 의한 동의를 받아야 하고(제11조 제2항), 신탁자가 수탁자 또는 우선수익자의 동의 없이 신탁부동산을 제3자에게 임대함으로서 발생하는 모든 손해나 비용을 배상할 책임이 있다(제5조)’"
deposit_dispute,40677,2,False,"‘D’라는 상호로 고시원을 운영하고 있다. 나. 이후 원고는 2019. 11. 29. 피고와 위 임대차계약 중 월차임을 600만 원(부가가치세 별도)으로, 임대차기간을 2019. 12. 21.부터 2021. 12. 21.까지로 각각 변경하는 계약을 체결하였다(이하 이를 통틀어 ‘"
deposit_dispute,28384,2,False,"’이라 한다)은 원고가 단독으로 소유하고 있었다. 나. 이 사건 1토지 중 소외 3 및 원고의 지분과 이 사건 2토지 및 2건물에 관하여 1995. 12. 30. 채권최고액 6억 5,000만원, 채무자 마타로종합건설, 근저당권자 주식회사 한일은행으로 된 근저당권설정등기(이하 ‘"
deposit_dispute,110383,2,False,"‘이 사건 양도양수계약서에 기재된 원고에 대한 채무액은 가변금액인 금융권채무부담액을 확정하는 과정에서 원고에게 전혀 알리지 아니한 점, 매매계약 시점 또는 소유권이전등기 시점 전후로 3년이 지나도록 원고의 이의제기나 이행청구가 전혀 없었던 점 등에 비추어 통정허위표시로서 무효’"
protection_mechanism,41437,2,False,"’이라는 상호로 사업자등록을 하고 2020. 10. 29. 폐업을 할 때까지 이 사건 상가를 점유하면서 영업을 해왔는바, 원고는 상가건물 임대차보호법에서 정한 우선변제권을 갖는 소액임차인이다. 그럼에도 피고의 신청으로 개시된 전주지방법원 군산지원 C 부동산임의경매 사건(이하 ‘"
fraud_core,11619,2,False,"’ 업체의 직원 및 CI의 직원으로 가장하여, 마치 CI 건물 내에 카페 임대차 계약을 체결해줄 것처럼 기망하여 보증금 등을 편취하기로 공모하였다. 가. 2019. 12. 2.경 범행 위와 같은 공모에 따라, 피고인 A은 2019. 11.경 DD이 운영하는 DE에 전화하여 ‘"
deposit_dispute,91891,2,False,"’이라 한다), 토피아 도봉어학원은 소외 1에게 위 임대차보증금 18억 원을 지급하였다. 그리고 이 사건 임대차 계약은 2012. 7.경 종료되었다. 나. 원고의 주식회사 에듀언스 발행 신주인수권부 사채 인수 1) 원고는 2009. 10. 29. 주식회사 에듀언스(이하 ‘"
deposit_dispute,134819,2,False,"'이라 함. 1층 93.62m² 및 13.44m², 2, 3층 각 129.02m², 4층 96.18m²) 중 2층 H호 49m²를 임대차보증금 85,000,000원, 임차기간 2017. 1. 6.부터 2019. 1. 5.까지(24개월)로 정하여 전세임차하는 계약(이하 '"
fraud_core,27799,2,False,"‘이 사건 건물’이라 한다)을 임차한 것이 아니었음에도 불구하고, 피고인이 2007. 1. 31.경 대구지방법원에서, 마치 피고인 및 위 회사가 진정한 임차인인 것처럼 위 공소외 1 및 피해자 공소외 2로부터 보증금 300만 원에 이 사건 건물을 임차하였다는 내용의 ‘"
protection_mechanism,875,2,False,'라고 한다)들에게 임차주택의 명도와 동시에 임차보증금의 반환을 구하는 이 사건 본소청구에 대하여 그 채용 증거에 의하여 원고 1은 소외 1을 대리한 소외 2와 사이에 1997. 8. 14. 위 소외 1이 건축주로 되어 있는 그 판시 미등기의 다가구용 단독주택(이하 '
fraud_core,132669,2,False,"‘임대차 개시 후 2년 6개월이 지나면 분양전환을 하고, 그 분양전환의 가격은 임대인과 임차인들이 의뢰하여 감정평가가 이루어진 감정가액을 산술평균한 금액으로 하며, 양자가 감정평가를 의뢰할 수 있는 감정평가법인은 매출액 기준 상위 10위 이내의 대형 법인으로 한다’"
deposit_dispute,146997,2,False,"’라는 상호로 부동산중개업을 영위하고 있었다. 나. 원고는 2016. 2. 5. 피고 C의 중개로 피고 B과 사이에 이 사건 빌라에 관하여 임대차보증금 1억 2,000만 원, 임대차기간 2016. 4. 15.부터 2018. 4. 14.까지로 하는 임대차계약(이하 ‘"
protection_mechanism,83538,2,False,"""H 상가 AA호 강제경매 취소를 위한 항고보증금, 경매신청권자 Z에 대한 채무변제금, 향후 대주단의 사전동의 하에 불가피하게 지출되는 신탁사무처리비용에 관하여 우선변제를 인정한다. 다만, 이는 신탁재산 가치 유지 및 사업정상화를 위해 부득이하게 인정되는 것이다."""
deposit_dispute,90658,2,False,"’이라 한다)은 이 사건 주택의 각 세대에 관하여 체결된 임대차계약을 중개한 공인중개사들이며, 피고 L단체는 나머지 피고들의 중개사고에 대하여 공제사업자로서 연대책임을 지는 자이다. 나. 나머지 피고들이 이 사건 주택의 각 세대에 관하여 중개한 임대차계약(이하 ‘"
deposit_dispute,44407,2,False,"'이라 한다)에 대하여 채무자 김승준, 근저당권자 농협, 채권최고액 금 3억 6천만 원의 근저당권설정등기를 경료하였다. 마.한편, 김승준의 어머니인 소외 김숙의는 1990.경 경남 고성읍 수남동 528-1 토지를 매입하여 이를 사회복지법인 샛별어린이집(이하 '"
deposit_dispute,139767,2,False,"’라 한다)하였으나, 이 사건 차용금채무를 그 변제기한이었던 2012. 4. 30.까지 변제하지 못하자, 피고인은 처인 G을 대리하여 2012. 7. 5.경 H와 이 사건 차용금 채무의 변제를 담보하기 위하여 G의 E에 대한 임대차보증금 반환채권(이하 ‘"
deposit_dispute,71484,2,False,"’이라 한다)를 임대차기간 2009. 2. 25.부터 2014. 2. 24.까지, 임대차보증금 500,000,000원, 월 차임 21,000,000원(부가가치세 별도), 관리비 4,400,000원으로 정하여 임차하는 내용의 임대차계약을 체결하고(이하 ‘"
deposit_dispute,121610,2,False,"’라 한다)에 관하여 임대차보증금 2,500만 원, 월 차임 187만 원(매월 말일 지급, 부가가치세 별도), 관리비 164,800원(부가가치세 별도), 임대차기간 2010. 4. 29.부터 2011. 4. 30.{임대차계약서(갑 제3호증)에 기재된 ‘"
deposit_dispute,121718,2,True,"’피고 C 본인이 2020. 11. 27.경 원고에게 이 사건 임대차 계약해지 등 조치를 취할 것을 요구하였음에도 뒤늦게 이 사건 소를 제기하였으므로, 민법 제438조 등에 따라 일정 기간에 대하여는 보증인인 피고 C에게 이 사건 청구를 할 수 없다.‘"
deposit_dispute,88508,2,False,"‘피고 C’라고만 한다)는 2020. 8. 19. 이 사건 부동산에 관하여 임대차기간 2020. 11. 1.부터 2022. 10. 31.까지, 보증금 5,000만 원, 월 차임 589만 원(부가세 별도, 익월 5일 후납)으로 정하여 임대차계약(이하 ‘"
deposit_dispute,127480,2,False,"‘피고는 원고가 체결하였다는 권리금계약과 아무런 관련이 없고, 가사 원고의 권리금계약이 사실이라 하더라도 피고가 책임질 일은 아니며, 피고는 향후 이 사건 부동산을 임대할 생각이 없으므로 임대차기간 만료시점인 2020. 3. 30.까지 명도하여 달라’"
protection_mechanism,82249,2,False,"‘이 사건 주택’이라 한다)에 관한 소유권이전등기를 마친 소유자였는데, 2016. 10. 10.경 동생인 피고에게 이 사건 주택을 임대차보증금 45,000,000원, 임대차기간 2018. 10. 30.까지로 정하여 임대하기로 하는 임대차계약(이하 ‘"
deposit_dispute,139276,2,True,"’는 내용의 통지를 하였고, 2018. 8. 9.에는 피고에게 2018. 10. 26. 임대차기간이 만료되므로 법 제10조에 따라 이 사건 임대차계약의 갱신을 요구한다는 내용의 통지를 하였다. 이에 대하여 피고는 2018. 8. 10. 원고에게 ‘"
fraud_core,31515,2,False,"""임대차계약일자 : 1996. 12. 12., 임차보증금 : 금 7,000,000원, 주민등록일자 : 1999. 7. 27., 임차범위 : 이 사건 부동산 중 15평, 점유개시일자 : 1996. 12. 21., 확정일자 : 1999. 7. 27."""
deposit_dispute,11996,2,False,"’이라 한다)한 사실, ③ 피고는 이 사건 토지 임대차계약의 임대차기간이 지난 이후 소외 1 및 원고들을 포함한 이 사건 건물의 임차인들을 상대로 의정부지방법원 2008가합372호로 토지인도 등 청구의 소를 제기하였고, 2009. 10. 22. ‘"
deposit_dispute,128167,2,False,"’이라 한다)을 체결하였는데, 그 주요 내용은 아래와 같다.   나. 이 사건 인수계약의 체결과 동시에 피고 1 및 소외 1은 원고와, 이 사건 인수계약에 따라 이 사건 회사가 원고에게 부담하는 일체의 채무를 연대보증하기로 하는연대보증약정(이하 ‘"
deposit_dispute,146913,2,False,"“최aa과 피고가 aaaaa에 이 사건 토지와 건물을 매매대금 24억 원에 매도하되, 계약금 2억 4,000만 원을 계약 시에, 중도금 12억 원을 2016. 9. 22., 잔금 9억 6,000만 원을 2016. 9. 29. 각 지급하기로 한다.”"
fraud_core,92012,2,False,"“마. 원고들은 이 사건 신탁계약 당시 우선수익자이거나(원고 2, 3, 9, 10, 12), 금융위원회의 계약 이전 결정 등에 따라 우선수익자의 지위를 이전받았거나(원고 7, 8), 우선수익자의 파산관재인(원고 1, 4, 5, 6, 11)이다.“"
protection_mechanism,79680,2,False,"'이라 한다)을 체결하였다.  라. 원고는 2005. 9. 3. C과 사이에 이 사건 분양계약을 합의해제하면서, 이미 납부한 분양대금 중 계약금과 개발비 합계 101,400,000원은 포기하고 중도금 중 본인 부담분 1억 3,200만 원(이하 '"
deposit_dispute,51922,2,False,"'이라 한다)으로부터 지급받을 환불금채권 금 160,640,500원이 있음을 이유로 이 법원에 항고인의 별지 임차권 목록 기재 임차권 및 그에 기한 임대차보증금반환청구채권에 관하여 가압류를 신청하였는데, 제1심 법원은 2003. 3. 13. """
deposit_dispute,137982,2,False,’이라 한다)을 선고하여 위 판결이 그 무렵 확정되었다. 다. 피고는 이 사건 판결정본을 집행권원으로 하여 2020. 4. 6. 울산지방법원 2020타채2038호로 원고의 청구취지 기재 임대차보증금 반환채권에 관한 채권압류 및 추심명령(이하 ‘
fraud_core,130348,2,False,"’이라 한다)와 이 사건 건물에 관한 신탁계약을 체결하면서 신탁기간은 2011. 6. 30.까지, 신탁원본의 우선수익자는 한국상호저축은행, 수익권증서금액 58억 8,000만 원으로 정하여 신탁하기로 하는 부동산담보신탁계약을 체결하였다(이하 ‘"
deposit_dispute,37840,2,False,"‘이 사건 상가’라 한다)을 임대차보증금 20,000,000원, 차임 월 1,870,000원(매월 말일 지불, 부가가치세 포함, 이하 같다), 임대차기간 2017. 11. 15.부터 2019. 11. 14.까지로 정하여 임대하는 계약(이하 ‘"
deposit_dispute,120931,2,False,"’이란 임대주택을 임대사업자가 아닌 자에게 매각하는 것이라고 정의하고 있는 점, 임대주택법에는 임차인의 매수 청구의 의사 표시만으로 임대주택에 관하여 매매계약이 체결되었다고 인정하는 규정이 없는 점 등에 비추어 보면, 제1호 또는 제4호의 ‘"
protection_mechanism,112696,2,False,‘피고 다옴’이라 한다)은 원고들에게 별지 보증금 목록 기재 각 입회보증금 및 각 이에 대한 이 사건 소장 부본 송달 다음 날 부터 다 갚는 날까지 연 20%의 비율에 의한 금원을 각 지급하라. 피고 다옴과 피고 국제자산신탁 주식회사(이하 ‘
deposit_dispute,40619,2,False,"‘이 사건 건물’이라 한다) 3층 전체 86.6㎡에 관하여, 임대차보증금 20,000,000원, 월차임 1,000,000원(후불), 임대차기간 2018. 6. 22.부터 2020. 6. 22.까지로 하여 임차하는 내용의 임대차계약(이하 ‘"
protection_mechanism,64705,2,True,"‘△△△’라는 상호로 사업자등록을 마치고, 2009. 6. 29. 피고와 사이에 이 사건 회생지원보증계약을 체결하였는데, 원고는 이 사건 회생지원보증계약 당시 위와 같이 이미 사업자등록을 마침으로써 신용보증기금법 제2조 제1호에 따른 ‘"
protection_mechanism,79878,2,True,"'이라고만 한다) 제8조 제3항이 대통령령에 위임한 것은 보증금의 범위이지 보증금의 보호개시일자까지 위임한 것은 아니라고 볼 것인 점, 구 주택임대차보호법시행령(1990. 2. 19. 대통령령 제12930호로 개정되기 전의 것, 이하 '"
deposit_dispute,129264,2,False,"'이라 한다)는 2012. 2. 10.경 C로부터 이 사건 건물 4층을 기간 2012. 4. 1.부터 2016. 3. 31.까지, 임대차보증금 100,000,000원, 월 차임 6,500,000원으로 정하여 임차하는 임대차계약(이하 '"
fraud_core,39657,2,False,“임대사업자가 임대의무기간이 지난 후 …… 임대주택을 분양전환하는 경우에는 다음 각 호의 어느 하나에 해당하는 임차인에게 우선 분양전환하여야 한다. 4. 선착순의 방법으로 입주자로 선정된 경우에는 분양전환 당시까지 무주택자인 임차인”
deposit_dispute,2533,2,False,‘임차인이 속한 세대의 세대주를 포함한 세대원(동일한 세대별 주민등록표상에 등재되어 있지 아니한 세대주 또는 세대원의 배우자 및 배우자와 동일한 세대를 이루고 있는 세대원 등을 포함한다) 전원이 주택을 소유하고 있지 아니한 임차인’
deposit_dispute,86984,2,False,"‘이 사건 매매’라 한다)하면서 계약금 7,000만 원 중 2019. 11. 29. 미리 지급한 1,000만 원을 제외한 나머지 6,000만 원은 계약 시, 잔금 6억 3,000만 원은 2019. 12. 26. 지급하기로 하되, ‘"
fraud_core,44094,2,False,’은 ‘임차인이 속한 세대의 세대주를 포함한 세대원(세대주와 동일한 세대별 주민등록표상에 등재되어 있지 아니한 세대주의 배우자 및 배우자와 동일한 세대를 이루고 있는 세대원을 포함한다) 전원이 주택을 소유하고 있지 아니한 임차인’
deposit_dispute,99439,2,False,"’이라 한다). 나. 원고는 2018. 3. 17. 피고 B으로부터 이 사건 건물을 임대차보증금 5,200만 원, 임대차기간 2018. 4. 14.부터 2020. 4. 14.까지로 정하여 임차하면서 다음과 같이 특약하였고(이하 ‘"
protection_mechanism,97503,2,False,‘이 사건 약국에 따른 임대차기간이 2014. 2. 27.경 만료함에 따라 전 임차인으로부터 그 임대차기간 범위 내에서 형식상 계약 명의변경만을 마친 원고는 2014. 5. 31.까지 소외 1에게 이 사건 약국을 명도하기로 한다’
deposit_dispute,47274,2,False,"'이라 한다)와 사이에, 원고가 이 사건 각 피고 토지를 임대차보증금 40,000,000원, 차임 월 1,000,000원, 임대차기간 2017. 8. 9.부터 2020. 8. 8.까지로 정하여 임차하는 내용의 임대차계약(이하 '"
deposit_dispute,69293,2,False,"‘이 사건 임대차보증금 6,000,000원에서 6월분 미지급 차임 660,000원, 전기요금 중 일부 950,000원, 부동산 중개수수료 500,000원 합계 2,110,000원을 공제한 나머지 3,890,000원을 반환하겠다’"
protection_mechanism,12513,2,False,"’이라 한다)의 1순위 근저당권자이다. 나. 근로복지공단은 근로기준법 및 임금채권보장법에 따라 최우선변제권이 인정되는 최종 3개월분의 임금과 최종 3년분의 퇴직금 중 일부로서, 소외 회사의 근로자 중 소외 1 외 95명(이하 ‘"
deposit_dispute,18110,2,False,"‘이 사건 건물’이라 한다)에 관하여 임대차보증금 1,500,000원, 차임 월 150,000원(매월 12일 지급), 임대차기간 2020. 4. 12.부터 2022. 4. 12.까지로 정하여 임차하는 내용의 임대차계약(이하 ‘"
deposit_dispute,69091,2,False,"‘청주위니아’라 한다)와 사이에 2005. 10. 27. 청주위니아가 중소기업은행으로부터 대출을 받는 데 대한 신용보증으로 보증금액을 1억 7,000만 원, 보증기한을 2006. 10. 26.까지로 정하여 신용보증계약(이하 ‘"
protection_mechanism,30198,2,False,"’이라고 한다)을 체결하고 소외 1에게 위 임차보증금을 지급한 다음, 2008. 8. 8. 동거인인 피고 2와 함께 이 사건 주택에 입주하여 전입신고를 하고 임대차계약서에 확정일자를 받았다. 2) 주식회사 한국씨티은행(이하 ‘"
fraud_core,82217,2,False,"“D아파트 H호는 회사 소유분으로, 내가 이 아파트의 소유자이자 건물주이고, 대출 문제로 소유 명의만 E으로 넘어가 있지만 아무런 문제가 없으니 나와 계약을 하면 된다, 보증금 3,000만 원에 월세 45만 원에 임대하겠다”"
deposit_dispute,148159,2,False,"‘, 점유기간 2015. 1. 21.부터 2017. 1. 21.까지, 확정일자 2017. 1. 24., 임차권·전세권등기 2017. 1. 24., 계약일 2017. 1. 6., 입주한 날(주택인도일) 2015. 1. 25.’"
protection_mechanism,32110,2,True,“국민주택 건설자금의 호당 융자액은 순담보 가격(주택가격에서 주택임대차보호법 제8조 제1항의 규정에 의한 우선변제권이 있는 보증금 중 일정액을 공제한 금액을 말한다)에서 제5항의 담보물에 대한 대출비율로 산정한 금액(이하 ’
fraud_core,118394,2,False,‘파산 전 은행이 사해행위의 채무자인 소외 1에 대한 피보전채권에 관하여 이미 소외 1 또는 제3자 명의 부동산에 근저당권설정등기를 경료받아 피보전채권 전액에 관하여 우선변제권이 확보되어 있어 사해행위가 성립하지 않는다.’
deposit_dispute,63505,2,False,‘원고가 수도 시설은 바로 해주겠다고 했다. 농업회사법인 ㈜E이 인근에 건물을 지으면서 상수도를 연결한다는 말은 임대차계약 이후에 들었다. 임대차계약 후 1~2달 뒤에 피고로부터 해제 의사를 듣고 원고에게 전화로 전달했다’
protection_mechanism,144770,2,False,"‘임차인 J은 2016. 10. 14. K건물 Z호에 대한 임대차 계약을 채무자 H의 누나 L과 체결하고 전세금 4,000만 원을 지급하고 2016. 10. 25.경부터 점유하면서 2016. 11. 1. 확정일자를 받았다’"
deposit_dispute,61691,2,False,"“임대차 목적물의 매매로 인하여 주택의 소유자(임대인)가 변경될 경우에 매매계약서에 귀사에서 전세자금대출이 취급되었고, 질권 설정 내용과 새로운 소유자에게 적용된다는 사실을 명기하고 동 내용을 귀사에 통보하기로 합니다.”"
deposit_dispute,1056,2,False,"‘이 사건 건물’이라고 한다)에 관하여 임대차보증금 50,000,000원, 월 차임 400,000원, 차임 지급일 매월 5일, 임대차기간 2015. 12. 5.부터 2017. 12. 4.까지로 정하여 임대차계약(이하 ‘"
deposit_dispute,85559,2,False,"'에 관하여, 원고들이 유류분 반환청구의 의사를 표시한 이 사건 소장부본이 송달된 날인 2009. 9. 29. 유류분 반환을 원인으로 하는 각 소유권이전등기절차를 이행하고, E 주식 5,433주 중 [표4] 기재 각 '"
deposit_dispute,114142,2,False,"‘G호’라 한다)에 관하여 서울동부지방법원 등기국 2016. 7. 6. 접수 제42932호로 채무자 E, 근저당권자 피고 D, 채권최고액 1억 5,000만 원의 근저당권설정등기가, 같은 목록 제2항 기재 부동산(이하 ‘"
deposit_dispute,147310,2,False,"‘이 사건 건물’이라고 한다)에 관하여 임대차보증금 50,000,000원, 월 차임 400,000원, 차임 지급일 매월 5일, 임대차기간 2015. 12. 5.부터 2017. 12. 4.까지로 정하여 임대차계약(이하 ‘"
protection_mechanism,14048,2,False,"’이라 한다)에 대하여 채권자취소권을 행사하는 이 사건에서, 그 판시와 같이 원고의 소외 회사에 대한 공사대금채권 150,000,000원 중 이 사건 매매계약 당시 이 사건 건물 2, 3층에 관한 판시 근저당권(이하 ‘"
deposit_dispute,37915,2,False,"‘이 사건 점포’라 한다)의 소유자인 원고로부터 이 사건 점포를 보증금 1억 원, 차임 월 480만 원, 임대차기간 2016. 11. 11.부터 2018. 11. 10.까지로 정하여 임차하기로 하는 임대차계약(이하 ‘"
deposit_dispute,77816,2,False,"‘이 사건 건물’이라 한다)의 공유자인 피고들과 이 사건 건물에 관하여 임대차보증금 150,000,000원, 임대차기간 2017. 8. 31.부터 2019. 8. 30.까지로 정하여 임차하는 내용의 임대차계약(이하 ‘"
deposit_dispute,107339,2,False,"'이라고 한다)을 보증금 1억 원, 임대차기간 2012. 1. 10.부터 2017. 1. 9.까지(60개월), 차임 월 310만 원(매월 10일 지급)으로 정하여 임차하기로 하는 내용의 임대차계약을 체결하였고(이하 '"
protection_mechanism,141358,2,False,"‘원고 1은 2000. 8. 28.경 처음 개업할 무렵에 임대차계약을 체결하여 2002. 11. 14. 확정일자를 받았고, 원고 2는 2002. 7.경 임대차계약을 체결하여 2002. 12. 26. 확정일자를 받았다’"
protection_mechanism,141788,2,False,"'이라 한다) 99카단2729호로 청구금액을 금 37,338,031원으로 하여 소외 1의 원고에 대한 위 보증금반환채권을 가압류하였고, 위 가압류결정은 같은 달 9. 원고에게 송달되었으며, 소외 인동새마을금고(이하 '"
fraud_core,34642,2,False,"'이라 한다)에 관하여, 의 실 운영자인 피고인이 본건 물건의 과반수 지분권자였던 황C, 노C1로부터 위 지분을 양수하는 계약을 체결하기는 하였으나, 위 계약이 체결될 무렵 황C, 노C1은 이미 주식회사 ◆(이하 '"
deposit_dispute,111763,2,False,"‘이 사건 계약’이라 한다)을 갱신한 다음, 이 사건 부동산에서 계속 거주해 왔고, 피고 D은 2018. 2. 19. 이 사건 부동산의 소재지로 전입신고를 마치고 피고 C와 함께 거주해 왔다. 나. F과 G(이하 ‘"
deposit_dispute,32190,2,False,"'이라 한다)에 관하여 임대차보증금을 1,500만 원으로, 임대차기간을 2016. 3. 13.부터 2019. 3. 12.까지로 각 정하여 임차하기로 하는 내용의 임대차계약을 체결하였다. 나. 원고는 망 E(이하 '"
deposit_dispute,70695,2,False,"’과 동일하게 평가할 수 없다. 또한 재건축사업의 임차인이든 재개발사업의 임차인이든 정비사업의 시행으로 인하여 자신의 의사와는 무관하게 일방적으로 임차권을 상실하게 된다는 점에서는 본질적으로 동일하고, 임차권은 ‘"
deposit_dispute,110616,2,False,"‘임대차계약일 2007. 5. 31., 임차보증금 15,000,000원, 월 차임 350,000원, 임대차기간 2007. 6. 15.부터 24개월, 전입신고 2007. 6. 21., 확정일자 2007. 7. 9.’"
deposit_dispute,134461,2,False,"‘피고인은 공소외인에게 이 사건 주택의 임대차보증금으로 950만 원을 지급하였는데, 공소외인은 900만 원만 받았다고 주장하면서 임대차보증금 전액을 돌려주지 않기 위해 중국 국적의 피고인을 불법체류자로 고발하였다’"
fraud_core,130969,2,False,"’라고 한다)를 총 공급금액 418,110,000원{계약금 41,800,000원, 중도금 292,600,000원(=41,800,000원 × 7차), 잔금 83,710,000원}에 분양받는 내용의 분양계약(이하 ‘"
deposit_dispute,136488,2,False,"‘이 사건 건물’이라 한다)를 임대차보증금 1억 7,000만 원, 임대차기간 2015. 11. 11.부터 2017. 11. 11.까지로 정하여 임차하였고, 그 무렵 피고에게 위 임대차보증금을 지급하였다(이하 ‘"
fraud_core,148746,2,False,"’고 진술하였는데, C의 위 진술은 아래와 같은 이유로 신빙성이 있다. ㉮ 이 사건 건물에 관한 임대차계약서에 명시적으로 이 사건 임대차목적물에 관한 전대가 금지되어 있고, 피고인이 주장하는 특약사항, 즉 ’"
deposit_dispute,54834,2,False,"‘이 사건 점포’라 한다)에 관하여 임대보증금을 280,000,000원, 월 임대료를 400만 원, 임대차기간을 2012. 10. 1.부터 2013. 10. 1.까지로 정해 임차하는 내용의 임대차계약(이하 ‘"
deposit_dispute,65328,2,False,"‘이 사건 토지’라 한다)를 피고 C에게 대금 590,000,000원에 매도하면서, 계약금 40,000,000원은 계약 당일에, 잔금 550,000,000원은 피고 C이 이 사건 토지 위에 공동주택(이하 ‘"
protection_mechanism,143000,2,False,'이라고 한다)에 이 사건 근저당권에 대한 근저당권부 근질권을 설정해주었다. 마. 그 무렵 피고는 E와 사이에 이 사건 대출원리금의 대위변제와 관련하여 아래와 같은 내용이 포함된 확약서를 작성하였다(이하 '
deposit_dispute,58099,2,False,"‘이 사건 건물’이라 한다)를 임대차보증금 50,000,000원, 차임 월 2,600,000원, 임대차기간 2016. 4. 18.부터 2018. 4. 17.까지로 정하여 임차하는 내용의 임대차계약(이하 ‘"
deposit_dispute,73425,2,False,"‘이 사건 건물’이라 한다)를 임대차보증금 50,000,000원, 차임 월 2,600,000원, 임대차기간 2016. 4. 18.부터 2018. 4. 17.까지로 정하여 임차하는 내용의 임대차계약(이하 ‘"
fraud_core,20563,2,False,’이라 한다)의 일부를 각 임차하여 점유하고 있는 자들이다. 나. 이 사건 임대차계약 피고들은 당시 이 사건 건물의 소유자였던 G과 아래 [표1] 기재와 같은 내용의 각 임대차계약을 체결하였다(이하 ‘
fraud_core,84309,2,False,’이라 한다)의 일부를 각 임차하여 점유하고 있는 자들이다. 나. 이 사건 임대차계약 피고들은 당시 이 사건 건물의 소유자였던 G과 아래 [표1] 기재와 같은 내용의 각 임대차계약을 체결하였다(이하 ‘
deposit_dispute,71551,2,False,"'라고 한다)를 공사기간 2016. 6. 30.부터 2016. 11. 30.까지, 공사대금 17억 원으로 정하여 도급주기로 하는 도급계약을 체결하였다(을사 제6호증). 한편, 위 도급계약서 말미에는 '"
deposit_dispute,80020,2,False,"「임대의뢰인에게 이 사건 주택에 이미 거주하고 있는 다른 임차인들의 임대차계약 내역에 관한 자료를 요구하여 이를 확인한 다음 임차의뢰인인 원고에게 설명하고 자료를 제시하고, 중개대상물 확인·설명서의 '"
deposit_dispute,117019,2,False,"’이라 한다)을 임대차보증금 10,000,000원, 월 차임 1,500,000원, 임대차기간 2020. 6. 1.부터 2022. 5. 31.까지 24개월로 정하여 임차하는 내용의 임대차계약(다음부터 ‘"
protection_mechanism,113709,2,False,"’에는 채권자와 채무자 사이에 채무의 이행을 확보하기 위한 특약이 있는 경우에 그 특약에 기하여 채권자가 가지는 권리도 포함된다고 할 것이나, 채권자와 일부 대위변제자 사이의 약정에 지나지 아니하는 ‘"
protection_mechanism,117861,2,False,"’에는 채권자와 채무자 사이에 채무의 이행을 확보하기 위한 특약이 있는 경우 그 특약에 기하여 채권자가 가지게 되는 권리도 포함된다고 할 것이나, 채권자와 일부 대위변제자 사이의 약정에 지나지 않는 ‘"
deposit_dispute,9985,2,False,"’이라 한다) 소유자인 피고 C으로부터 이 사건 부동산을 보증금 1억 4,000만 원, 임대차기간 2018. 10. 16.부터 2020. 10. 15.까지로 정하여 임차하는 내용의 임대차계약(이하 ‘"
deposit_dispute,142243,2,False,"'이 사건 임대차계약이 2011. 3. 17. 기간 만료로 종료되었으므로 원고는 위 피고로부터 이 사건 부동산을 인도받음과 동시에 위 피고에게 기 지급 임대차보증금 80,500,000원을 지급하라.'"
protection_mechanism,6928,2,False,"’으로 하는 임대차계약을 체결한 사실은 위 기초사실에서 본 바와 같고, 아래 나.항에서 보는 바와 같이 원고가 이 사건 각 부동산 중 임차부분을 특정하지 못하고, 단지 사업자등록 및 임대차계약서에 ‘"
fraud_core,61740,2,False,"‘이 사건 주택’이라고 한다)의 소유자인 C과 이 사건 주택에 관하여 임대차보증금 180,000,000원, 임대차기간 2019. 6. 24.부터 2021. 6. 23.까지로 정한 임대차계약(이하 ‘"
deposit_dispute,8892,2,False,"‘보증금정산서’를 피고인의 입회 하에 작성하였다면서 위 각서와 정산서를 제출하였고, 원상회복공사에 대한 금액 22,880,000원(부가가치세 포함)의 G 명의의 2018. 7. 30.자 견적서도 ‘"
deposit_dispute,54478,2,False,"‘이 사건 부동산을 피고에게 매도할 당시 정확한 매매금액을 정하지 않고 근저당권부채무 2억 4천만 원, 당시 임대차보증금 1억 8천만 원을 피고가 인수하고 2천만 원을 지급하는 것으로 약정하였다.’"
deposit_dispute,67686,2,False,"’라고 한다)에 관하여 임대차보증금 100,000,000원, 월 차임 5,000,000원(부가가치세 별도), 임대기간 2014. 4. 11.부터 2016. 4. 10.까지로 하여 임대차계약(이하 ‘"
deposit_dispute,86797,2,False,"‘이 사건 주택’이라 한다)에 관하여 임차보증금 55,000,000원, 임대차기간 2018. 8. 15.부터 2020. 8. 14.까지로 정하여 피고들로부터 이를 임차하는 내용의 임대차계약(이하 ‘"
deposit_dispute,95426,2,False,"’이라 한다)를 소외 C으로부터 전대차보증금을 20,000,000원으로, 월차임을 3,000,000원으로, 전대차기간을 2018. 1. 8.부터 2020. 4. 26.까지로 하여 전대차계약(이하 ‘"
protection_mechanism,16770,2,False,"'이라 한다)에 관하여 의정부지방법원 의정부등기소 2011. 5. 18. 접수 제45553호로 채권최고액을 104,000,000원, 근저당권자를 원고, 채무자를 B으로 정한 근저당권설정등기(이하 '"
deposit_dispute,71297,2,False,"’이라 한다)를 전대차보증금 50,000,000원, 차임 월 2,400,000원(부가가치세 별도), 전대차기간 2011. 7. 15.부터 2014. 7. 15.까지로 정하여 전차하는 계약(이하 ‘"
protection_mechanism,148890,2,True,‘건설공사의 하자담보책임기간에 관하여 다른 법령(민법 제670조 및 제671조는 제외한다)에 특별하게 규정되어 있거나 도급계약에서 따로 정한 경우에는 그 법령이나 도급계약에서 정한 바에 따른다.’
fraud_core,83036,2,False,"“2016. 5. 1.경부터 보증금 1,000만 원에 월세 100만 원을 주기로 하고 임대차계약을 하고 2. 1.경부터 인터넷을 통해 태국 여성을 고용한 후 단독으로 성매매 영업을 하고 있다.”"
deposit_dispute,116367,2,False,"’이라고 한다)을 임대차보증금 45,000,000원, 차임 월 4,050,000원, 임대차기간 2013. 12. 10.부터 2015. 12. 9.까지로 정하여 임대하기로 하는 임대차계약(이하 ‘"
deposit_dispute,28458,2,False,"”이라고 기재되어 있다. ③ D는 피고의 요청을 받고 피고 명의의 계좌로 이 사건 임대차보증금 전액을 송금하여 반환하였는데, 그 중 2011. 7. 29. 송금한 7,000만 원에 관하여는 ‘"
protection_mechanism,125509,2,False,"""임차권은 임차주택에 대하여 민사집행법에 의한 경매가 행하여진 경우에는 그 임차주택의 경락에 의하여 소멸한다. 다만, 보증금이 전액 변제되지 아니한 대항력이 있는 임차권은 그러하지 아니하다."""
deposit_dispute,7534,2,False,"’이라 한다) 그 무렵 위 보증금을 모두 지급한 후, 이 사건 점포를 인도받아 스넥코너를 운영하면서 2003.3.22.경 이 사건 임대차계약서에 확정일자를 받고, 2003.4.1. 상호를 ‘"
deposit_dispute,20319,2,False,"‘이 사건 선박’이라 한다)에 관하여 임대차보증금은 1,000만 원, 차임 월 300만 원, 임대차 기간 2019. 11. 19.부터 2020. 11. 19.까지로 하는 임대차 계약(이하 ‘"
deposit_dispute,40057,2,False,’이라 한다) 각 마쳐주었다. 나. 이 사건 계약의 체결 및 경과  원고들은 2013. 12. 11.경 피고 D과 아래와 같은 내용의 부동산매매 및 사업경영권 이전 계약을 체결하였다(이하 ‘
deposit_dispute,71472,2,False,’이라 한다) 각 마쳐주었다. 나. 이 사건 계약의 체결 및 경과  원고들은 2013. 12. 11.경 피고 D과 아래와 같은 내용의 부동산매매 및 사업경영권 이전 계약을 체결하였다(이하 ‘
deposit_dispute,25457,2,False,"’이라고 한다)에 관하여 임대차보증금 40,000,000원, 차임 월 3,300,000원, 임대차기간 2008. 7. 1.부터 24개월로 정하여 임대차하기로 하는 내용의 임대차계약(이하 ‘"
deposit_dispute,42857,2,False,"""라고 한다)는 피고 B 및 C 앞으로 공제금액 1억 원인 공제증서를 발행하였다. 이 사건 임대차계약도 공제대상이다. 다. 피고 B은 이 사건 임대차계약에 관한 중개대상물 확인 설명서에 '"
deposit_dispute,148132,2,False,"‘이 사건 건물’이라 한다)을 증여하였다. 라. 2015. 6. 9. 이 사건 토지에 관하여 채권최고액 250,000,000원, 채무자 D, 근저당권자 피고로 하는 근저당권설정등기(이하 ‘"
fraud_core,25032,2,False,"’, 내용 : ‘위 당사자는 수원시 팔달구 …(중략)… 임차인 B이 준 중개수수료 3,000,000원 중 각각 임대인이 1,500,000원 씩 부담하기로 하고 쌍방 합의 하에 (후략)…’"
fraud_core,98792,2,False,"“임차인을 구해 전세자금 대출을 받아 1억 4,000만 원을 마련할 수 있을 것 같으니 나머지 임대보증금 6,000만 원을 소유자인 Q에게 실제로 지급한 것처럼 거래내역을 만들어 달라.”"
fraud_core,111202,2,False,"’, 내용 : ‘위 당사자는 수원시 팔달구 …(중략)… 임차인 B이 준 중개수수료 3,000,000원 중 각각 임대인이 1,500,000원 씩 부담하기로 하고 쌍방 합의 하에 (후략)…’"
deposit_dispute,19703,2,False,"'라고 한다)에 관하여 임대차보증금 2,000만 원, 월 차임 240만 원(부가가치세 별도), 임대차기간 2012. 12. 1.부터 2015. 12. 1.까지로 정하여 임대차계약(이하 '"
deposit_dispute,32012,2,False,"’이라 한다)와 사이에 이 사건 건물에 관하여 임대차보증금 41,000,000원, 임대차기간 2011. 4. 23.부터 2013. 4. 22.까지로 정하여 임대차계약을 체결하였고(이하 ‘"
fraud_core,20050,2,False,"“위 부동산에 1억 4,400만 원(채무액 1억 2,000만 원)의 근저당권이 설정되어 있는데 전세보증금을 주면 그 중 1억 원으로 은행대출금을 변제하고 2,000만 원만 남겨놓겠다.”"
deposit_dispute,46256,2,False,"'이라 한다)을 체결한 후, 다음 날 임대차계약서에 확정일자를 받고 전입신고를 마쳤다. 2) 이 사건 임대차계약 체결 당시 피고 B가 작성하여 원고에게 교부한 중개대상물확인·설명서의 '"
deposit_dispute,75818,2,False,"’이라 한다)와 사이에 이 사건 건물에 관하여 임대차보증금 47,000,000원, 임대차기간 2017. 7. 1.부터 2019. 6. 30.까지로 정하여 임대차계약을 체결하였고(이하 ‘"
fraud_core,132287,2,False,"‘피고 회사’라 한다)는 2018. 9. 5. H과 계약기간을 2018. 9. 11.부터 2021. 9. 10.까지, 경비대상을 인천 미추홀구 I에 있는 J으로 정한 경비계약(이하 ‘"
deposit_dispute,49857,2,False,"‘이 사건 주택’이라 한다)에 관하여 보증금 300만원, 월차임 55만원(매월 26일 선지급), 임차기간 2019. 7. 26.부터 2021. 7. 31.까지로 정하여 임대차계약(‘"
deposit_dispute,114749,2,False,‘피고들은 원고들로부터 위 분양계약에서 정한 약정 분양대금에서 기존의 임대차보증금을 공제한 돈을 지급받음과 동시에 원고들에게 이 사건 임대아파트에 관한 소유권이전등기절차를 이행하라’
protection_mechanism,133432,2,False,‘주택임대차법’이라 한다)이 시행되었다.  다. 피고 C은 2021. 3. 4. 원고에게 이 사건 임대차계약의 갱신을 요구하였다. 이에 원고는 2021. 1. 20. 피고 C에게 ‘
deposit_dispute,16804,2,False,"‘이 사건 매점’이라 한다)에 관하여 임대차보증금 2,000만 원, 차임 월 20만 원, 임대차기간 2019. 6. 15.부터 2021. 6. 14.까지로 정한 임대차계약(이하 ‘"
deposit_dispute,23408,2,False,"'임차인(피고)은 공장 진입로와 공장 주변 포장공사, 토지 경계 석축 공사를 우선 자비로 시공하여 사용하고 공사비는 공사 완공 후 3개월 안에 임대인(B)과 정산하기로 한다.'"
deposit_dispute,39895,2,False,"”로 정하여 임대하였다. 나. 망인과 피고 사이의 위 임대차계약이 묵시적으로 갱신되던 중, 원고 C은 망인이 사망한 이후인 2017. 12. 28. 피고에게 이 사건 토지를 “"
deposit_dispute,49918,2,False,"”로 정하여 임대하였다. 나. 망인과 피고 사이의 위 임대차계약이 묵시적으로 갱신되던 중, 원고 C은 망인이 사망한 이후인 2017. 12. 28. 피고에게 이 사건 토지를 “"
deposit_dispute,59296,2,False,"‘이 사건 주택’이라 한다)을 임대차보증금 235,000,000원, 임대차기간 2020. 6. 19.부터 2022. 6. 18.까지로 정하여 임차하기로 하는 임대차계약(이하 ‘"
protection_mechanism,59732,2,False,"'라 한다)에 관하여 서울남부지방법원 등기국 2015. 7. 24. 접수 제40472호로 채권최고액 288,000,000원, 근저당권자 원고로 하는 근저당권설정등기(아래에서 '"
deposit_dispute,45042,2,False,"'이라 한다)을 체결하였고, 같은 날 피고로부터 400만 원의 가계약금을 지급받았다. 라. 원고는 2015. 3. 4. 피고와 사이에 이 사건 부동산에 관한 매매계약(이하 '"
protection_mechanism,7569,2,False,"“임차보증금 4,800만 원, 임대차계약일 2005. 3. 31., 주민등록전입일 2003. 4. 1., 주택인도일 2003. 3. 31., 확정일자 2005. 4. 11.”"
fraud_core,1415,2,False,‘ 공소외 14로부터 자신이 서울에 올라왔을 때 잠을 잘 원룸이 필요하니 원룸을 알아봐 달라는 부탁과 함께 원룸 임대차보증금에 대한 계약금으로 사용하라며 금원을 교부하였다’
deposit_dispute,21293,2,False,’으로 하는 임대차계약을 체결했다. 위 각 임대차계약의 주요 내용은 아래와 같다.    나. 원고 B는 2015. 4. 29. F과 사이에 이 사건 제2부동산에 관하여 ‘
deposit_dispute,36482,2,False,‘1억 원’을 채무금액으로 하고 위 채무의 지급을 담보하기 위하여 피고가 임차하고 있는 2개의 매장에 관한 임대차보증금 반환채권을 담보로 제공하는 내용의 공정증서(이하 ‘
deposit_dispute,46586,2,False,"’이라 한다)을 체결하였다. 다. 원고는 D을 상대로 임대차보증금반환을, C를 상대로 중개대상물에 관한 확인․설명의무 위반에 따른 손해배상을 각 구하는 소를 제기하여, “"
deposit_dispute,69794,2,False,"‘이 사건 주택’이라 한다)에 관하여 임대차보증금 1억 원, 차임 20만 원, 임대차기간 2020. 9. 18.부터 2022. 9. 17.까지로 정하여 임대차계약(이하 ‘"
fraud_core,56786,2,False,"‘피고 A가 허위 전세계약서(이 사건 임대차계약서를 의미한다), 허위 재직증명서 등을 H은행 담당자에게 제출하는 방법으로 피해자 H은행을 기망하여 대출금을 편취하였다’"
deposit_dispute,12512,2,False,"'이라 한다)을 임차보증금 4,000만 원, 월차임 60만 원, 임차기간 2013. 10. 26.부터 2015. 10. 26.까지로 정하여 임차하는 임대차계약(이하 '"
deposit_dispute,127327,2,False,"’이라 한다)이 있다. 피고는 원고 등을 상대로 인천지방법원 2018가단27972호로 임대차보증금의 반환을 구하는 소를 제기하였고, 위 법원은 2019. 4. 2. ‘"
deposit_dispute,132162,2,False,"’)에 관하여 임대차보증금 2억 5,500만 원, 임대차기간 2018. 8. 1.부터 2020. 7. 31.까지로 정하여 이를 망인으로부터 임차하는 임대차계약(이하 ‘"
protection_mechanism,137728,2,False,"‘피해자 회사’라 한다)를 위해 대항력을 갖추어 주기로 약정함으로써, 채권담보에 관한 대항력을 갖출 피해자 회사의 사무가 신임관계에 기초하여 피고인이 맡아 처리하는 ‘"
fraud_core,108293,2,False,"’라 한다)를 보증금 200,000,000원, 임대기간 2017. 6. 30.부터 2019. 6. 29.까지로 정하여 임차하기로 하는 임대차계약을 체결하였다(이하 ‘"
fraud_core,123567,2,False,"’에 다니는 것처럼 재직증명서 등 관련서류를 작성한 후 B에게 건네주고, 허위 임대인인 피고인과 허위임차인 C은 2014. 10. 29. 안양시 동안구 G에 있는 ‘"
fraud_core,107038,2,False,"‘이 사건 주택’이라 한다)을 임대차보증금 2억 1,500만 원, 기간 2016. 3. 3.부터 30개월인 2018. 9. 2.까지로 정하여 임차하는 계약(이하 ‘"
deposit_dispute,78797,2,False,"’이라 한다)에 관하여 임대기간 24개월, 임차보증금 60,000,000원, 차임 월 2,300,000원, 관리비 월 400,000원으로 정하여 임대차계약(이하 ‘"
deposit_dispute,49985,2,False,"’이라 한다)를 임대차보증금 2,500만 원, 차임 월 240만 원(부가가치세 별도, 매월 말일 후불)으로 정하여 임차하는 내용의 임대차계약을 체결하였다(이하 ‘"
deposit_dispute,83091,2,False,"‘이 사건 매장’이라고 한다)에 관하여 임대차보증금은 250,000,000원, 임대차기간은 영업 개시 시점으로부터 2년으로 정하여 임대차계약을 체결하였다(이하 ‘"
deposit_dispute,45616,2,False,"‘이 사건 점포’라 한다)에 관하여 임대차기간을 2016. 10.경부터 2018. 10.경까지, 임대차보증금을 50,000,000원으로 정한 임대차계약(이하 ‘"
deposit_dispute,72589,2,False,"’이라 한다)에 관하여 보증금 2,500만 원, 월차임 28만 원, 임대차기간 2007. 1. 12.부터 2009. 1. 12.까지로 정하여 임대차계약(이하 ‘"
deposit_dispute,87125,2,False,"‘피고인의 2018. 10. 30.까지 임대차보증금 5,000만 원 반환과 피해자 측의 그 소유의 각종 집기류에 대한 2019. 4. 30.까지의 철거(수거)’"
protection_mechanism,19153,2,False,"‘이 사건 주택’이라 한다)를 임차보증금 20,000,000원, 임대차기간 2011. 12. 13.부터 2013. 12. 13.까지로 정하여 임대차계약(이하 ‘"
deposit_dispute,12649,2,True,"’이라 한다)가 적용되어 임대인인 원고가 권리금 회수 기회를 보호하여야 할 의무를 부담하는 경우이기 때문에 국가계약법 시행령 제26조 제1항 제2호(이하, ‘"
fraud_core,52360,2,False,"'이라 한다) 중 G호에 대하여 보증금 4,000만 원, 기간 2017. 11. 15.부터 2019. 11. 14.까지로 하는 임대차계약을 체결하였다(이하 '"
fraud_core,105152,2,False,"‘본필지에 대한 2003. 5. 29. 가처분 신청에 따른 가처분 해지를 조건으로 보상금액(1,486,726,000원)을 지급하기로 하여 재계약 작성하였음’"
deposit_dispute,19377,2,False,"’라 한다)를 보증금 2억 7,000만 원, 기간 2019. 1. 22.부터 2021. 1. 21.까지로 정하여 임차하기로 하는 계약을 체결하였다(이하 ‘"
deposit_dispute,37283,2,False,"‘이 사건 건물’이라고 한다)를 임대차보증금 55,000,000원, 임대차기간 2021. 1. 1.까지로 정하여 임차하기로 하는 내용의 임대차계약(이하 ‘"
deposit_dispute,78051,2,False,"'라 한다)에 관하여 임대차보증금 13,964,000원, 월차임 145,670원, 임대차기간 2008. 12. 31.까지로 하는 내용의 임대차계약(이하 '"
fraud_core,90237,2,True,"’는 원고가 다수의 임차인들과 계약을 체결할 때마다 사용되는 양식임을 알 수 있으므로, 위 화해조서는 약관의 규제에 관한 법률 제2조 제1호가 정하는 ‘"
deposit_dispute,55468,2,False,"’라 한다)에 관하여 임대보증금을 34,230,000원, 임대차기간을 2018. 12. 18.부터 2020. 12. 31.까지로 하는 임대차계약(이하 ‘"
deposit_dispute,16820,2,False,"‘이 사건 아파트 소유권 이전에 관한 상황 전체에 대해 전화, 문자메시지 등으로 제기한 거부의사를 재차 표하고, 이 사건 임대차계약의 해지를 요청한다’"
deposit_dispute,19295,2,False,"‘이 사건 아파트 소유권 이전에 관한 상황 전체에 대해 전화, 문자메시지 등으로 제기한 거부의사를 재차 표하고, 이 사건 임대차계약의 해지를 요청한다’"
deposit_dispute,29581,2,False,"'이라 한다)을 보증금 5천만 원, 차임 월 374만 원, 임대기간 2016. 12. 2.부터 2018. 2. 5.까지로 정하여 임대하는 계약(이하 '"
deposit_dispute,47186,2,False,"’라 한다)를 임대차보증금 50,000,000원, 임대차기간 2016. 8. 13.부터 2018. 8. 12.까지로 정하여 임차하는 임대차계약(이하 ‘"
deposit_dispute,140421,2,False,“반환의 청구권은 유류분권리자가 상속의 개시와 반환하여야 할 증여 또는 유증을 한 사실을 안 때로부터 1년내에 하지 아니하면 시효에 의하여 소멸한다.”
protection_mechanism,2606,2,False,"’이라 한다)에 이 사건 부동산을 매매대금 3,801,000,000원(계약금 1,000,000,000원)에 매도하였고(이하 &apos이 사건 매매계약‘"
deposit_dispute,88672,2,False,"’라 한다)를 임대차보증금 45,000,000원, 임대차기간 2017. 11. 30.부터 2019. 11. 29.까지로 정하여 임차하는 계약(이하 ‘"
fraud_core,3263,2,False,"‘이라 한다)에 관해 임대차보증금 7,000만 원, 임대차기간 2014. 1. 27.부터 2016. 1. 27.까지로 각 정하여 임대차계약(이하 ’"
deposit_dispute,1398,2,False,‘매도자 또는 매수자가 본 계약상의 내용에 대하여 불이행이 있을 경우 그 상대방은 불이행한 자에 대하여 서면으로 최고하고 계약을 해제할 수 있다.’
deposit_dispute,19780,2,False,"’이라고 한다)에 관하여 계약기간을 개점일로부터 5년으로 정하여 가맹계약을 체결하였다. 2) C은 D와 사이에 인천 부평구 G, 1층 점포(이하 ‘"
deposit_dispute,140168,2,False,"'이라 한다)받고, 같은 날 그 담보로 F은행에 이 사건 임대차보증금 반환채권에 관하여 348,000,000원을 담보한도액으로 하여 근질권(이하 '"
fraud_core,118192,2,False,"‘위 체비지와 건물의 가액 6억 원(위 체비지와 건물 시가 6억 5,000만 원 - 전세권등기된 전세권자 공소외 19의 전세금 5,000만 원)’"
deposit_dispute,122496,2,False,"‘이 사건 주택’이라 한다)을 보증금 500만원, 기간 2017. 9. 30.부터 2019. 2. 29.까지 정하여 임차하기로 임대차계약(이하 ‘"
fraud_core,36678,2,True,"'이라는 기재가 있고, 계약서 마지막 부분에 시공사 기재와 함께 피고 대우건설의 법인인감이 날인되어 있으며, 위 각 임대차계약서 제21조에는 """
deposit_dispute,126764,2,False,‘이 사건 빌라의 실소유자인 H가 이 사건 확인서를 작성해주면 임대차보증금을 반환해주겠다고 하여 이를 믿고 이 사건 확인서를 작성해준 것뿐이다’
deposit_dispute,26135,2,False,"‘이 사건 건물’이라 한다)에 관하여 임대차보증금 2,500만 원, 차임 월 200만 원으로 정하여 임대차계약을 체결하고 이 사건 건물에서 ‘"
deposit_dispute,56810,2,False,"'이라 한다)를 보증금 6,500만 원, 계약기간 2014. 3. 14.부터 2016. 3. 13.까지로 정하여 원고에게 임대한 사실(이하 '"
deposit_dispute,108448,2,False,"’이라 한다), 피고 B으로부터 보증금을 받음과 동시에 피고 B으로 하여금 이 사건 주택을 점유․사용하도록 하였다. 이 사건 임대차계약은 ‘"
protection_mechanism,90298,2,False,‘보험계약자가 계약체결후에 보험수익자를 지정 또는 변경할 때에는 보험자에 대하여 그 통지를 하지 아니하면 이로써 보험자에게 대항하지 못한다’
protection_mechanism,26770,2,False,"‘가평 논’이라 한다)에 관하여 채권최고액 4억 5,000만 원으로 하는 공동근저당권(이하에서 이 사건 부동산에 경료된 공동근저당권만을 ‘"
protection_mechanism,31869,2,False,"'이라고 한다)을 임차보증금 18,000,000원에 임차한 사실, 원고의 주민등록은 위 임대차계약 이전인 1994. 12. 6.에 이미 '"
fraud_core,11736,2,False,’이 사건 L호‘라고 한다) 및 M호에 대한 각 분양계약서를 지급하며 공사잔금 완납시 위 각 분양계약서는 무효로 할 것을 쌍방 합의한다’
fraud_core,72502,2,False,’이 사건 L호‘라고 한다) 및 M호에 대한 각 분양계약서를 지급하며 공사잔금 완납시 위 각 분양계약서는 무효로 할 것을 쌍방 합의한다’
fraud_core,55087,2,False,"‘이 사건 건물’이라 한다) 중 3층 G호에 대하여 임대차보증금 4,000만 원, 임대차기간 2년으로 한 임대차계약을 체결하고(이하 ‘"
fraud_core,87170,2,False,"‘이 사건 건물’이라 한다) 중 3층 G호에 대하여 임대차보증금 4,000만 원, 임대차기간 2년으로 한 임대차계약을 체결하고(이하 ‘"
fraud_core,95611,2,False,“공제계약에 관하여 공제가입자 또는 이들의 대리인의 사기 또는 계약의 성립에 중대한 영향을 주는 행위가 있었을 때에는 무효로 합니다.”
fraud_core,144034,2,False,‘G호 소유주가 집을 비워달라고 할 경우 H은 계약서상에 명시한 금액을 돌려주기로 한다(단 계약서상에 명시한 금액은 H이 책임진다)’
deposit_dispute,41936,2,False,"“이 사건 임대차계약을 체결할 권한이 있었거나 적어도 원고로서는 피고 B이 체결한 이 사건 임대차계약을 추인하였다고 보이고, 나아가”"
fraud_core,122812,2,False,"‘이 사건 주택’이라고 한다)에 대해 임대차보증금 7,000,000원, 임대차기간 3개월로 하여 임차하는 내용의 임대차계약(이하 ‘"
deposit_dispute,4185,2,False,"‘이 사건 건물’이라 한다)에 관하여 임대차보증금 5,000,000원, 차임 월 450,000원으로 하는 내용의 임대차계약(이하 ‘"
deposit_dispute,106726,2,False,‘소외 회사’라고 한다)를 제3채무자로 하여 소외 1이 소외 회사에 대하여 가지고 있는 별지 목록 기재 임대차보증금반환채권(이하 ‘
fraud_core,33699,2,True,’고 답변하면서 이 사건 신탁계약서의 초안으로 보이는 문서를 첨부하였다. 위 신탁계약서 제4조(수익자 등의 처분청구의 제한)는 ‘
deposit_dispute,104312,2,True,"'는 내용의 이 사건 각 임대차계약을 체결하였는데, 위 각 임대차계약은 구 임대주택법 시행령 제13조 제2항 제3호가 규정한 '"
fraud_core,26585,2,False,"""이 사건 신탁계약에 따라 소외 회사가 피고에 대하여 가지고 있는 신탁계약 위반에 따른 손해배상채권 중 청구금액에 달하는 금액"""
fraud_core,124961,2,False,"""나는 부동산이 많고, 사업을 하는 사람이라 융통할 돈이 충분하다. 전세보증금을 입금하면 입주 시 근저당설정을 해제해 주겠다."""
protection_mechanism,79974,2,False,"’라 한다), 임대보증금 7,000만 원, 기간 2011. 12. 6.부터 2013. 12. 5.까지로 하는 임대차계약(이하 ‘"
deposit_dispute,145836,2,True,“위 제4조의 충분한 협의 결과 임차인 피해자 가족은 별도의 세대구성 없이 임대인 D의 동거인으로써 전입신고를 하기로 한다.”
protection_mechanism,26912,2,False,"‘매각으로 소멸되지 않는 전세권은 매수인이 인수부담하는 조건이며, 전세권자 배분요구시 말소되는 것이므로 사전조사 후 입찰바람’"
fraud_core,59431,2,True,“위 제4조의 충분한 협의 결과 임차인 피해자 가족은 별도의 세대구성 없이 임대인 D의 동거인으로써 전입신고를 하기로 한다”
deposit_dispute,18568,2,False,'임차목적물이 재개발사업이 추진 중이므로 임대인이 이전을 요구하면 통지 후 아무런 조건 없이 이전하고 원상회복하여 인도한다'
deposit_dispute,107950,2,True,‘전 소유자로부터 임차주택을 양수한 귀하께서는 주택임대차보호법 제3조 제4항에 따라 주택임대차보증금 반환채무도 승계하였다’
fraud_core,1221,2,True,‘공사도급계약상 시공사인 세창의 귀책사유로 인한 피고의 손해에 대해 원고들이 연대하여 책임진다(특약사항 제6조 제2항).’
fraud_core,51258,2,False,‘임차인들의 보증금 전액을 공제한 나머지만을 매매대금으로 받았으므로 모든 권리와 의무는 삼종씨엔씨에게 승계된 것으로 안다’
fraud_core,108004,2,False,"’이라 한다)를 임대차보증금 4,000만 원, 기간 2002. 1. 9.까지로 정하여 임차하는 계약(갑 제3호증, 이하 ‘"
deposit_dispute,56646,2,False,‘매도인은 매수인이 중도금(중도금이 없을 때에는 잔금)을 지불하기 전까지 계약금의 배액을 상환하고 계약을 해제할 수 있다’
deposit_dispute,3789,2,False,"’하면서, 피고의 차임연체액이 2기의 차임액에 달할 경우 원고는 즉시 이 사건 임대차계약을 해지할 수 있는 것으로 약정‘"
deposit_dispute,126388,2,False,“피고인이 정산서를 작성하는 과정에서 임차인 H에게 890만 원을 반환하여야 한다고 실수로 잘못 기재한 것에 불과하다.”
protection_mechanism,76550,2,False,‘아이티건설’이라 한다)와 피고 사이에 이 사건 각 건물에 관하여 2002. 11. 1. 체결한 근저당권설정계약(이하 ‘
deposit_dispute,73902,2,False,“당사자의 일방 또는 쌍방이 수인인 경우에는 계약의 해지나 해제는 그 전원으로부터 또는 전원에 대하여 하여야 한다.”
deposit_dispute,120867,2,False,‘이 사건 지층에 곰팡이로 인한 누수 등 하자가 심하여 도저히 거주할 수 없으니 이 사건 임대차계약의 해지를 원한다’
protection_mechanism,1434,2,False,"’라고 한다)에 관하여 D을 근저당권자로 한 채권최고액 13억 2,000만 원의 근저당권설정등기를 마쳐주었다(이하 ‘"
protection_mechanism,109801,2,False,"’라고 한다)에 관하여 D을 근저당권자로 한 채권최고액 13억 2,000만 원의 근저당권설정등기를 마쳐주었다(이하 ‘"
deposit_dispute,16622,2,False,“3. 임차물건의 고장 시에는 각 건당 100만 원 이하는 임차인이 부담하면 100만 원 이상은 임대인이 부담한다”
deposit_dispute,78340,2,False,“3. 임차물건의 고장 시에는 각 건당 100만 원 이하는 임차인이 부담하면 100만 원 이상은 임대인이 부담한다”
protection_mechanism,130909,2,False,‘이 사건 연속항해용선계약의 해석 및 당사자들의 권리와 의무는 런던에서 용선계약 당사자들에게 적용되는 법에 따른다’
deposit_dispute,4114,2,False,"’이라 한다) 중 10,300,000,000원을 자동채권으로 하여 피고의 원고에 대한 임대차보증금반환채권(이하 ‘"
deposit_dispute,51522,2,False,"'2016. 5. 2.자 채무자 망인, 채권최고액 5억 2,000만 원, 근저당권자 G조합로 한 근저당권설정등기'"
protection_mechanism,143302,2,False,"’으로 기재한 단일한 계약서를 작성하여 이 사건 임대차계약을 체결하고, 그 무렵 위 201호 및 202호(이하 ‘"
deposit_dispute,24757,2,False,"‘밀린 월차임 등을 2007. 10. 25.까지 지급하고, 그렇지 않을 경우 이 사건 임대차계약을 해지하겠다.’"
deposit_dispute,107761,2,False,"""양도인이 채무자에게 가지고 있는 전세보증금 반환청구 채권 중 금 3,000만 원 부분을 양수인에게 양도한다."""
fraud_core,144218,2,False,"‘이 사건 건물’이라 한다)를 임대차보증금 3,200만 원, 임대차기간 12개월로 하여 임차하는 계약(이하 ‘"
deposit_dispute,31215,2,False,“전세권을 목적으로 저당권을 설정한 자는 저당권자의 동의 없이 전세권을 소멸하게 하는 행위를 하지 못한다.”
protection_mechanism,73766,2,False,“임차인은 만약 경매 등으로 인하여 전액 보장하지 못하더라도 임대인에 대하여 구상권을 행사하지 않기로 한다”
deposit_dispute,102551,2,False,"‘이 사건 건물’이라고 한다)를 임대차보증금 100,000,000원에 임차하여(이하 위 임대차보증금을 ‘"
deposit_dispute,107549,2,False,"‘이 사건 건물’이라고 한다)를 임대차보증금 100,000,000원에 임차하여(이하 위 임대차보증금을 ‘"
protection_mechanism,93138,2,False,"‘등기원인: 2010. 7. 19. 설정계약, 채무자: 망인, 근저당권자: 원고, 채권최고액: 1억 원’"
protection_mechanism,141587,2,False,‘임차인의 전입신고는 피고인 측이 소유권을 취득하고 국민은행에 1순위 근저당권을 설정해 준 후에 하기로’
fraud_core,103248,2,False,"’이라 한다)을 체결하였는데, 이 사건 임대차계약 당시 작성된 계약서의 주요 내용은 아래와 같다.  』"
protection_mechanism,94957,2,False,‘E에 대해 가지고 있던 기존 대여금 등 채권으로 이 사건 임대차계약상 임대차보증금의 지급에 갈음했다’
deposit_dispute,46813,2,False,“공동주택의 소유자는 장기수선충당금을 사용자가 대신하여 납부한 경우에는 그 금액을 반환하여야 한다.”
deposit_dispute,137680,2,False,“임대차가 종료한 경우에도 임차인이 보증금을 돌려받을 때까지는 임대차 관계는 존속하는 것으로 본다.”
protection_mechanism,53097,2,False,"‘E’라 한다)와 사이에 이 사건 주택에 관하여 보증금 4,500만 원으로 하는 임대차계약서(이하 ‘"
protection_mechanism,41101,2,False,‘공매부동산의 매각에 의하여도 소멸하지 아니하는 지상권·전세권·대항력 있는 임차권 또는 가등기 등’
protection_mechanism,132668,2,False,"""건설공사의 발주자는 제1항의 규정에 의한 노임을 도급계약서 또는 하도급계약서에 명시하여야 한다."""
protection_mechanism,140777,2,False,'라 한다)와 사이에 아래와 같은 내용의 사용자배상책임담보특약부 근로자재해보장책임보험계약(이하 '
fraud_core,75554,2,False,"‘이 사건 주택’이라 한다)을 임대차보증금 100,000,000원에 임차하는 임대차계약(이하 ‘"
protection_mechanism,94107,2,False,‘근저당권 설정 당시는 주택이 아니던 건물 부분이 근저당권 설정 후에 주택으로 용도변경된 경우’
fraud_core,91063,2,False,"‘이 사건 건물’이라 한다)에 관하여 임대차보증금 6,000만 원으로 하는 임대차계약(이하 ‘"
deposit_dispute,118411,2,False,‘공사대금을 지급하지 못하면 임대차보증금반환청구권과 시설물을 피해 회사에 인도하여 주겠다.’
protection_mechanism,55654,2,False,"’근저당권자 주식회사 X, 채무자 D, 채권최고액 57억 2,000만 원의 근저당권설정등기‘"
fraud_core,23833,2,False,“이 사건 주택의 임대차보증금이나 월세를 왜 주지 않느냐. 나도 모르게 계약이 되었느냐.”
deposit_dispute,33307,2,False,“1억 원을 무안군 E 커피숍 보증금으로 정히 보관함(반환기 : 2020. 3. 19.)”
protection_mechanism,101481,2,False,‘본 계약에 정하지 아니한 사항에 대하여는 이 사건 토지 신탁계약의 내용에 따르기로 한다’
deposit_dispute,68076,2,False,‘이 사건 주택’이라 한다)에 관하여 임대차보증금을 1억 원으로 한 임대차계약서(이하 ‘
deposit_dispute,54130,2,False,"‘라고 질문하자 등기부등본을 보고 적었다고 증언한 점, ② 위 매매계약서상 계약일은 ‘"
deposit_dispute,127248,2,False,“임차인의 귀책사유 또는 사정 때문에 임의로 임대차계약의 해약을 통보하고 퇴거한 경우”
protection_mechanism,70758,2,False,‘피고와 C 사이에 이 사건 부동산에 관하여 체결된 위 각 근저당권설정계약을 취소한다’
deposit_dispute,50757,2,False,‘임대인(임대인의 직계존속ㆍ직계비속을 포함한다)이 목적 주택에 실제 거주하려는 경우’
deposit_dispute,128035,2,False,‘임대인(임대인의 직계존속ㆍ직계비속을 포함한다)이 목적 주택에 실제 거주하려는 경우’
deposit_dispute,138264,2,False,‘이 사건 임대차계약이 2021. 2. 28. 종료되며 재계약을 진행할 의사가 없다’
fraud_core,93728,2,False,"‘보증금 일천오백만 원, 계약금 이백만 원, 잔금 일천삼백만 원, 월세 사십만 원’"
fraud_core,144238,2,False,"‘보증금 일천오백만 원, 계약금 이백만 원, 잔금 일천삼백만 원, 월세 사십만 원’"
deposit_dispute,23561,2,False,"'과 …… 확정일자를 갖춘 임차인은 …… 우선하여 보증금을 변제받을 권리가 있다."""
deposit_dispute,98334,2,True,"‘분양전환 자격대상자의 범위(합의계약 제7조, 이 사건 임대차계약 제12조)’"
deposit_dispute,95862,2,False,‘현 계약일 임대인은 공동소유자인 원고들의 위임장 및 인감증명서를 첨부하였다’
deposit_dispute,128437,2,False,‘현 계약일 임대인은 공동소유자인 원고들의 위임장 및 인감증명서를 첨부하였다’
deposit_dispute,134076,2,False,“피고 회사가 3기 이상의 차임을 연체하여 이 사건 임대차계약을 해지한다.”
deposit_dispute,137387,2,False,‘이 사건 건물 및 그 토지에 대한 경매절차에서 임대차보증금 반환채권자로서’
protection_mechanism,83305,2,False,"‘대항력 등’이라는 표제로 제1항에서 대항력의 요건을 정하고, 제4항에서 “"
deposit_dispute,49682,2,False,“승낙하였거나 피고들에 대한 임대차보증금반환채권을 포기 또는 면제하였다고”
deposit_dispute,58397,2,False,“임차인은 임대인의 동의 없이 임차권 양도 또는 담보제공을 하지 못한다.”
fraud_core,50391,2,False,‘전세 임대차계약이 실재하며 전세 보증금을 담보로 설정하는데 협조하겠다’
deposit_dispute,42621,2,False,‘임대인 대리로 아들( 소외 3)의 대리 계약으로 잔금시 상면키로 한다’
deposit_dispute,53656,2,False,"‘E이 원고에게 임대차보증금 70,000,000원을 반환하지 않은 사실’"
fraud_core,30120,2,False,“도급조건부계약 및 일반차명계약 현황(2008. 10. 15. 기준)”
deposit_dispute,48773,2,False,‘호실 15개 계약일 현재 입주한 임차인 없음. 건물 미등기 상태임’
deposit_dispute,75377,2,False,‘전 임차인’이라 한다)는 2016. 2. 20. 임대인 F(이하 ‘
deposit_dispute,106700,2,False,'피해자와의 동업을 그만두기로 하였으니 임대차보증금을 반환하여 달라'
deposit_dispute,72632,2,False,“임차인은 퇴실시 대종빌딩 10층 도면상태로 원상회복하기로 한다.”
protection_mechanism,66256,2,False,"""입찰기일 후 낙찰기일 전 대항력 있는 임차인이 배당요구를 한"""
deposit_dispute,127350,2,True,"'로 정하였고, 계약서 제1조에서 이 사건 계약의 목적을 """
deposit_dispute,66426,2,False,"‘매매계약서’(이 사건 매매계약)가, 325평에 대하여는 ‘"
deposit_dispute,41300,2,False,‘임대인 E(개인사업자)의 동의하에 ㈜H에서 대리 계약함’
protection_mechanism,34697,2,False,’이라 한다)에 관하여 근저당권설정계약을 체결하고(이하 ‘
deposit_dispute,115247,2,True,’이라고 한다). 위 임대차계약 특약사항에는 제3조로 “
fraud_core,37602,2,False,’라 한다). 이 사건 임대차계약의 특약사항으로 ‘
fraud_core,122374,2,False,’라 한다). 이 사건 임대차계약의 특약사항으로 ‘
fraud_core,12162,2,False,‘월세 계약의 임차인 F 주식회사에 제출할 용도’
deposit_dispute,40845,2,False,’이라 한다)에 관한 임대차보증금반환채권(이하 ‘
fraud_core,25711,2,False,‘피해 회사와의 근저당권설정계약 당일 C에게 “
deposit_dispute,124396,2,False,“선순위 보증금 합계 : 삼억원(임대인확인함)”
fraud_core,10508,2,True,‘선박리스계약서’ 중 특약사항 제9조에는 ‘
fraud_core,116310,2,False,"‘이 사건 보증금 3,000만원 임대차계약’"
fraud_core,149019,2,True,‘선박리스계약서’ 중 특약사항 제9조에는 ‘
deposit_dispute,92060,2,False,'다액의 임대차보증금이 있는 임차인은 없다'
deposit_dispute,144395,2,False,‘계약기간 이전에 어느 일방이 계약을 파기’
deposit_dispute,7350,2,False,“보증금 연체시 보증금에서 삭제하겠읍니다”
deposit_dispute,12073,2,False,‘2017. 1. 3. 근저당권 설정계약’
deposit_dispute,17598,2,False,‘라 한다)에 관한 임대차보증금반환채권’
protection_mechanism,117690,2,False,“임대기간 만료에 따른 보증금반환 청구”
deposit_dispute,46341,2,False,'이 사건 임대차보증금 반환채권'
deposit_dispute,27571,2,False,‘이 사건 임대차보증금반환채권’
deposit_dispute,36807,2,False,‘D유치원 공동운영해지 계약서’
deposit_dispute,57378,2,False,‘이 사건 임대차보증금반환채권’
deposit_dispute,96942,2,False,‘이 사건 임대차보증금반환채권’
deposit_dispute,104806,2,False,‘이 사건 임대차보증금반환채권’
deposit_dispute,110123,2,False,‘이 사건 임대차보증금반환채권’
deposit_dispute,143203,2,False,‘이 사건 임대차보증금반환채권’
deposit_dispute,143606,2,False,‘이 사건 임대차보증금반환채권’
deposit_dispute,74546,2,False,"’, ‘임대차보증금반환청구’"
deposit_dispute,111708,2,False,‘이 사건 근저당권설정계약’
protection_mechanism,55521,2,False,‘이 사건 근저당권설정계약’
protection_mechanism,55647,2,False,‘이 사건 근저당권설정계약’
protection_mechanism,68764,2,False,‘이 사건 근저당권설정계약’
protection_mechanism,69051,2,False,‘이 사건 근저당권설정계약’
protection_mechanism,86440,2,False,‘이 사건 근저당권설정계약’
protection_mechanism,132814,2,False,‘이 사건 근저당권설정계약’
protection_mechanism,133669,2,False,‘이 사건 근저당권설정계약’
protection_mechanism,139176,2,False,‘이 사건 근저당권설정계약’
