source_file,case_id,keyword_score,quoted_text
fraud_core,2488,15,"“1. 당사는 상기 부동산담보신탁계약의 수탁자로서 동 신탁계약 특약사항 제5조[임대차 업무]에 따라 위탁자 B가 임대차계약을 체결하는 것에 대하여 확인함, 2. 상기 1항의 임대차계약과 관련한 임대보증금 반환책임 및 임대부동산의 수선의무 등은 신탁계약 및 임대차계약에 따라 위탁자 겸 임대인인 B가 부담하며 당사는 이에 대하여 일체의 책임이 없으며 위와 같은 사항을 임차인이 신탁계약 및 임대차계약에 따라 인지하여 임대차계약서에 날인하는 것을 확인함“"
fraud_core,68959,15,"“1. 당사는 상기 부동산담보신탁계약의 수탁자로서 동 신탁계약 특약사항 제5조[임대차 업무]에 따라 위탁자 B가 임대차계약을 체결하는 것에 대하여 확인함, 2. 상기 1항의 임대차계약과 관련한 임대보증금 반환책임 및 임대부동산의 수선의무 등은 신탁계약 및 임대차계약에 따라 위탁자 겸 임대인인 B가 부담하며 당사는 이에 대하여 일체의 책임이 없으며 위와 같은 사항을 임차인이 신탁계약 및 임대차계약에 따라 인지하여 임대차계약서에 날인하는 것을 확인함“"
deposit_dispute,2488,15,"“1. 당사는 상기 부동산담보신탁계약의 수탁자로서 동 신탁계약 특약사항 제5조[임대차 업무]에 따라 위탁자 B가 임대차계약을 체결하는 것에 대하여 확인함, 2. 상기 1항의 임대차계약과 관련한 임대보증금 반환책임 및 임대부동산의 수선의무 등은 신탁계약 및 임대차계약에 따라 위탁자 겸 임대인인 B가 부담하며 당사는 이에 대하여 일체의 책임이 없으며 위와 같은 사항을 임차인이 신탁계약 및 임대차계약에 따라 인지하여 임대차계약서에 날인하는 것을 확인함“"
deposit_dispute,68959,15,"“1. 당사는 상기 부동산담보신탁계약의 수탁자로서 동 신탁계약 특약사항 제5조[임대차 업무]에 따라 위탁자 B가 임대차계약을 체결하는 것에 대하여 확인함, 2. 상기 1항의 임대차계약과 관련한 임대보증금 반환책임 및 임대부동산의 수선의무 등은 신탁계약 및 임대차계약에 따라 위탁자 겸 임대인인 B가 부담하며 당사는 이에 대하여 일체의 책임이 없으며 위와 같은 사항을 임차인이 신탁계약 및 임대차계약에 따라 인지하여 임대차계약서에 날인하는 것을 확인함“"
deposit_dispute,11329,13,"“임대주택건설촉진법의 적용을 받는 임대주택의 임대인은 같은 법 시행규칙 제9조 각호 소정의 사유가 있는 경우라야 그 임대차계약을 해지하거나 계약의 갱신을 거절할 수 있고, 그렇지 아니한 경우에는 특별한 사정이 없는 한 임차인이 임대차계약의 갱신을 원하는 때에는 임대인은 임대차계약의 갱신을 거절할 수 없고 당해 임대차계약은 갱신되는 것으로 보아야 한다.”"
fraud_core,124256,12,"“이 사건 전세권설정계약은 통정허위표시로서 무효이다. 섬유신협은 이 사건 전세권근저당권설정등기 당시 이 사건 전세권설정계약이 통정허위표시라는 사정을 알았으므로, 피고 예금보험공사는 원고에게 이 사건 전세권근저당권설정등기의 말소등기절차를 이행할 의무가 있다. 또 피고 2, 3과 소외 1, 인수참가인이 이 사건 전세권설정계약이 통정허위표시에 해당함을 알면서 각 이 사건 전세권이전의 부기등기를 마쳤으므로, 인수참가인은 원고에게 이 사건 전세권설정등기의 말소등기절차를 이행할 의무가 있다.”"
fraud_core,146502,12,"“위 신탁계약 체결 전에 위탁자와 임차인 간에 체결된 임대차계약은 그 상태로 유효하며 위탁자가 임대차보증금의 반환의무, 기타 임대인으로서의 책임 및 권리 등 임대인의 지위를 계속하여 유지하고, 임대차계약상 임대인의 명의를 수탁자로 갱신하고 임대차보증금을 위탁자와 수탁자간에 인수·인계하는 경우에는 임대인의 지위를 수탁자가 승계하는 것으로 한다”"
deposit_dispute,124256,12,"“이 사건 전세권설정계약은 통정허위표시로서 무효이다. 섬유신협은 이 사건 전세권근저당권설정등기 당시 이 사건 전세권설정계약이 통정허위표시라는 사정을 알았으므로, 피고 예금보험공사는 원고에게 이 사건 전세권근저당권설정등기의 말소등기절차를 이행할 의무가 있다. 또 피고 2, 3과 소외 1, 인수참가인이 이 사건 전세권설정계약이 통정허위표시에 해당함을 알면서 각 이 사건 전세권이전의 부기등기를 마쳤으므로, 인수참가인은 원고에게 이 사건 전세권설정등기의 말소등기절차를 이행할 의무가 있다.”"
deposit_dispute,146502,12,"“위 신탁계약 체결 전에 위탁자와 임차인 간에 체결된 임대차계약은 그 상태로 유효하며 위탁자가 임대차보증금의 반환의무, 기타 임대인으로서의 책임 및 권리 등 임대인의 지위를 계속하여 유지하고, 임대차계약상 임대인의 명의를 수탁자로 갱신하고 임대차보증금을 위탁자와 수탁자간에 인수·인계하는 경우에는 임대인의 지위를 수탁자가 승계하는 것으로 한다”"
fraud_core,61644,11,"‘이 사건 제1부동산 임대차계약서 사본 2매(현 임차인 B, 전 임차인 L)로 제(원고)가 알고 싶은 계약자, 계약금액, 계약조건 등을 확인할 수 있어, 제 업무에 도움이 된 점, 한번 더 고마운 마음을 전해 올립니다. 계약서에 임대인 E, A으로 되어 있고, 저의 인감이 날인되어 있어 제가 계약서 작성시 참석하지 않았는데 어떤 일인지 사장님께 문의한바 계약서 작성시 사장님(H)께서도 E에게 A의 확인을 요구한바, A의 동의를 받았고, E 본인이 책임을 지겠다하여 계약을 성사할 수 있었다고 한, 그 당시의 상황을 이해하고 있습니다’"
deposit_dispute,61644,11,"‘이 사건 제1부동산 임대차계약서 사본 2매(현 임차인 B, 전 임차인 L)로 제(원고)가 알고 싶은 계약자, 계약금액, 계약조건 등을 확인할 수 있어, 제 업무에 도움이 된 점, 한번 더 고마운 마음을 전해 올립니다. 계약서에 임대인 E, A으로 되어 있고, 저의 인감이 날인되어 있어 제가 계약서 작성시 참석하지 않았는데 어떤 일인지 사장님께 문의한바 계약서 작성시 사장님(H)께서도 E에게 A의 확인을 요구한바, A의 동의를 받았고, E 본인이 책임을 지겠다하여 계약을 성사할 수 있었다고 한, 그 당시의 상황을 이해하고 있습니다’"
deposit_dispute,112145,11,"“상기 본인은 이 사건 부동산을 계약함에 있어 보증금을 원고가 임대인 D에게 대납해준 것을 확인하며, 차후 임대차기간 종료나 해지 시 위 보증금에 대하여 임차인의 권리를 주장할 수 없고, 임대차보증금도 임대인에게 주장할 수 없으며, 위 보증금을 임대인 D이 원고에게 반환하는 데 동의합니다”"
deposit_dispute,146290,11,"‘임차인이 계약특수조건 제8조에 의하여 임대주택을 명도하여야 하는 날까지 임대인에게 명도하지 아니하는 경우와 계약특수조건 제2조에서 정한 임대차계약기간이 종료되었음에도 명도 또는 임대차 갱신계약을 체결하지 아니한 경우에는 임차인은 그 주택을 명도하여야 하는 날의 다음날부터 명도일까지의 기간에 대해 계약일반조건 제1조 제1항의 기본 월 임대료의 1.5배에 상당하는 금액을 임대인에게 납부하여야 한다. 이 경우 명도일까지 임차인이 사용한 전기료, 수도료 등을 포함한 관리비는 이와 별도로 납부하여야 한다’"
protection_mechanism,107001,11,'우리 공사와 임대인 피고 A이 체결한 부동산임대차계약의 만료기간 도래에 따라 2019. 9. 23. 계약해지를 통보하였으며 2019. 10. 31. 피고 A으로부터 신 임대인(피고 B)에게 임대차계약을 승계하였음을 통보받았습니다. 임대차계약 물건에 대한 재계약 의사가 없음에 따라 보증금은 계약종료일인 2019. 12. 28.까지 반환하여 주시기 바랍니다'
fraud_core,38900,10,"""임차권등기명령의 집행에 의한 임차권등기가 경료되면 임차인은 제3조 제1항의 규정에 의한 대항력 및 제3조의2 제2항의 규정에 의한 우선변제권을 취득한다. 다만, 임차인이 임차권등기 이전에 이미 대항력 또는 우선변제권을 취득한 경우에는 그 대항력 또는 우선변제권은 그대로 유지되며, 임차권등기 이후에는 제3조 제1항의 대항요건을 상실하더라도 이미 취득한 대항력 또는 우선변제권을 상실하지 아니한다."""
fraud_core,62108,10,"‘피고 회사는 이 사건 임대차계약 특약사항 제10조(신탁등기 말소) 및 제11조(전세권 설정)의 이행을 지체함을 인정하고, 이를 2020. 7. 24.까지 완료한다. 만약 위 기일까지 완료되지 않은 경우, 원고는 피고 회사에 임대차계약 해지 및 임대차보증금(각 2억 원씩, 총 8억 원)의 반환을 청구할 수 있으며, 피고 회사는 임대차보증금 반환채무를 임대재산의 반환과 동시에 이행할 것을 항변할 수 없다.’"
deposit_dispute,14605,10,"‘이전관련 비용’을 임대인이 부담하여야 한다는 내용을 규정하고 있는바, 위 조항과 앞서 본 제4조의 내용을 결합하면, 임대인은 일방적으로 임대차계약을 해지하는 경우 제4조에 따라 임차보증금에 해당하는 금액을 위약금으로 임차인에게 지급함과 아울러(기간 만료시 반환해야 하는 임차보증금 제외), 제7조에 따라 ‘"
deposit_dispute,62108,10,"‘피고 회사는 이 사건 임대차계약 특약사항 제10조(신탁등기 말소) 및 제11조(전세권 설정)의 이행을 지체함을 인정하고, 이를 2020. 7. 24.까지 완료한다. 만약 위 기일까지 완료되지 않은 경우, 원고는 피고 회사에 임대차계약 해지 및 임대차보증금(각 2억 원씩, 총 8억 원)의 반환을 청구할 수 있으며, 피고 회사는 임대차보증금 반환채무를 임대재산의 반환과 동시에 이행할 것을 항변할 수 없다.’"
deposit_dispute,89780,10,"'이라 한다)을 체결하면서, 피고가 권리금 및 시설비 일체를 제3의 임차인에 대하여 인정하고, 보증금의 반환은 원고에게 직접하기로 하는 특약을 하였는데, 계약 당시 원고는 입회인으로 날인하였고, 원고가 준비한 보증금 1,600만 원을 피고에게 지급하였다. (2) 소외인은 이 사건 건물에서 제과점을 운영하였는데 1차 계약의 기간만료 후인 1991. 9. 11. 원고와 소외인은 피고 집을 방문하여 보증금을 700만 원 인상하여 총 2,300만 원으로 하여 임대차계약을 갱신(이하 '"
deposit_dispute,116067,10,"’에 해당하더라도 이 사건 임대차계약 특약사항 제7조에서의 인테리어 리모델링은 구조변경을 포함한 리모델링을 예정하고 있는 것이고, 일반조항보다 특약사항이 우선해야 하는바, 원고가 피고의 동의 없이 구조변경공사를 하였다 하더라도 특약사항 제7조에서 구조변경을 예정하고 있으므로 해지권이 발생하지 않는다고 주장한다. 그러나 이 사건 임대차계약의 문언 및 구조에 비추어보면, 이 사건 임대차계약에 특약사항이 일반조항보다 우선한다는 취지의 내용이 없고, 제3조의 ‘"
deposit_dispute,144116,10,"’라 한다)에 관하여 임대차계약, 임대차조건변경 합의계약을 각 체결하였다. 다. 원고와 피고는 2017. 2. 6. 및 2017. 11. 18.경 이 사건 아파트에 관하여 임대차계약을 각 갱신하였는데, 위와 같이 갱신된 각 임대차계약(이하 최초 임대차계약, 임대차조건변경합의계약, 위와 같이 갱신된 각 임대차계약을 통틀어 ‘"
protection_mechanism,38900,10,"""임차권등기명령의 집행에 의한 임차권등기가 경료되면 임차인은 제3조 제1항의 규정에 의한 대항력 및 제3조의2 제2항의 규정에 의한 우선변제권을 취득한다. 다만, 임차인이 임차권등기 이전에 이미 대항력 또는 우선변제권을 취득한 경우에는 그 대항력 또는 우선변제권은 그대로 유지되며, 임차권등기 이후에는 제3조 제1항의 대항요건을 상실하더라도 이미 취득한 대항력 또는 우선변제권을 상실하지 아니한다."""
fraud_core,60279,9,"‘일반계약(일반 분양자), 직원계약(직원 분양자), 협력회사계약(분양협조, 2006년경 분양 초기 협력회사 분양자), 협력회사계약(2008년 계약, 2008년경 협력회사 분양자), 특별계약(특별세대, 분양계약시 특별조건을 적용한 분양건), 특별계약(조사세대, 계약시 특별조건을 적용한 분양건 중 검찰이 문제를 제기한 세대)’"
fraud_core,118311,9,"‘해약’ 등을 전산관리하여야 함(대리사무계약 제3조 제1항 제2호, 제9조 제2항)에 비추어 분양수입금을 관리하는 피고는 수분양자와 계약이 해제되어 소외 1 주식회사의 요청이 있을 경우 계약해제로 인한 원상회복의 범위 내에서는 이를 반환하여야 하는 점, 따라서 이미 분양이 된 건물 부분을 매각할 경우에는 분양자는 수분양자와의 계약을 해제할 수밖에 없으므로, 이미 분양된 물건을 처분하여 담보신탁계약을 정산할 경우에는 수분양자에 대한 분양금 반환채무는 이 사건 신탁계약 제21조 제1항에서 신탁보수와 함께 1순위로 정산하여야 하는 ‘"
fraud_core,124256,9,"“ 소외 1이 2001. 8. 30. 대청교역으로부터 이 사건 건물 중 1, 2층을 임대차보증금 3억 5,000만 원에 임차하여 그 임대차보증금을 모두 지급하였다. 소외 1은 그 임대차보증금반환채권을 담보하기 위하여 대청교역과의 사이에 소외 2 명의로 전세권설정등기를 경료하기로 합의하였고, 그에 따라 이 사건 전세권설정계약이 이루어졌으므로, 이 사건 전세권설정계약은 통정허위표시에 해당하지 아니한다.”"
deposit_dispute,11782,9,"‘임대차계약이 종료된 경우 임차인은 위 부동산을 원상으로 회복하여 임대인에게 반환한다. 이러한 경우 임대인은 보증금을 임차인에게 반환하고, 연체 임대료 또는 손해배상금이 있을 때는 이들을 제하고 그 잔액을 반환한다.’"
deposit_dispute,26916,9,"'임대인이 임대차기간이 끝나기 3개월 전부터 임대차 종료 시까지 임차인이 주선한 신규임차인이 되려는 자에게 권리금을 요구하거나 임차인이 주선한 신규임차인이 되려는 자로부터 권리금을 수수하는 행위, 임차인이 주선한 신규임차인이 되려는 자로 하여금 임차인에게 권리금을 지급하지 못하게 하는 행위를 하여 임차인의 권리금 회수기회를 방해하여서는 안 되고, 다만 제10조 제1항 각호의 어느 하나에 해당하는 사유가 있는 경우에는 그러하지 아니하다'"
deposit_dispute,56366,9,"‘이 사건 건물 신축공사 후 1층과 지하 1층을 최초 2년 계약시 보증금 2,000만 원에 월세 400만 원(부가가치세 40만 원 별도), 2년 후 추가 재계약시 보증금 4,000만 원으로 변경한다(기존 보증금 2,000만 원에 추가하여 2,000만 원 증액. 단 월세는 올리지 않는다). 그 후 2년 후 계약시 월세 및 보증금을 조정한다. 신축 후 계약/사업자등록은 B 명의로 한다. 2016년 8월 말일까지 영업한다. 이사비용으로 일천만 원을 B씨에게 지급한다. 보증금 3,000만 원은 반납한다(2,000만 원은 A 보관)’"
deposit_dispute,94456,9,"‘피고가 임대인의 지위를 승계하여 임차인 C의 보증금반환채무를 면책적으로 인수하는 것으로 인식하였고, 동일한 방법으로 G가 위 채무를 면책적으로 인수할 의사로 G에게 이 사건 부동산을 매도하여 피고는 임대차보증금에 상당하는 부당이득을 보유하고 있지 않다. 원고가 임대인 지위 승계 및 면책적 인수가 되지 않는 상황임에도 이를 숨기고 피고와 이를 전제로 이 사건 매매계약을 체결하여 피고가 임대차보증금반환 책임을 지게 되는 것은 신의칙상 인정될 수 없다.’"
deposit_dispute,104245,9,"‘피고가 임대인의 지위를 승계하여 임차인 C의 보증금반환채무를 면책적으로 인수하는 것으로 인식하였고, 동일한 방법으로 G가 위 채무를 면책적으로 인수할 의사로 G에게 이 사건 부동산을 매도하여 피고는 임대차보증금에 상당하는 부당이득을 보유하고 있지 않다. 원고가 임대인 지위 승계 및 면책적 인수가 되지 않는 상황임에도 이를 숨기고 피고와 이를 전제로 이 사건 매매계약을 체결하여 피고가 임대차보증금반환 책임을 지게 되는 것은 신의칙상 인정될 수 없다.’"
deposit_dispute,107950,9,"’이라 한다). 2) 한편 원고는 진흥원과 사이에 진흥원이 이 사건 임대차계약 종료에 따라 임대인으로부터 반환받아야 하는 임대차보증금을 보증하는 내용의 각 전세보증금반환보증약정을 체결하고, 2017. 7. 25. 보증금액 8,600만 원, 보증기간 2017. 7.경부터 2019. 8. 31.까지로 하는 전세보증금반환보증서를 발급하였다(이하 통칭하여 ‘"
deposit_dispute,112145,9,“임대차보증금은 원고가 대납하며 임대차기간 종료나 계약해지 시 위 보증금은 원고에게 반환한다. 임차인은 위 보증금을 임차인에게 반환할 것을 주장할 수 없다”
deposit_dispute,112145,9,"“임차보증금은 원고가 대납했으며, 임대차기간 종료나 계약해지 시 위 보증금은 원고에게 반환한다. 임차인은 위 보증금을 임차인에게 반환할 것을 주장할 수 없다”"
deposit_dispute,124256,9,"“ 소외 1이 2001. 8. 30. 대청교역으로부터 이 사건 건물 중 1, 2층을 임대차보증금 3억 5,000만 원에 임차하여 그 임대차보증금을 모두 지급하였다. 소외 1은 그 임대차보증금반환채권을 담보하기 위하여 대청교역과의 사이에 소외 2 명의로 전세권설정등기를 경료하기로 합의하였고, 그에 따라 이 사건 전세권설정계약이 이루어졌으므로, 이 사건 전세권설정계약은 통정허위표시에 해당하지 아니한다.”"
deposit_dispute,133190,9,"‘이 사건 임대차 계약은 2020. 3. 14.부터 종료되었으나, 임대차계약서 2조에 의거하여 1년 자동연장이 되었다. 임대차계약이 자동연장됨에 따라, 임차보증금에 대한 기존 보증보험 기간이 2020. 3. 19.에 만료되므로 임차보증금에 대하여 담보기간 연장을 요청한다. 만일 3. 14.까지 위 담보기간이 연장되지 않으면, 원고는 임대차계약을 해지하고 임차보증금반환청구를 진행할 예정이다.’"
deposit_dispute,136580,9,"'① 임대차계약이 종료된 경우 임차인은 이 사건 건물을 원상으로 회복하여 임대인에게 반환한다. ② 제1항의 경우, 임대인은 보증금을 임차인에게 반환하고 연체임대료 또는 손해배상 금액이 있을 때는 이들을 제하고 그 잔액을 반환한다'"
deposit_dispute,137337,9,"‘이 사건 임대차 계약은 2020. 3. 14.부터 종료되었으나, 임대차계약서 2조에 의거하여 1년 자동연장이 되었다. 임대차계약이 자동연장됨에 따라, 임차보증금에 대한 기존 보증보험 기간이 2020. 3. 19.에 만료되므로 임차보증금에 대하여 담보기간 연장을 요청한다. 만일 3. 14.까지 위 담보기간이 연장되지 않으면, 원고는 임대차계약을 해지하고 임차보증금반환청구를 진행할 예정이다.’"
protection_mechanism,31447,9,"「사해행위에 해당하는 각 근저당권설정계약에 기한 근저당권설정등기는 이미 말소됨으로써 원상회복이 이루어졌고, 피고들이 지급받은 돈은 위 각 근저당권설정계약과는 별도의 변제행위에 의하여 취득한 것이므로 변제행위 자체의 사해성을 다투지 아니한 채 근저당권설정계약의 취소에 따른 가액배상으로서 지급금의 반환을 구할 수는 없다」"
protection_mechanism,94456,9,"‘피고가 임대인의 지위를 승계하여 임차인 C의 보증금반환채무를 면책적으로 인수하는 것으로 인식하였고, 동일한 방법으로 G가 위 채무를 면책적으로 인수할 의사로 G에게 이 사건 부동산을 매도하여 피고는 임대차보증금에 상당하는 부당이득을 보유하고 있지 않다. 원고가 임대인 지위 승계 및 면책적 인수가 되지 않는 상황임에도 이를 숨기고 피고와 이를 전제로 이 사건 매매계약을 체결하여 피고가 임대차보증금반환 책임을 지게 되는 것은 신의칙상 인정될 수 없다.’"
protection_mechanism,104245,9,"‘피고가 임대인의 지위를 승계하여 임차인 C의 보증금반환채무를 면책적으로 인수하는 것으로 인식하였고, 동일한 방법으로 G가 위 채무를 면책적으로 인수할 의사로 G에게 이 사건 부동산을 매도하여 피고는 임대차보증금에 상당하는 부당이득을 보유하고 있지 않다. 원고가 임대인 지위 승계 및 면책적 인수가 되지 않는 상황임에도 이를 숨기고 피고와 이를 전제로 이 사건 매매계약을 체결하여 피고가 임대차보증금반환 책임을 지게 되는 것은 신의칙상 인정될 수 없다.’"
protection_mechanism,107950,9,"’이라 한다). 2) 한편 원고는 진흥원과 사이에 진흥원이 이 사건 임대차계약 종료에 따라 임대인으로부터 반환받아야 하는 임대차보증금을 보증하는 내용의 각 전세보증금반환보증약정을 체결하고, 2017. 7. 25. 보증금액 8,600만 원, 보증기간 2017. 7.경부터 2019. 8. 31.까지로 하는 전세보증금반환보증서를 발급하였다(이하 통칭하여 ‘"
protection_mechanism,118311,9,"‘해약’ 등을 전산관리하여야 함(대리사무계약 제3조 제1항 제2호, 제9조 제2항)에 비추어 분양수입금을 관리하는 피고는 수분양자와 계약이 해제되어 소외 1 주식회사의 요청이 있을 경우 계약해제로 인한 원상회복의 범위 내에서는 이를 반환하여야 하는 점, 따라서 이미 분양이 된 건물 부분을 매각할 경우에는 분양자는 수분양자와의 계약을 해제할 수밖에 없으므로, 이미 분양된 물건을 처분하여 담보신탁계약을 정산할 경우에는 수분양자에 대한 분양금 반환채무는 이 사건 신탁계약 제21조 제1항에서 신탁보수와 함께 1순위로 정산하여야 하는 ‘"
fraud_core,27473,8,"""1999. 11. 20. 이건 건물 중 3층 부분을 피고인 1에게 임대기간 1999. 11. 30.부터 2001. 11. 29.까지, 임차보증금 5,000만 원(계약금 500만 원, 중도금 1,000만 원, 잔금 3,500만 원)으로 정하여 임대차계약을 체결하고, 위 보증금 중 금 3,000만 원은 인부들 품값으로 반환하고 금 2,000만 원만 받았으며, 위 피해자와 이 사건 매매계약을 체결할 당시 피고인 1의 임차보증금 반환채무를 위 매매대금에서 공제하기로 약정하였다."""
fraud_core,124256,8,"“ 소외 3과 섬유신협은 이 사건 대출금 채무 2억 원이라는 동일 채무를 담보하기 위하여 채권최고액을 3억 원으로 동일하게 하여 이 사건 근저당권과 이 사건 전세권근저당권을 설정하였으므로, 이 사건 근저당권과 이 사건 전세권근저당권은 실질적으로 공동저당권이다. 그런데 앞서 본 바와 같이 이 사건 건물 및 대지 등의 제3취득자인 원고가 채권최고액 3억 원을 모두 변제하였으므로, 피고 예금보험공사는 원고에게 이 사건 전세권근저당권설정등기의 말소등기절차를 이행할 의무가 있다.”"
fraud_core,124256,8,"“피담보채무가 동일하더라도 이 사건 근저당권과 전세권근저당권은 별개의 저당권이다. 원고의 3억 원 변제 및 이 사건 근저당권설정등기의 말소에도 불구하고 아직 변제되지 않은 채무가 남아 있고, 이는 이 사건 전세권근저당권으로 담보되는 채무이다. 따라서 원고는 이를 변제한 후라야만 이 사건 전세권근저당권설정등기의 말소를 청구할 수 있다.”"
deposit_dispute,37395,8,"‘임대차 기한은 임차인에게 부동산을 명도한 날로부터 24개월 정함(영업권 보장 5년). 단 기간 만료 2개월 전에 상대방에 대하여 문서로써 조건변경의 의사표시를 하지 아니하면, 동일한 조건으로 1년간씩 자동 연장되는 것으로 하며, 계약기간 중 임대차 목적물이 매매되거나 임대인의 명의가 변경될 경우 임대인은 본 임대차계약의 제반 조건을 매수인에게 승계하기로 하며, 임대계약기간 종료 후 임차인이 원할 시 재계약은 보장하는 것으로 한다’"
deposit_dispute,47614,8,"‘F’라 한다)가 원고의 아들이 운영하는 I에 대하여 가지는 임대보장수수료 지급채무를 연대보증하였고, 원고는 피고 및 I과 사이에 체결된 상계계약에 따라 I이 피고에 대하여 가지는 위 연대보증채권(임대보장수수료 반환채권)을 자동채권으로 하여 피고가 원고에 대하여 가지는 임대차보증금반환채권과 대등액의 범위에서 상계하였으므로, 원고가 피고에게 반환하여야 할 임대차보증금이 존재하지 아니한다. 나. 임대차보증금반환채권과 관련한 동시이행 항변 등에 관한 판단 1) 인정 사실 ① 원고의 아들 G과 원고의 동생 H는 공동으로 ‘"
deposit_dispute,68625,8,"‘보증금 160,000,000원 상태의 기계약에서 140,000,000원으로 하향조정함. 하향으로 인한 반환예정금액 20,000,000원은 임차인이 미수령 상태이며, 20,000,000원에 대하여는 임차인에게 반환할 때까지 대출금리로 환산하여 이자를 지급하기로 한다. 보증금 수령 및 반환의무도 피고 C로 한다.’"
deposit_dispute,77568,8,‘건물의 전세권설정자가 전세권의 존속기간 만료 전 6월부터 1월까지 사이에 전세권자에 대하여 갱신거절의 통지 또는 조건을 변경하지 아니하면 갱신하지 아니한다는 뜻의 통지를 하지 아니한 경우에는 그 기간이 만료된 때에 전전세권과 동일한 조건으로 다시 전세권을 설정한 것으로 본다. 이 경우 전세권의 존속기간은 그 정함이 없는 것으로 본다.’
deposit_dispute,78728,8,"’)에 의하면 임대차보증금은 1억 5,000만 원, 차임은 월 970만 원(부가가치세 포함 시 1,067만 원, 매월 말일 지급), 임대차기간은 2015. 11. 30.까지로 정해졌고, 임차인인 원고가 2기 이상의 차임을 연체할 경우 임대인인 피고는 최고 없이 임대차계약을 해지할 수 있으며(제6조), 임대차기간이 종료되면 임차인인 원고는 임대차목적물을 원상으로 복구하여 반환하는 것으로 하였다(제12조). 이에 따라 원고는 피고에게 위 임대차보증금을 지급하고 이 사건 점포를 인도받아 그곳에서 ‘"
deposit_dispute,87894,8,"’는 내용의 휴대폰 문자메세지를 발송하였고, 2017. 12. 11. 원고에게 이 사건 임대차계약의 해지 및 임대차보증금 반환 등을 통보하는 내용의 내용증명을 발송하였다. 라. D은 2018. 1. 13. 원고를 상대로 창원지방법원 통영지원 2018가단20322호로 이 사건 임대차계약의 해지를 원인으로 임대차보증금의 반환을 구하는 소송을 제기하였고, 위 소송(이하 ‘"
deposit_dispute,93022,8,"’이라 한다)를 임대차기간 2003. 7. 31.부터 2005. 7. 31.까지, 임대차보증금 8,500만 원으로 하여 임대하였고, 그 즈음 원고 A은 위 보증금 8,500만 원을 지급하였다. 원고 A, 피고 C는 위 임대차계약을 갱신하여 오다가, 2010. 9. 10. 임대차기간을 2010. 9. 10.부터 2012. 9. 9.까지로 하고, 임대차보증금을 1억 2,500만 원으로 4,000만 원 증액하는 임대차계약을 체결하였다(이하 원고 A과 피고 C 사이에 체결 및 갱신된 임대차계약을 통틀어 ‘"
deposit_dispute,94328,8,“전 임차인이 무도유흥음식점으로 경영하던 점포를 임차인이 소유자로부터 임차하여 내부시설을 개조 단장하였다면 임차인에게 임대차 종료로 인하여 목적물을 원상 회복하여 반환할 의무가 있다고 하여도 별도의 약정이 없는 한 그것은 임차인이 개조한 범위 내의 것으로서 임차인이 그가 임차 받았을 때의 상태로 반환하면 되는 것이지 그 이전의 사람이 시설한 것까지 원상회복할 의무가 있다고 할 수는 없”
deposit_dispute,94337,8,"“N호 보증금 500만, L호 보증금 500만, P호 보증금 500만, R호 보증금 500만, T호 보증금 500만, V호 보증금 500만, Z호 보증금 500만, AB호 보증금 500만, X호 전세 4,300만(2019. 3. 2.), AE호 전세 4,500만(2019. 8. 22.), AG호 전세 5,000만(2019. 5. 1.)”"
deposit_dispute,94456,8,‘피고가 임대차보증금을 원고에게 반환한다고 하더라도 F의 무자력으로 말미암아 F에게 구상할 수 없는 상황이다. 이는 원고가 피고에게 이 사건 부동산을 매도할 당시 C이 대항력을 갖추지 못한 임차인이어서 피고가 임대차보증금반환채무를 면책적으로 인수할 수 없다는 사실을 고지해 주지 않았기 때문이다. 원고의 위와 같은 고지의무 위반으로 인하여 피고가 실질적으로 임대차보증금반환채무를 부담하게 되었으므로 원고의 구상권 행사가 제한되거나 구상금을 감액해야 한다.’
deposit_dispute,103669,8,’라 한다)에게 이 사건 부동산에 관한 임차권을 양도하였다. 라. 소외인은 2018. 12. 6. D과 사이에 위 임대차계약의 임대차기간을 2019. 11. 16.까지로 갱신하는 내용의 임대차계약을 체결하였다. 마. 소외인은 2019. 11. 13. D과 사이에 위 임대차계약의 임대차기간을 2020. 11. 16.까지로 갱신하는 내용의 임대차계약을 체결하였다(이하 위와 같이 갱신된 임대차계약을 통틀어 ‘
deposit_dispute,104245,8,‘피고가 임대차보증금을 원고에게 반환한다고 하더라도 F의 무자력으로 말미암아 F에게 구상할 수 없는 상황이다. 이는 원고가 피고에게 이 사건 부동산을 매도할 당시 C이 대항력을 갖추지 못한 임차인이어서 피고가 임대차보증금반환채무를 면책적으로 인수할 수 없다는 사실을 고지해 주지 않았기 때문이다. 원고의 위와 같은 고지의무 위반으로 인하여 피고가 실질적으로 임대차보증금반환채무를 부담하게 되었으므로 원고의 구상권 행사가 제한되거나 구상금을 감액해야 한다.’
deposit_dispute,116893,8,"“바. 별지 목록 제1, 2항 기재 각 부동산에 관한 근저당권의 설정 및 말소 1) 토피아도봉어학원은 소외 1에 대한 이 사건 임대차계약에 기한 임대차보증금 18억 원의 반환채권을 담보하기 위하여 2012. 3. 21. 소외 1 소유의 별지 목록 제1, 2항 기재 각 부동산에 관하여 채권최고액 24억 5천만 원, 채무자 소외 1, 근저당권자 토피아도봉어학원으로 된 근저당권설정계약을 체결하고, 같은 날 서울북부지방법원 도봉등기소 접수 제16986호로 위 각 부동산에 관하여 근저당권설정등기(이하 ‘"
deposit_dispute,124256,8,"“ 소외 3과 섬유신협은 이 사건 대출금 채무 2억 원이라는 동일 채무를 담보하기 위하여 채권최고액을 3억 원으로 동일하게 하여 이 사건 근저당권과 이 사건 전세권근저당권을 설정하였으므로, 이 사건 근저당권과 이 사건 전세권근저당권은 실질적으로 공동저당권이다. 그런데 앞서 본 바와 같이 이 사건 건물 및 대지 등의 제3취득자인 원고가 채권최고액 3억 원을 모두 변제하였으므로, 피고 예금보험공사는 원고에게 이 사건 전세권근저당권설정등기의 말소등기절차를 이행할 의무가 있다.”"
deposit_dispute,124256,8,"“피담보채무가 동일하더라도 이 사건 근저당권과 전세권근저당권은 별개의 저당권이다. 원고의 3억 원 변제 및 이 사건 근저당권설정등기의 말소에도 불구하고 아직 변제되지 않은 채무가 남아 있고, 이는 이 사건 전세권근저당권으로 담보되는 채무이다. 따라서 원고는 이를 변제한 후라야만 이 사건 전세권근저당권설정등기의 말소를 청구할 수 있다.”"
deposit_dispute,130980,8,"‘보증금 160,000,000원 상태의 기계약에서 140,000,000원으로 하향조정함. 하향으로 인한 반환예정금액 20,000,000원은 임차인이 미수령 상태이며, 20,000,000원에 대하여는 임차인에게 반환할 때까지 대출금리로 환산하여 이자를 지급하기로 한다. 보증금 수령 및 반환의무도 피고 C로 한다.’"
deposit_dispute,133190,8,"‘이 사건 보증보험증권 보험기간이 연장되지 않아, 임대차계약서 제10조 제1항을 위반한 것으로 보고 원고는 2020. 3. 14.부로 임대차계약을 해지하였고, 2020. 3. 14. 임대차목적물 명도 완료하였으니 임대차보증금 300,000,000원을 3. 17.까지 반환하라. 만약 임대차보증금 반환이 기한 내에 이루어지지 않을 경우 보증보험 증권 청구를 통해 임대차보증금을 충당할 예정이다.’"
deposit_dispute,136580,8,"'란 기재를 제외하면 임대차보증금(1차 임대차계약서도 2014. 2. 이후의 임대차보증금을 100,000,000원으로 정하고 있다), 월 차임, 특약사항의 내용이 모두 동일한바, 피고가 이 사건 건물의 소유권을 취득한 이후 원고와 사이에 임대인 명의만 변경하여 종전의 1차 임대차계약과 동일한 내용의 2차 임대차계약을 체결한 것으로 보이는 점, ② 1차 및 이 사건 임대차계약서는 모두 '"
deposit_dispute,137337,8,"‘이 사건 보증보험증권 보험기간이 연장되지 않아, 임대차계약서 제10조 제1항을 위반한 것으로 보고 원고는 2020. 3. 14.부로 임대차계약을 해지하였고, 2020. 3. 14. 임대차목적물 명도 완료하였으니 임대차보증금 300,000,000원을 3. 17.까지 반환하라. 만약 임대차보증금 반환이 기한 내에 이루어지지 않을 경우 보증보험 증권 청구를 통해 임대차보증금을 충당할 예정이다.’"
deposit_dispute,139276,8,"‘이 사건 임대차계약의 특약사항(2019. 10. 26.까지 계약갱신 요구권 인정)에 따라 원고가 2017. 8. 29. 계약갱신 요구를 하자 피고는 거절의 의사표시를 한 바 없이 2017. 9. 18.경 보증금 및 임료 각 5% 인상을 요구하였고, 원고는 위 요구에 따라 증액된 보증금을 지급하고 인상된 차임을 지급해 오고 있다’"
protection_mechanism,94337,8,"“N호 보증금 500만, L호 보증금 500만, P호 보증금 500만, R호 보증금 500만, T호 보증금 500만, V호 보증금 500만, Z호 보증금 500만, AB호 보증금 500만, X호 전세 4,300만(2019. 3. 2.), AE호 전세 4,500만(2019. 8. 22.), AG호 전세 5,000만(2019. 5. 1.)”"
protection_mechanism,94456,8,‘피고가 임대차보증금을 원고에게 반환한다고 하더라도 F의 무자력으로 말미암아 F에게 구상할 수 없는 상황이다. 이는 원고가 피고에게 이 사건 부동산을 매도할 당시 C이 대항력을 갖추지 못한 임차인이어서 피고가 임대차보증금반환채무를 면책적으로 인수할 수 없다는 사실을 고지해 주지 않았기 때문이다. 원고의 위와 같은 고지의무 위반으로 인하여 피고가 실질적으로 임대차보증금반환채무를 부담하게 되었으므로 원고의 구상권 행사가 제한되거나 구상금을 감액해야 한다.’
protection_mechanism,104245,8,‘피고가 임대차보증금을 원고에게 반환한다고 하더라도 F의 무자력으로 말미암아 F에게 구상할 수 없는 상황이다. 이는 원고가 피고에게 이 사건 부동산을 매도할 당시 C이 대항력을 갖추지 못한 임차인이어서 피고가 임대차보증금반환채무를 면책적으로 인수할 수 없다는 사실을 고지해 주지 않았기 때문이다. 원고의 위와 같은 고지의무 위반으로 인하여 피고가 실질적으로 임대차보증금반환채무를 부담하게 되었으므로 원고의 구상권 행사가 제한되거나 구상금을 감액해야 한다.’
protection_mechanism,113602,8,"’라고 명시하고 있는 것도 지상권설정계약은 무상계약일 수도 있을 수 있음을 전제로 지상권설정계약이 유상계약일 경우에 한하여 토지거래허가를 받아야 한다는 취지를 분명히 한 것으로 볼 것이다. 그런데 이 문제 ④번 답항은 유상계약인지, 아니면 무상계약인지 한정하지 않고 단순히 지상권설정계약이라고만 기술하여 무상으로 지상권을 설정하는 경우에는 틀린 내용으로 될 여지가 있기는 하지만, 다른 답항이 모두 정답이 될 수 없는 상황에서 이 문제의 ②번 답항에서 허가 받지 않은 계약‘"
fraud_core,809,7,"’ H호를 피해자 I에게 임대함에 있어, 임차보증금 5,500만 원을 주면 위 H호에 기존 임차인 명의로 설정된 전세권설정등기를 곧바로 해지한 후 2018. 4. 25.경부터 2년간 임대해주고 임대차기간이 종료되면 정상적으로 임차보증금을 반환해 주겠다고 말하여 이를 사실로 믿은 피해자로부터 2018. 4. 25.경까지 임차보증금 명목으로 피고인의 남편인 B 명의의 새마을금고 예금계좌(계좌번호 1 생략)로 5,500만 원을 송금받았다. 그러나 당시 피의자는 남편 명의로 소유하고 있던 위 ‘"
fraud_core,59431,7,“이 계약의 특성상 임차인은 자발적으로 전입신고를 하지 않고 거주를 약속하였기에 만일 외부에 임차인임이 발설되면 임대인이 즉시 본 계약을 해지하여도 임차인은 민형사상 이의를 제기하지 않고 즉시 퇴실하기로 한다”
fraud_core,61587,7,"“내가 이 사건 아파트를 매수하였다. 아직 소유권이전등기는 마치지 않았지만 분양회사와 계약을 해 놓은 상태이다. 이 사건 아파트 시세가 약 120,000,000원 정도 되니 전세권 보다 선순위로 채권최고액 20,000,000원인 근저당권을 설정하게 해 주면, 위 근저당권 바로 다음 순위로 원고 명의의 전세권설정등기를 마쳐주어 추후 임대차보증금반환채권을 안전하게 담보할 수 있도록 해주겠다.”"
fraud_core,85304,7,"‘E’ 사이트에 위 임대목적물을 전세 계약 조건으로 임대하는 내용의 글을 게시하고, 그 글을 보고 연락을 해 온 임차인으로부터 전세보증금을 편취하기로 마음먹고, B은 부동산 중개인을 사칭하며 임차인을 응대하는 역할을, C는 임대목적물을 물색하고 임차인에게 임대목적물을 보여줄 때 망을 보거나 건물관리인 행세 또는 임대인 행세를 하는 역할을, 피고인은 임대인 행세를 하는 역할을 하기로 서로 공모하였다. 1. 사기 가. 피해자 F에 대한 사기 피고인은 B, C와 공모하여, 2019. 12. 18.경 불상의 장소에서, 인터넷 D 카페 ‘"
fraud_core,95626,7,"’라고 한다)를 임차하였던 임차인이며, 원고 B은 부동산중개인이다. 나. 원고 A과 피고는 2005년 11월경 원고 B의 중개로 이 사건 점포에 관한 임대차계약을 체결한 후 이를 갱신하여 오다가 2013년 5월 초경 보증금 4억 원, 월 차임 700만 원(부가가치세 별도, 이후 800만 원으로 인상되었다), 임대차기간 2013. 5. 10.부터 2018. 5. 9.까지로 하여 임대차계약을 다시 체결하였다. 위 임대차계약은 2019. 5. 9.까지 묵시적으로 갱신되었다. 다. 소외 주식회사 F(이하 ‘"
fraud_core,97263,7,"‘임대목적물에 대하여 임대인(수탁자)과 수탁자 간 체결한 부동산담보신탁계약이 체결되어 있음을 확인한다(부동산등기부등본 첨부). 수탁자는 신탁부동산의 등기부상 소유자로서, 임대차계약에 관한 일체의 책임은 임대인(위탁자)이 부담하며, 임차인 및 임대인(위탁자)은 수탁자에게 임대차계약과 관련한 일체의 이의제기나 청구를 하지 아니한다.’"
fraud_core,146502,7,“신탁기간 중 임대차계약기간의 만료 또는 임대차계약의 해지 등으로 인하여 임대차계약을 갱신하거나 새로운 임대차계약을 체결하는 경우에 위탁자는 우선수익권자의 서면동의를 받은 후 수탁자의 사전 승낙을 받아 위탁자 명의로 계약을 체결하여야 한다”
fraud_core,149813,7,"“2018. 1. 30. 이 사건 임대차계약을 체결하면서 선순위 임차보증금이 1억 2천만 원뿐이고, 임대차기간이 종료되면 임대차보증금을 반환할 수 있다고 원고를 기망하여 원고로부터 임차보증금 9천만 원을 지급받았으나 사실은 임대차기간 종료시 임대차보증금을 반환할 의사나 능력이 없었다”"
deposit_dispute,3410,7,"‘이라 한다)과 사이에 이 사건 건물에 관한 매매계약을 체결하였고, 2020. 1. 2. 건물에 관한 소유권이전등기가 경료 되어 E이 그 소유자가 되었고, 같은 날 E이 이 사건 근저당권부 채권을 면책적으로 인수하였으며, 2020. 9. 8. 이 사건 근저당권의 채무자를 E으로 변경하는 내용의 근저당권변경등기가 이루어졌다. 다. 소외 채무자회사는 2020. 4. 29. 원고와 사이에 채무자회사의 E에 대한 이 사건 근저당권부 채권인 임대차보증금반환청구권을 원고에게 승계시키는 내용의 임대차승계 합의(이하 ‘"
deposit_dispute,4516,7,"‘임대인 또는 임차인이 본 계약상의 내용에 대하여 불이행이 있을 경우 그 상대방은 계약을 해제할 수 있고, 계약 당사자는 계약해제에 따른 손해배상을 각각 상대방에게 청구할 수 있으며, 손해배상에 대하여 별도의 약정이 없는 한 계약금을 손해배상의 기준으로 한다’"
deposit_dispute,9838,7,"‘임대인 또는 임차인은 본 계약상의 내용에 대하여 불이행이 있을 경우 그 상대방은 불이행한 자에 대하여 서면으로 최고하고 계약을 해제할 수 있다. 이 경우 계약 당사자는 계약해제 따른 손해배상을 각자 상대방에게 청구할 수 있으며, 손해배상에 대하여 별도의 약정이 없는 한 계약금을 손해배상의 기준으로 본다’"
deposit_dispute,9838,7,"‘임대인 또는 임차인은 본 계약상의 내용에 대하여 불이행이 있을 경우 그 상대방은 불이행한 자에 대하여 서면으로 최고하고 계약을 해제할 수 있다. 이 경우 계약 당사자는 계약해제 따른 손해배상을 각자 상대방에게 청구할 수 있으며, 손해배상에 대하여 별도의 약정이 없는 한 계약금을 손해배상의 기준으로 본다’"
deposit_dispute,10100,7,"’이라 한다)와 사이에 이 사건 사업부지와 신축건물 등에 관한 분양(처분), 관리 및 운용사무를 피고 B이 수탁하는 내용의 관리형 토지신탁계약 및 토지신탁계약 특약을 체결하고(위 토지신탁계약 및 토지신탁계약 특약에 관하여, 2005. 12. 3., 2007.경, 2008. 10.경, 2009. 7. 8. 각 변경계약이 체결되었는데, 이하에서 이를 구분하지 아니하고 통칭하는 경우 ‘"
deposit_dispute,10462,7,’이라고 한다)을 체결하였다. 그런데 이 사건 임대차계약은 피고가 이 사건 점포의 전 임차인인 D로부터 임차인 지위를 양수하면서 체결된 것이어서 피고는 전 임차인에게 임대차보증금 상당 금원을 지급하는 방법으로 임대인인 C에 대한 임대차보증금의 지급에 갈음하고 그 무렵 C으로부터 임대차 목적물을 인도받아 이 사건 점포에서 ‘
deposit_dispute,27883,7,"‘E병원’에서 C을 만나 C으로부터, 피고 명의 계좌로 2억 원을, 현금으로 1억 7,000만 원을 각 지급받아 합계 3억 7,000만 원의 임대차보증금을 모두 반환받았다. 당시 동석한 원고 역시 C으로부터 임대차보증금 전액을 반환받는다는 사실을 충분히 인식하였다고 판단된다. 원고와 피고가 같은 날 이 사건 건물에 관한 전세권설정등기를 말소하였다는 사실 또한 이러한 사정을 뒷받침한다. 나) 원고와 피고는 C으로부터 임대차보증금을 반환받은 후 같은 날 합의서를 작성하였는데, 위 2010. 5. 6.자 합의서에는 “"
deposit_dispute,47033,7,"‘원고와 사이에 이 사건 건물의 새로운 임차인이 구해지면 이 사건 매매계약을 체결하기로 구두로 합의하였는데, 원고는 이 사건 건물의 새로운 임차인이 구해지지 아니하였음에도 이 사건 매매계약을 체결한 이상 원고가 몰취당한 계약금에 대하여 피고의 책임은 인정되지 않는다’"
deposit_dispute,47214,7,"’라 한다)‘가 작성되었는데, 위 계약서의 임대인으로 피고들이, 임차인으로 원고가 기재되어 있고, 개업공인중개사인 G과 H가 각 서명 및 날인을 하였다. 다. 원고는 위 임대차계약의 임대차보증금으로서 2015. 7. 18. 피고 B 명의의 계좌로 가계약금 1,000,000원을 이체하였고, 2015. 7. 31. 7,500,000원, 2015. 8. 4. 76,500,000원을 각 피고 C에게 송금하여서 합계 85,000,000원을 지급하였다. 라. 원고와 피고 C는 2017. 3. 22. 이 사건 계약서 위의 날짜를 ‘"
deposit_dispute,59431,7,“이 계약의 특성상 임차인은 자발적으로 전입신고를 하지 않고 거주를 약속하였기에 만일 외부에 임차인임이 발설되면 임대인이 즉시 본 계약을 해지하여도 임차인은 민형사상 이의를 제기하지 않고 즉시 퇴실하기로 한다”
deposit_dispute,61587,7,"“내가 이 사건 아파트를 매수하였다. 아직 소유권이전등기는 마치지 않았지만 분양회사와 계약을 해 놓은 상태이다. 이 사건 아파트 시세가 약 120,000,000원 정도 되니 전세권 보다 선순위로 채권최고액 20,000,000원인 근저당권을 설정하게 해 주면, 위 근저당권 바로 다음 순위로 원고 명의의 전세권설정등기를 마쳐주어 추후 임대차보증금반환채권을 안전하게 담보할 수 있도록 해주겠다.”"
deposit_dispute,67411,7,"‘임대인 또는 임차인은 본 계약상의 내용에 대하여 불이행이 있을 경우 그 상대방은 불이행한 자에 대하여 서면으로 최고하고 계약을 해제할 수 있다. 이 경우 계약 당사자는 계약해제 따른 손해배상을 각자 상대방에게 청구할 수 있으며, 손해배상에 대하여 별도의 약정이 없는 한 계약금을 손해배상의 기준으로 본다’"
deposit_dispute,67411,7,"‘임대인 또는 임차인은 본 계약상의 내용에 대하여 불이행이 있을 경우 그 상대방은 불이행한 자에 대하여 서면으로 최고하고 계약을 해제할 수 있다. 이 경우 계약 당사자는 계약해제 따른 손해배상을 각자 상대방에게 청구할 수 있으며, 손해배상에 대하여 별도의 약정이 없는 한 계약금을 손해배상의 기준으로 본다’"
deposit_dispute,71126,7,"“피고는 소외 3으로부터 이 사건 마트 부지에 관하여 임대차보증금 3억 원, 월세 200만 원, 임대차기간 2011. 8. 1.부터 2016. 7. 31.까지로 정하여 임차한다(제1조 및 제2조). 임대기간 만료일에는 위 부동산 지상 및 건물 내에 있는 모든 사람과 건물 이외의 물건 전부 임차인이 책임지고 명도하여야 한다(특약사항 제1항). 임차인 등은 권리비나 비품비, 시설비 등 어떠한 명분의 비용도 임대인에게 청구할 수 없고 임차인이 임의로 설치·시공한 것이 있다면 임대차 만료일까지 원상복구하여야 한다(특약사항 제2항)”"
deposit_dispute,78983,7,"’라 한다)에 관하여 임대차 계약을 체결하였고, 이후 임대차계약을 갱신하면서 최종적으로 2019. 2. 1. 임대차보증금을 153,850,000원(매월 납부하여야 할 월 임대료는 추가 보증금을 납부하는 것으로 대체함)으로 증액하였다(이하 갱신된 임대차계약을 포함하여 ‘"
deposit_dispute,80387,7,"‘이라 한다)’ 중 방 한칸을 전대차보증금 20,000,000원으로 정하여 전차하였다. 그러나 2018. 8. 1.경 임대인 D과 C 사이의 임대차계약이 해지되어, 원고는 위 전대목적물을 임대인인 D에게 인도하였다. 나. 한편 C은 D에 대한 임대차보증금 반환채권(50,000,000원, 이하 ’"
deposit_dispute,81916,7,"’이라 한다), 원고의 처인 H를 임차인, 피고를 임대인, E을 임대인 대리인으로 하여 같은 날 H가 이 사건 주택의 3층을 임대차보증금 35,000,000원, 월차임 250,000원, 기간 2010. 9. 30.부터 2011. 9. 30.까지로 정하여 임차하는 내용의 임대차계약서가 작성되었다. 위 각 임대차계약서의 특약사항에는 ‘"
deposit_dispute,97263,7,"‘임대목적물에 대하여 임대인(수탁자)과 수탁자 간 체결한 부동산담보신탁계약이 체결되어 있음을 확인한다(부동산등기부등본 첨부). 수탁자는 신탁부동산의 등기부상 소유자로서, 임대차계약에 관한 일체의 책임은 임대인(위탁자)이 부담하며, 임차인 및 임대인(위탁자)은 수탁자에게 임대차계약과 관련한 일체의 이의제기나 청구를 하지 아니한다.’"
deposit_dispute,108379,7,"‘수선의무’라 한다) 두 가지를 규정하고 있다. 먼저 임대인의 목적물 인도 의무에 관하여 보건대, 비록 민법 제623조가 명문으로 규정하고 있지는 아니하나, 임대차계약이 임대인이 임차인에게 목적물을 사용·수익하게 하고, 임차인이 이에 대하여 차임을 지급하는 것을 내용으로 하는 계약(민법 제618조)인 이상, 민법 제623조에서 말하는 ‘"
deposit_dispute,126421,7,"’이라고 한다)을 체결하였는데, 이 사건 점포는 위 분양계약 당시 H호, I호, J호의 3개 호실로 이루어져 있었고, 이에 원고와 피고는 위 각 호실에 해당하는 공급계약서 3개를 작성하였다(갑 제9호증의 1, 3, 4). 3) 원고는 계약 체결 당일 피고에게 계약금 2억 5,000만 원을 지급하였다. 다. 특약사항의 기재 및 특약사항의 변경기재 1) 원고는 계약 당일 ‘"
deposit_dispute,126421,7,"‘G’ 입점 여부는 이 사건 분양계약 체결에 있어서 매우 중요한 동기였던 점, ② 원고 입장에서 계약이 체결되고 상당한 기간이 경과한 이후에도 공사가 완성되지 않은 경우에까지 계약을 유지하고자 하는 의사가 있었다고 보기는 어려운 점, ③ 이 사건 점포가 통합된 이후 공급계약서(갑 제2호증)를 새로 작성하는 과정에서 원고와 피고 사이에 별다른 이견이 없었는바, 원고 입장에서는 특약사항의 변경을 인식하지 못한 채 이 사건 1차 특약사항과 2차 특약사항이 실질적으로 내용이 같은 것으로 생각하였을 가능성도 충분한 점, ④ ‘"
deposit_dispute,127350,7,"""이라고 규정하였다. 다) 이 사건 각 계약의 계약이행보증금은 이 사건 각 점포의 위치와 면적과 영업내용에 비하여 상당히 낮은 금액으로 보인다. 그리고 보증금을 현금이 아닌 이행보증보험증권으로도 제출할 수 있게 하였는데, 이는 대개 현금으로 임대차보증금을 지급하고 또 그 이자 상당액이 사용대가의 성격도 가지는 임대차계약에서는 있을 수 없는 모습이고, 또 임대차보증금의 '"
deposit_dispute,135777,7,"’라 한다)에 관하여 임대차 계약을 체결하였고, 이후 임대차계약을 갱신하면서 최종적으로 2019. 1. 31. 임대차보증금을 155,950,000원(매월 납부하여야 할 월 임대료는 추가 보증금을 납부하는 것으로 대체함)으로 증액하였다(이하 갱신된 임대차계약을 포함하여 ‘"
deposit_dispute,135908,7,"‘E병원’에서 C을 만나 C으로부터, 피고 명의 계좌로 2억 원을, 현금으로 1억 7,000만 원을 각 지급받아 합계 3억 7,000만 원의 임대차보증금을 모두 반환받았다. 당시 동석한 원고 역시 C으로부터 임대차보증금 전액을 반환받는다는 사실을 충분히 인식하였다고 판단된다. 원고와 피고가 같은 날 이 사건 건물에 관한 전세권설정등기를 말소하였다는 사실 또한 이러한 사정을 뒷받침한다. 나) 원고와 피고는 C으로부터 임대차보증금을 반환받은 후 같은 날 합의서를 작성하였는데, 위 2010. 5. 6.자 합의서에는 “"
deposit_dispute,145836,7,“이 계약의 특성상 임차인은 자발적으로 전입신고를 하지 않고 거주를 약속하였기에 만일 외부에 임차인임이 발설되면 임대인이 즉시 본 계약을 해지하여도 임차인은 민형사상 이의를 제기하지 않고 즉시 퇴실하기로 한다.”
deposit_dispute,146502,7,“신탁기간 중 임대차계약기간의 만료 또는 임대차계약의 해지 등으로 인하여 임대차계약을 갱신하거나 새로운 임대차계약을 체결하는 경우에 위탁자는 우선수익권자의 서면동의를 받은 후 수탁자의 사전 승낙을 받아 위탁자 명의로 계약을 체결하여야 한다”
deposit_dispute,149813,7,"“2018. 1. 30. 이 사건 임대차계약을 체결하면서 선순위 임차보증금이 1억 2천만 원뿐이고, 임대차기간이 종료되면 임대차보증금을 반환할 수 있다고 원고를 기망하여 원고로부터 임차보증금 9천만 원을 지급받았으나 사실은 임대차기간 종료시 임대차보증금을 반환할 의사나 능력이 없었다”"
protection_mechanism,10100,7,"’이라 한다)와 사이에 이 사건 사업부지와 신축건물 등에 관한 분양(처분), 관리 및 운용사무를 피고 B이 수탁하는 내용의 관리형 토지신탁계약 및 토지신탁계약 특약을 체결하고(위 토지신탁계약 및 토지신탁계약 특약에 관하여, 2005. 12. 3., 2007.경, 2008. 10.경, 2009. 7. 8. 각 변경계약이 체결되었는데, 이하에서 이를 구분하지 아니하고 통칭하는 경우 ‘"
protection_mechanism,30172,7,"’이라 한다)에 관하여, △ 2001. 5. 25. 채권최고액 26억 4,000만 원의 근저당권을 설정받고, △ 2004. 8. 2. 채권최고액 10억 원의 근저당권을 설정받았으며, △ 2004. 8. 2. 채권최고액 5억 원의 근저당권을 설정받았다. ○피고와 ○○산업은 위와 같은 근저당권에 관하여 이를 모두 포괄근저당권으로 하여 그 근저당권 설정 이후에 발생하는 채권도 담보하기로 약정하였다(이하 위 채권최고액 10억 원의 근저당권을 ‘"
protection_mechanism,59431,7,“이 계약의 특성상 임차인은 자발적으로 전입신고를 하지 않고 거주를 약속하였기에 만일 외부에 임차인임이 발설되면 임대인이 즉시 본 계약을 해지하여도 임차인은 민형사상 이의를 제기하지 않고 즉시 퇴실하기로 한다”
protection_mechanism,97263,7,"‘임대목적물에 대하여 임대인(수탁자)과 수탁자 간 체결한 부동산담보신탁계약이 체결되어 있음을 확인한다(부동산등기부등본 첨부). 수탁자는 신탁부동산의 등기부상 소유자로서, 임대차계약에 관한 일체의 책임은 임대인(위탁자)이 부담하며, 임차인 및 임대인(위탁자)은 수탁자에게 임대차계약과 관련한 일체의 이의제기나 청구를 하지 아니한다.’"
protection_mechanism,116304,7,"'이라 한다)을 체결하고, 2016. 9. 26.까지 에 위 보증금 전액을 지급하였다. 나. 또한 피신청인은 2016. 9. 23. 과 사이에, 이 사건 건물에 관하여 전세권자 피신청인, 전세금 55,000,000원, 존속기간 2016. 9. 25.부터 2년간으로 각 정한 전세권설정계약을 체결하고, 2016. 9. 28. 이 사건 건물에 관하여 위 전세권설정계약에 따라 전세권설정등기를 마쳤으며(이하 이를 '"
protection_mechanism,120874,7,"’이라 한다)에 관하여, ① 2019. 3. 18.자 설정계약을 원인으로 하여 같은 달 19. 근저당권자를 피고 A으로, 채권최고액을 1억 2,000만원으로, 채무자를 F으로 하는 근저당권설정등기를 마치고, ② 2019. 3. 18.자 설정계약을 원인으로 하여 같은 달 19. 근저당권자를 피고 B로, 채권최고액을 1억 2,000만원으로, 채무자를 F으로 하는 근저당권설정등기를 마쳤다(이하 위 각 근저당권을 ‘"
protection_mechanism,125436,7,"’라고 한다)와 소외 1 사이에 2007. 12. 12. 체결된 근저당권설정계약과 2008. 5. 16. 체결된 근저당권설정계약, 지상권설정계약을 각 취소하고, 피고 현대위아는 소외 1에게 대구지방법원 김천지원 2007. 12. 13. 접수 제40655호로 마친 근저당권설정등기의, 같은 법원 2008. 5. 19. 접수 제18260호로 마친 근저당권설정등기의, 같은 법원 같은 날 접수 제18261호로 마친 지상권설정등기의 각 말소등기절차를 이행하고, ③ 피고 주식회사 파인디지털(이하 ‘"
protection_mechanism,145836,7,“이 계약의 특성상 임차인은 자발적으로 전입신고를 하지 않고 거주를 약속하였기에 만일 외부에 임차인임이 발설되면 임대인이 즉시 본 계약을 해지하여도 임차인은 민형사상 이의를 제기하지 않고 즉시 퇴실하기로 한다.”
fraud_core,5684,6,‘전 계약자와 법정 다툼이 있어 본 계약이 무효 판결될 경우 임대인은 임차인으로부터 받은 금액을 위약금 없이 반환하기로 한다’
fraud_core,8824,6,"‘임대인은 임차인이 임대차기간이 만료되기 6개월 전부터 1개월 전까지 사이에 계약갱신을 요구하면 제1항 단서에서 정하는 사유가 없는 한 거절하지 못하고, 갱신되는 임대차는 전 임대차와 같은 조건으로 다시 계약된 것으로 본다’"
fraud_core,10234,6,"'피고가 소외인에게 지급한 보증금이 4,500만 원에 불과한데도 임대인(소외인)의 지위를 승계한 피해자(이 사건 원고)에 대하여 보증금이 1억 7,000만 원이고 위 금원이 모두 지급된 것처럼 기망하여 피해자와 사이에 보증금 1억 7,000만 원으로 하는 새로운 임대차계약을 체결하여 위 보증금 상당의 재산상 이익을 편취하였다.'"
fraud_core,20911,6,"""신탁기간 중 임대차 계약기간의 만료 또는 임대차계약의 해지 등으로 인하여 임대인 명의를 위탁자로 하는 새로운 임대차계약을 체결하는 경우 제9조 제2항에 따라 수탁자의 사전승낙을 얻어야 한다. 이 경우 수탁자는 임대차계약과 관련하여 권리의무를 부담하지 않는다.(10조 제3항)"""
fraud_core,25435,6,‘대한주택보증’이라고만 한다)의 임대보증금 보증보험에 가입하면 임차인이 임대사업자의 부도로 임대보증금을 반환하지 못하더라도 대한주택보증이 임차인에게 임대보증금을 대위변제하는 ‘
fraud_core,25435,6,"“피고인 1이 2008. 3. 15.까지는 계약기간이 만료된 입주자들에게 임대보증금을 지급하지 말라고 하여, 2008. 3. 초순경 본인과 피고인 4가 보증금 반환을 요청하는 임차인들에 대한 임대보증금 지급을 미룬 사실이 있는데, 그 당시 피고인 1은 공소외 1 회사의 고의부도를 계획하고 있었다”"
fraud_core,25435,6,"‘이 사건 사기죄에 대한 공소는 피고인 1, 3, 4, 5가 고의부도를 예정하며 대한주택보증의 임대보증금 보증보험에 가입하여 보증이익을 취득한 것이라는 취지에서 제기된 것이고, 허위의 임대차계약을 체결하여 임대보증금 보증보험에 가입한 뒤 보증사고를 낸 후 허위임대차계약 체결세대의 임차인 명의로 임대보증금 상당액을 청구하여 이를 취득한다는 내용의 보험금 사기는 공소 제기한 취지가 아니다’"
fraud_core,25697,6,'현 시설상태의 계약임. 영업위탁계약임을 확인함. 보증금 및 계약금 입금계좌 : 수협 G ㈜B. 보증금 반환에 대한 책임은 ㈜B에서 책임지기로 한다'
fraud_core,27859,6,"‘원고가 이 사건 임대차계약 당시에 이 사건 주택에서 5년 이상 거주하겠다고 약속하여 적지 않은 비용을 들여 도배와 장판 등을 새롭게 해주었음에도 원고가 약속을 어기고 이 사건 임대차계약을 해지하겠다고 하여 경제적, 정신적 고통을 받고 있다. 뿐만 아니라 원고가 이 사건 주택에 거주하는 동안 이웃에게 자주 시비를 걸었고, 일부 임차인들은 이사를 나가기도 하였다. 원고는 피고에게 위와 같은 피해를 배상하여야 하며, 피고는 원고의 보증금 반환채권과 위 손해배상채권을 상계하고자 한다.’"
fraud_core,50337,6,"’이라 한다)을 체결하고 소회 회사에 그 임대차보증금을 지급한 다음 위 J아파트 K호에 거주하여 왔는데, 위 임대차기간 만료 전인 2018. 1. 3.경 이 사건 부동산에 관하여 원고를 임차인, 피고를 임대인, F(E)을 임대인 대리인으로 하는 임대차보증금 35,000,000원, 월차임 28만 원, 기간 2017. 2. 25.부터 2019. 2. 24.까지의 임대차계약서가 작성되었다(이하 ‘"
fraud_core,57522,6,"‘임대분양계약서’라는 제목의 계약서를 작성하였고, 계약서의 각 조항에는 임대차보증금, 임대료, 임대차기간이 기재되어 있다. ② 위 피고들은 이 사건 각 임대분양계약 체결 당시 N에 “"
fraud_core,64434,6,"’). 라. 그 후 다시 이 사건 임대차계약의 종기가 다가오자 원고의 대리인인 D(원고의 며느리)은 2019. 1. 3.에 피고를, 2019. 1. 11.에 피고의 남편을 차례로 만나 계약의 갱신 여부를 협의하였으나 새롭게 체결할 임대차계약의 기간에 관한 의견 차이로 합의에 이르지 못하였다. 마. 한편 피고는 2019. 10. 4. 원고에게 계약갱신을 요구하는 내용의 내용증명우편을 발송하여 위 우편이 그 무렵 원고에게 도달하였으며(이하 ‘"
fraud_core,65051,6,"‘연대보증인은 피고 B이 원고에 대하여 부담하는 임대료 약속어음을 포함한 각종 어음, 수표, 채무 및 기타 일체의 채무(손해배상, 계약의 해제 또는 해지로 인한 원상회복, 원래 물건의 반환, 기타 일체의 부대채무 등을 포함한다)와 세무상으로 발생되는 모든 의무에 대해서도 피고 B과 연대하여 이행한다(임대차계약조항 제6조).’"
fraud_core,72141,6,"’는 문언이 기재되어 있다(갑 제2호증). ③ 이 사건 임대차계약 체결 당시 이 사건 부동산에 관하여 위 담보신탁을 원인으로 한 소유권이전등기 외에 근저당권설정등기 등이 마쳐져 있지는 않았다(갑 제4호증). 2) 구체적 판단 위의 사실관계에 의하여 알 수 있는 바와 같이, 이 사건 임대차계약 체결 당시 이미 임대인 F은 2016. 7. 7. 소외 신탁사와 사이에 담보신탁계약을 체결하고 이를 원인으로 하여 소외 신탁사 앞으로 그 소유권이전등기를 마친 상태에 있었던 점, 이 사건 임대차계약서에서는 이 사건 부동산에 관하여 설정된 ‘"
fraud_core,76821,6,"“위탁자가 신탁부동산에 이 신탁계약 이전에 체결한 임대차계약현황은 별첨5와 같고, 동 임대차계약 임차인의 임대차보증금 반환채권은 우선수익자의 수익권보다 우선한다”"
fraud_core,77619,6,"”① C과 체결한 이 사건 건물에 관한 교환계약은 피고가 H, I(C의 모친)의 거짓말에 속아 체결한 것이어서 취소되어야 하고, 이 사건 건물에 관한 피고 명의의 소유권이전등기는 위 취소에 따른 원상회복의 대상이 되므로, 피고는 이 사건 임대차보증금 반환의무가 없다. ② 위 교환계약에 따른 소유권이전등기는 잘못된 것이고, 위 교환계약 체결 과정에서 피고와 H은 ’"
fraud_core,82049,6,"’이라 한다)을 체결하고 소회 회사에 그 임대차보증금을 지급한 다음 위 J아파트 K호에 거주하여 왔는데, 위 임대차기간 만료 전인 2018. 1. 3.경 이 사건 부동산에 관하여 원고를 임차인, 피고를 임대인, F(E)을 임대인 대리인으로 하는 임대차보증금 35,000,000원, 월차임 28만 원, 기간 2017. 2. 25.부터 2019. 2. 24.까지의 임대차계약서가 작성되었다(이하 ‘"
fraud_core,105230,6,"“)에 관하여 보증금은 각 20,000,000원, 월세는 각 1,800,000원(부가가치세 별도), 1,200,000원(부가가치세 별도), 기간은 각 2017. 3. 31.까지 2년간으로 정한 상가임대차계약을 체결하되, 분양계약시 임대차계약은 동일한 조건으로 승계하고, 임대차보증금 및 월세는 피고에게 입금하기로 하였다. ⑵ E는 2015. 3. 31.까지 피고 계좌에 보증금 합계 40,000,000원을 입금하고, 2015. 4. 30.부터 월세를 입금하였으며, 원고와 함께 동업 형태로 ”"
fraud_core,122896,6,‘임차인인 E이 이 사건 임대차기간 중이던 2017. 12. 8. 이 사건 아파트에서 무단 전출하여 이 사건 임대차보증금반환채권의 대항력 및 우선변제권이 상실되었으므로 이 사건 보증계약에 따른 보증책임이 면책되었다.’
fraud_core,128495,6,’라 한다)’ 1장을 작성하였다. 피고인은 계속해서 이 사건 임대차계약서를 마치 진정하게 성립한 것처럼 그 정을 모르는 임차인 공소외 2에게 건네주어 자격을 모용하여 작성한 이 사건 임대차계약서를 행사하였다. 2. 원심은 다음과 같은 이유를 들어 이 부분 공소사실을 무죄로 판단한 제1심판결을 그대로 유지하였다. 문서를 작성함에 있어 모용하는 타인의 자격은 적어도 해당 문서 자체의 형식과 외관을 통해 파악될 수 있어야 한다. 그런데 피고인은 공소외 2와 이 사건 임대차계약을 체결하면서 위 계약서의 임대인 란에 ‘
fraud_core,140996,6,"’이 사건 K‘이라 한다)에 관하여 임대차계약을 체결하고 D에게 계약금 500만 원을 지급하였는데, M으로부터 이 사건 Q빌라의 임대차보증금 반환이 지연됨에 따라 D에게 이 사건 K의 임대차보증금 잔금을 지급하지 못하여 그 계약금 500만 원을 몰취당하였다. ② I은 피고인 및 자녀들과 떨어져 거제도에서 일하며 거주하고 있었는데, 피고인은 I으로부터 ’"
fraud_core,147830,6,"’을, 임차인란에 공소외 13의 주민등록번호 등 인적사항을 입력하여 출력한 후, 임차인란에 기재되어 있는 공소외 13의 이름 옆에 무인을 날인하였다. 피고인들은 권한 없이 위와 같이 공소외 13 명의의 임대차계약서를 위조한 것을 비롯하여, 그 무렵 같은 방법으로 별지2 범죄일람표(2) 기재와 같이 임차인 명의의 임대차계약서 27장을 위조하였다. 그 후 피고인 3은 공소외 12 등으로 하여금 위와 같이 위조된 임대차계약서 27장을 주식회사 △△저축은행(이하 ‘"
deposit_dispute,159,6,"’라고 정하였다. 다. 위 임대차계약 체결 이후 2011. 4. 11. 이 사건 건물은 용도가 주택에서 1, 2종 근린생활시설(음식점, 사무소 등)로 변경되었다. 라. 원고는 2014. 1. 6. 피고와 이 사건 건물에 관하여 위 임대차계약을 갱신하기로 하면서, 보증금 2억 3,500만 원, 임대차기간 2014. 1. 6.부터 2019. 1. 6.까지, 월차임 1,200만 원으로 정하여 임대차계약을 갱신 체결하였다(이하 ‘"
deposit_dispute,2785,6,’라 한다)는 2016. 2. 16.부터 2019. 3. 11.까지 각 1년 단위로 보험기간으로 정하여 피고 J과 공인중개사법 제30조 제3항에 따른 손해를 담보하기 위하여 각 보증보험계약을 체결한 보증보험회사이다. 나. 원고들은 2016. 3. 12.부터 피고 J의 중개로 별지 표 기재와 같이 이 사건 부동산에 관하여 별지 표 임대보증금란 기재 해당 금액을 임대보증금으로 정하여 각 해당 임대인(소유자)란 기재 임대인으로부터 임차하는 내용으로 각 임대차계약(이하 ‘
deposit_dispute,12649,6,"’에 해당한다고 주장하나, 쟁점 시행령 조항은 2010. 7. 21. 개정된 것으로서, 2015. 5. 13. 신설된 쟁점 법률 조항을 염두에 두고 제정되었다고 보기 어렵고, 국가계약법은 일반공개 경쟁입찰을 원칙으로 하되 예외적으로 수의계약을 할 수 있는 경우를 별도로 시행령에서 정한 점에 비추어 볼 때 쟁점 시행령 조항은 열거된 각 항목에 한하여 적용함이 타당하다. 따라서 피고의 위 주장은 이유 없다. 다음으로, 쟁점 법률 조항 제1항 제4호의 ‘"
deposit_dispute,14467,6,"’이라 한다)을 임대차보증금 1억 원, 월 차임 200만 원, 임대차기간 2007. 6. 1.부터 2008. 5. 31.까지로 정하여 임대하되 임대차보증금에 관하여 C에게 전세권등기를 설정해 주기로 약정하였다. 그에 따라 이 사건 부동산에 관하여 대구지방법원 경산등기소 2007. 6. 12. 접수 제26043호로 전세금 1억 원, 반환기 2008. 5. 31., 전세권자 C로 된 전세권설정등기(이하 ‘"
deposit_dispute,14684,6,"’이라 한다)을 체결하였다. D는 E에게 임대차보증금 중 5,000만 원만 지급하였고, 나머지 5,000만 원은 2017. 9. 30.까지 지급하되 미지급 보증금에 대한 이자 명목으로 매월 50만 원을 지급하기로 약정하였다. 나. 원고와 D는 2017. 6. 20. 주채무자 D, 대출금액 3,000만 원, 이자율 연 22%, 지연배상금율 연 27.9%, 여신기간 만료일 2018. 6. 15.로 하는 대출계약을 체결하였고, D의 E에 대한 임대차보증금반환채권에 관하여 채권최고액 3,900만 원으로 하는 근질권설정계약(이하 ‘"
deposit_dispute,18600,6,’란에는 ‘임대인과 질의 하에 작성. 임대인측 건물 총 임대차 보증금 있음을 고지함. 선순위 임차인 보증금 고지함. 이를 임차인에게 설명하고 내용에 동의하여 서명 및 날인함’
deposit_dispute,20911,6,"""신탁기간 중 임대차 계약기간의 만료 또는 임대차계약의 해지 등으로 인하여 임대인 명의를 위탁자로 하는 새로운 임대차계약을 체결하는 경우 제9조 제2항에 따라 수탁자의 사전승낙을 얻어야 한다. 이 경우 수탁자는 임대차계약과 관련하여 권리의무를 부담하지 않는다.(10조 제3항)"""
deposit_dispute,23748,6,"‘근저당권이 설정되어 있는 부동산에 관하여 사해행위 후 변제로 근저당권설정등기가 말소된 경우, 부동산 가액에서 근저당권의 피담보채권액을 공제한 한도에서 가액반환을 명하는 것이 원칙이지만, 위 인정사실에서 본 바와 같이 이 사건 부동산에 관하여 사해행위 이전에 설정된 기존 근저당권 피담보채무의 액수보다 더 많은 피담보채무를 담보하기 위한 새로운 근저당권이 설정되어 있으므로, 부동산 자체의 회복을 명하기로 한다’"
deposit_dispute,25369,6,"” 상호 조정하에 합의하여 재계약할 수 있다. 단, 계약의 연장은 1년 단위로 하며 임대보증금 및 차임은 쌍방 합의에 의해 조정한다. [제12조 임대물의 반환] 계약기간이 종료되고 별도의 재계약이 없는 경우 “"
deposit_dispute,25697,6,'현 시설상태의 계약임. 영업위탁계약임을 확인함. 보증금 및 계약금 입금계좌 : 수협 G ㈜B. 보증금 반환에 대한 책임은 ㈜B에서 책임지기로 한다'
deposit_dispute,27898,6,"“원고는 계약만료일인 2019. 3. 1. 이전 3개월 전인 2018. 12.부터 수차례 전세계약을 갱신하지 않겠다는 의사를 통보하였는바, 전세계약은 2020. 3. 31. 해지될 것이며 피고는 2020. 3. 31. 6,000만 원을 반환하여 주시기 바랍니다.”"
deposit_dispute,29445,6,“임대인은 계약 종료 후 임차인이 임대차목적물을 원상회복하여 명도한 후에 임대보증금을 반환한다.”
deposit_dispute,31177,6,"‘라 한다]와 사이에 이 사건 부동산에 관한 영업위탁계약을 체결하고 ㈜F에게 이 사건 부동산의 임대 관련 업무 일체(임대 보증기간 동안의 임대료 지급, 임대보증금 수금 및 관리, 임차인 물색 및 선정, 임대홍보, 임대차계약서 작성, 세대 점검 등)를 위임하였다. 다. 원고는 2018. 3. 2.경 피고의 대리인이라는 E(상호 : G, (사업자등록번호 1 생략))과 사이에 피고로부터 이 사건 부동산을 임대차보증금 65,000,000원, 임대차기간 2018. 3. 17.부터 2020. 3. 16.까지로 정하여 임차하는 임대차계약(이하 ‘"
deposit_dispute,37441,6,"'이라 한다)한 사실이 인정되는바, 이로써 피고들은 D와 사이에 이 사건 임대차계약 만료시의 계약갱신청구권을 포기하였다고 할 것이므로, F 또는 원고가 이 사건 특약을 들어 피고들의 계약갱신청구를 거절한 데에는 상가임대차법 제10조 제1항 본문이 정한 '"
deposit_dispute,38289,6,"“임차인 E의 보증금 5,000만 원은 임차인(피고)이 책임지고 처리한다. 임차인 G의 보증금 5,000만 원은 2019. 6. 30. 임차인(피고)이 책임지기로 한다”"
deposit_dispute,44555,6,"’으로, 피고가 기초생활수급자 등 주거취약계층의 주거안정을 위하여 정부에서 지원하는 전세임대자금으로 임차하는 내용의 계약임)을 체결하였다. 2) 피고는 2009. 10. 21. C과 이 사건 토지 및 이 사건 건물 중 2층 45.12㎡ 전부에 관하여, 전세권설정자 C, 전세권자 피고, 전세금 40,000,000원, 전세권 존속기간 2011. 10. 27.까지로 하여 전세권설정계약(이하 ‘"
deposit_dispute,50215,6,"’이라 한다)을 체결하고, 피고에게 위 임대차보증금 85,000,000원을 지급하였다. 한편 피고는 2017. 1. 4. 원고에게 이 사건 주택에 관하여 전세금 85,000,000원, 존속기간 2016. 12. 30.부터 2018. 12. 29.까지로 한 전세권설정등기를 마쳐주었다. 2) 원고는 2018. 10. 2. 피고에게 이 사건 임대차계약 해지의 의사를 밝히면서 임대차기간 만료시 임대차보증금을 반환하여 줄 것을 요구하는 내용증명우편(이하 ‘"
deposit_dispute,50337,6,"’이라 한다)을 체결하고 소회 회사에 그 임대차보증금을 지급한 다음 위 J아파트 K호에 거주하여 왔는데, 위 임대차기간 만료 전인 2018. 1. 3.경 이 사건 부동산에 관하여 원고를 임차인, 피고를 임대인, F(E)을 임대인 대리인으로 하는 임대차보증금 35,000,000원, 월차임 28만 원, 기간 2017. 2. 25.부터 2019. 2. 24.까지의 임대차계약서가 작성되었다(이하 ‘"
deposit_dispute,56890,6,"’ 부분을 임대차보증금 4,300만 원, 임대차기간 2011. 4. 25.부터 2013. 4. 25.까지로 정하여 임차하는 내용의 임대차계약을 체결하고, 임대차보증금을 모두 지급하였으며, 임대차기간이 종료된 후 다시 2년을 갱신하는 계약을 체결하면서 소외 1을 대리한 피고 1의 요구에 따라 임대차보증금 500만 원을 추가로 지급하였다. 3) 원고 3은 2010. 10. 1. ‘"
deposit_dispute,56890,6,"’ 부분을 임대차보증금 4,500만 원, 임대차기간 2010. 11. 5.부터 2012. 11. 5.까지로 정하여 임차하는 내용의 임대차계약을 체결하고, 임대차보증금을 모두 지급하였으며, 임대차기간이 종료된 후 다시 2년을 갱신하는 계약을 체결하면서 소외 1을 대리한 피고 1의 요구에 따라 임대차보증금 300만 원을 추가로 지급하였다. 4) 원고 4는 2011. 3. 19. ‘"
deposit_dispute,56890,6,"‘ 부분을 임대차보증금 4,500만 원, 임대차기간 2009. 5. 25.부터 2011. 5. 24.까지로 정하여 임차하는 내용의 임대차계약을 체결하고, 임대차보증금을 모두 지급하였으며, 임대차기간이 종료된 후 다시 2년을 갱신하는 계약을 체결하면서 소외 1을 대리한 피고 1의 요구에 따라 임대차보증금 500만 원을 추가로 지급하였다. 다. 관련 분쟁의 경과 1) 이 사건 다가구주택이 위치한 용인시 (주소 생략) 대 1,602㎡ 중 별지 2 도면 표시 1, 2, 3, 4, 1의 각 점을 차례로 연결한 선내 248㎡(이하 ‘"
deposit_dispute,57176,6,"’이라 한다)를 임대차기간 2003. 7. 31.부터 2005. 7. 31.까지, 임대차보증금 85,000,000원으로 하여 임대하였고, 그 즈음 원고 A은 위 보증금 85,000,000원을 지급하였다. 원고 A, 피고 C는 위 임대차계약을 갱신하여 오다가, 2010. 9. 10. 임대차기간을 2010. 9. 10.부터 2012. 9. 9.까지로 하고, 임대차보증금을 125,000,000원으로 40,000,000원 증액하는 임대차계약을 체결하였다(이하 ‘"
deposit_dispute,69248,6,"’라고만 한다)와 사이에 2011. 8. 25.자 자산양수도계약상 매수인인 CFIC의 권리, 의무, 계약상 지위를 유동화회사에 양도하는 자산양수도계약 인수계약(을 제6호증의 2)을 체결하였고, 하나은행은 2011. 9. 29. 안흥개발에 내용증명우편으로 채권양도통지를 하였다. 2) 유동화회사는 피고와 사이에, 2013. 6. 21. 안흥개발에 대한 모든 채권을 양도하는 자산양수도계약(을 제7호증의 1)을 체결하는 한편 일자를 소급하여 2002. 12. 31.자 근저당권 중 채권최고액 6억 6,000만 원 부분을 양도한다는 내용의 ‘"
deposit_dispute,70448,6,‘임대인이 임대차기간이 끝나기 6개월 전부터 1개월 전까지의 기간에 임차인에게 갱신거절의 통지를 하지 아니하거나 계약조건을 변경하지 아니하면 갱신하지 아니한다는 뜻의 통지를 하지 아니한 경우에는 그 기간이 끝난 때에 전 임대차와 동일한 조건으로 다시 임대차한 것으로 본다. 임차인이 임대차기간이 끝나기 1개월 전까지 통지하지 아니한 경우에도 또한 같다.’
deposit_dispute,71139,6,"‘권리관계’ 란에는 다음과 같은 내용이 기재되어 있는데, 이 사건 임대차계약 체결 당시 E은 원고에게 이 사건 건물에는 12세대에 관하여 임대차계약이 체결되어 있고 임대보증금의 액수가 2억 5천만원 이하라는 사실만을 설명하였을 뿐 그 임대차계약들에서 정한 임대차의 시기와 종기, 각 임대차보증금의 개별 액수 등에 관하여는 설명한 바 없다.  5) 원고 B의 이 사건 임대차계약서에 첨부된 ‘"
deposit_dispute,72141,6,"’는 문언이 기재되어 있다(갑 제2호증). ③ 이 사건 임대차계약 체결 당시 이 사건 부동산에 관하여 위 담보신탁을 원인으로 한 소유권이전등기 외에 근저당권설정등기 등이 마쳐져 있지는 않았다(갑 제4호증). 2) 구체적 판단 위의 사실관계에 의하여 알 수 있는 바와 같이, 이 사건 임대차계약 체결 당시 이미 임대인 F은 2016. 7. 7. 소외 신탁사와 사이에 담보신탁계약을 체결하고 이를 원인으로 하여 소외 신탁사 앞으로 그 소유권이전등기를 마친 상태에 있었던 점, 이 사건 임대차계약서에서는 이 사건 부동산에 관하여 설정된 ‘"
deposit_dispute,73323,6,"”라는 내용의 내용증명우편을 보냈다. 피고가 원고에게 구체적으로 증액된 임대차보증금이나 차임을 제시하지는 아니하였으나, 원고가 주선한 신규임차인과의 임대차계약을 거절하면서 원고의 누나와의 임대차계약을 체결하되 임대차보증금과 차임을 인상하겠다는 의사를 표시한 것으로 보이고, 이는 아래에서 보는 사정에 비추어 보아 신규임대차계약의 거절과 같은 의미로 봄이 상당하다. ⑥ 피고는 2017. 12. 28.경 원고에게 “"
deposit_dispute,73329,6,"’이라 한다)을 체결하였고, 위 보증계약에 기한 보증서를 발급받아 대출은행인 L에 제출하였다. 또한 위 피고는 2018. 10. 18. 임대인 I에 대한 3억 8,000만 원의 전세보증금 반환채권을 주택도시보증공사에 담보 목적으로 양도하였으며, 그 무렵 위 I에게 채권양도통지를 하였다. 4) 한편 L은 2018. 10. 23. 원고와 이 사건 대출계약에 관하여 보험가입금액 334,400,000원으로 정한 전월세자금대출용 권리보험계약(이하 ‘"
deposit_dispute,76211,6,"‘다를 수 있다’라는 부분은 특별히 자필로 기재하고 그 옆에 서명까지 하였는데, 위 기재를 들어 반드시 차임이 수반된 임대차계약을 체결할 것만을 위임하였다고 단정할 수는 없다. 라) ① 이 사건 위탁계약에 따르면 원고로서는 이 사건 부동산의 임차인이 존재하든, 그렇지 않든 D으로부터 이 사건 위탁계약에 따른 매월의 약정금을 지급받게 된다. 이러한 이 사건 위탁계약의 구조에 비추어 보면, 원고로서는 이 사건 위탁계약 체결 당시 위와 같이 D으로부터 매월의 수익금을 고정적으로 지급받기 위해서는, ‘"
deposit_dispute,76676,6,” 상호 조정 하에 합의하여 재계약 할 수 있다. 단 계약의 연장은 1년 단위로 하며 임대보증금 및 차임은 쌍방 합의에 의해 조정한다. [ 제12조 임대물의 반환 ] ○계약기간이 종료되고 별도의 재계약이 없는 경우 “
deposit_dispute,76821,6,"“위탁자가 신탁부동산에 이 신탁계약 이전에 체결한 임대차계약현황은 별첨5와 같고, 동 임대차계약 임차인의 임대차보증금 반환채권은 우선수익자의 수익권보다 우선한다”"
deposit_dispute,77619,6,"”① C과 체결한 이 사건 건물에 관한 교환계약은 피고가 H, I(C의 모친)의 거짓말에 속아 체결한 것이어서 취소되어야 하고, 이 사건 건물에 관한 피고 명의의 소유권이전등기는 위 취소에 따른 원상회복의 대상이 되므로, 피고는 이 사건 임대차보증금 반환의무가 없다. ② 위 교환계약에 따른 소유권이전등기는 잘못된 것이고, 위 교환계약 체결 과정에서 피고와 H은 ’"
deposit_dispute,79883,6,"’이라 한다)를 다시 작성하였다. 이 사건 임대차계약서의 내용은 기존 임대차계약과 완전히 동일하고, 제28조에서 특약사항만을 추가하였는데 해당 특약사항의 내용은 아래와 같다.   다. C의 채권압류 및 추심명령 원고는 2019. 5. 30. 이 사건 대여금 판결에 기해 서울동부지방법원 2019타채56682호로 C이 피고에 대하여 가지는 기존 임대차보증금반환채권에 관하여 청구금액을 1,100,021,918원으로 하여 채권압류 및 추심명령(이하 ‘"
deposit_dispute,80338,6,"‘D주유소’의 영업장에 해당하는 원주시 G 주유소용지 839㎡, H 주유소용지 800㎡ 및 위 양 토지 지상 건물에 관하여 보증금 1억 원, 임대차기간 2018. 2. 21.부터 2020. 2. 21.까지로 하는 임대차계약을 체결하고 그 무렵 F에게 보증금 1억 원을 지급하였는데, 이 사건 차용금채무의 변제조로 2019. 4. 30.경 피고와 사이에 위 임차보증금 중 5천만 원에 대한 반환채권(별지 채권 목록 기재 채권)을 피고에게 양도하는 내용의 채권양도양수계약을 체결하였다(이하 ‘"
deposit_dispute,81916,6,"‘이 사건 주택’이라 한다)을 임의경매절차에서 매수하였다. 피고는 같은 날 이 사건 주택에 관하여 주식회사 F에 채권최고액 676,000,000원의, G에게 채권최고액 60,000,000원의 각 근저당권을 설정하여 주었다. 나. 원고를 임차인, 피고를 임대인, E을 임대인 대리인으로 하여 2010. 8. 19. 원고가 이 사건 주택의 4층을 임대차보증금 35,000,000원, 월 차임 250,000원, 기간 2010. 9. 30.부터 2011. 9. 30.까지로 정하여 임차하는 내용의 임대차계약서가 작성되었고(이하 ‘"
deposit_dispute,82049,6,"’이라 한다)을 체결하고 소회 회사에 그 임대차보증금을 지급한 다음 위 J아파트 K호에 거주하여 왔는데, 위 임대차기간 만료 전인 2018. 1. 3.경 이 사건 부동산에 관하여 원고를 임차인, 피고를 임대인, F(E)을 임대인 대리인으로 하는 임대차보증금 35,000,000원, 월차임 28만 원, 기간 2017. 2. 25.부터 2019. 2. 24.까지의 임대차계약서가 작성되었다(이하 ‘"
deposit_dispute,93270,6,"’이라 한다)을 각 지원받았다. 나. 피고는 소외 회사에게 지원한 이 사건 임대차보증금 상당 금원의 반환을 담보하기 위하여 2018. 1. 23. 이 사건 점포에 관한 소외 회사 명의의 전세권(전세보증금 1억 2,000만 원)에 근저당권설정등기를 마치고, 이 사건 권리금 상당 금원의 반환을 담보하기 위하여 2018. 1. 24. 원고 소유의 별지 목록 기재 각 부동산(이하, ‘"
deposit_dispute,93811,6,"’이라 한다)에 관하여 보증금 80,000,000원, 임대차기간 2008. 9. 10.부터 2010. 9. 10.까지로 정하여 임대차계약을 체결하였다. 나. 원고는 위 임대차계약 체결 당일 보증금 80,000,000원을 소외 1에게 지급하였고, 같은 날 전입신고를 마치고 확정일자를 받았다. 다. 원고는 소외 1을 상대로 임대차보증금반환청구의 소(이 법원 2011가단12689)를 제기하여 2011. 7. 2. 승소판결이 확정되었다. 라. 피고 4는 이 사건 주택에 대하여 강제경매신청(이 법원 2009타경24996호, 이하 ‘"
deposit_dispute,98494,6,"'라 한다)를 임대차보증금 5억 원, 월차임 1,800만 원, 임대차기간 2014. 1. 22.부터 2019. 1. 21.까지 5년으로 정하여 D에게 임대하기로 하는 상가임대차계약을 체결하였다. 그러나 D는 임대차보증금 중 5,000만 원을 신한에 지급하지 아니하였고, 위 임대차계약은 2014. 9. 30. 경 신한의 임대차계약 해지 통지에 의하여 종료되었다. 나. D는 2014. 8. 30. 피고(선정당사자, 이하 '"
deposit_dispute,98494,6,"'이라 한다)는 법률상 원인 없이 위 권리금 2억 3,000만 원을 지급받고 원고에게 동액 상당의 손해를 입혔다. 이에 피고 측은 연대하여 원고에게 부당이득반환으로서 위 2억 3,000만 원과 이에 대한 지연손해금을 지급하여야 한다. 2) 이 사건 권리양도계약의 해제에 따른 원상회복 이 사건 권리양도계약 제5조에는 피고 측이 원고와 신한 사이의 임대차계약을 책임지기로 되어 있다. 그런데 피고가 이를 이행하지 아니하여 신한과 원고 사이의 임대차 계약이 체결되지 않았다. 원고는 '"
deposit_dispute,99010,6,"’이라 한다)을 매매대금 11억 원에 매수하되, 계약금 1억 1,000만 원은 계약 시에 지급하고, 임대차보증금반환채무 2억 7,500만 원은 원고들이 승계하며, 중도금 3억 5,000만 원은 2017. 7. 4., 잔금 3억 6,500만 원은 2019. 8. 8. 각 지급하기로 하고, 계약금 상당은 위 약금으로 정한 매매계약(이하 ‘"
deposit_dispute,99731,6,‘ 소외 1 주식회사 등이 원고에게 이 사건 부동산에 관한 소유권이전등기를 경료하여 주었음에도 소외 1 주식회사 등이 계속하여 공장을 운영하고 있는 것에 대한 채권자들의 의심을 회피하기 위하여 위 2001. 11. 20.자 임대차계약 및 2004. 6. 22.자 전세권설정계약을 체결하였는데 이는 통정한 허위표시에 해당하여 무효이므로 원고의 소외 1 주식회사 등에 대한 임대차보증금반환채무 및 전세금반환채무는 각 존재하지 아니함을 확인한다’
deposit_dispute,104708,6,"'이라 한다)한 사실이 인정되는바, 이로써 피고들은 D와 사이에 이 사건 임대차계약 만료시의 계약갱신청구권을 포기하였다고 할 것이므로, F 또는 원고가 이 사건 특약을 들어 피고들의 계약갱신청구를 거절한 데에는 상가임대차법 제10조 제1항 본문이 정한 '"
deposit_dispute,105230,6,"“)에 관하여 보증금은 각 20,000,000원, 월세는 각 1,800,000원(부가가치세 별도), 1,200,000원(부가가치세 별도), 기간은 각 2017. 3. 31.까지 2년간으로 정한 상가임대차계약을 체결하되, 분양계약시 임대차계약은 동일한 조건으로 승계하고, 임대차보증금 및 월세는 피고에게 입금하기로 하였다. ⑵ E는 2015. 3. 31.까지 피고 계좌에 보증금 합계 40,000,000원을 입금하고, 2015. 4. 30.부터 월세를 입금하였으며, 원고와 함께 동업 형태로 ”"
deposit_dispute,106145,6,"“위 주택임대차보호법의 규정은 임차 주택이 양도된 경우 임차인을 보호하기 위하여 임대인의 지위와 함께 임차보증금 반환채무를 법률의 규정으로 새 소유자에게 인수시키는 것으로서, 이는 병존적 채무인수에 불과하여 종전 소유자인 피고의 임차보증금 반환채무가 소멸한 것이 아니다.”"
deposit_dispute,106754,6,"‘다를 수 있다’라는 부분은 특별히 자필로 기재하고 그 옆에 서명까지 하였는데, 위 기재를 들어 반드시 차임이 수반된 임대차계약을 체결할 것만을 위임하였다고 단정할 수는 없다. 라) ① 이 사건 위탁계약에 따르면 원고로서는 이 사건 부동산의 임차인이 존재하든, 그렇지 않든 D으로부터 이 사건 위탁계약에 따른 매월의 약정금을 지급받게 된다. 이러한 이 사건 위탁계약의 구조에 비추어 보면, 원고로서는 이 사건 위탁계약 체결 당시 위와 같이 D으로부터 매월의 수익금을 고정적으로 지급받기 위해서는, ‘"
deposit_dispute,107950,6,"’이라 한다). 나아가 진흥원은 2017. 7. 10. 원고에게 이 사건 임대차계약에 따라 임대인에 대하여 가지는 임대차보증금반환채권을 양도하고, 그 무렵 피고 B, C에게 위 채권양도사실을 통지하였다. 다. 이 사건 F, E호에 대한 매매계약 체결 피고 B, C은 2018. 4. 23. 피고 A에게 이 사건 F, E호를 매매대금 8,800만 원으로 정하여 각 매도하였는데, 특약사항으로 “"
deposit_dispute,108420,6,"’라는 상호로 커피숍을 운영하였는데, 이 사건 임대차계약의 보증금과 차임은 소외 2와 피고 사이의 계약내용과 동일하였고, 임대차기간은 2014. 7. 1.부터 소외 2와 피고 사이의 계약에 정해진 임대차기간 종료일인 2016. 2. 6.까지였던 사실, ④ 이 사건 임대차계약 종료 시 이 사건 점포에 있었던 시설로서 피고가 철거한 시설은 전부 또는 대부분이 ㈜제이콥헬스케어 등 원고가 이 사건 점포를 임차하기 전의 임차인이 ‘"
deposit_dispute,116908,6,"‘이 사건 건물’이라 한다)에 관하여 임대차보증금 2,000만 원, 차임 월 160만 원으로 정하여 임대차계약을 체결하면서, 특약으로 2개월의 월세계약 만료시점에 임대기간 2년의 전세계약으로 전환하고, 임대차보증금은 3억 3,000만 원으로 변경하며, 이 부분이 실행되지 않을 경우에는 피고가 즉시 퇴거하기로 약정하였다(이하 ‘"
deposit_dispute,118260,6,"‘2010. 1. 9. 계약한 보증금 1억 8,000만 원에 월 차임 200만 원 계약조건에서 보증금 1억 5,000만 원에 월차임 220만 원으로 변경계약하는 조건임. 만기는 기존 계약대로 2012. 1. 28.로 하기로 한다’"
deposit_dispute,119567,6,"’이라고 한다)을 체결하였고, 이후 위 임대차계약을 갱신하면서 최종적으로 2019. 2. 1. 임차보증금을 155,950,000원으로 증액하였다. 다. 원고는 E 아파트의 입주예정일(2014. 12.경) 이후인 2015. 1. 2. 이 사건 아파트에 전입신고를 하고 그때부터 이 사건 아파트에서 거주하기 시작하였고, C에게 위 임대차계약에 따른 임대차보증금을 모두 지급하였다. 라. 피고는 2019. 12. 31.자로 E 아파트에 대한 의무임대기간 5년이 만료되자, 2020. 1.경 원고를 포함한 위 아파트 임차인들에게 ‘"
deposit_dispute,122896,6,‘임차인인 E이 이 사건 임대차기간 중이던 2017. 12. 8. 이 사건 아파트에서 무단 전출하여 이 사건 임대차보증금반환채권의 대항력 및 우선변제권이 상실되었으므로 이 사건 보증계약에 따른 보증책임이 면책되었다.’
deposit_dispute,123701,6,"’). 마. 이 사건 권리금계약의 후속 계약으로 2019. 1. 23. 원고 회사와 피고 회사 사이에 9층 G호에 관한 임대차계약이 체결되었다. 당시 작성된 임대차계약서에 의하면 임대차목적물은 9층 G호로서[계약서 별지에 <도면 2>의 G호 부분과 거의 일치하는 도면이 첨부되었다], 임대차보증금은 7,500만 원, 차임은 월 525만 원(부가가치세 별도), 임대차기간은 2019. 1. 24.부터 2020. 1. 23.까지로 각 정해져 있었다(이하 ‘"
deposit_dispute,125119,6,"“원고의 이 사건 점포 인도의무와 소외 조합의 임차보증금반환의무가 동시이행관계에 있다고 전제한 후, 소외 조합의 위 공탁은 동시이행항변을 포기한 채 임대차보증금을 공탁한 것으로 보이고, 원고가 2008. 9.부터 차임 또는 차임 상당의 부당이득금을 지급하지 않고 있어 이를 임대차보증금에서 공제하면 반환할 보증금이 남지 않아 동시이행을 구하는 원고의 주장이 이유 없다고 판단하여”"
deposit_dispute,126421,6,"’이 입점 되지 않으면 계약이 무효가 된다는 취지의 특약사항을 계약서에 기재해달라고 요청하였고, 특약사항의 문구와 관련하여 원고와 피고 사이에 몇 차례 협의 끝에 3개의 공급계약서에 특약사항으로 ‘"
deposit_dispute,128126,6,"“본 계약과 관련하여 소송이 발생하는 경우, 그 발생 원인이 전적으로 임대인의 귀책사유라는 것을 임차인이 입증하지 못하는 한, 소송의 종류에 상관없이 최고 2천만원의 위약금을 임차인이 임대인에게 지급해야 한다”"
deposit_dispute,128126,6,“임차인이 임차인의 귀책사유 또는 사정 때문에 임대인의 의사에 반하여 계약기간 중도에 임의로 임대차계약의 해약을 통보하고 퇴거한 후 임대차 목적물을 정상적으로 사용 또는 운영하지 않으며 임대차계약의 종료를 일방적으로 주장하면서 제반 임대료 등 납부하여야 할 금액 일부 또는 전부를 납부하지 않는 등의 경우”
deposit_dispute,129561,6,“본 임대차계약서는 건물의 소유자 및 임대주체인 임대인 A이 소유하고 있는 F산업단지의 임차인들이 기존에 A의 대표자 또는 회장 명의로 체결한 임대차계약 및 A과의 협의내용에 근거하여 본 계약서 작성일에 적용되고 있는 최종 임대차계약조건을 반영하여 작성하는 것”
deposit_dispute,134801,6,"’이라 한다)을 매매대금 11억 원에 매수하되, 계약금 1억 1,000만 원은 계약 시에 지급하고, 임대차보증금반환채무 2억 7,500만 원은 원고들이 승계하며, 중도금 3억 5,000만 원은 2017. 7. 4., 잔금 3억 6,500만 원은 2019. 8. 8. 각 지급하기로 하고, 계약금 상당은 위 약금으로 정한 매매계약(이하 ‘"
deposit_dispute,135332,6,"’라 한다)에 관하여 임대차계약을 체결한 임차인이다. 나. 원․피고는 2001. 9. 26.경 이 사건 점포에 관하여 임대인을 피고, 임차인을 원고, 전세보증금을 7,500만 원, 임대차기간을 2001. 9. 25.부터 2003. 9. 25.까지로 하는 내용의 전세계약서(이하 ‘"
deposit_dispute,137299,6,"‘C’의 인테리어 시설을 하고 치킨점을 운영하기 시작하였고, 2016. 2. 28. 임대차계약을 2019. 2. 27.까지 갱신하면서 월 차임을 230만 원으로 증액하였으나, 곧 영업을 중단하게 된 사실이 인정된다. 그리고 피고가 이어서 2016. 12. 23. 원고와 임대차계약을 체결하고 이 사건 점포의 시설을 양수하여 치킨점 영업을 시작하였고, 그 후 연체차임을 공제한 금액을 새로운 보증금으로 하여 2018. 4. 25. 이 사건 임대차계약을 체결하면서, 특약으로 “"
deposit_dispute,140996,6,"’이 사건 K‘이라 한다)에 관하여 임대차계약을 체결하고 D에게 계약금 500만 원을 지급하였는데, M으로부터 이 사건 Q빌라의 임대차보증금 반환이 지연됨에 따라 D에게 이 사건 K의 임대차보증금 잔금을 지급하지 못하여 그 계약금 500만 원을 몰취당하였다. ② I은 피고인 및 자녀들과 떨어져 거제도에서 일하며 거주하고 있었는데, 피고인은 I으로부터 ’"
deposit_dispute,142624,6,‘원고의 정비사업 시행으로 임대차의 목적을 달성할 수 없게 되어 임대인(피고)에게 임대차계약 해지 및 보증금 반환을 통보하였으나 반환받지 못하였다.’
deposit_dispute,144503,6,"’이라 한다)에 관한 임대차계약을 체결하였다. E은 사실은 원고로부터 가항 기재와 같은 월세계약을 체결할 권한만을 위임받았음에도 마치 임대차보증금을 7,000만 원으로 하는 임대차계약(이하에서는 이와 같이 월 차임 대신 고액의 보증금 약정이 있는 임대차계약, 즉 이른바 ‘"
deposit_dispute,146238,6,"‘○○가든’에 대한 임대차계약을 체결하고 위 임대보증금반환채무와 위 중도금 중 20,000,000원의 지급채무를 상계하였으며, ③ 잔금으로서 같은 해 9.12.부터 11.15.까지 합계 금 90,000,000원을 지급한 사실, 피고는 1989.8.12. 원고에게 위에서 약정한 채무명세서를 제시하였는데, 동일 현재의 채무 내역은 근저당채무가 합계 금 129,400,000원, 가압류채무가 금 5,600,000원, 임대보증금반환채무가 합계 금 24,500,000원으로 기재되어 있었던 사실을 인정한 다음, 피고의 항변 즉, “"
deposit_dispute,146302,6,'2010. 11월경 원고 회사와 수신인 회사간 연장계약을 피고 회사로 갱신하면서 전 계약서의 승계방식으로 지금까지 이르고 있다. 발신인이 대표이사로 변경된 이후 2013. 11월 수신인에게 이 사건 빌딩 9층에 관하여 이면계약까지 한 전세계약서는 무효로 한다고 통보한 사실이 있다. 그러나 지금까지 수신인은 답변이 없으므로 앞으로 발신인과 수신인 사이 일어나는 일에 대한 모든 책임은 계약 당사자들에게 있음을 통보한다'
protection_mechanism,12977,6,"’라 한다)에 관하여 근저당권설정계약을 체결하고 2009. 10. 16. 아래와 같이 각 근저당권설정등기를 마쳤다. 1) 송백 소유인 101호, 102호, 108호, 201호 및 원고 1 소유인 ○○ 아파트에 관하여 별지4 목록 1번 기재와 같이 채권최고액 2,500,000,000원인 각 근저당권설정등기를 마쳤고, 또한 위 각 부동산이 공동담보인 뜻을 함께 등기하였다(이하 위 각 근저당권설정등기에 기초한 각 근저당권을 통틀어 ‘"
protection_mechanism,18600,6,’란에는 ‘임대인과 질의 하에 작성. 임대인측 건물 총 임대차 보증금 있음을 고지함. 선순위 임차인 보증금 고지함. 이를 임차인에게 설명하고 내용에 동의하여 서명 및 날인함’
protection_mechanism,25254,6,"""① 임차인은 보증금 중 일정액을 다른 담보물권자보다 우선하여 변제받을 권리가 있다. 이 경우 임차인은 주택에 대한 경매신청의 등기 전에 제3조 제1항의 요건을 갖추어야 한다. … ③ 제1항의 규정에 의하여 우선변제를 받을 임차인 및 보증금 중 일정액의 범위와 기준은 주택의 가액(대지의 가액을 포함한다)의 2분의 1의 범위 안에서 대통령령으로 정한다."""
protection_mechanism,25697,6,'현 시설상태의 계약임. 영업위탁계약임을 확인함. 보증금 및 계약금 입금계좌 : 수협 G ㈜B. 보증금 반환에 대한 책임은 ㈜B에서 책임지기로 한다'
protection_mechanism,42470,6,"’란 기재와 같이 피고들 및 선정자들을 주택임대차보호법상의 소액임차인으로 인정하여 최선순위로 해당 금액을 배당하고, 근저당권자인 원고에게 순차 배당한 잔액 265,710,176원을 배당하는 내용의 배당표를 작성하였다. [인정근거] 다툼 없는 사실, 갑 제1호증, 갑 제2호증의 1, 2의 각 기재, 변론 전체의 취지 2. 원고의 주장 원고는, 근저당권이 설정된 이후 무단 용도 변경된 경우까지 경매 당시 현황을 기준으로 소액임차인에게 우선변제권을 인정한다면, 근저당권자에게 예측할 수 없는 손해를 입게 하는 것이므로, 이 사건과 같이 ‘"
protection_mechanism,44555,6,"’으로, 피고가 기초생활수급자 등 주거취약계층의 주거안정을 위하여 정부에서 지원하는 전세임대자금으로 임차하는 내용의 계약임)을 체결하였다. 2) 피고는 2009. 10. 21. C과 이 사건 토지 및 이 사건 건물 중 2층 45.12㎡ 전부에 관하여, 전세권설정자 C, 전세권자 피고, 전세금 40,000,000원, 전세권 존속기간 2011. 10. 27.까지로 하여 전세권설정계약(이하 ‘"
protection_mechanism,50215,6,"’이라 한다)을 체결하고, 피고에게 위 임대차보증금 85,000,000원을 지급하였다. 한편 피고는 2017. 1. 4. 원고에게 이 사건 주택에 관하여 전세금 85,000,000원, 존속기간 2016. 12. 30.부터 2018. 12. 29.까지로 한 전세권설정등기를 마쳐주었다. 2) 원고는 2018. 10. 2. 피고에게 이 사건 임대차계약 해지의 의사를 밝히면서 임대차기간 만료시 임대차보증금을 반환하여 줄 것을 요구하는 내용증명우편(이하 ‘"
protection_mechanism,63014,6,"‘기존 임차인이 보증금을 반환받고 나간다면 새로운 임차인을 단기간에 구할 수 있을 것이고, 새로운 임차인으로부터 받은 임차보증금으로 차용금을 변제받을 수 있겠다’"
protection_mechanism,73329,6,"’이라 한다)을 체결하였고, 위 보증계약에 기한 보증서를 발급받아 대출은행인 L에 제출하였다. 또한 위 피고는 2018. 10. 18. 임대인 I에 대한 3억 8,000만 원의 전세보증금 반환채권을 주택도시보증공사에 담보 목적으로 양도하였으며, 그 무렵 위 I에게 채권양도통지를 하였다. 4) 한편 L은 2018. 10. 23. 원고와 이 사건 대출계약에 관하여 보험가입금액 334,400,000원으로 정한 전월세자금대출용 권리보험계약(이하 ‘"
protection_mechanism,80338,6,"‘D주유소’의 영업장에 해당하는 원주시 G 주유소용지 839㎡, H 주유소용지 800㎡ 및 위 양 토지 지상 건물에 관하여 보증금 1억 원, 임대차기간 2018. 2. 21.부터 2020. 2. 21.까지로 하는 임대차계약을 체결하고 그 무렵 F에게 보증금 1억 원을 지급하였는데, 이 사건 차용금채무의 변제조로 2019. 4. 30.경 피고와 사이에 위 임차보증금 중 5천만 원에 대한 반환채권(별지 채권 목록 기재 채권)을 피고에게 양도하는 내용의 채권양도양수계약을 체결하였다(이하 ‘"
protection_mechanism,89975,6,"‘즉시’, 임차인이 주택임대차보호법 제3조 제1항에 따른 임차인으로 대항력을 갖는다는 취지의 대법원 2000다58026, 58033 판결의 취지에 따르면, 원고가 피고에 대하여 이 사건 임대차계약에 기초한 대항력을 갖추었다고 볼 여지도 있으나, 한편 대법원 2012다93794 판결의 취지에 따르면, 원고의 이 사건 아파트에 관한 인도 및 전입신고는, 대운산업이 이 사건 아파트의 소유권을 취득한 2014. 4. 8.에야 비로소 원고의 임차권에 관한 적법한 공시방법으로 되었고, 따라서 그 대항력은 대운산업이 소유권을 취득한 ‘"
protection_mechanism,93811,6,"’이라 한다)에 관하여 보증금 80,000,000원, 임대차기간 2008. 9. 10.부터 2010. 9. 10.까지로 정하여 임대차계약을 체결하였다. 나. 원고는 위 임대차계약 체결 당일 보증금 80,000,000원을 소외 1에게 지급하였고, 같은 날 전입신고를 마치고 확정일자를 받았다. 다. 원고는 소외 1을 상대로 임대차보증금반환청구의 소(이 법원 2011가단12689)를 제기하여 2011. 7. 2. 승소판결이 확정되었다. 라. 피고 4는 이 사건 주택에 대하여 강제경매신청(이 법원 2009타경24996호, 이하 ‘"
protection_mechanism,94818,6,"’이라 한다)을 체결하고 그 무렵 위 건물 부분을 피고에게 인도하였고, 이 사건 임대차계약은 그 후 계속하여 갱신되어 왔다. 다. 원고와 선정자는 2014. 9. 30. 소외 1로부터 이 사건 건물을 매수하고, 2014. 11. 11. 원고와 선정자의 공동 소유로 소유권이전등기를 마쳤으며, 한편 위 매매계약 당시 계약서에 첨부된 특약사항에는 이 사건 임대차계약을 포함하여 이 사건 건물의 임대차에 관하여 아래 내용이 기재되어 있다.   라. 원고는 2015. 6. 23. 피고에게 “"
protection_mechanism,106145,6,"“위 주택임대차보호법의 규정은 임차 주택이 양도된 경우 임차인을 보호하기 위하여 임대인의 지위와 함께 임차보증금 반환채무를 법률의 규정으로 새 소유자에게 인수시키는 것으로서, 이는 병존적 채무인수에 불과하여 종전 소유자인 피고의 임차보증금 반환채무가 소멸한 것이 아니다.”"
protection_mechanism,107001,6,"'이라 한다)에 관하여 보증금 210,000,000원, 임대차기간 2015. 12. 29.부터 24개월로 정한 임대차계약을 체결하고, 그 무렵 피고 A에게 보증금 210,000,000원을 지급하였다. 나. 원고는 2017. 11. 30. 피고 A과 위 임대차계약을 갱신하여 임대차기간을 2017. 12. 29.부터 24개월로 하는 한편 나머지 조건은 동일한 임대차계약을 체결하였다(이하 '"
protection_mechanism,107950,6,"’이라 한다). 나아가 진흥원은 2017. 7. 10. 원고에게 이 사건 임대차계약에 따라 임대인에 대하여 가지는 임대차보증금반환채권을 양도하고, 그 무렵 피고 B, C에게 위 채권양도사실을 통지하였다. 다. 이 사건 F, E호에 대한 매매계약 체결 피고 B, C은 2018. 4. 23. 피고 A에게 이 사건 F, E호를 매매대금 8,800만 원으로 정하여 각 매도하였는데, 특약사항으로 “"
protection_mechanism,122896,6,‘임차인인 E이 이 사건 임대차기간 중이던 2017. 12. 8. 이 사건 아파트에서 무단 전출하여 이 사건 임대차보증금반환채권의 대항력 및 우선변제권이 상실되었으므로 이 사건 보증계약에 따른 보증책임이 면책되었다.’
protection_mechanism,125595,6,‘전세권’에 해당한다고 보아야 한다. 다만 전세권설정계약의 해지로 인하여 후순위 권리자가 예상치 못한 피해를 입고 매수인은 반대로 예상치 못한 이익을 얻는 등 부당한 결과가 초래되는 특별한 사정이 있는 경우에는 그 전세권은 매수인에게 인수되고 전세권자는 배분요구를 하더라도 배분받을 수 없다(대법원 2014. 12. 24. 선고 2012다60329 판결 참조). 2. 가. 원심판결 이유와 채택 증거들에 의하면 다음과 같은 사실을 알 수 있다. (1) 피고는 영진개발 주식회사(이하 ‘
fraud_core,809,5,’의 다른 전세권자들에게 반환해야 할 전세보증금을 반환하지 못하고 있는 채무도 수 천만 원이 누적되어 있어 피해자로부터 지급받을 전세보증금으로는 위 채무변제에 우선 충당해야 할 상황이었기 때문에 피해자와의 약정한 대로 위 ‘
fraud_core,14649,5,"'란 기재 해당 각 돈과 같다. 나) 위약금 이 사건 분양계약 제4조 제2항에 따르면, 위 원고들이 주위적 피고의 귀책사유로 입주예정일로부터 3개월 이내에 입주할 수 없게 되어 이 사건 분양계약을 해제할 경우 주위적 피고는 총 공급대금의 10%에 해당하는 금액을 위약금으로 위 원고들에게 지급하기로 한 사실은 앞서 인정한 바와 같으므로, 주위적 피고는 위 원고들에게 위약금을 지급할 의무가 있으며, 그 금액은 별표 1. '"
fraud_core,14649,5,"'란 기재 해당 각 돈인 사실이 인정되는바, 위 인정사실에 의하면, 이 사건 분양계약이 해제됨에 따라 원고들의 주위적 피고에 대한 분양대금반환채권 중 금융기관이 원고들에 대하여 가지는 대출원리금 상당액에 해당하는 범위의 채권은 이 사건 분양계약 제4조 제5항에 따라 이 사건 분양계약 체결시에 위 금융기관에 양도되어 위 대출금 이자는 주위적 피고가 납부하여야 할 것임에도 위 원고들이 납부하였으므로, 주위적 피고는 부당이득반환으로서 위 원고들에게 별표 1. '"
fraud_core,20491,5,"‘임대인은 명도시에 보증금을 임차인에게 반환해야 하나 월세 및 부가세, 공동사용료 체납분을 공제하고 반환한다’"
fraud_core,24062,5,"”라고 정하고 있다. 이 조항은 임차인이 취득하는 대항력의 내용을 정한 것으로, 상가건물의 임차인이 제3자에 대한 대항력을 취득한 다음 임차건물의 양도 등으로 소유자가 변동된 경우에는 양수인 등 새로운 소유자(이하 ‘"
fraud_core,24805,5,"'라 한다)를 작성하도록 하였다(다만 이 사건 임대차계약서에는 계약서 작성일이 2017. 7. 13.로 기재되어 있다). 그러나 피고 C은 소유자인 I로부터 보증금 500만 원, 차임 월 60만 원에 임대할 것을 위임받은 상태였다. 당시 피고 C은 이 사건 임대차계약서의 중개업자란의 피고 B의 이름 옆에 피고 B의 도장을 날인하였으며, 피고 B 명의로 가입한 공제증서를 원고에게 교부하였다. 라. 원고는 2017. 9. 27. 100만 원, 2017. 10. 10. 3,900만 원을 임대차보증금 명목으로 '"
fraud_core,31071,5,"""본 계약 체결 이전 또는 이후에 이루어진 임대차계약에 기인한 임대차보증금 반환채무 기타 이와 관련하여 발생하는 모든 채무는 신탁기간 중 신탁해지 이후에도 위탁자 및 수익자가 부담하며, 수탁자를 면책시킨다."""
fraud_core,31970,5,“임대보증금 오천만 원은 임차인 D의 권리이며 향후 보증금 반환 시 D에게 반환한다”
fraud_core,33049,5,"’이라 한다)의 시가가 임대차보증금 반환을 기대하지 못할 정도로 낮은 금액이었다고 단정하기 어렵다. (가) I 빌라 ① 확인가능한 보증금 합계액은 24억 1천만 원가량(수사기록 2권 336쪽), 근저당권부 대출금채무액은 8억 2천만 원가량(채권최고액 10억 8백만 원, 근저당권자 H은행)으로 합계 32억 3천만 원가량이다. ② 피고인 B은 검찰에서 “"
fraud_core,36467,5,"“G과 공모하여 허위로 작성된 G의 소득증빙 서류, 임차인과 임대인의 계약의사나 임차인의 거주의사 없이 대출 목적으로 허위 작성된 전세계약서 등을 H은행에 제출하여 G의 전세자금 대출금 명목으로 같은 은행으로부터 2억 1,600만 원을 입금받아 편취하였다”"
fraud_core,54020,5,"”라고 정하고 있다. 이 조항은 임차인이 취득하는 대항력의 내용을 정한 것으로, 상가건물의 임차인이 제3자에 대한 대항력을 취득한 다음 임차건물의 양도 등으로 소유자가 변동된 경우에는 양수인 등 새로운 소유자(이하 ‘"
fraud_core,60279,5,"‘기타 선급금’ 항목으로 수정 처리하게 된 때문인 것으로 보일 뿐, 이를 두고 대동건설이 계약금을 대납하였다거나 원고들의 출재가 아니라고 볼 수 없다. ③ 원고들을 비롯하여 2006년 9월경 이 사건 아파트 분양계약을 체결한 대동건설 및 그 계열사 임·직원들 중 일부는 이미 좋은 동·호수가 당첨되었거나 아니면 선호하는 동·호수를 선택하여 계약체결의사를 확정하였기 때문에 중간정산 퇴직금 신청을 통하여 마련한 계약금을 소속 회사로 하여금 일괄적으로 피고 계좌로 미리 송금하게 하면서 계약체결의사를 밝혔고(일부는 앞서 본 ‘"
fraud_core,62108,5,‘2020. 7. 24.까지 전세권설정등기의무를 이행하지 않을 경우 원고가 임대차계약 해지 및 임대차보증금의 반환을 청구할 수 있다’
fraud_core,64434,5,’). 당시 작성된 임대차계약서 제5조와 특약 제2조에 의하면 위 임대차계약이 종료되는 경우 임차인은 위 점포를 원상으로 회복하여 반환하는 것으로 되어 있다(이하 ‘
fraud_core,65094,5,"""E 인테리어도면을 내려면 우선 가맹계약부터 해야 한다. 나도 주방시설물 중 일부는 미리 준비를 해두기 위해서 비용이 필요한데 혹시 음식점공사 승인이 불허되더라도 계약금은 전액 돌려주고 주문해 둔 시설물은 다른 가맹점 계약자에게 공급하면 되니 걱정하지마라. 빨리 가맹점계약을 체결하고 계약금 800만 원을 달라."""
fraud_core,65880,5,’로 허가받기 위하여는 대표자 명의의 임대차계약서가 필요하다는 사실을 알게 되자 임대차계약서를 위조하기로 마음먹었다. 1. 사문서위조 피고인은 2017. 2. 1.경 안성시 E에서 부동산임대차계약서 양식에 위 상가를 임차하는 내용의 계약서를 작성하면서 임대인 란에 ‘
fraud_core,67340,5,"’이 함께 이루어지는 경우의 중개행위도 포함된다고 봄이 상당한 점에서 보아도 더욱 그러하다). 나. 공제계약이 무효라는 주장에 관한 판단 피고는, 소외 1은 2001. 12. 20.경부터 고의로 임차인들로부터 보증금 명목으로 지급받은 금원을 편취하였음에도 피고에게 이를 알리지 아니하여 피고가 소외 1과 사이에 계속하여 이 사건 공제계약을 체결하였던 것인바, 이 사건 공제계약은 “"
fraud_core,78078,5,"‘피고 조합’이라고 한다)이 그 조합원인 주택건설사업자가 건설·분양하는 주택에 대하여 분양보증을 하였으나 후에 주택분양계약이 합의해제되어 주택건설사업자가 수분양자에게 이미 지급된 계약금 및 중도금을 반환하기로 약정한 경우, 합의해제가 사실상 주택건설사업자의 채무불이행을 원인으로 하는 것이고, 반환의 범위 역시 당초에 피고 조합이 보증한 범위 내의 것이라면 피고 조합은 합의해제 약정상의 반환채무에 관하여도 보증책임이 있다고 봄이 상당하다.”"
fraud_core,79054,5,"’이라 한다)과 사이에 제1순위 우선수익자를 I조합으로 하는 부동산담보신탁계약을 체결하고, 같은 달 8. H 명의로 위 신탁계약을 원인으로 한 소유권이전등기를 마쳐주었다. 신탁원부상 위 신탁계약의 주요 내용은 다음과 같다.   다. 원고는 2019. 6. 20. 피고 회사의 대표자이자 소속 공인중개사인 피고 C의 중개로 D과 사이에 이 사건 부동산에 관하여 임대차보증금 1억 7,000만 원, 임대차기간 2019. 7. 20.부터 2021. 7. 19.까지 24개월로 정한 임대차계약(이하 ‘"
fraud_core,79054,5,"’는 내용이 포함된 임대차계약서를 작성하였다. 바. 원고는 2019. 7. 26. D에게 잔금 5,300만 원을 송금함으로써 임대차보증금전액을 지급하였으나, 당시 D은 원고와의 임대차계약에 대하여 H으로부터 사전 또는 사후 승낙을 받지 못했고, 원고로부터 받은 임대차보증금을 H 등에 지급하거나 대출금채무의 변제에 사용하지 않았으며, 특약사항으로 약정한 2019. 7. 30.이 경과하였음에도 H 명의의 소유권이전등기를 말소시키지 못하였다. 사. 이에 원고는 2019. 9. 20. D 측으로부터 ‘"
fraud_core,81923,5,”이 대지급한 비용 4. 계약해지 또는 계약해제에 따른 계약해지 등의 보수 및 이와 관련된 손해액 ③ “
fraud_core,85304,5,"‘AO’에서, I 소유인 서울 영등포구 G오피스텔 H호에 대하여 전세 계약 체결을 원하는 F에게 마치 위 H호 소유자인 I과 그로부터 전세 계약 체결 권한을 위임받은 부동산 중개인인 것처럼 행세하면서, 보증금 란에 1억 5,000만 원, 월세 10만 원이라고 기재하고, 임대차 기간 2019. 12. 22. ~ 2020. 12. 21.로 기재된 전세임대차 계약서의 임대인 란에 기명된 ‘"
fraud_core,85304,5,"’ 커피숍에서, R 소유인 위 S건물 T호에 대하여 전세 계약 체결을 원하는 Q에게 마치 위 T호 소유자인 R과 그로부터 전세 계약 체결 권한을 위임받은 부동산 중개인인 것처럼 행세하면서, 보증금 1억 9,000만 원, 임대차 기간 2020. 1. 5. ~ 2021. 1. 4.로 기재된 전세임대차계약서의 임대인 란에 기명된 ‘"
fraud_core,85304,5,"’ 대하여 전세 계약 체결을 원하는 AE에게 마치 위 AG호 소유자인 AF로부터 전세 계약 체결권한을 위임받은 부동산 중개인과 AF인 것처럼 행세하면서, 보증금 1억 원에 월세 45만 원, 임대차 기간 2020. 1. 30. ~ 2022. 1. 29.로 기재된 부동산임대차계약서의 임대인 란에 기명된 ‘"
fraud_core,85721,5,"’로 이체하였던 점, 위 임차보증금 계약금의 입금으로 피고 계좌 ①의 잔고가 일시적으로 (+) 상태가 되었으나 그 후 계속된 인출로 (-) 상태가 된 상태에서 2012. 4. 16.자 150만 원과 2012. 4. 23.자 150만 원이 이체되었던 점, 피고 계좌 ①은 임차보증금의 잔금 2억 5,000만 원이 입금된 2012. 5. 22. 당시도 위 계약금 입금 당시와 마찬가지의 상황으로서 잔고가 (-)29,998,703원이었다가 위 임차보증금 잔금이 입금되어 잔고가 220,001,297원이 된 상태에서 '"
fraud_core,95811,5,"’은 앞서 Ⅱ. 1. 나. 9)항에서 본 바와 같이 재계약 임차인들이 당시 시세에 따라 분양대금을 초과하여 웃돈(프리미엄)을 지급하면서까지 재임대차계약을 체결하는 과정에서 발생한 부분으로, 재계약 임차인들이 ‘"
fraud_core,102285,5,‘전세보증금을 계약기간 종료 후 문제없이 반환해 주겠다. 계약기간 내에 대출 및 설정이 있을 시에는 언제든지 계약을 파기할 수 있고 그 경우 즉시 전세금을 돌려주겠다.’
fraud_core,102964,5,"‘전세계약이 아닌 임대차계약을 체결할 권한을 위임받았음에도 불구하고 그 임무에 위반하여 전세보증금 1억 2,000만 원의 전세계약을 체결하여 동액 상당의 재산상 이익을 취득하고, 피고 B으로 하여금 동액 상당의 전세금 반환채무를 부담하게 하여 재산상 손해를 가하였다’"
fraud_core,103991,5,"‘장훈건설’이라 한다)과 이 사건 아파트에 관하여 별지 2 중 원고들 해당 부분 기재와 같이 분양계약을 체결하고(별지 2 기재 계약체결일은 분양계약서에 기재된 일자로 실제 계약체결일과 상이하나, 원고 17(대법원판결의 원고 13), 24를 제외하고는 2004. 5. 10. 이전에 분양계약을 체결하였음에 관하여 다툼이 없다. 이하 ‘"
fraud_core,103991,5,"’이라 한다), 계약금을 지급하였다. 나-1. 장훈건설은 2004. 5. 10. 피고와 사이에, 보증금액 59,300,000,000원, 착공일 2004. 5. 20., 사용검사(예정)일 2006. 5. 31., 보증기간 입주자모집공고승인일부터 사용검사일까지로 정하여, 장훈건설이 파산 등의 사유로 이 사건 아파트에 관한 수양자들과 체결한 분양계약을 이행하지 못할 경우 피고가 보증채권자인 수분양자들에게 이미 납부한 계약금 및 중도금을 환급하여 주거나 당해 아파트의 분양채무를 이행하여 주는 것을 내용으로 하는 주택분양보증계약(이하 ‘"
fraud_core,110865,5,"’)을 받아 그 대출금으로 피엠코리아에 임차보증금을 납부하였다. ○국민은행은 이 사건 대출채무에 관하여, △ 피엠코리아와 원고가 연대보증하고, △ 이 사건 건물의 준공 후 임차인들이 피엠코리아에 납부한 임차보증금에 관하여 질권을 설정하고 이 사건 대출채무의 30% 이상 근저당권을 설정한 후 원고의 연대보증을 해지하기로 하였다. ○이에 따라 원고가 국민은행과 사이에 ‘"
fraud_core,114251,5,"'라고 한다)에 관하여 거래가액 합계가 26억 원인 2015. 10. 1. 매매계약을 원인으로 한 소유권이전등기를 마친 다음 위 공유 부동산에 설정된 근저당권자 N조합, 채권최고액 52억 원인 근저당권설정등기의 말소등기를 마쳤다. 나. 원고는 2015. 11. 11. 피고로부터 이자 연 4.5%, 대출기간 3년으로 정하여 42억 원을 차용하면서 이에 대한 담보로 같은 날 피고에게 이 사건 토지에 관하여 채권최고액 54억 6,000만 원, 채무자 원고, 근저당권자 피고로 한 근저당권(이하 '"
fraud_core,114479,5,"""본 계약 체결 이전 또는 이후에 이루어진 임대차계약에 기인한 임대차보증금 반환채무 기타 이와 관련하여 발생하는 모든 채무는 신탁기간 중 신탁해지 이후에도 위탁자 및 수익자가 부담하며, 수탁자를 면책시킨다."""
fraud_core,121106,5,"‘2018. 4. 23. 23억 원을 대출하며 거래 물건으로 계약 보증한다. 대출기간은 3개월로 정하며 취급수수료 및 상기 이자를 선납한다. 대출금 상환은 준공 후 사용승인 등록시 계약 해지와 동시에 대출금을 반환하며, 단 대출 기간 내 분양 승계를 통하여 일부 반환을 할 수 있다.’"
fraud_core,121518,5,‘임차인에게 계약갱신요구권이 있음에도 불구하고 임대인이 상가임대차법 제10조 제1항 각 호의 사유를 들어 갱신요구를 거절할 수 있는 경우’
fraud_core,122352,5,"'란 기재 해당 각 돈과 같다. 나) 위약금 이 사건 분양계약 제4조 제2항에 따르면, 위 원고들이 주위적 피고의 귀책사유로 입주예정일로부터 3개월 이내에 입주할 수 없게 되어 이 사건 분양계약을 해제할 경우 주위적 피고는 총 공급대금의 10%에 해당하는 금액을 위약금으로 위 원고들에게 지급하기로 한 사실은 앞서 인정한 바와 같으므로, 주위적 피고는 위 원고들에게 위약금을 지급할 의무가 있으며, 그 금액은 별표 1. '"
fraud_core,122352,5,"'란 기재 해당 각 돈인 사실이 인정되는바, 위 인정사실에 의하면, 이 사건 분양계약이 해제됨에 따라 원고들의 주위적 피고에 대한 분양대금반환채권 중 금융기관이 원고들에 대하여 가지는 대출원리금 상당액에 해당하는 범위의 채권은 이 사건 분양계약 제4조 제5항에 따라 이 사건 분양계약 체결시에 위 금융기관에 양도되어 위 대출금 이자는 주위적 피고가 납부하여야 할 것임에도 위 원고들이 납부하였으므로, 주위적 피고는 부당이득반환으로서 위 원고들에게 별표 1. '"
fraud_core,124165,5,"‘이라 한다)에 관하여 2018. 10. 27. 체결된 임대차계약에 관한 임차인 명의변경계약을 취소한다. 피고는 D, E에게 위 임차인 명의변경계약이 취소되었다는 취지의 통지를 하라. 나. 예비적으로, 피고와 제1심 공동피고 B(이하 ’"
fraud_core,128495,5,"‘○○’라는 회사 명의로 임대계약서를 작성한 다음 이를 이용해서 임차인들로부터 보증금과 월세 명목으로 돈을 수령하기로 마음먹었다. 피고인은 2014. 10. 6.경 아산시 (주소 1 생략) ○○오피스텔 2층에 있는 분양사무실에서, 행사할 목적으로 권한 없이 임차인 공소외 2와 위 오피스텔 △△△△호에 대한 전세계약을 하면서 사무실 컴퓨터에 저장되어 있는 ‘"
fraud_core,139027,5,"‘피고 B’이라고 한다)으로부터 임대차보증금 1억 8,000만 원, 임대차기간 2015. 4. 30.부터 2017. 4. 30.까지로 정하여 이 사건 부동산을 임차하였고, 피고 B에게 그 임대차보증금을 지급하였다. 나. 원고는 2015. 4. 30. 이 사건 부동산을 인도받아 그 주소지에 전입신고를 마치고 임대차계약서에 확정일자를 받았고, 2017. 5. 1. 임대차계약이 묵시적으로 갱신되었다. 다. 2017. 9. 5. 이 사건 부동산에 관하여 수원지방법원 성남지원 D로 강제경매절차(이하 ‘"
fraud_core,139335,5,"‘채무자회생법’이라고 한다) 제422조 제1호에 반하여 효력이 없다. 그러나 주택임대차보호법상 대항요건 및 확정일자를 갖춘 임차인들은 채무자회생법 제415조 제1항에 의하여 인정된 우선변제권의 한도 내에서는 파산절차에 의하지 아니하고 임차보증금반환채권의 만족을 받을 수 있다. 또한 이러한 임차인들은 파산절차에서 별제권자에 준하는 지위에 있으므로, 파산관재인인 피고가 채무자회생법 제492조 제14호에 따라 ‘"
fraud_core,140031,5,"‘A의원’이라는 상호로 병원을 운영하였던 사람이다. 피고인은 2019. 12. 초순경 병원 운영 과정에서 발생한 10억 원 상당의 채무를 부담하고 있는 상태에서, 위 임대차보증금반환채권을 담보로 추가 대출을 받기 위해 알아보던 중 위 임대차보증금 1억 원으로는 추가 대출을 받을 수 없게 되자 위 임대차계약서의 임대차보증금 액수를 위조한 후 대출을 받기로 마음먹었다. 1. 사문서위조 피고인은 2019. 12. 11. 13:00경 위 ‘"
fraud_core,140031,5,"’ 내 진료실에서, 피해자 주식회사 K에 위 임대차보증금반환채권을 담보로 대출을 신청하면서 그 위조 사실을 모르는 성명불상의 피해자 회사 직원에게 제1항 기재와 같이 위조한 부동산임대차계약서를 마치 진정하게 성립한 문서인 것처럼 팩스로 전송하는 방법으로 이를 행사하고 마치 3억 원의 임대차보증금반환채권이 있는 것처럼 피해자 회사를 기망하여, 이에 속은 피해자 회사로부터 같은 날 대출금 명목으로 6,000만 원을 피고인 명의의 L은행 계좌(계좌번호 2 생략)로 송금받았다. 『2020고단2920: 근로기준법위반』"
fraud_core,140031,5,"‘A의원’이라는 상호로 병원을 운영하였던 사람이다. 피고인은 2019. 12. 초순경 병원 운영 과정에서 발생한 10억 원 상당의 채무를 부담하고 있는 상태에서, 위 임대차보증금반환채권을 담보로 추가 대출을 받기 위해 알아보던 중 위 임대차보증금 1억 원으로는 추가 대출을 받을 수 없게 되자 위 임대차계약서의 임대차보증금 액수를 위조한 후 대출을 받기로 마음먹고, 2019. 12. 11. 13:00경 위 ‘"
fraud_core,140031,5,"’ 내 진료실에서, 피해자 주식회사 N에 위 임대차보증금반환채권을 담보로 대출을 신청하면서 그 위조 사실을 모르는 성명 불상의 피해자 회사 직원에게 위와 같이 위조한 부동산임대차계약서를 마치 진정하게 성립한 문서인 것처럼 팩스로 전송하는 방법으로 이를 행사하고 마치 3억 원의 임대차보증금반환채권이 있는 것처럼 피해자 회사를 기망하여, 이에 속은 피해자 회사로부터 같은 날 대출금 명목으로 6,000만 원을 피고인 명의의 L은행 계좌로 송금받았다. 『2020고단3169: 횡령』"
fraud_core,140996,5,’피해자로부터 임대차보증금 반환이 지연되어 새로 체결한 임대차계약의 계약금 500만 원을 몰취당하였으니 위 계약금 및 이사비용 등의 손해를 배상하라‘
fraud_core,143665,5,"’의 미분양분에 대하여 임차인을 모집하고 있었는데, F, G 등은 이를 이용하여 금융기관으로부터 전세자금 대출금을 편취하기로 공모하였다. 즉, F 등은 대출을 원하는 사람들로 하여금 C과 임대차계약을 체결하게 하고, 임대차보증금 중 계약금 500만 원만이 지급되었을 뿐임에도 마치 잔금이 모두 지급된 것처럼 임대차계약서 등을 위조한 다음, 이를 원고에게 제출하면서 전세자금 대출을 신청하였다. 나. 피고 역시 대출을 받기 위해 F 등을 통하여 2019. 12. 20.경 C으로부터 위 아파트 H호(이하 ‘"
fraud_core,146960,5,"”고 고집하여서 어쩔 수 없이 피고인 주수도 개인 명의로 공소외 28과 주식양수도계약을 체결한 것이라고 주장하나, 위 주식양수도 계약 당시 공소외 28이 그러한 이면계약을 요구하였다고 볼만한 객관적인 자료가 없는 반면, 피고인 주수도를 대신하여 공소외 28과 협상을 진행하고 주식양수도 계약을 체결한 공소외 26, 25 및 공소외 29(주식양수도계약의 보증인)은 검찰에서 일치하여 “"
fraud_core,147830,5,"“공소외 1이 이 사건 건물의 임대차계약서를 제출할 것을 요청하여, 피고인 1로부터 임대차계약서 양식파일은 메일로, 기타 임대현황, 임차인들의 인적사항, 피고인 1 명의 도장 등 임대차계약서 위조에 필요한 자료는 퀵서비스로 전달받은 다음, 2015. 8. 19.경 후배 공소외 12 등을 통해 임대차계약서를 위조하여 공소외 1에게 제출하였다.”"
deposit_dispute,159,5,"’라고 한다).  바. 이 사건 건물에는 2010. 12. 27. 전세권자 피고, 전세금 5억 원, 존속기간 2010. 12. 28.부터 2015. 12. 17.까지인 전세권설정등기가 마쳐졌다가 2014. 1. 7. 해지로 그 등기가 말소되었고, 연이어 전세권자 피고, 전세금 2억 3,500만 원, 존속기간 2014. 1. 7.부터 2019. 1. 6.까지인 전세권설정등기가 마쳐졌다(이하 ‘"
deposit_dispute,2329,5,"‘이 사건 대출’이라 한다)하였다. 그 이후 원고와 C은 이 사건 대출계약에 따른 변제기를 1년씩 연장하면서 그 대출금액을 줄였는데, 최종적으로는 2017. 4. 21. 대출금액 82,000,000원, 변제기 2018. 4. 20.로 정하여 이 사건 대출에 관한 기한연장계약을 체결하였다. 다. 한편, C은 2012. 4. 25. 원고에게 이 사건 대출금 채무의 담보로 이 사건 임대차계약에 기한 임대차보증금 반환채권에 대하여 질권(이하 ‘"
deposit_dispute,3410,5,"’이라 한다)에 기한 임대차보증금 반환청구권을 보유하고 있었고, 이를 담보하기 위해 위 건물에 관하여 근저당권자 채무자회사, 채무자 D, 채권최고액 108,000,000원의 근저당권을 설정하였다(이하 위 근저당권을 ‘"
deposit_dispute,6705,5,“임차인인 원고의 동의 없이 상호전환된 임대보증금 및 임대료로 체결된 이 사건 임대차계약은 임대보증금이 표준임대차보증금을 초과하는 범위 내에서 무효”
deposit_dispute,7078,5,"‘이 사건 건물’이라고 한다)을 보증금 200,000,000원, 월세 8,000,000원에 임대하는 계약을 체결하였으나, C는 위 보증금과 월세를 지급하지 아니하였다. 나. 피고는 2020. 2. 5. C와 사이에 이 사건 건물을 보증금 150,000,000원, 월세 8,000,000원, 임대차기간 2020. 2. 5.부터 2025. 2. 4.까지로 정하여 임대하는 계약을 재차 체결하였다(이하 ‘"
deposit_dispute,9477,5,"’로 하는 임대차 계약을 체결함에 있어 피해자가 이 사건 오피스텔에 설정된 선순위 근저당권 9,072만 원이 존재하여 임대차 보증금을 반환받지 못할 것을 염려하여 계약을 주저하자, 피해자에게 """
deposit_dispute,10965,5,"’는 의사를 표시함으로써 주택임대차보호법 제6조의3 제1항이 정한 계약갱신 요구를 하였고, 원고가 위 계약갱신 요구를 거절할 수 있는 정당한 사유도 존재하지 않으므로, 이 사건 임대차계약은 2023. 3. 15.까지로 다시 연장되었다고 주장한다. 그러나 위 내용증명서에는 “"
deposit_dispute,11381,5,"‘임대차보증금을 반환받지 못하여 경매신청을 진행할 것이다. 이에 원고는 2018. 7. 4. 목적물을 인도할 것이고, 현재 전세권설정등기 말소등기에 필요한 서류를 대전 서구 G, H호 변호사 I 법률사무소에 보관해두었다. 경매가 진행되더라도 임대차보증금 및 지연이자, 금융비용, 법적비용이 준비되어 연락을 주면 피고와 만나서 제 비용 정산 및 전세권설정등기 말소등기를 진행하겠다’"
deposit_dispute,13568,5,‘임차인이 계약갱신요구권이 있음에도 불구하고 임대인이 상가임대차법 제10조 제1항 각 호의 사유를 들어 갱신요구를 거절할 수 있는 경우’
deposit_dispute,14614,5,"『피고에 대하여도 유효하고, I이 피고를 대리하여 원고로부터 임대차보증금 9,000만 원을 수령한 이상 피고가 이 사건 영업위탁계약에 따라 소외 회사로부터 지급받은 보증금 1,000만 원의 한도 내로 피고의 원고에 대한 임대차보증금 반환의무가 제한되는 것은 아니다.』"
deposit_dispute,16754,5,“임차인인 원고의 동의 없이 상호전환된 임대보증금 및 임대료로 체결된 이 사건 임대차계약은 임대보증금이 표준임대차보증금을 초과하는 범위 내에서 무효”
deposit_dispute,20029,5,"‘이 사건 건물’이라 한다)에 관하여 임대차보증금 1억 9,000만 원, 임대기간 2017. 6. 9.부터 2019. 6. 9.까지로 하는 임대차계약을 체결하였다. 나. B는 2017. 6. 9. D 외 3인으로부터 위 임대차보증금 반환의무를 승계하는 조건으로 이 사건 건물의 소유권을 이전받았다. 이에 원고는 2017. 6. 24. B와 위와 같은 내용으로 다시 임대차계약(이하 ‘"
deposit_dispute,20491,5,"‘임대인은 명도시에 보증금을 임차인에게 반환해야 하나 월세 및 부가세, 공동사용료 체납분을 공제하고 반환한다’"
deposit_dispute,22507,5,"’이라 한다)를 임대한 다음 매년 갱신하다가, 2018. 12. 15.경 임대차보증금 1,280만 원, 차임 월 80만 원, 임대차기간 2018. 12. 15.부터 12개월로 정하여 갱신하면서, 피고는 원고의 승인하에 개축 또는 변조할 수 있으나 부동산의 반환기일 전에 피고의 부담으로 원상회복하기로 하고, 권리금은 일체 인정하지 않으며, 임대료 2개월 연체시 원고 임의로 처분하기로 피고와 합의하였다(이하 ‘"
deposit_dispute,24783,5,"’로 추가로 임차하기로 하면서 보증금 지급을 위하여 필요한 자금을 원고로부터 대여하기로 하였다. C은 2018. 7. 20. 원고에게 피고에 대한 보증금 반환채권에 질권을 설정해 줌과 아울러 피고에게 보증금반환채권을 양도하였다. 원고는 같은 날 피고로부터 질권설정승낙서를 받았고, 아울러 C은 피고에게 채권양도통지를 하였다. 질권설정승낙서 및 채권양도통지서상 양도 내지 질권이 설정되는 대상채권을 다음과 같이 표시하였다.   라. 피고와 C은 2018. 7. 24. C이 피고 소유의 수원시 팔달구 F 소재 건물인 또 다른 숙박시설인 ‘"
deposit_dispute,24783,5,"’을 추가로 임차하기로 하면서 G 모텔에 관한 별도의 임대차계약을 체결하지 않고 제1차 임대차계약의 내용을 보증금 3억 원(추가된 2억 원은 아래 약정서에 따라 G 모텔에 대한 보증금으로 합의하였다), 월차임 1,300만 원(매월 2일 지급), 임대차기간 2018. 7. 24.부터 2020. 7. 30.까지로 변경하는 내용의 임대차계약(이하 ‘"
deposit_dispute,26243,5,"‘이 사건 채권’이라 한다)의 귀속 문제에 관하여, 임차인조합이 대금지급의무를 1회라도 이행하지 아니할 경우 원고는 이 사건 회사들로부터 이 사건 채권을 양수하고, 임차인조합과 이 사건 회사들은 이에 동의하며, 임차인조합은 이 사건 채권을 담보하기 위하여 ○○상가에 관하여 근저당권자를 원고, 채권최고액을 500억 원으로 한 근저당권설정등기를 마쳐주기로 약정하였다(이하 ‘"
deposit_dispute,28967,5,"’이라 한다)을 임대차보증금 100,000,000원, 월 차임 4,500,000원(2010. 12. 1.부터는 월 5,000,000원, 각 부가세는 별도), 임대차기간 2008. 2. 1.부터 36개월으로 정하여 임차하는 계약을 체결하고, 그 무렵 피고에게 임대차보증금을 지급하였다. 나. 이즈웨딩은 2010. 12. 30. 원고에게 위 임대차보증금반환채권(이하 ‘"
deposit_dispute,29445,5,“계약이 종료된 경우 임차인의 명도지연 또는 인도거부로 인해 임대인 또는 제3자에게 발생한 손해에 대한 배상 외에 이 사건 위약금 조항에 기재된 명도지연금을 추가 납부하여야 한다.”
deposit_dispute,31071,5,"""본 계약 체결 이전 또는 이후에 이루어진 임대차계약에 기인한 임대차보증금 반환채무 기타 이와 관련하여 발생하는 모든 채무는 신탁기간 중 신탁해지 이후에도 위탁자 및 수익자가 부담하며, 수탁자를 면책시킨다."""
deposit_dispute,31338,5,"”라고 정하고 있다. 이 조항은 임차인이 취득하는 대항력의 내용을 정한 것으로, 상가건물의 임차인이 제3자에 대한 대항력을 취득한 다음 임차건물의 양도 등으로 소유자가 변동된 경우에는 양수인 등 새로운 소유자(이하 ‘"
deposit_dispute,31970,5,“임대보증금 오천만 원은 임차인 D의 권리이며 향후 보증금 반환 시 D에게 반환한다”
deposit_dispute,32258,5,"’으로 원고들이 해지를 원하는 경우에는 피고가 원고들에게 투자 원금을 반환하도록 정하고 있는 사실은 앞서 본 바와 같다. 이에 더하여 앞서 든 각 증거에 변론 전체의 취지를 종합하여 인정되는 다음과 같은 사정들, 즉 ① 이 사건 투자약정서 제6조에서 투자자의 부득이한 사정으로 해지할 시 투자 원금을 반환하기로 하는 규정을 단서 규정으로 두고 있으면서도, 원고들이 언제든지 이 사건 투자약정을 해지할 수 있다고 규정한 것이 아니라 ‘"
deposit_dispute,33049,5,"’이라 한다)의 시가가 임대차보증금 반환을 기대하지 못할 정도로 낮은 금액이었다고 단정하기 어렵다. (가) I 빌라 ① 확인가능한 보증금 합계액은 24억 1천만 원가량(수사기록 2권 336쪽), 근저당권부 대출금채무액은 8억 2천만 원가량(채권최고액 10억 8백만 원, 근저당권자 H은행)으로 합계 32억 3천만 원가량이다. ② 피고인 B은 검찰에서 “"
deposit_dispute,36467,5,"“G과 공모하여 허위로 작성된 G의 소득증빙 서류, 임차인과 임대인의 계약의사나 임차인의 거주의사 없이 대출 목적으로 허위 작성된 전세계약서 등을 H은행에 제출하여 G의 전세자금 대출금 명목으로 같은 은행으로부터 2억 1,600만 원을 입금받아 편취하였다”"
deposit_dispute,36655,5,"'라고 한다)를 보증금 5,000만원, 차임 월 420만원(부가가치세 제외, 매월 말일 지급), 기간 2013. 2. 28.부터 2014. 2. 27.까지로 정하되, ① 구조변경 및 기타 건물에 대해 변동이 있을시 원상복구하기로 하고, ② 피고가 이 사건 임대차계약을 종료하려고 하는 경우 임대계약만료일 60일 전에 원고에게 통보하고 만일 피고가 위 통보를 하지 않는 경우 이 사건 임대차계약이 12개월간 자동으로 연장되는 것으로 정하여 임대하는 임대차계약(이하 '"
deposit_dispute,37395,5,"’이라 한다)하고, 2008. 4. 8.경 피고 회사에게 이 사건 점포를 인도하였으며, 피고 회사는 그 무렵 원고에게 임대차보증금을 지급하였다. 나. 그 후 원고는 이 사건 종전 임대차계약 기간 만료일에 즈음한 2010. 3. 30. 피고 회사와 이 사건 종전 임대차계약의 동일성을 유지하되, 임대차기간을 2010. 4. 8.부터 2013. 4. 7.까지(36개월), 차임을 월 3,190,000원으로 변경하는 내용의 임대차계약변경(연장)계약(이하 ‘"
deposit_dispute,38259,5,"’로 추가로 임차하기로 하면서 보증금 지급을 위하여 필요한 자금을 원고로부터 대여하기로 하였다. C은 2018. 7. 20. 원고에게 피고에 대한 보증금 반환채권에 질권을 설정해 줌과 아울러 피고에게 보증금반환채권을 양도하였다. 원고는 같은 날 피고로부터 질권설정승낙서를 받았고, 아울러 C은 피고에게 채권양도통지를 하였다. 질권설정승낙서 및 채권양도통지서상 양도 내지 질권이 설정되는 대상채권을 다음과 같이 표시하였다.   라. 피고와 C은 2018. 7. 24. C이 피고 소유의 수원시 팔달구 F 소재 건물인 또 다른 숙박시설인 ‘"
deposit_dispute,38259,5,"’을 추가로 임차하기로 하면서 G 모텔에 관한 별도의 임대차계약을 체결하지 않고 제1차 임대차계약의 내용을 보증금 3억 원(추가된 2억 원은 아래 약정서에 따라 G 모텔에 대한 보증금으로 합의하였다), 월차임 1,300만 원(매월 2일 지급), 임대차기간 2018. 7. 24.부터 2020. 7. 30.까지로 변경하는 내용의 임대차계약(이하 ‘"
deposit_dispute,39636,5,‘이 사건 계약에 따른 위 보증금을 2020. 4. 30.까지 반환하고 그 반환을 지체하는 경우 연 12%의 비율로 계산한 지연이자까지 가산하여 반환하겠다’
deposit_dispute,43280,5,'와 사이에 이 사건 임대차보증금 반환채권에 관한 이 사건 질권설정계약을 체결하였으니 임대차계약 만료 시에 이 사건 임대차보증금 2억 원을 ‘
deposit_dispute,44318,5,"“임차인들이 임대차계약서에 기재된 임대기간이 지난 후 다음 임차인의 임대차계약 체결 시까지 건물에서 퇴거한 증거가 없으므로, 피고가 계속하여 종전 임차인으로부터 차임을 받은 것으로 볼 수 있다.”"
deposit_dispute,46010,5,"’이라고 한다)에 관하여 매매대금을 708,000,000원으로 하되, 이 사건 각 부동산에 관하여 설정된 근저당권의 피담보채무 568,000,000원, 별지 목록 제3항 기재 건물 중 1층 상가에 관한 임대차보증금 80,000,000원의 반환 채무, 2층 상가에 관한 임대차보증금 15,000,000원의 반환 채무 및 군산시 E, 1층 상가(이하 ‘"
deposit_dispute,47033,5,"’이라 한다)하였고, 그 무렵 피고에게 위 보증금을 지급하고 이 사건 건물을 인도받았다. 나. 원고는 2019. 1. 15. 피고 측에 아래 다.항에서 보는 이 사건 매매계약의 체결 예정사실을 알리면서 이 사건 임대차계약이 종료되는 2019. 4. 24. 위 임대차보증금의 반환이 가능한지 문의하였다. 다. 원고는 2019. 1. 24. E 명의로 F으로부터 부산 수영구 G아파트 H호를 225,000,000원에 매수(이하 ‘"
deposit_dispute,50886,5,"‘I은행’이라 한다)을 근저당권자로 하는 채 권최고액을 65,000,000원의 근저당권 및 2건의 압류(권리자 국)가 마쳐져 있었던 사실, 이 사건 임대차계약 체결일인 2019. 4.경 이 사건 아파트와와 같은 단지, 같은 평수의 아파트가 매매대금 640,000,000원에 매매가 이루어진 사실을 인정할 수 있고, 이 사건 매매계약의 특약사항에서 “"
deposit_dispute,50924,5,"「이 사건 부동산에 대하여 임대관련 업무, 임대 보증기간 동안의 임대료 지급, 임대보증금 수금 및 관리, 임차인 물색 및 선정, 임대홍보, 임대차계약 관리(계약서 작성) 등 임대차계약 사실을 확인하며 임대 관련사항 일체와 세대점검 및 방문과 관련된 권한을 C에 위임한다」"
deposit_dispute,52529,5,‘이사를 가는데 지금 살고 있는 집 임대인이 임대차보증금을 반환해주지 않아 돈이 부족하다. 500만 원을 빌려주면 2020. 1. 10.까지 위 보증금을 반환받아서 갚겠다.’
deposit_dispute,54020,5,"”라고 정하고 있다. 이 조항은 임차인이 취득하는 대항력의 내용을 정한 것으로, 상가건물의 임차인이 제3자에 대한 대항력을 취득한 다음 임차건물의 양도 등으로 소유자가 변동된 경우에는 양수인 등 새로운 소유자(이하 ‘"
deposit_dispute,54022,5,"‘이 사건 임대차계약을 갱신할 의사가 없고 자신이 직접 이 사건 건물에서 약국을 운영하고자 하니 이 사건 임대차계약 기간이 만료되면 이 사건 건물을 명도하여 주고, 이 사건 임대차계약의 특약사항으로 권리금 주장을 할 수 없다고 약정하였으므로 권리금에 관한 주장은 이유 없다’"
deposit_dispute,56890,5,"’ 부분을 임대차보증금 5,000만 원, 임대차기간 2011. 6. 10.부터 2013. 6. 10.까지로 정하여 임차하는 내용의 임대차계약을 체결하고, 임대차보증금을 모두 지급하였으며, 임대차기간이 종료된 후 다시 2년을 갱신하는 계약을 체결하였다. 2) 원고 2는 2011. 3. 28. ‘"
deposit_dispute,56890,5,"’ 부분을 임대차보증금 5,000만 원, 임대차기간 2012. 3. 21.부터 2014. 3. 21.까지로 정하여 임차하는 내용의 임대차계약을 체결하고, 임대차보증금을 모두 지급하였으며, 임대차기간이 종료된 후 다시 2년을 갱신하는 계약을 체결하였다. 6) 원고 6은 2011. 8. 4. ‘"
deposit_dispute,56890,5,"’ 부분을 임대차보증금 4,500만 원, 임대차기간 2011. 8. 10.부터 2013. 8. 10.까지로 정하여 임차하는 내용의 임대차계약을 체결하고, 임대차보증금을 모두 지급하였으며, 임대차기간이 종료된 후 다시 2년을 갱신하는 계약을 체결하였다. 7) 원고 7은 2009. 5. 14. ‘"
deposit_dispute,58243,5,"’라 한다)를 임대기간 입주개시일로부터 5년, 임대차보증금 59,700,000원, 월 임대료 200,000원으로 정하여 임차하기로 하는 임대차계약을 체결하였고, 이후 3차례에 걸쳐 보증금을 증액함에 따라 위 임대차계약상 보증금이 최종적으로 98,971,200원으로 변경되었다(이하 ‘"
deposit_dispute,60175,5,"‘I은행’이라 한다)을 근저당권자로 하는 채 권최고액을 65,000,000원의 근저당권 및 2건의 압류(권리자 국)가 마쳐져 있었던 사실, 이 사건 임대차계약 체결일인 2019. 4.경 이 사건 아파트와와 같은 단지, 같은 평수의 아파트가 매매대금 640,000,000원에 매매가 이루어진 사실을 인정할 수 있고, 이 사건 매매계약의 특약사항에서 “"
deposit_dispute,61764,5,"’이라고 한다)에 관하여 태양광 발전 시설 관련 임대차 계약 컨설팅을 제공한다는 내용의 계약을 체결하였다. (2) 이 사건 종중은 2017. 1. 26.경 F와 사이에 이 사건 종중이 F에 이 사건 부동산 중 33,000㎡를 임대차보증금 10,000,000원, 연차임 32,500,000원에 임대하기로 하는 임대차 계약을 체결하고, F로부터 임대차보증금 10,000,000원을 받았다. (3) F, H(F의 대표이사이다), 주식회사 I(이하 F, H, I을 통틀어 ‘"
deposit_dispute,61960,5,"’이라 한다)을 체결하고, 이후 위 보증금을 수령하고 C에게 위 건물을 인도하였다. 나. C은 2019. 8.부터 피고에게 차임을 지급하지 않았고, 피고는 2019. 10. 31. C에게 차임 연체를 이유로 이 사건 임대차계약을 해지한다는 취지의 내용증명 우편을 발송하여 그 무렵 위 우편이 C에게 송달되었다. 다. 원고는 2020. 4. 24. C의 피고에 대한 4,000만 원의 임대차보증금반환채권 중 12,067,100원에 대하여 압류․추심명령(인천지방법원 부천지원 2020타채34765, 이하 ‘"
deposit_dispute,62108,5,‘2020. 7. 24.까지 전세권설정등기의무를 이행하지 않을 경우 원고가 임대차계약 해지 및 임대차보증금의 반환을 청구할 수 있다’
deposit_dispute,65244,5,"‘이 사건 건물’이라 한다)에 관하여 매매대금을 2억 5,000만 원으로 하되, 계약금은 원고가 7000만 원 상당의 전세자금 대출을 받아 지급하고, 잔금은 이 사건 건물에 대한 주택담보대출을 받아 지급하기로 하며, 다만 이 사건 건물에 대한 주택담보대출을 받지 못할 경우에는 이 사건 계약을 해제된 것으로 보아 피고는 원고에게 지급받은 계약금 전액을 반환하기로 하는 매매계약(이하 ‘"
deposit_dispute,70051,5,"”는 취지로 제안하고 피해자에게 AA의 운영 현황자료 등을 교부하였다. 그러나 사실 AA은 2016년 말에 이미 577,489,607원의 당기순손실로 자본금 1억 원을 잠식한 상태였고, 2016. 5.경 면세점 매장의 입점 업체들이 퇴점하면서 보증금의 반환을 청구하자 새롭게 매장에 입점할 업체로부터 보증금을 받아 보증금의 반환을 청구하는 업체에게 지급하여 이른바 ‘"
deposit_dispute,70051,5,"‘2017년도에는 사후면세점의 신규 입점자들로부터 받은 가맹보증금을 그 면세점의 인테리어공사비와 광고비, 차임, 관리비 등의 운영비 외에 선행 사후면세점의 가맹보증금 반환금으로 사용하였고, 사드 사태로 인해 신규 입점자를 모집하지 않을 경우 퇴점자들에 대한 가맹보증금을 반환할 기본 재정이 없었다.’"
deposit_dispute,70498,5,‘계약 위반시 매도인은 계약금 배액 배상하고 매수인은 계약금 포기하고 계약을 해지한다’
deposit_dispute,70636,5,"’이라 한다)을 빌려주었다. 3) 피고 회사는 2001. 11. 12. 원고와 사이에 이 사건 대여금 채권에 대한 담보로 피고 회사 소유의 대구 서구 (주소 생략) 토지 및 지상 건물에 관하여 채무자 피고 회사, 채권최고액 600,000,000원으로 된 근저당권설정계약을 체결하고, 2001. 11. 12. 그 계약에 따라 원고에게 근저당권설정등기를 마쳐 주었다(이하 이 근저당권을 ‘"
deposit_dispute,71126,5,"“소외 1(대판:소외인)은 소외 3과 사이에 임대차보증금 2억 2,000만 원, 월세 2,200만 원으로 임대차계약을 체결하였고, 2011. 1. 15.자로 계약기간이 만료됨에 따라 소외 3이 소외 1(대판:소외인)에게 임대차보증금 및 월세를 2억 5,000만 원, 2,500만 원으로 각 인상하여 재계약을 요구한 사실을 감안하더라도, 피고의 주장은 신빙성이 전혀 없다(기록 제117면 참조)”"
deposit_dispute,71139,5,"‘이라 한다) 중 3층 I호를 임대차보증금 40,000,000원, 임대차기간 2017. 10. 22.부터 2019. 10. 21.까지로 정하여 임차하기로 하는 임대차계약을 체결하였고, 원고 B는 2017. 12. 30. D의 중개 하에 F과 사이에 이 사건 건물 중 4층 J호를 임대차보증금 40,000,000원, 임대차기간 2018. 1. 31.부터 2020. 1. 12.까지로 정하여 임차하기로 하는 임대차계약(이하 위 두 건의 계약을 ’"
deposit_dispute,75397,5,"’ 프랜차이즈를 운영하는 주식회사 K의 영업방침과 유사한 내용일 뿐이었다. 그런데 신규임차인이 이를 수락하지 않고 임대차계약을 파기한 것이고, 피고가 신규임차인과 임대차계약을 체결하지 못한 것에 정당한 사유가 있으므로, 원고의 손해배상 청구는 이유 없다. 또한 이 사건 점포의 권리금이 30,000,000원 이상이라고 볼 수도 없다. 2) 원고는 전임차인이 운영하던 ‘"
deposit_dispute,75426,5,‘계약종료일’이라고 한다). 4) 피고는 2018. 2. 28. 원고에게 이 사건 임대차계약의 2017년 11월 차임 명목으로 70만 원을 지급하였다(을4). 5) 원고는 2018. 3. 21. 피고에게 이 사건 임대차계약의 임대차보증금 중 500만 원을 반환하였다(을10). 나. 이 사건 각 토지 지상 건물 현황 등 1) 원고는 피고에게 이 사건 각 토지를 임대하기 전 주식회사 D(이하 ‘
deposit_dispute,76211,5,"‘이 사건 부동산에 대하여 임대 관련 업무, 임대 보증기간의 임대료 지급, 임대보증금 수금 및 관리, 임차인 물색 및 선정, 임대 홍보, 임대차계약 관리(계약서작성) 등 임대차계약 사실을 확인하며 임대 관련 사항 일체와 세대점검 및 방문과 관련된 권한을 C에 위임한다.’"
deposit_dispute,76933,5,"‘이 사건 점포’라 한다)를 피고로부터 보증금 1억 1,000만 원, 시설비 9,000만 원 등 합계 2억 원에 인수하는 내용의 계약을 체결하였고, 위 인수계약에 따라 2016. 10. 24. C와 사이에 이 사건 점포에 관하여 보증금 1억 1,000만 원에 차임 230만 원, 기간 2016. 11. 1.부터 2018. 10. 30.까지로 정하여 임대차계약을 체결하였다. 나. 원고가 이 사건 점포에서 ‘"
deposit_dispute,79054,5,"’이라 한다)과 사이에 제1순위 우선수익자를 I조합으로 하는 부동산담보신탁계약을 체결하고, 같은 달 8. H 명의로 위 신탁계약을 원인으로 한 소유권이전등기를 마쳐주었다. 신탁원부상 위 신탁계약의 주요 내용은 다음과 같다.   다. 원고는 2019. 6. 20. 피고 회사의 대표자이자 소속 공인중개사인 피고 C의 중개로 D과 사이에 이 사건 부동산에 관하여 임대차보증금 1억 7,000만 원, 임대차기간 2019. 7. 20.부터 2021. 7. 19.까지 24개월로 정한 임대차계약(이하 ‘"
deposit_dispute,79054,5,"’는 내용이 포함된 임대차계약서를 작성하였다. 바. 원고는 2019. 7. 26. D에게 잔금 5,300만 원을 송금함으로써 임대차보증금전액을 지급하였으나, 당시 D은 원고와의 임대차계약에 대하여 H으로부터 사전 또는 사후 승낙을 받지 못했고, 원고로부터 받은 임대차보증금을 H 등에 지급하거나 대출금채무의 변제에 사용하지 않았으며, 특약사항으로 약정한 2019. 7. 30.이 경과하였음에도 H 명의의 소유권이전등기를 말소시키지 못하였다. 사. 이에 원고는 2019. 9. 20. D 측으로부터 ‘"
deposit_dispute,80493,5,"’을 운영하였다. 마. G는 2019. 9. 3. 피고와 임대차계약을 다시 체결하기 위해 이 사건 임대차계약 이후의 본 계약을 성공적으로 체결하고자 하는 양해각서를 체결하였다. 바. 원고는 2020. 12. 22. 이 사건 소장부본 송달로 계약의 갱신을 거절한다는 통지를 하였다. [인정근거] 다툼 없는 사실, 갑 제1호증의3, 갑 2, 3호증의 각 기재, 변론 전체의 취지 2. 청구원인에 관한 판단 위 인정 사실에 의하면, 피고가 ‘"
deposit_dispute,80647,5,"‘G를 운영하는 F만이 보증금반환의무를 부담하고, 임대인인 피고는 보증금반환의무를 부담하지 않는다’"
deposit_dispute,81923,5,”이 대지급한 비용 4. 계약해지 또는 계약해제에 따른 계약해지 등의 보수 및 이와 관련된 손해액 ③ “
deposit_dispute,84557,5,"’할 것을 임대조건으로 제시하였는데, 이러한 요구가 신규 임차인과의 임대차계약 체결 자체를 거절하려는 부당한 요구에 해당한다고 보기 어렵다. 바) D은 원고와 추가적인 교섭을 통해 보증금과 차임을 조정하고, 소음 관련 문제에 대한 방안을 찾아보려는 노력도 하지 않은 채 계약을 포기하였다. D이 이 사건 노래방에 대한 임대차계약을 포기한 결정적 이유는 원고가 부당한 임대조건을 제시했기 때문이라기보다 이 사건 노래방에서 불법영업을 하는 것이 사실상 불가능할 것으로 판단했기 때문으로 보인다(갑 제4호증, “"
deposit_dispute,84713,5,"’이라 한다)받았다. 마. 피고는 같은 날 이 사건 대출금으로, 이 사건 상가에 설정되어 있던 I단체 명의의 근저당권 피담보채무 합계 803,767,406원(=원금 800,000,000원 + 이자 896,174원 + 중도상환수수료 2,871,232원)을 변제하고 위 근저당권을 말소하였고, 이 사건 상가에 설정되어 있던 J 명의의 근저당권 피담보채무 400,000,000원을 변제하고 위 근저당권을 말소하였다(이하 위 각 근저당권을 통틀어 ‘"
deposit_dispute,85774,5,"’이라 한다)을 체결하고, 소외 3으로부터 위 설정계약을 원인으로 하여 서울중앙지방법원 관악등기소 2004. 8. 17. 접수 제38530호로 전세권설정등기를 경료받았다. 2) 소외 2는 2004. 8. 17. 소외 4에 대한 채권을 담보하기 위해 이 사건 전세권에 관하여 채권최고액을 600,000,000원으로 정한 근저당권설정계약(이하 ‘"
deposit_dispute,89780,5,"'이라 한다)하였는바, 당시 작성된 2차 계약(갑 제3호증)상에는 보증금액수만 기재되었을 뿐 다른 사항에 대한 기재는 없었다. (3) 그 후 소외인이 2차 계약의 기간이 만료되자 1993. 7. 30. 피고와의 사이에 보증금 2,700만 원, 기간은 그 날부터 24개월로 하는 임대차계약(이하 '"
deposit_dispute,89952,5,"‘이 사건 호실’이라고 한다)에 관하여 보증금 44,000,000원, 임대차기간 2013. 8. 14.부터 24개월로 한 임대차계약을 체결하였다. 2) C은 2013. 8. 14. 장안구 H동 주민센터에 이 사건 호실을 주소지로 전입신고(갑 제7호증)하였고, 위 임대차계약서(갑 제8호증)에 확정일자를 받았다(이후 위 임대차계약은 묵시적 갱신이 계속된 것으로 보인다). 나. I 주식회사의 B에 대한 대여 등 1) I 주식회사(이하 ‘"
deposit_dispute,90071,5,"'이라 한다)하였다. 이 사건 1차 임대차계약서상에는 기재되어 있지는 않으나 원고와 피고는 이 사건 점포에 관한 월 수도사용료를 30,000원으로 정하였다. 다. 원고와 피고는 2006. 12. 20. 임대차계약서를 새로 작성하였고, 위 임대차계약서상 임대차보증금은 25,000,000원, 월 임료는 없는 것으로 각 기재되었다(위 임대차계약을 이하 '"
deposit_dispute,93937,5,"’이라 한다)에 관하여 업종을 노래방으로 정하여 보증금 7,500만 원(차임 없음), 임대차기간 2001. 2. 24.까지로 정한 임대차계약을 체결하고, 그 무렵 C에 임대차보증금을 지급하고 C로부터 이 사건 노래방을 인도받아 1999. 5. 10.경 사업자등록을 마치고 영업을 개시하였으며, 2003. 9. 1. 보증금을 1억 900만 원(차임 없음, 관리비 별도), 임대차기간을 2005. 8. 31.까지 24개월간으로 변경하는 임대차계약(이하 ‘"
deposit_dispute,94328,5,"’이라 한다)이 점포 용도로 위반사용하고 있는 상태를 인지하고 이 사건 위반건축물로 인한 벌금 및 과태료 발생 시 임차인이 책임지기로 약정하였다. 나. 원고는 D으로부터 위 임차권을 양수하여 2018. 11. 15. 피고와 위 임대차계약을 기초로 임차인 명의변경을 이유로 한 임대차계약을 새로 체결하면서 임대차보증금은 40,000,000원, 월차임은 2,400,000원(다만, 2019. 9. 30.부터 월 2,520,000원으로 인상), 기간은 2018. 9. 30.부터 2020. 9. 29.까지로 약정하였다(이하 ‘"
deposit_dispute,94785,5,"'이라 한다)을 체결하였고, 그 무렵 피고 B에게 이 사건 임대차계약에서 정한 임대차보증금 1,000만 원 및 첫 2개월간의 월 차임으로 115만 원을 지급하였다. 4) 이 사건 임대차계약 및 그 특약사항의 주요 내용은 아래와 같다.  5) 한편 피고 C는, 원고와 피고 B 사이에 이 사건 임대차계약을 중개한 후 중개대상물 확인ㆍ설명서를 작성하였는데, 피고 C는 위 중개대상물 확인ㆍ설명서의 '"
deposit_dispute,99180,5,"“2015. 9. 2. 대출 당시 이 사건 부동산의 시세는 60억 원 정도이고 선순위 근저당권부채무가 2,677,649,822원, 1순위 임대차보증금반환채무가 23억 7,000만 원이었기 때문에, 만일 임대차계약서가 위조되어 임대차보증금이 은폐되는 일이 없이 사실대로 대출 신청이 되었다면, 42억 원은 대출되지 않을 가능성이 90% 이상이었다.”"
deposit_dispute,102059,5,"’상가임대차법‘이라 한다) 제10조 제3항에 따라 이 사건 상가임대차계약이 갱신되었으며, 설령 원고의 주장대로 이 사건 상가임대차계약이 기간 만료로 종료되었다고 하더라도, 임대차보증금의 반환과 동시에 이 사건 부동산의 명도가 이루어져야 한다고 항변한다. 살피건대, 갑 제2호증의 기재에 의하면, 원고가 2019. 10. 29. 피고에게 ’"
deposit_dispute,102964,5,"‘전세계약이 아닌 임대차계약을 체결할 권한을 위임받았음에도 불구하고 그 임무에 위반하여 전세보증금 1억 2,000만 원의 전세계약을 체결하여 동액 상당의 재산상 이익을 취득하고, 피고 B으로 하여금 동액 상당의 전세금 반환채무를 부담하게 하여 재산상 손해를 가하였다’"
deposit_dispute,103859,5,‘임대차계약이 종료된 경우 임대인은 보증금을 임차인에게 반환한다’
deposit_dispute,103859,5,"‘소외 회사만이 보증금반환의무를 부담하고, 임대인인 피고는 보증금반환의무를 부담하지 않는다’"
deposit_dispute,104312,5,'라 한다)에 관하여 다음과 같이 각 임대차계약을 체결한 뒤 두 차례에 걸쳐 이를 갱신하고(이하 최초로 체결한 각 임대차계약과 갱신된 각 임대차계약을 통틀어 '
deposit_dispute,104779,5,’란에는 ‘임대차보증금의 중도금은 기존 임차인 H(피고의 아버지) 계좌로 입금한다. 임차인과 임대인의 합의하에 잔금은 H에게 양해를 구하고 임차인이 잔금을 납부할 때까지 월 20만 원을 H 계좌에 입금하기로 한다’
deposit_dispute,105110,5,"‘(주)G’이라 한다) 사이에 체결한 임대차계약을 승계하기로 하면서, 2015. 10. 10. 이 사건 부동산에 관하여 원고 및 (주)G과 사이에 그들을 공동임차인으로 하여 임대차보증금 11,345,000원, 월차임 1,702,000원(부가세제외), 계약기간 2014. 12. 10.부터 2016. 12. 9.까지로 하는 임대차계약을 체결하였다(이하 ‘"
deposit_dispute,106660,5,"""위 소외 1과 피고는 위 임대차계약 해지시에 위 소외 1이 위 대출금을 상환기한 내에 변제하고 위 근저당권을 말소하여 주기로 하되, 이를 이행하지 아니할 경우 피고가 위 소외 1에게 반환할 임대차보증금을 담보로 하여 위 대출금채무를 인수하기로 약정하였다."""
deposit_dispute,106754,5,"‘이 사건 부동산에 대하여 임대 관련 업무, 임대 보증기간의 임대료 지급, 임대보증금 수금 및 관리, 임차인 물색 및 선정, 임대 홍보, 임대차계약 관리(계약서작성) 등 임대차계약 사실을 확인하며 임대 관련 사항 일체와 세대점검 및 방문과 관련된 권한을 C에 위임한다.’"
deposit_dispute,108029,5,"‘E마트 내 수산코너를 추가로 전대할 테니 전대차보증금 3,000만 원을 내게 주고 입점하라. 향후 2년간 수산코너를 사용하도록 해 주고, 계약이 해지되더라도 전대차보증금을 즉시 반환해 줄 테니 걱정할 필요 없다.’"
deposit_dispute,108245,5,"’)이 아닌 주식회사 E가 원고의 대리인임을 표시하여 피고와 임대차계약을 체결하였다고 봄이 상당하다. 나. 이 사건 임대차계약의 효력 위 인정사실에 따르면, 원고는 이 사건 영업위탁계약을 통하여 주식회사 E에 이 사건 건물의 임대 관련 일체의 업무에 대한 권한을 위임하였고, 특히 주식회사 E가 원고를 대리하여 체결하는 임대차계약 상 보증금 및 월차임이 주식회사 E가 원고에게 지급하는 금액과 ‘"
deposit_dispute,112169,5,"‘G를 운영하는 F만이 보증금반환의무를 부담하고, 임대인인 피고는 보증금반환의무를 부담하지 않는다’"
deposit_dispute,113407,5,"'이라 한다)하였고, 그 무렵 C에게 보증금 3,000만 원을 지급하였다. 나. 원고와 사귀는 사이였던 피고는 2019. 4. 1. 이 사건 오피스텔로 전입신고를 하였고, 원고와 피고는 그 무렵부터 이 사건 오피스텔에서 함께 거주하게 되었다. 다. 원고와 C은 2019. 5. 10.경 이 사건 임대차계약의 보증금을 1,000만 원으로, 차임을 월 100만 원으로 각 변경하였고, C은 원고에게 보증금 차액 2,000만 원을 반환하였다. 라. 그 후 원고와 피고 사이에 불화가 생겼고, 피고는 2019. 10. 31. 원고와 통화하면서 """
deposit_dispute,114479,5,"""본 계약 체결 이전 또는 이후에 이루어진 임대차계약에 기인한 임대차보증금 반환채무 기타 이와 관련하여 발생하는 모든 채무는 신탁기간 중 신탁해지 이후에도 위탁자 및 수익자가 부담하며, 수탁자를 면책시킨다."""
deposit_dispute,115492,5,"‘이 사건 건물’이라 한다)을 965,000,000원(계약금 100,000,000원, 중도금 200,000,000원, 잔금 665,000,000원)에 매수하되 원고가 이 사건 건물의 임차인들에 대한 임대차보증금반환채무 80,000,000원을 인수하고 위 80,000,000원을 잔금 665,000,000원에서 공제하기로 하는 내용의 매매계약(이하 ‘"
deposit_dispute,116992,5,"‘O’ 노래방 영업을 하고 있다. 아. 원고 G의 임대차계약 체결 원고 G는 2018. 2. 3.경 피고와 사이에 I빌딩 1층 W호 231㎡(약70평)에 관하여 보증금 50,000,000원, 차임 4,700,000원(매월 1일 기준 선지급, 부가가치세 별도), 계약기간 2018. 2. 19.부터 2020. 2. 18.까지로 정하여 상가임대차 계약을 체결한 후 피고에게 보증금을 지급하고 위 점포를 인도받아 ‘"
deposit_dispute,121518,5,‘임차인에게 계약갱신요구권이 있음에도 불구하고 임대인이 상가임대차법 제10조 제1항 각 호의 사유를 들어 갱신요구를 거절할 수 있는 경우’
deposit_dispute,122652,5,"「이 사건 포괄임대차계약은 2018. 11. 14. 종료되는데, E는 2018년 1, 2분기 임대료 1,050,000,000원을 연체하고 있고, 임대차보증금을 초과하는 전대차보증금을 수령하였는데도 원고의 자료제출 요구를 거부하였으며, 주택임대관리업 등록 및 보증상품 가입의무를 이행하지 않고 있으므로, 이 사건 포괄임대차계약을 갱신할 의사가 없다」"
deposit_dispute,122652,5,"「E는 2018년 1분기에서 3분기 임대료 1,575,000,000원을 연체하고 있고, 민원 및 불만사항에 대한 책임을 회피하면서 전차인들에게 전차보증금을 상환할 책임이 없다고 주장하고 있으므로, 원고는 다시 한 번 이 사건 포괄임대차계약을 갱신할 의사가 없음을 명백히 하고, 이 내용증명을 받고도 2개월 내에 미납 차임을 변제하지 않으면 E의 채무불이행을 이유로 이 사건 포괄임대차계약을 해지하겠다」"
deposit_dispute,124628,5,"’란에 피고 B이 서명․날인하였다. 원고는 E에게 위 임대차계약의 임대차보증금 5,500만 원을 지급하고 이 사건 부동산에 거주하여 왔고, 이후 한 차례 이 사건 임대차계약은 묵시적으로 갱신되었다. 다. 원고가 이 사건 임대차계약 당시 교부받은 중개대상물 확인․설명서 ‘"
deposit_dispute,124956,5,"’을 알았을 뿐이다. 소외 1은 이 사건 건물을 양도할 계획이었기 때문에, 이 사건 임대차계약의 임차권 양도에 동의하지 않거나 이 사건 임대차계약과 같은 조건으로는 임대차계약을 체결할 의사가 없었다. 다) 소외 1이 임차권 양도 사실을 알고도 원고에게 일정 기간 약국 영업을 허락한 사실은 앞서 본 바와 같다. 그러나 ① 소외 1이 원고와 새로이 임대차계약을 체결하지는 않았던 점, ② 이 사건 확약서에서도 원고 명의 임대차계약서에 관하여 ‘"
deposit_dispute,125203,5,"「이 사건 매매계약서는 2013. 9. 27.경 작성되었으나, 대출금 이자 대납일(을가 제4호증 특약사항 5항 참조)과 매매계약서에 따른 계약금 지급일을 맞추기 위해 매매계약 체결일을 2013. 7. 5.로 소급하여 작성하였다」"
deposit_dispute,125300,5,"‘이 사건 점포’라 한다)를 임차하였고, 위 임대차계약은 이후 갱신되어 왔는데, 이 사건 이전에 최종 갱신된 임대차계약상의 임대차보증금은 40,000,000원, 월 차임은 850,000원, 기간 만료일은 2018. 8. 1.이었다(이하 ‘"
deposit_dispute,125600,5,"’이라 한다)을 체결하고, D에게 임대차보증금을 전부 지급하였다. 나. 피고는 그 무렵 원고와 사이에 D이 원고에게 반환해야 할 임대차보증금 3억 원 중 1억 5,000만 원의 반환채무를 보증하는 내용의 보증계약(이하 ‘"
deposit_dispute,126421,5,"’이 입점 되지 않았다면 해제조건이 성취가 된 것으로 봄이 상당하므로, 결국 이 사건 분양계약은 무효가 되었다. 따라서 피고는 원고에게 특별한 사정이 없는 한 원고로부터 지급받은 분양대금 및 이에 대한 지연손해금을 지급할 의무가 있다(원고는 주위적 청구원인으로 계약 무효를, 예비적 청구원인으로 계약해제를 원인으로 각 분양대금의 반환을 구하고 있으나, 위와 같이 주위적 청구원인으로 계약 무효가 인정된 이상, 예비적 청구원인은 따로 판단하지 않기로 한다). 가. 원고는 분양을 대행하던 E으로부터 이 사건 점포에 ‘"
deposit_dispute,127291,5,"'이 사건 다가구주택은 현 시세가 1,300,000,000원이고 선순위 임차인들의 임대차보증금은 전세권이 설정되어 있는 140,000,000원을 포함하여 다 합쳐도 500,000,000원이 안 되므로 근저당권과 선순위 임대차보증금 다 빼도 140,000,000원은 충분히 나오니 걱정말라.'"
deposit_dispute,135887,5,"“설정자는 채권자의 동의 없이 임대인과 임대차계약의 연장, 갱신이 불가하며 임대차계약의 연장, 갱신의 경우에는 반드시 채권자의 사전동의를 얻어야 효력이 발생합니다.”"
deposit_dispute,137698,5,"’이라 한다)을 체결하였고, 공인중개사인 피고 B은 이 사건 임대차계약을 중개하였다. 나. 피고 B은 이 사건 임대차계약의 체결 당시 D에게 이 사건 건물에 관한 총 임대차보증금액을 문의하였으나, D은 피고 B에게 이에 관한 정보 제공을 거부하였다. 피고 B은 이 사건 임대차계약의 계약서에 첨부된 중개대상물 확인․설명서의 “"
deposit_dispute,139027,5,"‘피고 B’이라고 한다)으로부터 임대차보증금 1억 8,000만 원, 임대차기간 2015. 4. 30.부터 2017. 4. 30.까지로 정하여 이 사건 부동산을 임차하였고, 피고 B에게 그 임대차보증금을 지급하였다. 나. 원고는 2015. 4. 30. 이 사건 부동산을 인도받아 그 주소지에 전입신고를 마치고 임대차계약서에 확정일자를 받았고, 2017. 5. 1. 임대차계약이 묵시적으로 갱신되었다. 다. 2017. 9. 5. 이 사건 부동산에 관하여 수원지방법원 성남지원 D로 강제경매절차(이하 ‘"
deposit_dispute,139335,5,"‘채무자회생법’이라고 한다) 제422조 제1호에 반하여 효력이 없다. 그러나 주택임대차보호법상 대항요건 및 확정일자를 갖춘 임차인들은 채무자회생법 제415조 제1항에 의하여 인정된 우선변제권의 한도 내에서는 파산절차에 의하지 아니하고 임차보증금반환채권의 만족을 받을 수 있다. 또한 이러한 임차인들은 파산절차에서 별제권자에 준하는 지위에 있으므로, 파산관재인인 피고가 채무자회생법 제492조 제14호에 따라 ‘"
deposit_dispute,140031,5,"‘A의원’이라는 상호로 병원을 운영하였던 사람이다. 피고인은 2019. 12. 초순경 병원 운영 과정에서 발생한 10억 원 상당의 채무를 부담하고 있는 상태에서, 위 임대차보증금반환채권을 담보로 추가 대출을 받기 위해 알아보던 중 위 임대차보증금 1억 원으로는 추가 대출을 받을 수 없게 되자 위 임대차계약서의 임대차보증금 액수를 위조한 후 대출을 받기로 마음먹었다. 1. 사문서위조 피고인은 2019. 12. 11. 13:00경 위 ‘"
deposit_dispute,140031,5,"’ 내 진료실에서, 피해자 주식회사 K에 위 임대차보증금반환채권을 담보로 대출을 신청하면서 그 위조 사실을 모르는 성명불상의 피해자 회사 직원에게 제1항 기재와 같이 위조한 부동산임대차계약서를 마치 진정하게 성립한 문서인 것처럼 팩스로 전송하는 방법으로 이를 행사하고 마치 3억 원의 임대차보증금반환채권이 있는 것처럼 피해자 회사를 기망하여, 이에 속은 피해자 회사로부터 같은 날 대출금 명목으로 6,000만 원을 피고인 명의의 L은행 계좌(계좌번호 2 생략)로 송금받았다. 『2020고단2920: 근로기준법위반』"
deposit_dispute,140031,5,"‘A의원’이라는 상호로 병원을 운영하였던 사람이다. 피고인은 2019. 12. 초순경 병원 운영 과정에서 발생한 10억 원 상당의 채무를 부담하고 있는 상태에서, 위 임대차보증금반환채권을 담보로 추가 대출을 받기 위해 알아보던 중 위 임대차보증금 1억 원으로는 추가 대출을 받을 수 없게 되자 위 임대차계약서의 임대차보증금 액수를 위조한 후 대출을 받기로 마음먹고, 2019. 12. 11. 13:00경 위 ‘"
deposit_dispute,140031,5,"’ 내 진료실에서, 피해자 주식회사 N에 위 임대차보증금반환채권을 담보로 대출을 신청하면서 그 위조 사실을 모르는 성명 불상의 피해자 회사 직원에게 위와 같이 위조한 부동산임대차계약서를 마치 진정하게 성립한 문서인 것처럼 팩스로 전송하는 방법으로 이를 행사하고 마치 3억 원의 임대차보증금반환채권이 있는 것처럼 피해자 회사를 기망하여, 이에 속은 피해자 회사로부터 같은 날 대출금 명목으로 6,000만 원을 피고인 명의의 L은행 계좌로 송금받았다. 『2020고단3169: 횡령』"
deposit_dispute,140996,5,’피해자로부터 임대차보증금 반환이 지연되어 새로 체결한 임대차계약의 계약금 500만 원을 몰취당하였으니 위 계약금 및 이사비용 등의 손해를 배상하라‘
deposit_dispute,143495,5,"’이라 한다)에 관하여 업종을 노래방으로 정하여 보증금 7,500만 원(차임 없음), 임대차기간 2001. 2. 24.까지로 정한 임대차계약을 체결하고, 그 무렵 C에 임대차보증금을 지급하고 C로부터 이 사건 노래방을 인도받아 1999. 5. 10.경 사업자등록을 마치고 영업을 개시하였으며, 2003. 9. 1. 보증금을 1억 900만 원(차임 없음, 관리비 별도), 임대차기간을 2005. 8. 31.까지 24개월간으로 변경하는 임대차계약(이하 ‘"
deposit_dispute,143665,5,"’의 미분양분에 대하여 임차인을 모집하고 있었는데, F, G 등은 이를 이용하여 금융기관으로부터 전세자금 대출금을 편취하기로 공모하였다. 즉, F 등은 대출을 원하는 사람들로 하여금 C과 임대차계약을 체결하게 하고, 임대차보증금 중 계약금 500만 원만이 지급되었을 뿐임에도 마치 잔금이 모두 지급된 것처럼 임대차계약서 등을 위조한 다음, 이를 원고에게 제출하면서 전세자금 대출을 신청하였다. 나. 피고 역시 대출을 받기 위해 F 등을 통하여 2019. 12. 20.경 C으로부터 위 아파트 H호(이하 ‘"
deposit_dispute,143835,5,“아직 임대차계약이 종료가 되지 않았고 법적 자동갱신 계약 기일이 1년도 넘게 남았는데 당사자 합의 없이 일방적으로 임대보증금 반환을 하시고 명도를 요구하시는 것은 법과 경우에 맞지가 않습니다.”
deposit_dispute,145657,5,"’이라 한다). 나. 원고는 피고 B과 사이에 이 사건 1부동산에 관하여 1998. 1. 15. 이후로 임대차계약[임대차보증금 2천만 원, 월 차임 1백만 원(부가가치세 별도)]을 체결하였고, 이후 위 임대차계약은 묵시로 갱신되었다(이하 원고와 피고 B 사이에 체결된 이 사건 1부동산에 관한 임대차계약을 ‘"
deposit_dispute,145657,5,"’이라 한다). 다. 원고는 피고 C와 사이에 이 사건 3부동산에 관하여 2000. 2. 12. 이후로 임대차계약[임대차보증금 1천 5백만 원, 월 차임 50만 원(부가가치세 별도)]을 체결해 오다가, 2016. 1. 15. 임대차보증금 1천 5백만 원, 월 차임 126만 원(부가가치세 별도), 임대차기간 2016. 1. 15.부터 2017. 1. 14.까지, 약정 연체차임 이자율 연 10%로 정하여 임대하는 임대차계약을 체결하였고(갑 제2호증의2가 작성되었는바 임대인에는 원고가 기재되어 있고 ‘"
deposit_dispute,146505,5,"’이라 한다)를 철거하지 않은 채 이 사건 점포를 피고에게 인도하였다. 이에 피고는 원고가 이 사건 임대차계약의 종료에 따라 원상회복의무를 부담함에도 원상회복을 하지 않았다는 이유로 원고에게 이 사건 임대차보증금 전액을 반환하지 않고 있다가, 2016. 8. 22.경 스스로 공사업체를 통해 이 사건 인테리어시설 등을 철거하여 17,000,000원(이하 ‘"
deposit_dispute,147285,5,"“피고가 이 사건 점포 누수에 대한 수선의무를 이행하지 않았으므로, 이 사건 임대차계약을 해지하고, 임대차보증금 100,000,000원, 계약금 10,000,000원, 이사비 등 10,000,000원 합계 120,000,000원을 청구한다”"
deposit_dispute,147311,5,"‘임대인 피고들, 임차인 원고, 임대차보증금 4,000만 원(계약금 300만 원은 계약시 지불, 잔금 3,700만 원은 2017. 4. 29. 지불), 임대기간 2017. 4. 30.부터 2019. 4. 29.까지’"
deposit_dispute,147311,5,"‘원고와의 계약은 본인 직접 통화 후 무효계약으로 하고 임대인·임차인 합의 하에 임차인을 H, I 공동 명의로 변경함’"
deposit_dispute,147320,5,"“계약서 제18조 소정의 신탁수익에서 손실이 잔존하는 경우에는 신탁계약을 해지할 수 없으며, 수익자는 수탁자인 파산 전 회사와 협의하여 그 손실을 상환한 후 신탁계약을 해지할 수 있다”"
deposit_dispute,147753,5,"‘점포의 원상복구라 함은 점포 신축 후 첫 임차인이 본 계약의 임차인인 B(피고)이고, 이후 현재까지 계속 재계약을 통해 사용 중에 있으므로, 최초 계약 당시의 상태로의 복구를 뜻한다’"
deposit_dispute,147753,5,‘점포의 원상복구라 함은 점포신축 후 첫 임차인이 본 계약의 임차인인 B이고 이후 현재까지 계속 재계약을 통하여 사용 중에 있으므로 최초 계약 당시의 상태로의 복구를 뜻한다.’
deposit_dispute,149017,5,"’ 영업을 소외 J에게 양도하였고, 피고 F은 2019. 4. 1. 소외 J과 이 사건 건물 1층 중 동쪽 부분에 관하여 보증금 1,500만 원, 차임 월 100만 원, 임대차기간 2019. 4. 1.부터 2020. 3. 30.까지로 정하여 임대차계약을 체결하였다. 피고 F은 위 J과의 임대차계약 체결 이후, 피고 E와 체결한 2018. 11. 29.자 이 사건 건물 1층 중 동쪽 부분 약 30평에 관한 임대차 종료에 따라 임대차보증금 1,500만 원을 반환하였다. ○ 소외 J이 위 ‘"
deposit_dispute,149414,5,"’라 한다)가 작성되었다. 실제 계약 체결은 C가 하였고(원고와 피고는 이 사건 소 제기 이전에는 만난 적 없다), C가 제1계약서와 제2계약서에 원고 대신 원고 이름으로 서명하였다. 다. 이 사건 임대차계약의 임대차기간은 2016. 6. 30.부터 2018. 5. 31.까지이고, 원고는 피고에게 보증금 3,000만 원을 모두 지급하였다. 라. C는 이 사건 점포에서 2016. 7.경부터 ‘"
protection_mechanism,2329,5,"‘이 사건 대출’이라 한다)하였다. 그 이후 원고와 C은 이 사건 대출계약에 따른 변제기를 1년씩 연장하면서 그 대출금액을 줄였는데, 최종적으로는 2017. 4. 21. 대출금액 82,000,000원, 변제기 2018. 4. 20.로 정하여 이 사건 대출에 관한 기한연장계약을 체결하였다. 다. 한편, C은 2012. 4. 25. 원고에게 이 사건 대출금 채무의 담보로 이 사건 임대차계약에 기한 임대차보증금 반환채권에 대하여 질권(이하 ‘"
protection_mechanism,13899,5,"‘이 사건 제2근저당권 설정을 포함한 2017. 9. 28.자 대환에, 원고가 ㉣ 근저당권 말소에 동의하는 등 적극 협조하였고, 이는 원고 입장에서도 자신이 인수한 ㉠, ㉡, ㉢ 각 근저당권의 피담보채무 일부를 변제하는 한편 자신의 양수금채권 중 4억 원이라도 먼저 변제받기 위한 원고의 선택에 따른 것이었는바, 위 대환을 이루는 요소인 이 사건 제2근저당권설정계약 부분만 떼어내어 그것이 원고에 대한 관계에서 사해행위에 해당한다고 볼 수는 없다’"
protection_mechanism,24062,5,"”라고 정하고 있다. 이 조항은 임차인이 취득하는 대항력의 내용을 정한 것으로, 상가건물의 임차인이 제3자에 대한 대항력을 취득한 다음 임차건물의 양도 등으로 소유자가 변동된 경우에는 양수인 등 새로운 소유자(이하 ‘"
protection_mechanism,25532,5,"‘은행직원이 행한 담보물건에 대한 임대차조사에서 임차인이 그 임차사실을 숨겼다고 하더라도 그 후의 경매절차에서 임대차관계의 존재를 분명히 한 경우에는 경락인이 경매가격을 결정함에 있어서 신뢰를 준 것이라고는 할 수 없으므로, 경락인의 건물명도청구에 대하여 임차인이 주택임대차보호법 제3조 소정의 임차권의 대항력에 기하여 하는 임차보증금 반환과의 동시이행항변이 신의성실의 원칙에 반하는 것이라고 볼 수 없다‘"
protection_mechanism,31071,5,"""본 계약 체결 이전 또는 이후에 이루어진 임대차계약에 기인한 임대차보증금 반환채무 기타 이와 관련하여 발생하는 모든 채무는 신탁기간 중 신탁해지 이후에도 위탁자 및 수익자가 부담하며, 수탁자를 면책시킨다."""
protection_mechanism,31338,5,"”라고 정하고 있다. 이 조항은 임차인이 취득하는 대항력의 내용을 정한 것으로, 상가건물의 임차인이 제3자에 대한 대항력을 취득한 다음 임차건물의 양도 등으로 소유자가 변동된 경우에는 양수인 등 새로운 소유자(이하 ‘"
protection_mechanism,33049,5,"’이라 한다)의 시가가 임대차보증금 반환을 기대하지 못할 정도로 낮은 금액이었다고 단정하기 어렵다. (가) I 빌라 ① 확인가능한 보증금 합계액은 24억 1천만 원가량(수사기록 2권 336쪽), 근저당권부 대출금채무액은 8억 2천만 원가량(채권최고액 10억 8백만 원, 근저당권자 H은행)으로 합계 32억 3천만 원가량이다. ② 피고인 B은 검찰에서 “"
protection_mechanism,36467,5,"“G과 공모하여 허위로 작성된 G의 소득증빙 서류, 임차인과 임대인의 계약의사나 임차인의 거주의사 없이 대출 목적으로 허위 작성된 전세계약서 등을 H은행에 제출하여 G의 전세자금 대출금 명목으로 같은 은행으로부터 2억 1,600만 원을 입금받아 편취하였다”"
protection_mechanism,44931,5,“계약기간 연장 및 재계약 등 더 이상 계약연장 등에 의사가 없어 임대기간이 종료됨과 동시에 계약을 해지하겠다”
protection_mechanism,46995,5,"""고 규정함으로써 임대주택의 인도와 주민등록이라는 대항요건을 갖춘 자에게 등기된 임차권과 같은 대항력을 부여하고 있는 점에 비추어 보면 임대인의 임대권원이 되는 계약이 해제되기 전에 임대인으로부터 주택을 임차받아 주택의 인도와 주민등록을 마침으로써 위 법 소정의 대항요건을 갖춘 임차인은 등기된 임차권자와 마찬가지로 민법 제548조 제1항 단서 소정의 '"
protection_mechanism,50886,5,"‘I은행’이라 한다)을 근저당권자로 하는 채 권최고액을 65,000,000원의 근저당권 및 2건의 압류(권리자 국)가 마쳐져 있었던 사실, 이 사건 임대차계약 체결일인 2019. 4.경 이 사건 아파트와와 같은 단지, 같은 평수의 아파트가 매매대금 640,000,000원에 매매가 이루어진 사실을 인정할 수 있고, 이 사건 매매계약의 특약사항에서 “"
protection_mechanism,50924,5,"「이 사건 부동산에 대하여 임대관련 업무, 임대 보증기간 동안의 임대료 지급, 임대보증금 수금 및 관리, 임차인 물색 및 선정, 임대홍보, 임대차계약 관리(계약서 작성) 등 임대차계약 사실을 확인하며 임대 관련사항 일체와 세대점검 및 방문과 관련된 권한을 C에 위임한다」"
protection_mechanism,51537,5,"'라 한다)과 사이에, 피고 회사가 건설공사계약에 따라 부담하는 하자보수보증금채무, 계약이행보증금채무 등을 담보할 목적으로 아래 표 기재와 같은 내용의 각 이행보증보험계약(이하 통틀어 '"
protection_mechanism,52662,5,"’이라 한다)받으면서 동희개발의 귀책사유로 이 사건 분양계약이 해제되는 경우에는 한국토지공사가 계약보증금 362,412,000원과 소유권 회복에 소요되는 비용을 공제한 잔대금에 법정이자를 가산한 금액을 동희개발에 반환하기로 약정하였다. 나. 원고와 동희개발은 2004. 3. 29. 동희개발이 원고로부터 대출을 받기 위한 담보로써 위 가.항과 같이 동희개발이 한국토지공사로부터 반환받을 매매대금 중 11억 7,000만 원과 4억 300만 원 합계 15억 7,300만 원 상당의 채권(이하 위 11억 7,000만 원 상당의 채권을 ‘"
protection_mechanism,54020,5,"”라고 정하고 있다. 이 조항은 임차인이 취득하는 대항력의 내용을 정한 것으로, 상가건물의 임차인이 제3자에 대한 대항력을 취득한 다음 임차건물의 양도 등으로 소유자가 변동된 경우에는 양수인 등 새로운 소유자(이하 ‘"
protection_mechanism,54513,5,"'이라 한다)을 체결한 다음, 피고 Q에게 대출받은 이 사건 중도금을 납부하였다. 2) 피고 S은 이 사건 중도금 대출을 실행하면서 대출 채무의 담보를 위하여 원고들과 사이에 원고들의 이 사건 분양계약의 목적물에 관한 소유권이전등기청구권 및 위 분양계약이 무효, 취소, 해제 또는 해지될 경우 대출채무자가 피고 Q에 대하여 보유하는 분양대금반환청구권 등을 피고 S에 양도하는 내용의 양도계약(이하 '"
protection_mechanism,54513,5,"'R 및 개인 연대보증인은 수분양자의 중도금대출 대주에 대한 중도금대출금 채무 상환을 담보하기 위하여 수분양자로 하여금 공급계약이 취소, 무효, 해제 또는 해지될 경우 보유하게 될 분양대금반환청구권을 중도금대출 대주에게 양도하는 내용의 양도계약서를 체결하도록 하여야 하고, 위 양도를 승낙하는 내용의 확정일자부 승낙서를 제출받음으로써 제3자에 대한 대항력을 갖추도록 하여야 한다'"
protection_mechanism,60175,5,"‘I은행’이라 한다)을 근저당권자로 하는 채 권최고액을 65,000,000원의 근저당권 및 2건의 압류(권리자 국)가 마쳐져 있었던 사실, 이 사건 임대차계약 체결일인 2019. 4.경 이 사건 아파트와와 같은 단지, 같은 평수의 아파트가 매매대금 640,000,000원에 매매가 이루어진 사실을 인정할 수 있고, 이 사건 매매계약의 특약사항에서 “"
protection_mechanism,61179,5,"‘제1 대출계약’이라 한다)을 체결하였다(그 후 위 대출계약은 2012. 7. 25. 만기가 2013. 1. 20.로 연장되고, 대출한도금액이 20억 원으로 변경되었다). 제1 대출계약의 주요 내용은 별지2 기재와 같다. 2) 채권양도담보계약 체결 원고는 2011. 7. 20. 제1 대출계약에 따른 채권(이하 ‘"
protection_mechanism,61179,5,"‘약관법’이라 한다) 제6조를 위반하여 무효이고, 또한 위 조항이 계약의 중요한 내용으로서 충분한 설명이 있어야 함에도 원고가 약관법 제3조 제3항을 위반하여 그 의무를 다하지 아니하여 이를 계약내용으로 주장할 수 없다는 취지로 주장한다. (2) 관련 규정 별지3 기재와 같다. (3) 판단 (가) 먼저, 약관법 제6조 제1항, 제2항 제1호에 따라 약관조항이 고객에게 부당하게 불리한 조항으로서 ‘"
protection_mechanism,61345,5,"'호로 기재되어 있었고, 근저당권설정계약서에도 소외인의 주소가 위와 같이 기재되어 있었을 뿐만 아니라 임차인이 담보로 제공된 건물을 임차하여 거주하고 있는지의 여부는 통상 담보권자가 되려는 자가 자신의 책임 아래 이에 관하여 조사하는 것이 보통이라는 점 등을 고려할 때 이 사건 건물에 관한 근저당권자인 주식회사 국민은행은 근저당권설정등기 당시 피고의 주민등록상의 '"
protection_mechanism,64705,5,"’이라고 한다)을 체결하였고, 원고는 피고와 사이에 이 사건 신용보증계약에 따라 소외 회사가 피고에게 부담할 구상금 채무에 관한 연대보증계약을 체결하였다. 3) 중소기업은행은 아래의 표 기재와 같이 소외 회사에게 이 사건 대출을 실행하면서 이 사건 대출금의 담보로 소외 회사와 사이에 근저당권설정계약(포괄근저당)을 체결하고, 소외 회사 소유의 별지2 목록 기재 각 부동산(이하 ‘"
protection_mechanism,64705,5,"‘이 사건 특약’이라고 한다), 2009. 6. 25. 이 사건 부동산에 관하여 근저당권이전등기의 부기등기를 마쳤다.   라. 회생지원보증계약 체결 및 원고의 구상금채무 이행 1) 피고는 위와 같은 대위변제에 따라 이 사건 신용보증계약상 연대보증인인 원고에게 구상금채무의 이행을 요구하였는데, 원고는 피고와 사이의 합의에 따라 중소기업은행으로부터 대출을 받아 이로써 구상금채무를 이행하기로 하고, 2009. 6. 29. 소외 회사 및 소외 회사의 대표이사 소외 1의 연대보증 하에 피고와 회생지원보증계약(이하 ‘"
protection_mechanism,76374,5,"'C 및 개인연대보증인은 수분양자의 중도금대출 대주에 대한 중도금대출금 채무 상환을 담보하기 위하여 수분양자로 하여금 공급계약이 취소, 무효, 해제 또는 해지될 경우 보유하게 될 분양대금반환청구권을 중도금대출 대주에게 양도하는 내용의 양도계약서를 체결하도록 하여야 하고, 위 양도를 승낙하는 내용의 확정일자부 승낙서를 제출받음으로써 제3자에 대한 대항력을 갖추도록 하여야 한다'"
protection_mechanism,82123,5,"‘같은 법’이라 한다) 제3조의2 제2항은, 제3조 제1항의 대항요건과 임대차계약증서상의 확정일자를 갖춘 임차인에 대하여 민사집행법에 의한 경매 또는 국세징수법에 의한 공매시 그 환가대금에서 후순위권리자 기타 채권자보다 우선하여 보증금을 변제받을 권리가 있다고 규정하면서 그 환가대금에는 주택뿐 아니라 대지의 환가대금도 포함된다고 규정하고 있고, 같은 법 제8조 제1항은, 대항요건을 갖춘 임차인에 대하여 보증금 중 일정액(이하 ‘"
protection_mechanism,84376,5,"’이라 한다). 나. 한편 소외 1은 피고와 사이에 임차보증금반환채권을 담보할 목적으로 전세권을 설정하기로 약정하고 2005. 5. 25. 이 사건 건물에 관하여 전세금은 6,000만원, 존속기간은 2004. 4. 30.부터 2009. 4. 29.까지로 하는 전세권설정등기를 하였다가, 2010. 9. 13. 전세금을 1억원, 존속기간을 2009. 5. 1.부터 2014. 4. 29.까지로 변경하는 전세권변경등기(이하 ‘"
protection_mechanism,84376,5,"’이라 한다)를 해 주었다. 라. 한편 소외 1은 2011. 4.경 주유소 영업을 그만두고 2011. 6. 15 피고와 사이에 이 사건 임차계약을 합의 해지한 다음 피고에게 이 사건 건물을 인도하였다. 마. 그런데 소외 1이 대출금 상환을 지체하자 원고는 전세권근저당권자로서 2012. 7. 5. 소외 1의 피고에 대한 전세금반환채권 중 80,391,051원에 관하여 대구지방법원 2012타채8931호로 물상대위에 의한 채권압류 및 추심명령(이하 ‘"
protection_mechanism,89952,5,"‘이 사건 호실’이라고 한다)에 관하여 보증금 44,000,000원, 임대차기간 2013. 8. 14.부터 24개월로 한 임대차계약을 체결하였다. 2) C은 2013. 8. 14. 장안구 H동 주민센터에 이 사건 호실을 주소지로 전입신고(갑 제7호증)하였고, 위 임대차계약서(갑 제8호증)에 확정일자를 받았다(이후 위 임대차계약은 묵시적 갱신이 계속된 것으로 보인다). 나. I 주식회사의 B에 대한 대여 등 1) I 주식회사(이하 ‘"
protection_mechanism,90071,5,"'이라 한다)하였다. 이 사건 1차 임대차계약서상에는 기재되어 있지는 않으나 원고와 피고는 이 사건 점포에 관한 월 수도사용료를 30,000원으로 정하였다. 다. 원고와 피고는 2006. 12. 20. 임대차계약서를 새로 작성하였고, 위 임대차계약서상 임대차보증금은 25,000,000원, 월 임료는 없는 것으로 각 기재되었다(위 임대차계약을 이하 '"
protection_mechanism,93937,5,"’이라 한다)에 관하여 업종을 노래방으로 정하여 보증금 7,500만 원(차임 없음), 임대차기간 2001. 2. 24.까지로 정한 임대차계약을 체결하고, 그 무렵 C에 임대차보증금을 지급하고 C로부터 이 사건 노래방을 인도받아 1999. 5. 10.경 사업자등록을 마치고 영업을 개시하였으며, 2003. 9. 1. 보증금을 1억 900만 원(차임 없음, 관리비 별도), 임대차기간을 2005. 8. 31.까지 24개월간으로 변경하는 임대차계약(이하 ‘"
protection_mechanism,94818,5,"”는 내용증명을 발송하여 그 무렵 도달되었다. 마. 한편 피고는 신규임차인이 되려는 소외 2와 사이에 이 사건 약국을 소외 2가 임차할 수 있도록 피고가 주선하고 권리금을 100,000,000원으로 정하는 내용의 권리금계약을 체결하고, 2015. 7. 3. 원고에게 피고의 권리금 회수 기회를 방해하지 말아줄 것을 요구하는 내용증명을 발송하여 그 무렵 도달되었다. 바. 원고는 2015. 7. 6. 피고에게 내용증명을 보내어 새로운 임차인과 함께 만나서 임대차계약에 관하여 협의할 것을 제안하면서 새로운 임차인의 준비사항으로 ‘"
protection_mechanism,94818,5,‘임차인이 계약갱신요구권이 있음에도 불구하고 임대인이 상가임대차법 제10조 제1항 각 호의 사유를 들어 갱신요구를 거절할 수 있는 경우’
protection_mechanism,102285,5,‘전세보증금을 계약기간 종료 후 문제없이 반환해 주겠다. 계약기간 내에 대출 및 설정이 있을 시에는 언제든지 계약을 파기할 수 있고 그 경우 즉시 전세금을 돌려주겠다.’
protection_mechanism,104779,5,’란에는 ‘임대차보증금의 중도금은 기존 임차인 H(피고의 아버지) 계좌로 입금한다. 임차인과 임대인의 합의하에 잔금은 H에게 양해를 구하고 임차인이 잔금을 납부할 때까지 월 20만 원을 H 계좌에 입금하기로 한다’
protection_mechanism,107001,5,"'이라 한다). 다. 원고와 피고 A은 이 사건 부동산에 관하여 위 보증금을 전세금으로 하여 전세권을 설정하기로 약정하고, 이에 따라 원고는 2018. 11. 27. 이 사건 부동산에 관하여 등기원인 2017. 11. 30.자 설정계약, 전세금 210,000,000원, 존속기간 2017. 12. 29.부터 2019. 12. 28.까지로 된 전세권설정등기를 마쳤다. 라. 피고 A은 2019. 10. 31.경 피고 B과 이 사건 부동산을 피고 B에게 아래와 같은 조건으로 매도하는 계약(이하 '"
protection_mechanism,108733,5,"‘이 사건 건축주들의 근저당권설정계약서가 백지날인 상태로 교부되고 확인서면이 작성된 적도 없는 상태에서 계약이 철회되었으나, 인감사용기간이 남아 있고 근저당권설정계약서도 회수되지 못하여 이 사건 건축주들의 의사에 반하여 위․변조되어 사용될 염려가 있다’"
protection_mechanism,114479,5,"""본 계약 체결 이전 또는 이후에 이루어진 임대차계약에 기인한 임대차보증금 반환채무 기타 이와 관련하여 발생하는 모든 채무는 신탁기간 중 신탁해지 이후에도 위탁자 및 수익자가 부담하며, 수탁자를 면책시킨다."""
protection_mechanism,116304,5,"'이라 한다), 이후 2017. 3. 21. 광주광역시 서구 상무2동주민센터에 이 사건 부동산에 관한 전입신고를 하고 확정일자를 받았다. 다. 이 사건 임대차계약 기간이 만료되었음에도 이 피신청인에게 위 전세금을 반환하지 않자, 피신청인은 2019. 4. 16. 광주지방법원 2019 타경5978호로 이 사건 전세권에 기하여 이 사건 부동산에 관한 부동산임의경매신청을 하였고(다만 부동산임의경매신청서에는 이 사건 전세권 설정계약이 '"
protection_mechanism,116412,5,"'이라 한다)에게 이 사건 건물에 관하여 임대인을 L로 하여 임대차계약을 체결하는 것을 승낙함과 아울러 임차인으로부터 수령한 차임 등을 이 사건 건물의 유지보수 등 비용에 사용하는 것을 승낙한다는 내용의 사용승낙서를 작성하여 주었고, 2016. 3.경 L과 사이에 이 사건 건물에 관하여 공사대금을 6억 7,120만 원으로 한 내부공사계약과 평당 운영비를 4,000원으로 한 이 사건 건물에 관한 위수탁관리용역계약을 체결하였다. 사. 피고 B은 2016. 12. 13. L과 사이에 별지 1 기재 부동산에 관하여 '"
protection_mechanism,116992,5,"‘O’ 노래방 영업을 하고 있다. 아. 원고 G의 임대차계약 체결 원고 G는 2018. 2. 3.경 피고와 사이에 I빌딩 1층 W호 231㎡(약70평)에 관하여 보증금 50,000,000원, 차임 4,700,000원(매월 1일 기준 선지급, 부가가치세 별도), 계약기간 2018. 2. 19.부터 2020. 2. 18.까지로 정하여 상가임대차 계약을 체결한 후 피고에게 보증금을 지급하고 위 점포를 인도받아 ‘"
protection_mechanism,118277,5,“계약기간 연장 및 재계약 등 더 이상 계약연장 등에 의사가 없어 임대기간이 종료됨과 동시에 계약을 해지하겠다”
protection_mechanism,120874,5,"’이라 한다). 다) 한편 이 사건 부동산에는 이 사건 각 근저당권 설정계약이 체결되기 전인 2018. 10. 10. 주식회사 H 명의의 1순위 근저당권(채권최고액 3,000만원)이 설정되었으나, 이는 주식회사 H의 피고 F에 대한 물품대금채권을 담보하기 위한 것으로서, 2019. 4월 이후 현재까지 피담보채무액은 없다. 2) D와 피고 C 사이의 매매계약 가) D는 2019. 4. 30. 피고 C에게 이 사건 부동산을 2억원에 매도하는 내용의 매매계약(이하 ‘"
protection_mechanism,123914,5,"‘이 사건 주택’이라 한다)에 관하여 G는 원고를 비롯한 채권자들에게 아래와 같은 각 근저당권설정등기를 마쳐주었다. ① 2018. 1. 12. 채권최고액 600,000,000원, 근저당권자 H조합 ② 2018. 1. 29. 채권최고액 39,000,000원, 근저당권자 원고 ③ 2018. 3. 15. 채권최고액 36,000,000원, 근저당권자 원고 2) H조합은 위 근저당권설정등기에 기하여 이 사건 주택 및 그 대지에 대하여 부동산임의경매신청을 하였고 2018. 6. 21. 창원지방법원 D로 부동산임의경매 개시결정이 이루어졌다(이하 ‘"
protection_mechanism,130464,5,"’고 정하고 있다. 라. 원고와 피고는 2019. 8. 29. 이 사건 건물 1층 전체에 관하여 임대차보증금 5천만 원, 월 차임 231만 원, 임대차기간 2019. 8. 31.부터 2021. 8. 30.까지로 하여 기존 임대차계약을 갱신하는 내용의 임대차계약을 체결하였는데, 그 특약사항 제4항은 ‘"
protection_mechanism,139027,5,"‘피고 B’이라고 한다)으로부터 임대차보증금 1억 8,000만 원, 임대차기간 2015. 4. 30.부터 2017. 4. 30.까지로 정하여 이 사건 부동산을 임차하였고, 피고 B에게 그 임대차보증금을 지급하였다. 나. 원고는 2015. 4. 30. 이 사건 부동산을 인도받아 그 주소지에 전입신고를 마치고 임대차계약서에 확정일자를 받았고, 2017. 5. 1. 임대차계약이 묵시적으로 갱신되었다. 다. 2017. 9. 5. 이 사건 부동산에 관하여 수원지방법원 성남지원 D로 강제경매절차(이하 ‘"
protection_mechanism,139335,5,"‘채무자회생법’이라고 한다) 제422조 제1호에 반하여 효력이 없다. 그러나 주택임대차보호법상 대항요건 및 확정일자를 갖춘 임차인들은 채무자회생법 제415조 제1항에 의하여 인정된 우선변제권의 한도 내에서는 파산절차에 의하지 아니하고 임차보증금반환채권의 만족을 받을 수 있다. 또한 이러한 임차인들은 파산절차에서 별제권자에 준하는 지위에 있으므로, 파산관재인인 피고가 채무자회생법 제492조 제14호에 따라 ‘"
protection_mechanism,143495,5,"’이라 한다)에 관하여 업종을 노래방으로 정하여 보증금 7,500만 원(차임 없음), 임대차기간 2001. 2. 24.까지로 정한 임대차계약을 체결하고, 그 무렵 C에 임대차보증금을 지급하고 C로부터 이 사건 노래방을 인도받아 1999. 5. 10.경 사업자등록을 마치고 영업을 개시하였으며, 2003. 9. 1. 보증금을 1억 900만 원(차임 없음, 관리비 별도), 임대차기간을 2005. 8. 31.까지 24개월간으로 변경하는 임대차계약(이하 ‘"
protection_mechanism,143835,5,“아직 임대차계약이 종료가 되지 않았고 법적 자동갱신 계약 기일이 1년도 넘게 남았는데 당사자 합의 없이 일방적으로 임대보증금 반환을 하시고 명도를 요구하시는 것은 법과 경우에 맞지가 않습니다.”
protection_mechanism,145809,5,"'시)를 요구하고 있고, 같은 법 제3조의2 제2항에서는 위 요건들에 더하여 확정일자까지 갖춘 경우 임차인에게 우선변제권을 인정하고 있다. 따라서 주택담보대출자인 원고로서는 담보물인 주택의 담보가치 확보에 방해가 되는 임차인의 대항력과 우선변제권의 존부를 파악하기 위해 해당 주택에 '"
protection_mechanism,147320,5,"“계약서 제18조 소정의 신탁수익에서 손실이 잔존하는 경우에는 신탁계약을 해지할 수 없으며, 수익자는 수탁자인 파산 전 회사와 협의하여 그 손실을 상환한 후 신탁계약을 해지할 수 있다”"
protection_mechanism,147380,5,"’)하였고, 다음날 2순위 근저당권에 관하여 이전의 부기등기를 마쳐주었다. O은 2003. 6. 16. I에 2순위 근저당권의 피담보채권을 양도하고, 2003. 9. 16. 2순위 근저당권에 관하여 이전의 부기등기를 마쳐주었다. 바. 원고는 2003. 9. 16. I에 55억 원을 대여하고, 같은 날 2순위 근저당권의 피담보채권에 관하여 채권액 59억 원, 채무자 I인 근저당권부질권 설정등기를 마쳤다. 사. 채권자 신용보증기금의 신청에 따라 별지 목록 기재 부동산 중 제5항, 제17항, 제18항 기재 부동산(이하 제5항 부동산을 ‘"
fraud_core,4668,4,"’이라고 한다), 피고에게 2014. 3. 29. 53,000,000원을 지급하였다. 2) 원고는 2014. 4. 8. E호로 전입신고를 마치고, 그 무렵 피고로부터 E호를 인도받았다. 3) 이 사건 임대차계약은 그 기간 만료 이후 묵시적으로 갱신되었는데, 원고는 2017년 말경 피고에게 임대차계약의 해지를 통보하였다. 나. 원고의 주택임차권등기 경료 및 인도 원고는 이 사건 건물에 관하여 2018. 5. 3. 수원지방법원 오산시법원 2018카임45호로 임차권 범위를 ‘"
fraud_core,5762,4,"‘제1계약서’라 한다)에는 임대인으로 원고, C의 서명․날인이 되어 있고, 임대차보증금은 2,000만 원, 차임은 월 150만 원으로 기재되어 있다. 2) 또 다른 임대차계약서(갑 제4호증, 이하 ‘"
fraud_core,9677,4,"’, 임대인 H」을 기재하게 하고, 임차인 란에 피고인의 주소, 주민등록번호, 연락처, 성명을 불러주고 그 공동명의인으로 B를 기입하게 한 뒤 출력된 양식을 교부받았다. 계속하여 피고인은 인근의 PC방에 들어가 그곳에 있던 성명불상자에게 1만 원을 주고 위와 같이 성명불상중개업자로부터 교부받은 고시원 임대차 계약서의 임대인 주소지 란에 볼펜을 이용하여 ‘"
fraud_core,10508,4,’은 ‘공소외 92 회사 측과 형식적으로 ◇◇터미널 부지에 대한 가장매매계약을 체결한 후 매수인인 공소외 92 회사 측이 약정기일에 잔금을 지급하지 않으면 매도인인 그룹 측이 계약을 해지하고 계약금 60억 원을 그룹에 귀속시키는 것과 같은 외관을 창출하여 매각대금 60억 원을 우회적으로 지급받는 방안’
fraud_core,11710,4,"’이라고 한다)을 체결하였다. 2) 이 사건 보증계약에 의한 책임은, 주채무자인 대동종합건설이 부도·파산 등의 사유로 분양계약상의 주택공급의무를 이행할 수 없게 되는 경우에, 피고가 보증채권자인 수분양자 등의 선택에 따라, ① 분양계약에 따른 당해 주택의 공급의무 자체를 이행하거나(분양이행), ② 수분양자가 이미 납부한 계약금 및 중도금을 환급해 주는 것(환급이행)을 그 내용으로 한다. 다만 이 사건 보증보험약관 제4조 제1항에 의하면, 피고는 ‘"
fraud_core,12679,4,"”이 받은 계약보증금(계약 해제시 위약금 포함), 중도금, 잔금 등은 이해관계인에게 지불할 때까지 “"
fraud_core,14649,4,"'란 기재 해당 각 돈이다. 5) 이 사건 분양계약서 중 이 사건과 관련된 부분은 다음과 같다.   다. 입주지연 및 분양계약 해제 그런데 원고들은 주위적 피고의 공사 부진 등으로 인해 이 사건 분양계약서상 입주예정일인 2019년 2월로부터 3개월이 지난 2019. 5. 31.까지도 이 사건 아파트에 입주하지 못하였고, 이에 원고들은 주위적 피고에게 위와 같은 입주지연을 원인으로 이 사건 분양계약을 해제하겠다는 의사표시가 담긴 내용증명을 보냈으며, 위 내용증명은 별표 1. '"
fraud_core,14649,4,"'본 공급목적물은 토지신탁사업에 의거 공급되는 재산으로서, 매수인은 신탁기간의 만료, 신탁해지 등의 사유로 인하여 위탁자와 매도인 겸 수탁자 사이에 체결된 신탁계약이 종료됨과 동시에 신탁에 기한 매도인 겸 수탁자의 모든 행위 및 권리․의무(불법행위에 의한 책임 및 법정책임을 포함하되 이에 한정하지 않음)는 별도의 조치 없이 위탁자에게 면책으로 포괄 승계되며, 아울러 본 공급계약에 기한 매도인의 매수인에 대한 모든 권리와 의무도 계약변경 등 별도의 조치 없이 위탁자에게 면책적으로 승계되는 것에 관하여 인지하고 동의한다.'"
fraud_core,14649,4,'위탁자와 수탁자가 이 계약에서 정하지 아니한 사항을 별도로 특약으로 정한 경우에는 그 특약을 이 계약에 우선하여 적용한다.'
fraud_core,17606,4,"’이라고 한다)을 체결하였다. 나. 한국철도공사 소유인 이 사건 토지는 피고가 2012. 4. 1.경 한국철도공사로부터 임차한 이래 1~2년 간격으로 임대료 등을 변경해가며 새로 임대차계약을 체결하는 방식으로 임대차기간을 연장해 왔는데, 이 사건 임대차계약 체결 무렵에는 피고와 한국철도공사 사이에 2018. 4.경 임대차기간을 2020. 3. 31.까지로 하는 임대차계약이 체결된 상태였으며, 이와 관련하여 원고와 피고는 이 사건 임대차계약서에 ‘"
fraud_core,20491,4,"‘임대차계약이 해약될 시에는 보증금에서 미납된 월세, 공동사용료 및 부가세를 결산 입금하고 남은 금액만 임대인은 반환한다’"
fraud_core,20491,4,"’에 관하여서는 특정 금액이나 산출기준, 지급 시기 등에 관하여 아무런 기재가 되어 있지 않은 점, ② 피고가 이 사건 임대차계약의 체결일로부터 불과 3개월여 전인 2018. 1. 10. 이 사건 상가가 위치한 건물과 같은 건물에 위치한 상가의 다른 임차인과 임대차계약을 체결하면서는 특약사항으로 ‘"
fraud_core,22174,4,"‘-. 현재 등기부상의 대출은 없는 상태이며, 전세기간 동안 임대인은 별도의 대출을 받지 않기로 한다. -. 임대인은 임차인의 전세자금대출에 협조하여 주기로 한다. -. 전세잔금일은 기존 세입자와 상호 협의 후 앞당길 수 있다. *임대인 계좌 : G (계좌번호 1 생략) A*’"
fraud_core,24805,4,"'이라 한다)의 소유자 I로부터 임대에 관한 모든 권한을 위임받았다고 하며, 이 사건 부동산에 관하여 원고를 임차인으로, I를 임대인으로 하여 보증금 4,000만 원, 차임 월 30만 원, 임대차기간 2017. 10. 10.부터 2018. 10. 9.까지로 하는 부동산임대차계약서(이하 '"
fraud_core,25435,4,"“(건물명 1 생략)아파트에 대하여 2차로 대한주택보증의 임대보증금 보증보험에 가입한 2008. 2. 25.경 이후 피고인 1은 욕심이 생겨서 공소외 5 회사 명의의 허위임대차계약체결세대에 대한 임대보증금을 2,900만 원에서 4,000만 원 내지 4,500만 원으로 증액하여 다시 보증에 가입하려고 하였는데, 당시 피고인 1은 이와 같은 임대보증금을 증액하는 문제에 대하여 피고인 2와 상의를 하였고, 피고인 2가 ‘"
fraud_core,25935,4,“네가 전세권설정등기를 해 두어 내가 G로부터 잔금을 못 받는다. 전세권설정등기를 말소해라. 그래야만 나도 G로부터 잔금을 받아서 너에게 보증금을 반환할 수 있다”
fraud_core,25935,4,"“보증금 8,000만 원을 받았다는 영수증은 내가 작성한 것이 아니다. 이는 가짜다. 월세와 보증금을 받은 사실이 없으니 오히려 내가 밀린 월세를 받아야 하고 보증금은 반환해 줄 것이 없다”"
fraud_core,29978,4,"’이라 한다)을 체결하고, 피고 B에게 임대차보증금 6,000만 원을 지급하고 2017. 8. 20. 확정일자를 받았다. 나. 이 사건 임대차계약은 공인중개사인 피고 E 명의의 J공인중개사사무소에서 체결되었고, 실제로는 피고 E의 어머니인 피고 D이 피고 E의 명의를 사용하여 임대차계약을 중개하였다. 피고 D은 이 사건 임대차계약 체결 당시 원고에게 중개대상물 확인·설명서를 교부하였는데, 그 설명서의 ‘"
fraud_core,31550,4,"‘제1계약서’라 한다)에는 임대인으로 원고․C의 서명․날인이 되어 있고, 임대차보증금은 2,000만 원, 차임은 월 150만 원으로 기재되어 있다. 나) 다른 임대차계약서(갑 제4호증, 이하 ‘"
fraud_core,33523,4,"""피해자에게 5년 동안 임대차계약이 되어 있고 매년 12월에 계약을 갱신하는데, 12월에 G와 임대차계약을 체결할 수 있도록 해주겠다고 말했다"""
fraud_core,36678,4,"'라 한다)를 각 임대차보증금 100,000,000원, 월차임 6,800,000원(부가가 치세 별도), 계약기간 임대차보증금 잔금 납부일부터 5년간으로 각 정하여 임차하기로 하는 임대차계약(이하 '"
fraud_core,48757,4,"“서울 송파구 C 건물을 소유하고 있고 패션회사를 운영하고 있으니 돈을 변제할 수 있다. 중국에서 옷을 수입해 오는 등 사업자금으로 사용할 돈을 빌려주면 2018. 8. 7.까지 월 2%의 이자를 지급하고, 원금을 상환하겠다. C 건물 1층 일부를 D에게 보증금 2억 5천만 원에 전세로 임대하고 있는데 그 보증금 반환채권을 임차인 D의 승낙을 받아 담보로 제공해 주겠다”"
fraud_core,49372,4,"‘이 사건 주택’이라 한다)에 관하여, 임대인 D, 임차인 원고, 임대차보증금 4,000만 원, 임대차기간 2017. 4. 9.부터 2019. 4. 7.까지로 하여 임대차계약을 체결하였다(이하 ‘"
fraud_core,49372,4,"’이라 한다). 2) 원고는 2017. 6. 9. 이 사건 임대차계약서에 확정일자를 받았으며, 같은 날 이 사건 주택에 관하여 주민등록을 하였다. 나. 피고의 부동산수탁 피고는 2017. 9. 13. 이 사건 주택에 관하여 2017. 9. 13. 신탁계약을 원인으로 하여 소유권이전등기를 경료하였다. 다. 원고의 임대차보증금 반환 촉구 원고는 2019. 11. 8. D에게 ‘"
fraud_core,53763,4,"’이라고 한다)을 체결하였는데, 당시 위 임대차계약이 종료된 경우 임차인은 위 점포를 원상으로 회복하여 임대인에게 반환하기로 약정하였다. 나. 피고는 이 사건 점포에서 내과의원 개업을 위한 인테리어 공사를 시공한 뒤 의료장비와 집기 등을 들여 놓고 ‘"
fraud_core,54528,4,"’이라 한다)을 체결한 후 같은 날 임대차보증금 계약금 2,000,000원, 2017. 6. 22. 임대차보증금 잔금 18,000,000원을 송금받았다.   나. 이 사건 임대차계약서에 첨부된 중개대상물 확인 설명서에는 ① 대상물건의 표시 중 전용면적란에 76.44㎡로 기재되어 있고, ⑤ 관리에 관한 사항란에는 ‘"
fraud_core,54987,4,"’라 한다)에 대하여 이를 36억 원에 매수하기로 하는 계약을 체결하기는 하였으나, 계약금의 일부만 납입한 상태였기 때문에 위 F의 승인 없이는 임대차설정을 할 수 없었고, 달리 F로부터 위 상가에 대한 임대차계약을 체결할 권한을 위임받은 바도 없었다. 1. 사기 가. 피고인은 2017. 10. 13.경 화성시 L 주변 공인중개사 사무소에서, 피해자 C에게 마치 이 사건 상가 K호에 대한 적법한 임대차계약 체결 권한이 있는 것처럼 행세하면서 “"
fraud_core,54987,4,"‘이 사건 상가 R호, S호, K호에 대하여 2018. 3. 2.까지 등기서류를 접수하기로 하고, 이를 이행하지 않을 시 F에 계약금 반환 및 이의를 제기할 수 없으며 태권도학원 임차보증금 4,000만 원과 피아노학원 임차보증금 2,000만 원을 F에게 즉시 납부하기로 한다’"
fraud_core,57522,4,"‘전차인 선정, 변경, 전대차계약 체결, 전대차계약 해지 및 점포명도와 관련된 일체의 행위, 전대차보증금 및 월세의 책정, 전대차기간, 층 전체의 공동운영에 관한 사항’"
fraud_core,58165,4,‘계약금(보증금)은 현 임차인의 계약금을 승계한다.’
fraud_core,58165,4,"‘상가건물 임대차보호법상 임대차계약갱신요구권의 행사기간은 10년이고, 피고가 처음 2015. 1. 30.자 사업자등록을 한 때로부터 10년이 경과하지 아니하였으므로 나머지 기간 동안의 계약갱신요구를 요청한다’"
fraud_core,58165,4,‘계약금(보증금)은 현 임차인의 계약금을 승계한다.’
fraud_core,60279,4,"‘일반, 직원, 협력, 협력회사협조, 특별분양, 가계약(정식계약 체결 전 계약의사를 표명한 세대 또는 계약예정자)’"
fraud_core,60541,4,"‘D’ 주점에 관하여 피해자가 위 주점을 운영할 것이라고 피해자를 소개하면서 N의 중개로 임대인 O와 사이에서 임대차계약서를 작성하였고, 당시 피해자가 위 임대차계약서에서 정한 임대차보증금과 차임을 모두 지급한 점, 피해자는 ‘"
fraud_core,61644,4,"’이라 한다)에 관하여 임대인 E, 원고, 임차인 피고 B, 임대차보증금 45,000,000원으로 하는 임대차계약(이하 ‘"
fraud_core,61644,4,"’이라 한다)을 체결하였다. 2) 당시 E가 위 임대차계약을 중개한 H에게 공동임대인인 원고의 위임을 받았다고 말하면서 계약서에 원고의 인장을 날인하였다. 3) 원고는 2014. 7. 4. H이 운영하는 공인중개사사무실을 방문하여, 이 사건 제1부 동산에 관한 위 임대차계약서를 복사하여 갔다. 4) 원고는 2015. 3. 23. 피고 B에게 ‘"
fraud_core,61644,4,"’이라 한다)에 대하여 임대인 E, 원고, 임차인 피고 C, 임대차보증금 10,000,000원, 차임 250,000원으로 하는 임대차계약(이하 ‘"
fraud_core,62108,4,"’이라 한다)에 관하여 주식회사 H과 신탁계약을 체결하고, 같은 날 주식회사 H 앞으로 위 신탁계약을 원인으로 한 소유권이전등기를 마쳐주었다. 나. 원고는 2020. 4. 28. 피고 회사와 이 사건 각 부동산에 관하여 임대차 기간 2020. 5. 11.부터 2022. 5. 10.까지, 임대차보증금 각 2억 원으로 정한 임대차계약(이하 ‘"
fraud_core,63985,4,"’이라고 한다)를 제기하였다. 제1관련소송에서 법무법인 F은 이 사건 계약이 쌍방의 합의로 해지되었다고 주장하였고, 원고 B은 이 사건 계약이 해지되지 않았다고 주장하였다. 다. 피고 D는 2019. 2. 19. 제1관련소송의 소송대리인을 피고 법무법인 C(이하 ‘"
fraud_core,64434,4,“임대인은 임차인이 임대차기간이 만료되기 6개월 전부터 1개월 전까지 사이에 계약갱신을 요구할 경우 정당한 사유 없이 거절하지 못한다.”
fraud_core,65094,4,"'은 인건비를 제외하고도 500만 원 내지 600만 원 상당의 수익이 발생한다. 보증금을 지불하면 매장을 운영하게 해주겠다. 수익의 30%를 지급하고 계약기간 후 보증금은 반환해 주므로 결코 손해 볼 일이 없다."""
fraud_core,69094,4,"’이라 한다)의 공동중개로 F과 사이에 이 사건 부동산에 관하여 임대차보증금 154,000,00원, 임대차기간 2019. 5. 31.부터 2021. 5. 30.까지 24개월로 정하여 임차하기로 하는 내용의 이 사건 임대차계약을 체결하였다. 이 사건 임대차계약 특약사항에는 ‘"
fraud_core,71448,4,"’(이하 ’상가‘라 함)를 전세보증금 2,000만 원, 계약금 1,000만 원에 임차하여 액세서리 판매점을 운영할 계획인데, 1,000만 원을 투자하면 12%이상의 수익을 지급해 주고, 1년 후에는 원금 지급을 보장해주겠다. 투자금은 위 상가의 보증금과 물품 및 기계 구매로 사용할 것이며, 만약 투자금액 배당 미지급 시 위 상가의 보증금 2,000만 원에 대한 권리를 양도해주겠다."""
fraud_core,71560,4,“임대인은 임대차기간이 끝나기 3개월 전부터 임대차 종료 시까지 다음 각호의 어느 하나에 해당하는 행위를 함으로써 권리금 계약에 따라 임차인이 주선한 신규임차인이 되려는 자로부터 권리금을 지급받는 것을 방해하여서는 아니 된다.”
fraud_core,71560,4,“그 밖에 정당한 사유 없이 임대인이 임차인이 주선한 신규임차인이 되려는 자와 임대차계약의 체결을 거절하는 행위”
fraud_core,72588,4,"’ 사무실에서 주식회사 H와 사이에 위 부동산에 관하여 주식회사 H를 근저당권자로 하여 근저당권을 설정하는 조건으로 주식회사 H와 외상 물품거래를 하겠다고 제안한 다음, 팩스를 이용하여 제1항 기재와 같이 위조한 C 명의 임대차계약서를 그 위조 사실을 모르는 주식회사 H 담당자 I에게 마치 진정하게 성립한 것처럼 제출하였다. 이로써 피고인은 제1항 기재와 같이 위조한 C 명의 임대차계약서를 행사하였다. 3. 사기 피고인은 2018. 12. 6.경 위 ‘"
fraud_core,75184,4,"'이라 한다), 같은 날 원고 명의의 소유권이전등기를 마쳤다. 2) 이 사건 매매계약 당시 이 사건 아파트의 전소유자인 J와 임차인 K 사이에 위 아파트에 관하여 임대차보증금 3,500만 원의 임대차계약(이하 '"
fraud_core,78078,4,"‘보증채권자’에는 분양계약을 체결한 자 중 보증대상에서 제외되는 자, 예컨대 대물변제, 차명, 이중계약 등 정상계약자가 아닌 자(이 사건 분양보증약관 제4조 제1항 제2호), 보증서 발급 이전에 분양계약을 체결한 자(이 사건 분양보증약관 제4조 제1항 제3호) 등은 포함되지 않는다고 할 것이다. 그러나 뒤에서 보듯이 이 사건 해제수분양자들은 이 사건 면책약관에서 말하는 ‘"
fraud_core,79396,4,"‘제1계약서’라 한다)에는 임대인으로 원고, C의 서명․날인이 되어 있고, 임대차보증금은 2,000만 원, 차임은 월 150만 원으로 기재되어 있다. 2) 또 다른 임대차계약서(갑 제4호증, 이하 ‘"
fraud_core,83165,4,"‘B건물 F호를 2018. 3. 7.부터 2020. 3. 7.까지 보증금 230,000,000원에 임대하고, 임대차 계약이 종료되면 즉시 보증금을 반환하겠다’"
fraud_core,88148,4,"’이라 한다)을 체결한 후 같은 날 임대차보증금 계약금 2,000,000원, 2017. 6. 22. 임대차보증금 잔금 18,000,000원을 송금 받았다.  나. 이 사건 임대차계약서에 첨부된 중개대상물 확인 설명서에는 ① 대상물건의 표시 중 전용면적란에 76.44㎡로 기재되어 있고, ⑤ 관리에 관한 사항란에는 ‘"
fraud_core,90966,4,"‘피고가 이 사건 아파트의 입주예정자를 상대로 주택자금(중도금)을 대출하되, 위 대출금은 분양계약서에서 정한 중도금 납입일정에 따라 분할하여 우민종합건설의 예금계좌에 입금하고, 우민종합건설이 분양계약의 해제·해지로 수분양자에게 분양대금을 반환하여야 할 경우 피고와 사전협의를 통해 수분양자의 피고에 대한 대출금 상환에 우선 충당되도록 하여야 한다’"
fraud_core,93747,4,"'이라 한다)을 체결하고, 2009. 6. 12.부터 이 사건 아파트에서 거주해 왔다. 라. 제1, 2임대차계약에 적용된 피고의 표준임대차계약서 중 관련 조항의 내용은 별지 기재와 같은바, 특히 계약특수조건 제10조는 '"
fraud_core,95626,4,"” 매장)를 함께 묶은 71.34㎡에 관하여 원고 A과 보증금 5억 원, 월 차임 1,600만 원으로 하는 임대차계약을 체결하였는데, 그 특약사항에는 아래 조항이 포함되었다. 1. 현재 건축물관리대장상 “"
fraud_core,95811,4,"‘프리미엄’으로 간주하여 기소하였으므로, 그에 따라 판단한다. 주3) 		피고인 4가 운영하는 부동산 중개사무소에서 직접 재계약자를 모집하지 않고 다른 중개사무소에 의뢰하여 재계약이 체결된 경우 다른 중개사무소가 재계약자로부터 프리미엄 이외에 별도 중개수수료 명목으로 100만 원을 교부받은 경우들도 있다(수사기록 제640쪽, 제777쪽, 제817쪽 등). 그러나 이 부분 공소사실은 피고인 4 측이 재계약자로부터 교부받은 ‘"
fraud_core,98147,4,"'라고 규정되어 있다. 2) 원고는 위 보증금 중 500만 원은 2018. 4. 9.경 이 사건 중개사무소 명의 계좌에 송금하고, 나머지 5,500만 원은 원고가 반환받을 위 종전 보증금으로 대체하는 방식으로 위 보증금 6,000만 원을 모두 지급하였다. 3) 당시 C은 이 사건 중개사무소에서 원고에게, 자신을 공인중개사무소의 '"
fraud_core,99150,4,"’위탁자 및 수익자가 임대차 관리를 책임지고, 이 사건 신탁계약 체결 이전 또는 이후에 이루어진 임대차계약에 기인한 임대차보증금 반환채무는 위탁자 및 수익자가 부담하며, 수탁자는 면책된다‘"
fraud_core,102964,4,"‘자신은 임대차보증금을 수령한 사실이 없고, 피고 C에게 월세계약을 체결하라고 위임하였을 뿐 전세계약을 체결하라고 위임한 사실이 없으며, 부동산임대차계약서에 날인되어 있는 B이라는 인영(도장)은 피고 C이 자신의 승낙 없이 위조하여 사용한 것’"
fraud_core,108044,4,"‘이 사건 주택’이라 한다)에 관하여, 임대인 D, 임차인 원고, 임대차보증금 4,000만 원, 임대차기간 2017. 4. 9.부터 2019. 4. 7.까지로 하여 임대차계약을 체결하였다(이하 ‘"
fraud_core,108044,4,"’이라 한다). 2) 원고는 2017. 6. 9. 이 사건 임대차계약서에 확정일자를 받았으며, 같은 날 이 사건 주택에 관하여 주민등록을 하였다. 나. 피고의 부동산수탁 피고는 2017. 9. 13. 이 사건 주택에 관하여 2017. 9. 13. 신탁계약을 원인으로 하여 소유권이전등기를 경료하였다. 다. 원고의 임대차보증금 반환 촉구 원고는 2019. 11. 8. D에게 ‘"
fraud_core,110865,4,"‘공사도급계약’을 체결하여, 이 사건 건물의 신축공사를 대금 24,420,000,000원에 수급하였다(갑 제2호증의 1). ○위 공사도급계약에서는, 피엠코리아가 공사대금 지급목적으로 조성하는 자금에 대해여 원고가 연대보증 등 모든 협조를 취하여야 한다고 약정하였다(특약조건 제9조). ○위 공사대금은 2003. 7. 15.까지 3차에 걸쳐 26,048,000,000원으로 증액되었다(갑 제2호증의 2, 3, 4). [3] ○피엠코리아는 2002. 7.경부터 이 사건 건물의 점포를 임대하였고, 그 임차인들이 국민은행으로부터 대출(이하 ‘"
fraud_core,111277,4,"‘이 사건 대지’라고 한다)에는 피고의 임차권에 우선하여 근저당권(근저당권자 사하농업협동조합, 채무자 원고, 채권최고액은 70,000,000원이었으나 2007. 5. 23. 변경계약에 의하여 36,400,000원이 되었다)설정등기가 마쳐져 있으며, 인가된 위 변제계획은 위 근저당권 및 임차권을 “"
fraud_core,113887,4,"“만일 임차인이 피고에게 점포의 전대를 위임하면 피고가 책임지고 점포를 전대하고, 임차인에게 그 전대차보증금과 전대료를 지급하여 주겠다. 그러면 임차인이 직접 상가를 운영하지 않고도 상당한 투자수익을 얻을 수 있다.”"
fraud_core,116377,4,"‘이 사건 점포’라 함)에 관하여 전전세계약을 체결하기 전에는 이 사건 점포가 자신의 소유인 것처럼 얘기하였지만, 전전세계약 체결 직전 이 사건 점포에 관한 부동산등기부등본을 보고 소유자가 Y인 사실을 알게 되었고, 이에 피고인은 2016. 11. 28. 전전세계약을 체결하면서 향후 이 사건 점포를 매수할 계획이라고 얘기하였다고 진술하였다. 2) 피고인은 2016. 11. 28. C와 사이에 전세금 1억 원, 전전세기간 인도일부터 2018. 12. 28.까지로 하는 전전세계약(이하 ‘"
fraud_core,120814,4,"‘일천오백만원(1,500,000) 위 금액을 다음 부동산에 대한 임대차계약의 보증금 중 계약금(보증금 중 중도금 중 잔금으로) 틀림없이 받았습니다.’"
fraud_core,120984,4,"‘계약 연장을 원하지 않아 기간 만료시 원상회복 및 건물 명도를 하겠으니, 동시에 임대차보증금을 반환해 달라’"
fraud_core,121518,4,‘임대인은 임차인이 임대차기간이 만료되기 6개월 전부터 1개월 전까지 사이에 계약갱신을 요구할 경우 정당한 사유 없이 거절하지 못한다’
fraud_core,121745,4,"‘한글’ 프로그램의 파일 속성 화면)을 제출하였으나, 증 제7호증의 임대차계약서는 피고인이 위조하여 행사한 임대차계약서(수사기록 1책 1권 16면)와 완전히 같은 문서가 아닐 뿐더러, 설령 양자가 완전히 같다고 하더라도 피고인이 위조한 임대차계약서가 증 제7호증의 문서파일에 기한 것인지 알 수도 없다(즉 피고인이 2018. 4. 11. 위조하여 행사한 임대차계약서와 같은 완전히 똑같은 문서를 다른 날짜에 ‘"
fraud_core,122352,4,"'란 기재 해당 각 돈이다. 5) 이 사건 분양계약서 중 이 사건과 관련된 부분은 다음과 같다.   다. 입주지연 및 분양계약 해제 그런데 원고들은 주위적 피고의 공사 부진 등으로 인해 이 사건 분양계약서상 입주예정일인 2019년 2월로부터 3개월이 지난 2019. 5. 31.까지도 이 사건 아파트에 입주하지 못하였고, 이에 원고들은 주위적 피고에게 위와 같은 입주지연을 원인으로 이 사건 분양계약을 해제하겠다는 의사표시가 담긴 내용증명을 보냈으며, 위 내용증명은 별표 1. '"
fraud_core,122352,4,"'본 공급목적물은 토지신탁사업에 의거 공급되는 재산으로서, 매수인은 신탁기간의 만료, 신탁해지 등의 사유로 인하여 위탁자와 매도인 겸 수탁자 사이에 체결된 신탁계약이 종료됨과 동시에 신탁에 기한 매도인 겸 수탁자의 모든 행위 및 권리․의무(불법행위에 의한 책임 및 법정책임을 포함하되 이에 한정하지 않음)는 별도의 조치 없이 위탁자에게 면책으로 포괄 승계되며, 아울러 본 공급계약에 기한 매도인의 매수인에 대한 모든 권리와 의무도 계약변경 등 별도의 조치 없이 위탁자에게 면책적으로 승계되는 것에 관하여 인지하고 동의한다.'"
fraud_core,122352,4,'위탁자와 수탁자가 이 계약에서 정하지 아니한 사항을 별도로 특약으로 정한 경우에는 그 특약을 이 계약에 우선하여 적용한다.'
fraud_core,123031,4,"‘1차 내용증명’이라 한다)을 보내어 2018. 2. 5. C에게 도달하였다. 원고는 2018. 4. 12. 피고가 2018. 4. 1. 기준으로 2기의 차임액에 해당하는 62,478,230원의 지급을 연체하고 있는 등 1차 내용증명에 적시한 사유에다가, 이 사건 부동산의 1층 부분을 불법 증축하였으며, 이 사건 부동산을 임대인의 서면동의 없이 제3자에게 무단 사용하게 함으로써 계약을 위반하였다는 이유를 추가한 임대차계약 해지의 의사표시가 담긴 내용증명우편(이하 ‘"
fraud_core,124256,4,"’이라 지칭한다.)를 마침과 동시에 이 사건 대출금 2억 원의 담보로서 이 사건 전세권에 관하여 대구지방법원 2002. 2. 8. 접수 제13057호로 섬유신협을 근저당권자로 한 채권최고액 3억 원의 전세권근저당권설정등기(이하, ‘"
fraud_core,124256,4,"“황금리조트가 대청교역의 저당채무를 인수할 의무를 이행하지 않아 대청교역이 매매계약을 해제하였으므로, 원고도 소유권을 상실하여 이 사건 전세권설정등기 및 전세권근저당권설정등기의 말소를 청구할 권리가 없다.”"
fraud_core,124294,4,"’이라 한다). 4) 이 사건 각 신탁계약의 내용 중 이 사건과 관련된 부분은 다음과 같다.   나. 임대차계약의 체결 등 1) 원고 A은 2017. 3. 17. 피고 D을 대리한 피고 E와 사이에, 원고 A이 피고 D으로부터 이 사건 제1 부동산을 임대차보증금 130,000,000원, 임대차기간 2017. 3. 18.부터 2019. 3. 17.까지로 정하여 임차하기로 하는 임대차계약(이하 ‘"
fraud_core,124294,4,"‘본건은 계약일 현재 실소유자는 피고 D이나 H에 담보신탁등기된 것으로 임대차보증금의 반환, 임대인의 권리와 의무는 오직 실소유자인 피고 D에게만 있다’"
fraud_core,124315,4,"“처음에 월세 계약을 할 때 제가 참여하여 직접 계약서를 작성한 적이 있지만, 근래 3~4년 동안은 계약도 자기가 알아서 하겠다고 하면서 임차인이 바뀌었다고 통보만 해주었습니다.”"
fraud_core,128495,4,"’고 진술하였다. 다. 이 사건 임대차계약서의 형식과 외관, 위 계약서의 작성 경위, 종류, 내용, 거래에서 위 계약서가 가지는 기능 등 여러 가지 사정을 종합하면, 일반인으로서는 이 사건 임대차계약서가 ‘"
fraud_core,129562,4,"‘피고’라고 한다)는 1990. 1. 10. 무렵부터 이 사건 상가에서 음식점을 운영해 오다가, 1995. 1. 12. 이 사건 상가의 소유권을 취득하였다. 피고는 2003. 5. 6. 소외 1에게 이 사건 상가를 매도한 후 같은 해 6. 5. 소외 1로부터 이 사건 상가를 보증금 2,000만 원, 월 차임 150만 원, 계약기간 2003. 6. 5.부터 1년으로 정하여 임차하였고, 이후 이 사건 임대차계약은 묵시적으로 갱신되어 왔다. 나. 원고(반소피고, 이하 ‘"
fraud_core,132407,4,"“당장 급하게 내야 할 캐피탈 업체에 대한 대출원리금, 사채 이자, 카드 대금이 있는데, 네 명의로 위 아파트의 임대차보증금 반환채권을 담보로 하여 대출을 받아주면 그 대출금으로 급한 돈을 지급하려고 한다. 대출에 대한 이자를 정상적으로 납부하고, 담보로 잡힌 1,000만 원 상당의 위 임대차보증금 반환채권에 문제가 없도록 2020년 여름 무렵까지 내 소유의 아파트를 처분하여 그 대금으로 원금을 상환하겠다.”"
fraud_core,135395,4,"""공소외 2가 위 주택에 전세입자로서 살고 있는 것처럼 임대차계약서를 작성하여서 그것을 근거로 배당신청을 하면 임대차보증금에 상당하는 돈을 배당받을 수 있으니 보증금을 1억 5천만 원으로 하는 임대차계약서를 작성하자."""
fraud_core,135796,4,"‘임차인은 이 사건 부동산에 존재하는 선순위 권리(근저당권, 임차권 등)로 인하여 경매 등이 실행될 경우 임차보증금의 전부 또는 일부를 반환받지 못할 수도 있음을 확인한다.’"
fraud_core,136031,4,"’이라고 한다), C에게 2014. 3. 29. 53,000,000원을 지급하였다. 2) 원고는 2014. 4. 8. E호로 전입신고를 마치고, 그 무렵 C으로부터 E호를 인도받았다. 3) 이 사건 임대차계약은 그 기간 만료 이후 묵시적으로 갱신되었는데, 원고는 2017년 말경 C에게 임대차계약의 해지를 통보하였다. 나. 원고의 주택임차권등기 경료 및 인도 원고는 이 사건 건물에 관하여 2018. 5. 3. 수원지방법원 오산시법원 2018카임45호로 임차권 범위를 ‘"
fraud_core,139335,4,"’에 ‘임차인의 임대계약 체결 후 주택임대차보호법 제3조 제1항에 규정한 확정일자를 갖출 수 있으며, 보증금의 우선변제권이 있음.’"
fraud_core,139335,4,"’의 신설 규정에 따라 이 사건 아파트의 임차인대표회의가 2008. 7. 4. 울산 북구청장으로부터 직접 분양전환승인을 받았다. (6) 평창토건의 파산관재인인 피고와 한국토지신탁, 원고 등은 2010. 1. 21. 평창 2차 아파트 임차인대표회의와 사이에, 2010. 4. 8. 평창 3차 아파트 임차인대표회의와 사이에, 2010. 4. 14. 평창 1차 아파트 임차인대표회의와 사이에, 각 이 사건 아파트의 분양전환 등에 관한 합의(이하 ‘"
fraud_core,145065,4,"'이라 한다), 채권최고액 204,000,000원으로 정한 근저당권이 설정되었다. ④ 그런데 K, L, M은 2013. 5. 20.경기도 여주군 T로 주민등록을 이전하였다가, 2013. 5. 22. 다시 이 사건 아파트로 재전입하였다. ⑤ 피고인과 피해자는 2013. 7. 25.경 이 사건 아파트에 관하여 임대차보증금 1억 3,000만 원을 기존 임대차보증금 지급으로 대신하기로 하고, 임대차기간을 2015. 7. 24.경까지 2년으로 정한 임대차계약을 체결하였으며(이하, '"
fraud_core,146960,4,"“한국특수판매공제조합의 공제계약해지가 그 자체로 정당할 뿐만 아니라, 설령 위 피고인들의 주장과 같이 담보금액을 계산한다고 하더라도 추가적인 출자금 또는 담보설정이 필요하므로, 공제계약해지가 부당한 것으로 보이지 않는다.”"
fraud_core,147830,4,"’이라 한다)으로부터 1차 □□□하우스를 담보로 대출을 받는 데 사용할 목적으로 보증금 액수를 줄이는 내용으로 임차인 명의의 임대차계약서를 위조하기로 마음먹었다. 피고인은 2014. 9. 중순경 2차 □□□하우스 7층에 있는 사무실에서, 컴퓨터로 부동산임대차계약서 양식의 부동산 표시란에 ‘"
fraud_core,148469,4,"’라고만 한다)가 운영하는 공제사업은, 비록 보험업법에 의한 보험사업은 아닐지라도 그 성질에 있어서 상호보험과 유사하고 중개업자가 그의 불법행위 또는 채무불이행으로 인하여 거래당사자에게 부담하게 되는 손해배상책임을 보증하는 보증보험적 성격을 가진 제도로서, 중개업자와 피고 사이에 체결된 공제계약은 기본적으로 보험계약으로서의 본질을 갖고 있으므로, 적어도 공제계약이 유효하게 성립하기 위해서는 공제계약 당시에 공제사고의 발생 여부가 확정되어 있지 않아야 한다는 우연성과 선의성의 요건을 갖추어야 한다. 여기서 ‘"
fraud_core,148494,4,"’이라 한다)을 체결하였고, 피고 B은 2017. 1. 31. J은행으로부터 이 사건 임대차계약에 관한 대항력 및 우선변제권을 유지하는 조건으로 위 임대차보증금의 잔금 일부인 200,000,000원을 대출(이하 ‘"
fraud_core,148494,4,"’이라 한다)받았으며, 그 대출금은 같은 날 피고 C의 계좌로 송금되었다. 그런데 피고 B은 2017. 1. 23. 이 사건 임대차계약에 대하여 확정일자를 받고 2017. 1. 31. 이 사건 부동산에 관하여 전입신고를 하였다가 2017. 2. 28. 무단전출하여 이 사건 임대차계약에 관한 대항력 및 우선변제권을 상실시켰고, 피고 법인은 2017. 2. 8. 이 사건 부동산의 소유권을 취득하고는 피고 B이 무단전출해 있던 사이인 2017. 3. 3. K조합(이하 ‘"
deposit_dispute,34,4,“계약금 지급 후 피고는 원고에게 국내외 거래처의 계약승계를 실시한다. 거래처 계약시 원고의 판단에 따라 선별하여 계약승계를 실시할 수 있다.”
deposit_dispute,34,4,"『라. 소결론 피고가 이 사건 계약에 따른 영업권 양도의무를 위반하였다고 인정할 수 없음은 앞서 보았으므로, 피고의 영업권 양도의무 위반을 전제로 한 이 사건 근저당권 말소청구 및 37,833,037원(보유브랜드 영업권 2억 원 – 4차 잔금 162,166,963원)의 지급청구는 이유 없다. 또한 피고는 원고에 대해 내리창고에 관한 임대차보증금 35,000,000원을 반환할 의무를 부담하지 않으므로 이 부분 청구 역시 이유 없다.』"
deposit_dispute,395,4,"’이라고 한다)을 체결하였고, C에게 위 임대차계약에 따른 임대차보증금을 모두 지급하였으며, 위 임대차계약상 입주예정일인 2014. 12.경(한편 이 사건 아파트에 관하여 2014. 12. 29. 등기부가 개설되어 같은 날 C 명의로 소유권보존등기가 마쳐졌다) 무렵부터 이 사건 변론종결 당시까지 위 아파트에 거주하고 있다. 다. 피고는 2019. 12. 31.자로 E 아파트에 대한 의무임대기간 5년이 만료되자, 2020. 1.경 원고를 포함한 위 아파트 임차인들에게 ‘"
deposit_dispute,427,4,“임대인이 원하지 않는 업종을 임차인이 신규임차인으로 주선하지 못하게 하기 위하여 업종제한 특약을 기재한다”
deposit_dispute,888,4,‘임차인은 임대인의 승인 하에 가옥을 개축 또는 변조할 수 있으나 계약대상물을 명도 시에는 임차인이 일체 비용을 부담하여 원상복구하여야 함’
deposit_dispute,990,4,"’이라 한다)을 체결하였고, 2019. 5. 30. 이 사건 임대차계약을 월 차임을 850,000원으로 증액하고 임대차기간을 2020. 5. 30.까지로 갱신하는 계약을 체결하였다. 나. 원고는 이 사건 임대차계약 체결 이후 이 사건 점포에서 ‘"
deposit_dispute,2693,4,"’이라 한다)를 보증금 90,000,000원에 2012. 8. 10.부터 2013. 4. 30.까지 임차하기로 하는 계약을 체결한 사실, 망인은 2015. 3. 8.경 사망하였고 그 상속인으로는 처인 피고 B, 자녀들인 원고, 피고 C, D, E, F이 있는 사실, G와 H은 망인에 대한 임대차보증금의 반환을 위하여 2018. 4. 24. 서울중앙지방법에 2018년 금제10253호로 그 상속인들인 원고와 피고들을 피공탁자로 하여 90,000,000원을 공탁(이하 ‘"
deposit_dispute,2785,4,"’이라 한다)을 체결하였다. 다. 이 사건 임대차계약 체결 당시 L 등이 소유한 이 사건 부동산에 관하여는 선순위 근저당권의 피담보채무와 선순위 임차인의 임대차보증금이 그 시가를 초과하는 상황이었는데, 피고 J은 원고들에게 이 사건 부동산에 관하여 ‘"
deposit_dispute,2785,4,"‘보증금’란 기재 해당금액의 임대차보증금을 해당 임대인들에게 지급하고 이 사건 부동산의 일부를 각 임차한 후 전입신고를 마치고 해당 임대차계약서에 확정일자를 받았으나, 이 사건 경매절차에서 배당요구한 원고들은 배당절차에서 별지 표 ‘"
deposit_dispute,3361,4,"‘임대인 G와 2018. 12. 24. 임대차계약을 하면서 계약일에 계약금 300만 원을 현금으로 주고 나머지 잔금을 2018. 12. 27.까지 주기로 하였는데, 돈을 받을 곳에서 제날짜에 돈이 들어오지 않아 말일까지 기다려 달라고 G에게 부탁하였고, 말일 점심때까지 1,470만 원밖에 준비가 안되어 우선 G에게 찾아가 1,470만 원을 건넸고, 같은 날 밤 10시반까지 230만 원을 구해 계좌로 송금해 주었다. 그리고 다음날인 2019. 1. 1. 점심 때쯤 나머지 1,000만 원을 G 은행계좌로 송금해 주었다’"
deposit_dispute,3731,4,‘이 사건 임대차계약은 원고와 반소원고 사이의 임대차계약이 아니라 피고와 반소원고 사이의 전대차계약으로서 원고는 위 계약의 당사자가 아니다’
deposit_dispute,4668,4,"’이라고 한다), 피고에게 2014. 3. 29. 53,000,000원을 지급하였다. 2) 원고는 2014. 4. 8. E호로 전입신고를 마치고, 그 무렵 피고로부터 E호를 인도받았다. 3) 이 사건 임대차계약은 그 기간 만료 이후 묵시적으로 갱신되었는데, 원고는 2017년 말경 피고에게 임대차계약의 해지를 통보하였다. 나. 원고의 주택임차권등기 경료 및 인도 원고는 이 사건 건물에 관하여 2018. 5. 3. 수원지방법원 오산시법원 2018카임45호로 임차권 범위를 ‘"
deposit_dispute,4804,4,"'이라 한다) ○ 임대차기간 : 2002. 10. 15. ~ 2008. 10. 15. ○ 임대차보증금 : 2억 원 ○ 차임 : 월 1,200만 원 B과 피고는 위 임대차보증금 반환채권을 담보하기 위하여 아래와 같은 전세권설정등기를 마쳤다(이하 '"
deposit_dispute,5006,4,“존속되거나 상가건물임대차보호법 제13조 제2항에 따른 계약갱신요구권의 대위행사에 의해 임대차계약이 갱신될 수 있다고 주장한다”
deposit_dispute,5530,4,’라고 한다)가 되었다. 나. 원고와 피고는 2019. 10. 23. 이 사건 토지 및 건물에 관하여 아래와 같은 내용의 매매계약을 체결하였다.  다. 원고와 피고는 위 매매계약상 특약에 따라 2020. 1. 3. 이 사건 건물에 관하여 아래와 같은 내용의 임대차계약(이하 ‘
deposit_dispute,6157,4,“또한 매매예약완결로 매매계약이 성립된 이후 원·피고 사이의 묵시적인 합의로 위 매매계약이 해제되었음은 앞서 본 바와 같으므로 원고가 위 대출금 채무와 임차보증금반환 채무를 인수하여야 한다고 보기도 어렵다”
deposit_dispute,7353,4,"’피고가 원고로부터 받아야 할 보증금은 1억 원이고, 보증금 1,000만 원당 10만 원의 이자만 내면 되는데, 왜 피고가 굳이 1,000만 원을 빌리면서 20만 원의 이자를 내야하는지 이해가 되지 않아, 이때부터 피고가 받아야 할 보증금에서 기존의 대여금을 공제하고 피고가 필요한 돈을 보증금에서 빼줄 것을 원고에게 요청하였다‘"
deposit_dispute,10165,4,"’라고 한다)하였다. 다. 한편, 피고 F는 피고 E에 대한 계약금 등 반환채권(청구금액 71,000,000원)을 피보전채권으로 하여 피고 E가 G에 대하여 가진 위 임대차보증금 반환채권에 관한 채권가압류신청을 하였고, 2018. 3. 15. 서울남부지방법원 2018카단478호로 채권가압류결정(이하 ‘"
deposit_dispute,10240,4,"‘채권증서’는 채권의 존재를 증명하기 위하여 채권자에게 제공된 문서로서 특정한 이름이나 형식을 따라야 하는 것은 아니지만, 장차 변제 등으로 채권이 소멸하는 경우에는 민법 제475조에 따라 채무자가 채권자에게 그 반환을 청구할 수 있는 것이어야 한다. 이에 비추어 임대차계약서와 같이 계약 당사자 쌍방의 권리의무관계의 내용을 정한 서면은 그 계약에 의한 권리의 존속을 표상하기 위한 것이라고 할 수는 없으므로 위 채권증서에 해당하지 않는다고 할 것이다. 원고는 주식회사 유비원(이하 ‘"
deposit_dispute,10313,4,"‘상가임대차법’이라 한다)에 따른 이 사건 각 임대차계약의 갱신을 요구하였다. 차. 원고는 피고들에게 2020. 6. 10.경 이 사건 각 임대차계약의 해지를 내용증명우편으로 통보하였고, 2020. 7. 1.경 ‘"
deposit_dispute,12876,4,’라고 한다)가 되었다. 나. 원고와 피고는 2019. 10. 23. 이 사건 토지 및 건물에 관하여 아래와 같은 내용의 매매계약을 체결하였다.  다. 원고와 피고는 위 매매계약상 특약에 따라 2020. 1. 3. 이 사건 건물에 관하여 아래와 같은 내용의 임대차계약(이하 ‘
deposit_dispute,13573,4,"'이라 한다)에 관한 임차인으로 임대차보증금 64,000,000원이라는 권리신고 및 배당요구를 하였다. 위 신청서에는 피고와 C 사이에 2018. 10. 25.자로 계약을 체결하고, 피고가 2019. 10. 21. 제천세무서장으로부터 확정일자를 받은 임대차계약서가 첨부되었다. 다. 위 법원은 2020. 9. 21. 열린 배당기일에서 실제 배당할 금액 1,449,927,767원을 아래와 같이 배당하는 내용으로 배당표(이하 '"
deposit_dispute,13757,4,"’라고 한다)의 모(母)이다. 나. 원고는 2018. 4. 14. E의 대리인인 피고 B와 이 사건 아파트에 관하여 원고를 임대인, E를 임차인, 임대차기간 2018. 5. 4.부터 2020. 5. 3.까지, 임대차보증금 30,000,000원, 월 차임 1,000,000원으로 하는 임대차계약(이하 ‘"
deposit_dispute,14288,4,"’에 해당한다. 나. 검사는 피고인들의 행위를 성매매처벌법 제2조 제1항 제2호 (가)목에 해당하는 행위로 기소하였지만 피고인들의 행위가 성매매처벌법 제2조 제1항 제2호 (다)목의 행위로도 인정되는 이상 이 부분 공소사실은 범죄수익은닉규제법에 따른 몰수의 대상이 되는 성매매처벌법 제2조 제1항 제2호 (다)목의 행위와 관련성이 인정되므로, 이 사건 임대차보증금반환채권을 몰수하더라도 불고불리의 원칙에 위반되지 않는다. 다. 따라서 이 사건 임대차보증금반환채권은 범죄수익은닉규제법 제2조 제2호 (나)목 1)에서 범죄수익으로 정한 ‘"
deposit_dispute,14614,4,"『나) I(개인사업자 D)은 적법한 권한 없이 피고를 대리하여 원고와 사이에 이 사건 임대차계약을 체결하였으므로, 위 임대차계약은 무효이다. 또한 원고는 이 사건 위임장에 인감증명서가 첨부되어 있는지 여부를 확인하거나 임대인인 피고에게 위임사실을 확인하는 등의 조치를 취하지 않았고, 보증금을 피고가 아닌 I의 계좌에 입금하였는바, 원고에게 위와 같은 중과실이 있는 이상 피고의 표현대리 책임도 성립하지 않는다.』"
deposit_dispute,14684,4,"“임차인은 전소유자(E)에 대한 연체차임(관리비 포함)과 보증금 미지급분 및 이자비용 지급의무를 현소유자에게 이행하기로 한다. 현재 전소유자에게 보증금 1억 원 중 5,000만 원이 미납된 상태이며 연체차임(관리비 포함) 및 이자 비용이 1,224만 원이며 현소유자에게 2017. 7. 1.부터 차임(관리비 포함) 및 보증금 미지급 이자비용을 지급하기로”"
deposit_dispute,15765,4,“설령 이 사건 임대차계약이 유효하다고 하더라도 위와 같이 임대차계약을 유지할 수 없는 중요 부분에 사정변경이 발생하였으므로 이를 이유로 이 사건 임대차계약을 해제 또는 해지한다”
deposit_dispute,17100,4,"“임차인은 위 부동산에 존재하는 선순위 권리(근저당권, 임차권 등)로 인하여 경매 등이 실행될 경우 임차보증금의 전부 또는 일부를 반환받지 못할 수도 있음을 확인한다.”"
deposit_dispute,17606,4,"’이라고 한다)을 체결하였다. 나. 한국철도공사 소유인 이 사건 토지는 피고가 2012. 4. 1.경 한국철도공사로부터 임차한 이래 1~2년 간격으로 임대료 등을 변경해가며 새로 임대차계약을 체결하는 방식으로 임대차기간을 연장해 왔는데, 이 사건 임대차계약 체결 무렵에는 피고와 한국철도공사 사이에 2018. 4.경 임대차기간을 2020. 3. 31.까지로 하는 임대차계약이 체결된 상태였으며, 이와 관련하여 원고와 피고는 이 사건 임대차계약서에 ‘"
deposit_dispute,17788,4,"’이라 한다) 위 보증금을 피고에게 지급하였다. 원고와 피고는 이 사건 임대차계약 특약사항으로 관리비는 매월 20만원(부가가치세 별도)으로 약정하였다. 원고는 위 보증금 외에도 피고에게 8. 13. 200만 원, 8. 17. 800만 원 합계 1,000만 원을 지급하였다. 원고는 이 사건 상가를 인도받아 ‘"
deposit_dispute,20491,4,"‘임대차계약이 해약될 시에는 보증금에서 미납된 월세, 공동사용료 및 부가세를 결산 입금하고 남은 금액만 임대인은 반환한다’"
deposit_dispute,20491,4,"’에 관하여서는 특정 금액이나 산출기준, 지급 시기 등에 관하여 아무런 기재가 되어 있지 않은 점, ② 피고가 이 사건 임대차계약의 체결일로부터 불과 3개월여 전인 2018. 1. 10. 이 사건 상가가 위치한 건물과 같은 건물에 위치한 상가의 다른 임차인과 임대차계약을 체결하면서는 특약사항으로 ‘"
deposit_dispute,20596,4,"’이라 한다)을 운영하였으며, 위 임대차계약은 피고가 이 사건 건물의 소유권을 취득한 2017. 5. 1.경까지 묵시적으로 갱신되며 유지되었다. 다. 피고는 2017. 5. 1. E, F로부터 이 사건 건물을 매수하였고, 2017. 7. 31. 위 건물에 관한 소유권이전등기를 경료하였다. 라. 원고는 2017. 8. 5. 피고와 사이에 이 사건 상가에 관하여 임대차보증금 50,000,000원, 월 차임 2,500,000원, 임대차기간 2017. 8. 1.부터 2018. 8. 1.까지로 하여 임대차계약(이하 ‘"
deposit_dispute,20596,4,"’이라 한다)을 체결하였고, 그 무렵 피고에게 임대차보증금 50,000,000원을 지급하고 기존과 같이 계속하여 이 사건 상가에서 이 사건 음식점을 운영하였다. 마. 이 사건 임대차계약이 묵시적으로 갱신되어 계속되던 중 원고는 2019. 6. 3. G, H와 이 사건 음식점에 관하여 권리금을 70,000,000원으로 한 권리양도계약(이하 ‘"
deposit_dispute,23513,4,’임차인이 제3조를 위반하였을 때 임대인은 즉시 본 계약을 해지할 수 있다‘
deposit_dispute,24041,4,"“원고 1은 2000. 8. 28.경 처음 개업할 무렵에 임대차보증금 600만 원의 임대차계약을 체결하여 2002. 11. 14. 확정일자를 받았고, 원고 2는 2002년 7월경 임대차보증금 1,000만 원의 임대차계약을 체결하여 2002. 12. 26. 확정일자를 받았다”"
deposit_dispute,24425,4,"’라고만 지칭한다), 소외 회사에 대하여 2018. 2. 14. 해산등기가 마쳐졌다. 나. 이 사건 부동산의 임대차계약 1) 원고는 2018. 2. 28. 피고의 대리인으로 표시된, F이 운영하는 H와 사이에, 이 사건 부동산을 임대차보증금 50,000,000원, 월 임대료 90,000원, 임대차기간 2018. 2. 28.부터 2019. 2. 27.까지로 정하여 임대하는 계약(이하 &apos이 사건 임대차계약‘"
deposit_dispute,25271,4,"’이라 한다)을 체결하고, 피고 B에게 부산지방법원 중부산등기소 2018. 9. 17. 접수 제24281호로 이 사건 매매계약을 원인으로 한 소유권이전등기를 마쳐 주었다. 3) 한편 이 사건 매매계약 당시 이 사건 부동산에 관하여 부산지방법원 중부산등기소 2017. 10. 13. 접수 제29057호로 채권최고액 236,400,000원, 채무자 피고 A, 근저당권자 F조합인 근저당권설정등기(이하 ‘"
deposit_dispute,25833,4,"‘①재항고인이 위 임대차보증금 3,000만 원의 반환을 구하는 청구를 포기하고, 신청인은 재항고인에 대한 위 위자료 1,500만 원의 채권을 포기하며, ②신청인이 위 위자료 1,500만 원의 채권 등을 피보전권리로 한 재항고인에 대한 가압류를 취하·해제하고, 재항고인이 신청인을 상대로 제기한 추심금 소송을 취하하며 위 임대차보증금 3,000만 원의 반환채권과 관련한 주택임차권등기의 말소등기절차를 이행하고, 아울러 ③신청인과 재항고인은 혼인생활과 관련하여 이미 발생한 손해를 상대방에게 민사상 청구하지 않기로 한다’"
deposit_dispute,25935,4,“네가 전세권설정등기를 해 두어 내가 G로부터 잔금을 못 받는다. 전세권설정등기를 말소해라. 그래야만 나도 G로부터 잔금을 받아서 너에게 보증금을 반환할 수 있다”
deposit_dispute,25935,4,"“보증금 8,000만 원을 받았다는 영수증은 내가 작성한 것이 아니다. 이는 가짜다. 월세와 보증금을 받은 사실이 없으니 오히려 내가 밀린 월세를 받아야 하고 보증금은 반환해 줄 것이 없다”"
deposit_dispute,26243,4,"’이라 한다). 2) 임차인조합은 이 사건 약정에 따라 2003. 12. 17. ○○상가에 관하여 채무자를 임차인조합, 근저당권자를 원고, 채권최고액을 500억 원으로 하는 근저당권설정등기(이하 ‘"
deposit_dispute,26916,4,'임대차계약이 종료된 경우 임차인은 이 사건 건물을 원상으로 회복하여 임대인에게 반환한다'
deposit_dispute,28017,4,"'이라 한다)을 매매대금 26억 9,000만 원에 매도하면서, 매매대금에 관하여 피고 B가 기존 임대차보증금반환채무 3,900만 원을 승계하고, 계약금 4억 원은 계약시 지급받고, 잔금 22억 5,100만 원은 2015. 5. 29.에 지급받기로 하였다(이하 '"
deposit_dispute,29445,4,"’라고만 한다)이고, 피고는 원고가 실시하는 입찰에 참가하여 원고로부터 서울 지하철 3호선 B역 지하층 점포를 임차한 회사이다. 나. 원고와 피고는 2014. 4. 3. 서울 지하철 3호선 B역 지하 1층 C호(면적: 25.3㎡) 점포에 관하여 임대차기간 2014. 4. 3.부터 2017. 4. 2.까지, 임대차보증금 252,000,000원, 월 차임 14,000,100원으로 정하여 임대차계약(이하 최초 체결된 임대차계약과 다음에서 살펴볼 변경된 임대차계약을 포함하여 ‘"
deposit_dispute,29445,4,“이 사건 위약금 조항은 위약벌로서 임대인의 임차인에 대한 지연손해금 및 잔여손해 등에 대한 청구에 영향을 미치지 아니한다.”
deposit_dispute,29445,4,"“본 임대차 목적물은 건물명도 및 부당이득금 소송의 목적물로서 현재 대법원에 계류중에 있으며 향후 선고결과에 따라 계약기간을 단축할 수 있으며, 임차인은 이를 수용하여야 함(이 경우 임차인은 계약기간 단축으로 인해 발생하는 손해에 대해 서울메트로에게 어떠한 보상도 요구할 수 없음)”"
deposit_dispute,29978,4,"’이라 한다)을 체결하고, 피고 B에게 임대차보증금 6,000만 원을 지급하고 2017. 8. 20. 확정일자를 받았다. 나. 이 사건 임대차계약은 공인중개사인 피고 E 명의의 J공인중개사사무소에서 체결되었고, 실제로는 피고 E의 어머니인 피고 D이 피고 E의 명의를 사용하여 임대차계약을 중개하였다. 피고 D은 이 사건 임대차계약 체결 당시 원고에게 중개대상물 확인·설명서를 교부하였는데, 그 설명서의 ‘"
deposit_dispute,33499,4,"『, ④ 이 사건 제1임대차계약 제13조 제1항은 이 사건 제1임대차계약 체결 1년 후부터 이 사건 외식사업소와 이 사건 활어판매장 중 6개소를 포함하여 임대료를 2,000만 원으로 정하기도 한 점 등에 비추어보면, 이 사건 제1, 2임대차계약은 그 해지 여부를 판단함에 있어 일체로 취급하는 것이 타당하다. 다만, 각 차임이나 부당이득 등을 계산하는 경우에는 별도로 취급하기로 한다.』"
deposit_dispute,34420,4,"'이다. 나.피고는 2000. 9.경 서라벌여행사에게 송객 보증금 및 미수금을 반환하여 줄 것을 독촉한 바 있는데, 당시 서라벌여행사의 대표이사는 예정해였고, 별지 목록 기재 임대차계약의 임차인도 위 예정해였다. 다.위 예정해는 2001. 1. 18. 이희규, 고숙자, 김정대와 함께 '"
deposit_dispute,34588,4,"'서울고등법원 2018나2060718 판결에 기한 <토지, 건물 임대차계약의 종료에 따른 임대차보증금 반환>, 잔여 보증금 304,700,000원에서 2018. 10. 3.부터 2020. 12. 3.까지 26개월간의 임료 상당 부당이득 59,800,000원을 공제하고, 소송비용액확정 27,418,692원을 상계한 나머지 217,481,308원을 공탁하려 하였으나, 피고들 보조참가인이 수령거절함'"
deposit_dispute,34827,4,"’이라 한다)을 체결하다. 위 임대차계약은 갱신되었고, 피고 B은 이 사건 부동산을 점유․사용하고 있다. 2) 원고는 피고 B에게 2016. 9. 2. 20,000,000원을 이자율 연 19%, 상환기간 2018. 9. 30.로 정하여 대출해 주면서, 피고 B으로부터 그 대출원리금의 담보로 이 사건 보증금 반환채권을 양도받았고, 피고 B은 그 무렵 피고 공사에 내용증명 우편으로 위 채권 양도의 통지를 하였다(이하 위 대출금을 ‘"
deposit_dispute,37441,4,"'라고만 한다)는 2017. 1. 24. D로부터 이 사건 부동산을 33,290,000,000원에 매수하여 2018. 1. 23. 그 명의로 소유권이전등기를 마쳤다. 다. 원고는 2019. 8. 29. F와 사이에 이 사건 부동산에 관한 부동산담보신탁계약을 체결하고, 2019. 8. 30. 위 부동산담보신탁계약을 원인으로 한 소유권이전등기를 마쳤다. 라. 피고들은 2016. 7. 12. D와 사이에 이 사건 부동산에 관하여 계약기간을 2016. 7. 12.부터 2019. 7. 11.까지로 정한 임대차계약(이하 '"
deposit_dispute,37441,4,'임대인은 임차인이 임대차기간 만료 6개월 전부터 1개월 전까지 사이에 계약갱신을 요구할 경우 정당한 사유 없이 이를 거절하지 못한다'
deposit_dispute,39636,4,"’을 체결하였다)을 체결하였다. 2) 한편 피고 C는 그 후 일자불상경 원고의 요구에 따라 피고 B의 대표이사 자격으로 원고에게 J호에서 마트를 개점하면 J호에 관하여 K에 채권최고액 800,000,000원의 근저당권을 먼저 설정해준 후 원고의 보증금 반환을 담보하기 위하여 원고 명의의 후순위근저당권을 설정해준다는 확약서(갑 제5호증의 1, 이하 ‘"
deposit_dispute,41307,4,"’이라고 한다)에 관한 임대차계약에 기한 D의 피고에 대한 임대보증금반환청구채권 중 39,000,000원에 대하여 원고 등에게 채권양도하는 내용의 계약을 체결하고, 원고 등은 2019. 11. 4. 피고에게 채권양도의 통지를 하였다. 다. 위 2019. 11. 4.자 채권양도통지서(갑 제8호증)에는 ‘"
deposit_dispute,41307,4,’라고 기재되어 있다. 라. 한편 D이 임대차보증금반환채권을 양도할 당시 원고 등에게 준 이 사건 부동산에 관한 임대차계약서(갑 제9호증)의 특약사항에는 ‘
deposit_dispute,41820,4,"’라 한다)와 임대차기간을 각 잔금지급일부터 5년간으로 정하여, 원고는 이 사건 토지 중 4/11 지분을 임대차보증금 270,000,000원에, 피고는 이 사건 토지 중 3.635/11 지분을 임대차보증금 50,000,000원, 차임 월 2,200,000원에, 망인은 이 사건 토지 중 3.365/11 지분을 임대차보증금 230,000,000원에 건물의 소유를 목적으로 하는 각 임대차계약(이하 ‘"
deposit_dispute,41820,4,"’이라고 한다)을 체결하였고, 이에 따라 F는 그 무렵 원고에게 임대차보증금 270,000,000원, 피고에게 임대차보증금 50,000,000원, 망인에게 임대차보증금 230,000,000원을 각 지급하고, 원고, 피고, 망인으로부터 이 사건 토지를 인도받았다. 다. 망인은 2011. 11. 10. 사망하였고, 그 상속인으로 자녀들인 원고, 피고, G, H, I, J이 있었다. 라. 피고, G, H은 원고를 상대로 부산지방법원 동부지원 2012가단411호로 유류분반환 청구소송(이하 ‘"
deposit_dispute,42670,4,‘I이 2000년경부터 2018년경 사이에 임의로 월세 임대차계약을 전세임대차계약으로 변경하는 사문서위조 등 범행을 하였고 이로써 F의 임대차보증금반환 채무가 늘어났다. 피고인은 I의 범행을 도왔다.’
deposit_dispute,43293,4,"’이라 한다)을 체결하였고, 그 무렵 D에게 위 임대차보증금을 지급하였다. 나. 원고는 그 무렵 이 사건 F호실에 입주하여 2014. 7. 1. 전입신고를 한 뒤 이를 점유·사용하였다. 그 후 이 사건 임대차계약이 갱신되어 임대차기간이 2018. 1. 23.까지 2년간 연장되었다. 다. D은 2018. 3. 2. 피고와 사이에 충북 청주시 청원구 E 대 315.9㎡ 및 그 지상의 이 사건 건물을 대금 560,000,000원에 매도하기로 하는 계약을 체결하였고(이하 ‘"
deposit_dispute,43336,4,"‘○○○병원’이라고 한다)의 기존 시설을 확장하고 원고 명의로 병원을 새로 개설하여 공동운영하기로 하는 동업계약을, 2009. 10. 6. 위 계약내용을 수정하는 동업계약을 각 체결하였다(이하 위 각 동업계약을 통틀어 ‘"
deposit_dispute,44555,4,"’이라 한다) 중 2층 45.12㎡에 관하여, 임대인 C, 임차인 피고, 입주자 E, 임대차보증금 40,000,000원, 임대차기간 2009. 10. 28.부터 2011. 10. 27.까지로 하여 임대차계약(이하 ‘"
deposit_dispute,45864,4,"‘두영건설’이라고만 한다)로부터 부산 서구 아미동2가 27-1에 있는 두영오피스텔 (호수 생략)(미등기 상태)를 보증금 30,000,000원에 임차하고 두영건설에 2006. 4. 22. 25,000,000원, 2006. 5. 17. 5,000,000원 합계 30,000,000원을 보증금으로 지급하였는데, 위 임대차보증금반환채권을 담보하기 위하여 2006. 4. 26. 두영건설로부터 그 소유의 두영오피스텔 103호(이하 ‘"
deposit_dispute,46241,4,"’로 그 상호가 동일하다고 볼 수 없고, D의 원고에 대한 임대차계약에 기한 원상회복의무가 상법 제42조에서 정한 영업으로 인한 채무에 해당한다고 보기도 어려운 점 등에 비추어 보면, 을 제15호증의 기재만으로, 원고 D이 변경한 부분까지 원상회복할 의무를 부담한다고 보기 어렵다. 따라서 피고의 위 주장은 이유 없다. 3) 원고가 변경한 부분 살피건대, 갑 제1호증의 기재에 의하면, 이 사건 임대차계약서 제5조는 “"
deposit_dispute,46979,4,"’이라 한다)에 관하여 위 채권자들을 제1 내지 4순위 우선수익자로 하는 부동산담보신탁계약을 체결하고, 같은 날 피고 생보부동산신탁에게 위 부동산담보신탁계약을 원인으로 한 소유권이전등기를 마쳐주었다. 그 후 가오닉스스포츠는 2009. 3. 23. 피고 극동아이앤디에 대한 이 사건 차용금채무를 담보하기 위하여 피고 생보부동산신탁과, 위 부동산담보신탁계약에 관하여 피고 극동아이앤디를 제5순위 우선수익자(수익한도금액 2,730,000,000원)로 추가하는 부동산담보신탁변경계약(이하 ‘"
deposit_dispute,47173,4,"""임대차계약 종료 후 정상적으로 임대차보증금을 반환받을 수 있고 위 주택의 선순위 보증금 합계는 250,000,000원 상당이다."""
deposit_dispute,47924,4,‘임대차보증금을 반환받으면 이사를 할 의사가 있다. 다만 이사 나갈 집을 구하고 일정을 정하는 문제가 있으니 건물인도와 임대차보증금 반환에 관하여 상호 합의할 것을 요청한다.’
deposit_dispute,48757,4,"“서울 송파구 C 건물을 소유하고 있고 패션회사를 운영하고 있으니 돈을 변제할 수 있다. 중국에서 옷을 수입해 오는 등 사업자금으로 사용할 돈을 빌려주면 2018. 8. 7.까지 월 2%의 이자를 지급하고, 원금을 상환하겠다. C 건물 1층 일부를 D에게 보증금 2억 5천만 원에 전세로 임대하고 있는데 그 보증금 반환채권을 임차인 D의 승낙을 받아 담보로 제공해 주겠다”"
deposit_dispute,49372,4,"‘이 사건 주택’이라 한다)에 관하여, 임대인 D, 임차인 원고, 임대차보증금 4,000만 원, 임대차기간 2017. 4. 9.부터 2019. 4. 7.까지로 하여 임대차계약을 체결하였다(이하 ‘"
deposit_dispute,49372,4,"’이라 한다). 2) 원고는 2017. 6. 9. 이 사건 임대차계약서에 확정일자를 받았으며, 같은 날 이 사건 주택에 관하여 주민등록을 하였다. 나. 피고의 부동산수탁 피고는 2017. 9. 13. 이 사건 주택에 관하여 2017. 9. 13. 신탁계약을 원인으로 하여 소유권이전등기를 경료하였다. 다. 원고의 임대차보증금 반환 촉구 원고는 2019. 11. 8. D에게 ‘"
deposit_dispute,50924,4,"“임대관련 업무, 임대보증기간 동안 임대료 지급, 임대보증금 수금 및 관리, 임차인의 물색 및 선정, 임대홍보, 임대차계약 관리(계약서 작성) 기타 등 피고를 위해 행하는 임대관련 업무 일체”"
deposit_dispute,50924,4,“임대차 계약시 임대인 보장금액과 임차인의 보증금 및 월세 금액은 다를 수 있다”
deposit_dispute,53371,4,"'라 한다)는 같은 날 F, G로부터 J 토지를 매수하였다. 다. 원고는 H의 위 임대차계약을 승계하기로 하고 2015. 5. 21. 피고(선정당사자)와 이 사건 건물 1층 식당 및 2층 일부에 관하여 보증금 3,000만 원, 차임 300만 원(부가 가치세 포함, 2016. 7.부터 272만 원으로 변경되었다), 임대차기간 전(前) 임차인 H의 잔여 임차기간인 2018. 3. 31.까지로 하여 임대차계약(이하 '"
deposit_dispute,54528,4,"’이라 한다)을 체결한 후 같은 날 임대차보증금 계약금 2,000,000원, 2017. 6. 22. 임대차보증금 잔금 18,000,000원을 송금받았다.   나. 이 사건 임대차계약서에 첨부된 중개대상물 확인 설명서에는 ① 대상물건의 표시 중 전용면적란에 76.44㎡로 기재되어 있고, ⑤ 관리에 관한 사항란에는 ‘"
deposit_dispute,56413,4,‘임대차보증금을 반환받으면 이사를 할 의사가 있다. 다만 이사 나갈 집을 구하고 일정을 정하는 문제가 있으니 건물인도와 임대차보증금 반환에 관하여 상호 합의할 것을 요청한다.’
deposit_dispute,56890,4,"’라는 상호로 부동산중개업을 하는 공인중개사인 피고 7의 중개로, 소외 1을 대리한 피고 1과 사이에 임대차계약의 종료 이후 2년을 갱신하는 계약을 체결하면서 소외 1을 대리한 피고 1의 요구에 따라 임대차보증금 500만 원을 추가로 지급하였다. 5) 원고 5는 2012. 2. 28. ‘"
deposit_dispute,56890,4,"’란에는 이 사건 다가구주택과 이 사건 토지의 소유권자가 모두 소외 1로 기재되어 있고, 이 사건 토지가 안양군파종중의 소유임을 설명하지 않은 것으로 보인다. 위 임대차계약은 계약기간 종료 후 임대차보증금 300만 원을 추가하는 조건으로 갱신되었다. (3) 피고 2, 피고 6이 2011. 3. 19. 이 사건 다가구주택 중 별지 1 도면 표시 ‘"
deposit_dispute,56890,4,"’란에는 이 사건 다가구주택과 이 사건 토지의 소유권자가 모두 소외 1로 기재되어 있고, 이 사건 토지가 안양군파종중의 소유임을 설명하지 않은 것으로 보인다. 그리고 피고 7이 2013. 4. 19. 위 임대차계약에서 임대차보증금을 500만 원 증액하는 임대차갱신 계약의 체결을 중개하면서도 이 사건 토지가 안양군파종중의 소유임을 설명한 바 없다. 나) 원고 7, 원고 2, 원고 5, 원고 6의 경우 (1) 피고 10이 2009. 5. 14. 이 사건 다가구주택 중 별지 1 도면 표시 ‘"
deposit_dispute,58008,4,"’ 음식점의 시설에 대한 권리와 임대차보증금반환채권을 6,000만 원(시설권리금 3,000만 원 + 임대차보증금 3,000만 원)에 매도하는 계약을 체결하였다. 피해자 F은 2018. 9. 27. C에게 3,000만 원, 주식회사 K에 3,000만 원을 송금하였다. F은 2018. 10. 10. ‘"
deposit_dispute,60525,4,‘임대인은 임차인이 임대차기간이 만료되기 6개월 전부터 1개월 전까지 사이에 계약갱신을 요구할 경우 정당한 사유 없이 거절하지 못한다.’
deposit_dispute,60525,4,‘임대차계약이 종료된 경우에 임차인은 위 부동산을 원상으로 회복하여 임대인에게 반환한다’
deposit_dispute,60928,4,"‘담보를 제공하라는 공소외 2 회사의 압박이 무척 심했다. 공소외 1 회사 내부적으로도 피해자에게 근저당권을 설정해 주느냐, 공소외 2 회사에 근저당권을 설정해 주느냐에 대해 수차례 회의를 하였다. 솔직히 피해자에게 먼저 근저당권을 해 주는 것이 당연하다. 하지만 공소외 1 회사의 투자자 전부와 직원들을 보호하기 위해서는 공소외 2 회사에 근저당권을 먼저 설정해 줄 수밖에 없었다’"
deposit_dispute,61048,4,"‘K호’라 한다)를 임대차보증금 3,800만 원, 임대차기간 2015. 8. 12.부터 2017. 8. 11.까지로 정하여 임차하는 임대차계약을 체결하였고, 2015. 8. 12.에 전입신고를 마쳤으며, 2015. 8. 12. 확정일자를 받았다. 2) 원고 B의 임대차계약서 특약사항란에는 “"
deposit_dispute,61048,4,"“개업자의 요구에 따라 임대의뢰인이 ①~⑫항을 확인 및 고지하고, 임차의뢰인이 인지한 후 계약을 체결함. 단, 각 세대별 임차계약서는 임대의뢰인의 준비 부족으로 구술로 전체 보증금과 월세로 대체하고 임대의뢰인이 이를 확인 인정하고, 계약을 체결함.”"
deposit_dispute,61048,4,"“개업자의 요구에 따라 임대의뢰인이 ①~⑫항을 확인 및 고지하고, 임차의뢰인이 인지한 후 계약을 체결함. 단, 각 세대별 임차계약서는 임대의뢰인의 준비 부족으로 구술로 전체 보증금과 월세로 대체하고 임대의뢰인이 이를 확인 인정하고, 계약을 체결함.”"
deposit_dispute,61644,4,"’이라 한다)에 관하여 임대인 E, 원고, 임차인 피고 B, 임대차보증금 45,000,000원으로 하는 임대차계약(이하 ‘"
deposit_dispute,61644,4,"’이라 한다)을 체결하였다. 2) 당시 E가 위 임대차계약을 중개한 H에게 공동임대인인 원고의 위임을 받았다고 말하면서 계약서에 원고의 인장을 날인하였다. 3) 원고는 2014. 7. 4. H이 운영하는 공인중개사사무실을 방문하여, 이 사건 제1부 동산에 관한 위 임대차계약서를 복사하여 갔다. 4) 원고는 2015. 3. 23. 피고 B에게 ‘"
deposit_dispute,61644,4,"’이라 한다)에 대하여 임대인 E, 원고, 임차인 피고 C, 임대차보증금 10,000,000원, 차임 250,000원으로 하는 임대차계약(이하 ‘"
deposit_dispute,62108,4,"’이라 한다)에 관하여 주식회사 H과 신탁계약을 체결하고, 같은 날 주식회사 H 앞으로 위 신탁계약을 원인으로 한 소유권이전등기를 마쳐주었다. 나. 원고는 2020. 4. 28. 피고 회사와 이 사건 각 부동산에 관하여 임대차 기간 2020. 5. 11.부터 2022. 5. 10.까지, 임대차보증금 각 2억 원으로 정한 임대차계약(이하 ‘"
deposit_dispute,63378,4,"’이라 한다)과 사이에 관리형 토지신탁계약을 체결한 수탁자이고, 피고는 이 사건 건물의 임차인이다. 나. 피고는 2014. 8. 7. 이 사건 건물의 전 소유자인 소외 F과 사이에, 이 사건 건물을 임대차보증금 7,000만 원, 월 차임 550만 원(부가가치세 별도), 임대차기간을 2014. 8. 15.부터 2017. 8. 14.까지로 정하여 임차하기로 하는 내용의 임대차계약(이하 ‘"
deposit_dispute,63378,4,"’이라 한다)을 체결하였고, 위 임대차보증금을 지급하였으며, 이후 이 사건 임대차계약에 대해서는 묵시적 갱신이 이루어졌다. 다. 한편 E은, ① 2018. 11. 16. 위 F과 사이에 이 사건 건물을 매수하기로 하는 매매계약을 체결하였고, ② 2019. 5. 22.에는 원고와 사이에 이 사건 건물 부지 및 장차 그 지상에 건축될 집합건물(이하 위 주택 등의 건설사업을 ‘"
deposit_dispute,63378,4,"‘상가임대차법’이라 한다) 제10조 제4항에 따라 묵시적으로 갱신되어 2019. 8. 14.까지 연장되었는데(상가건물의 임대차에 관하여 상가임대차법이 규정하고 있는 사항에 대해서는 민법의 적용이 배제되므로, 민법에 따라 임대인 해지통고 이후 6월의 기간이 경과되어야 해지의 효력이 발생함을 전제로 ‘"
deposit_dispute,63378,4,“임대인은 임대차기간이 끝나기 6개월 전부터 임대차 종료 시까지 다음 각 호의 어느 하나에 해당하는 행위를 함으로써 권리금 계약에 따라 임차인이 주선한 신규임차인이 되려는 자로부터 권리금을 지급받는 것을 방해하여서는 아니 된다.”
deposit_dispute,64428,4,"‘종전계약’이라고 함)을 체결하였다. 나. 원고와 피고는 2018. 7. 1. 종전계약을 임대차기간 2018. 7. 1.부터 2020. 6. 30.까지, 임대차보증금 100,000,000원(지급기한: 2018. 7. 1.까지 10,000,000원, 2018. 10. 31.까지 50,000,000원, 2018. 12. 31.까지 40,000,000원), 차임 월 4,730,000원(부가가치세 포함)으로 변경하기로 합의(변경된 임대차계약을 ‘"
deposit_dispute,66500,4,"‘이 사건 점포’라 한다)에 관하여 임대차보증금 2억 원, 임대차기간 2010. 10. 1.부터 2014. 9. 30.까지(계약 만료 3개월까지 일방 당사자가 서면으로 계약의 종료를 통보하지 않는 한 1년씩 연장), 월 임대료 3,300만 원(부가가치세 별도)로 하는 임대차계약을 체결하였다. C은 그 무렵 이 사건 점포를 인도받아 인테리어 공사를 하고 그곳에서 ‘"
deposit_dispute,67983,4,"’이라 한다)과 원고 명의의 인감증명서, 신분증 사본을 교부하였다.  나. 이 사건 각 임대차계약 등 1) 피고는 2017. 6. 16. 원고를 대리한 소외 회사와 사이에 이 사건 건물에 관하여 임대차보증금 5,000만 원, 임대차기간 2018. 6. 16.까지로 정한 임대차계약을 체결하고(실제 계약은 소외 회사의 직원인 H이 관여하였다. 이하 ‘"
deposit_dispute,67983,4,"’이라 한다), 그 무렵 위 계약서에 기재된 계좌(기업은행 (계좌번호 2 생략), 명의인 : H)로 위 임대차보증금을 지급한 후 이 사건 건물을 인도받아 점유․사용하고 있다. 당시 임대차계약의 특약(이하 ‘"
deposit_dispute,67983,4,"’이라 한다)은 다음과 같다.  2) 피고는 2018. 7. 10.경 위 임대차계약을 연장하기로 하고, H(당시 개인사업자인 D의 직원이었다)과 위 임대차계약의 임대차보증금을 5,500만 원으로 증액하고, 임대차기간도 2019. 8. 31.로 연장하기로 한 임대차계약을 체결하였다(이하 ‘"
deposit_dispute,67983,4,"’E‘ D을 대리인으로 하여 체결되었으나(이 사건 ② 임대차계약 체결 무렵에는 소외 회사가 해산된 상태였고, 당시 계약에 관여한 H이 사용한 인장은 소외 회사가 아닌 D의 인장으로 보인다), 원고가 소외 회사에 포괄적인 임대차계약 체결권한을 위임한 것은 이 사건 건물의 임대 관련 일체의 업무로부터 벗어나면서도 매월 고정적인 임대수익을 얻기 위한 것이었고, 소외 회사가 해산될 무렵 D이 동일한 상호를 사용하여 소외 회사가 영업위탁계약에 기하여 수행해 오던 이 사건 건물의 임대 관련 일체의 업무를 동일하게 해 왔으며, 원고로서는 ’"
deposit_dispute,69094,4,"’이라 한다)의 공동중개로 F과 사이에 이 사건 부동산에 관하여 임대차보증금 154,000,00원, 임대차기간 2019. 5. 31.부터 2021. 5. 30.까지 24개월로 정하여 임차하기로 하는 내용의 이 사건 임대차계약을 체결하였다. 이 사건 임대차계약 특약사항에는 ‘"
deposit_dispute,69224,4,‘전세권근저당권설정을 통해 대출이 이루어지려면 전세권설정계약서가 있어야 한다.’
deposit_dispute,70051,4,"”라고 말하였다. 그러나 사실 피고인은 2016. 9.부터 위 면세점 건물의 임차료를 제대로 내지 않아 본건 무렵 임대차보증금이 소진되고 있는 상태였고, I은 자본금이 1억 원에 불과함에도 2016년 말에 이미 577,489,607원의 당기순손실로 완전자본잠식상태에 이르고 직원들의 월급도 지급하지 못하는 등 재정상태가 파탄에 이르러, 가맹보증금을 받아 다른 입점업체의 가맹보증금 반환에 ‘"
deposit_dispute,70051,4,"’로 사용하는 상황이어서, 피해자들로부터 퇴점 요구를 받더라도 100일 이내에 가맹보증금을 반환할 의사나 능력이 없었다. 피고인은 위와 같이 피해자들을 기망하여 이에 속은 피해자들로부터 2017. 4. 3. 가맹보증금 900만 원을 지급받아 이를 편취하는 등 별지 범죄일람표 기재와 같이 그때부터 2017. 11. 16.까지 피해자들로부터 가맹보증금 명목으로 합계 9,200만 원을 편취하였다. 3.『2019고단429』"
deposit_dispute,70498,4,"”이 사건 아파트를 5억 2,000만 원에 매수하겠다는 사람이 있다. 12. 17.까지 이 사건 아파트 임차인의 임대차보증금 금액인 3억 9,000만 원을 주면 세입자가 이 사건 아파트를 비워주기로 하고, 원고가 이 사건 아파트를 인도받아 수리한 후에 1. 8.에 매매대금 잔금을 지급하는 것으로 계약을 체결하면 어떻겠냐. 동의하면 피고의 계좌로 계약금을 보내겠다“"
deposit_dispute,71463,4,"’이라 한다)을 체결하였다. 나. C의 이 사건 임대차보증금 공탁 경위 1) 피고 대한민국 소속 영등포세무서는 2019. 9. 24.경 피고 B이 국세 17건 총 275,312,410원을 체납하였음을 이유로 이 사건 임대차보증금 반환채권 중 체납액(향후 가산되는 가산금 포함)을 압류하고, 그 취지를 C에게 통지하였다. 2) C은 이 사건 임대차계약이 종료된 직후인 2020. 12. 21. 피공탁자를 피고 B 또는 D 또는 영등포세무서로 하고, 공탁원인사실을 ‘"
deposit_dispute,71560,4,“임대인은 임대차기간이 끝나기 3개월 전부터 임대차 종료 시까지 다음 각호의 어느 하나에 해당하는 행위를 함으로써 권리금 계약에 따라 임차인이 주선한 신규임차인이 되려는 자로부터 권리금을 지급받는 것을 방해하여서는 아니 된다.”
deposit_dispute,71560,4,“그 밖에 정당한 사유 없이 임대인이 임차인이 주선한 신규임차인이 되려는 자와 임대차계약의 체결을 거절하는 행위”
deposit_dispute,72083,4,"’이라 한다)을 체결하였고, 그 무렵 D에게 위 임대차보증금을 지급하였다. 나. 원고는 그 무렵 이 사건 F호실에 입주하여 2014. 7. 1. 전입신고를 한 뒤 이를 점유·사용하였다. 그 후 이 사건 임대차계약이 갱신되어 임대차기간이 2018. 1. 23.까지 2년간 연장되었다. 다. D은 2018. 3. 2. 피고와 사이에 충북 청주시 청원구 E 대 315.9㎡ 및 그 지상의 이 사건 건물을 대금 560,000,000원에 매도하기로 하는 계약을 체결하였고(이하 ‘"
deposit_dispute,72356,4,"‘이 사건 건물’이라고 한다)에 관하여 임대차계약을 체결하고, C으로부터 임대차보증금 88,000,000원을 지급받았다. 나. C은 2019. 10. 14. 원고에 대한 대출원리금 채무의 변제를 위하여 피고에 대하여 가지는 임대차보증금반환채권(이하 ‘"
deposit_dispute,73323,4,"“원고가 전임차인에게 권리금 6,000만 원(중개수수료 500만 원 별도)을 지급하였으나 손해를 보게 되는 상황이다. 그 동안 수차례 J을 통하여 권리금을 받고 이 사건 점포를 양도하겠다고 하였으나 J이 양도는 불가하며 계약기간 종료시 이 사건 점포를 반환해 달라고 하였다. 변호사에게 자문해 보니 권리금을 보호받을 수 있다는 것을 알게 되었고 이 사건 점포를 지인에게 권리금 받고 넘기는 것으로 계약을 체결하였다. 좋은 방향으로 해결해 달라.”"
deposit_dispute,73329,4,"‘임차인인 피고 B이 무단 거주이전으로 인한 대항력 및 우선변제권을 상실하였고, 이는 이 사건 보증계약에 정한 면책사항에 해당된다.’"
deposit_dispute,74250,4,"’이라 한다)에 관하여 근저당권설정계약을 체결하고, 서울중앙지방법원 등기국 2007. 12. 17. 접수 제93033호로 채권최고액 2,600,000,000원, 채무자 E, D, F, 근저당권자 K으로 된 근저당권설정등기(이하 ‘"
deposit_dispute,75169,4,"""임대인은 임대차기간이 끝나기 3개월 전부터 임대차 종료 시까지 다음 각 호의 어느 하나에 해당하는 행위를 함으로써 권리금 계약에 따라 임차인이 주선한 신규임차인이 되려는 자로부터 권리금을 지급받는 것을 방해하여서는 아니 된다. 다만, 제10조 제1항 각 호의 어느 하나에 해당하는 사유가 있는 경우에는 그러하지 아니하다."""
deposit_dispute,75184,4,"'이라 한다), 같은 날 원고 명의의 소유권이전등기를 마쳤다. 2) 이 사건 매매계약 당시 이 사건 아파트의 전소유자인 J와 임차인 K 사이에 위 아파트에 관하여 임대차보증금 3,500만 원의 임대차계약(이하 '"
deposit_dispute,76211,4,"’이라고 한다)를 작성하였다. 다. 피고는 이 사건 계약에 따라 D에게 이 사건 계약에 따른 보증금 명목으로, 2018. 11. 14. 8,000,000원, 2018. 11. 29. 60,000,000원, 2018. 11. 30. 12,000,000원을 각 지급하였고, 그 무렵 이 사건 부동산을 인도받아 이 사건 변론종결일 현재 이 사건 부동산을 점유하고 있다. [인정 근거] 다툼 없는 사실, 갑 제1, 3호증, 을 제1, 7호증의 각 기재, 변론 전체의 취지 2. 당사자들의 주장 요지 가. 원고 이 사건 위탁계약의 성질은 ‘"
deposit_dispute,76211,4,‘임대차 계약시 위 임대인 보장금액과 임차인의 보증금 및 월세 금액은 다를 수 있다’
deposit_dispute,76676,4,"”라고 설명하였다. (4) 이 사건 임대차계약서(갑2호증)에는 공유 및 전용면적 합계 180평이 임대차면적으로 기재되어 있다. (5) 이 사건 임대차계약 체결 당시, 원고와 피고들은 차임에 대한 부가가치세를 면탈하기 위해 세무서에 위 임대차계약상의 임대차보증금 400,000,000원에 대하여만 신고를 하고 차임에 대해서는 신고를 하지 않기로 하며, 만약 원고가 이를 신고할 경우 위 신고에 따라 부과되는 세금에 대해서는 원고가 이를 부담하기로 약정(이하, ‘"
deposit_dispute,76878,4,"’이라 한다)을 체결하였다. 원고는 D에게 임대차보증금 전액을 지급하였다. 원고는 F의 직원으로부터 이 사건 건물 I호를 소개받아 이를 알게 된 것이었고, 위 직원이 원고에게 위 I호를 보여주었으며, 이 사건 계약 체결 당시 F에서 D, 위 직원을 만나 이 사건 계약을 체결하면서 위 직원으로부터 중개대상물 확인·설명서 및 공제증서를 교부받고, 중개수수료를 지급하였다. 다. 원고가 교부받은 중개대상물 확인·설명서에는 채권최고액 756,000,000원의 근저당권(다음부터 ‘"
deposit_dispute,77063,4,"’라고만 지칭한다), 소외 회사에 대하여 2018. 2. 14. 해산등기가 마쳐졌다. 나. 이 사건 부동산의 임대차계약 1) 원고는 2018. 2. 28. 피고의 대리인으로 표시된, F이 운영하는 H와 사이에, 이 사건 부동산을 임대차보증금 50,000,000원, 월 임대료 90,000원, 임대차기간 2018. 2. 28.부터 2019. 2. 27.까지로 정하여 임대하는 계약(이하 &apos이 사건 임대차계약‘"
deposit_dispute,79187,4,"“소송, 경매, 국세체납 등 등기부등본에 공시되지 아니한 하자가 없고, 채무는 선순위 임차인에게 반환하여야 할 임대차보증금 총액 약 2억 5,000만 원과 근저당권 채권최고액 2억 6,000만 원이 전부이다”"
deposit_dispute,79844,4,"‘임대인은 임차인이 시설한 시설 비용 30,000,000원을 보상하고 보증금은 반환하기로 한다’"
deposit_dispute,80493,4,"’라 한다)에 이 사건 상가의 임대차계약에 관한 일체의 권한을 위임하였고, G는 2008. 10. 28. 피고(변경전 상호 주식회사 H)와 사이에 보증금 합계 11,000,000,000원(그중 이 사건 부동산에 관한 보증금은 3,987,001원이다), 임대차기간 10년으로 정하여 임대차계약(이하 ‘"
deposit_dispute,80493,4,"’이라 한다)을 체결하였다. 다. 이 사건 임대차계약에 의하면 임대차기간은 피고가 영업을 개시한 날로부터 10년으로 정하고, 임대인과 피고는 계약기간 만료 180일 전까지 재계약 여부에 대한 의견을 상대방에게 서면으로 통지하여야 하며, 만약 통지가 없을 경우에는 5년간 같은 조건으로 연장된다는 약정을 하였다. 라. 피고는 2009. 9. 23.부터 이 사건 상가 1층 내지 5층에서 ‘"
deposit_dispute,80647,4,"‘위임자인 피고가 수임자인 주식회사 E에 이 사건 부동산의 임대 관련 업무, 임대보증기간 동안의 임대료 지급, 임대보증금 수금 및 관리, 임차인 물색 및 선정, 임대차 계약 관리(계약서 작성) 등 임대 관련사항 일체와 세대점검 및 방문과 관련된 권한을 위임한다’"
deposit_dispute,80647,4,“임대보증금은 이 계약이 끝나거나 해제 또는 해지되어 원고가 피고에게 주택을 명도함과 동시에 반환한다”
deposit_dispute,82250,4,‘임대인은 임대차기간이 끝나기 6개월 전부터 임대차 종료 시까지 다음 각 호의 어느 하나에 해당하는 행위를 함으로써 권리금 계약에 따라 임차인이 주선한 신규임차인이 되려는 자로부터 권리금을 지급받는 것을 방해하여서는 아니 된다’
deposit_dispute,84557,4,‘계약 후 5년이 경과하였고 그 동안의 물가상승 등을 고려하여 신규 임차인과의 새로운 계약을 체결하는 경우 상당한 금액을 인상하여 계약을 체결할 것임을 알려드립니다.’
deposit_dispute,84847,4,"‘이 사건 주택’이라 한다.)에 관하여 1/2 지분의 공유자로서 소유권보존등기를 마쳤다. 나. 원고는 2018. 5. 8. 피고 및 C와 이 사건 주택에 관하여 보증금을 500,000,000원으로 하되 계약금 50,000,000원은 계약시에 지급하고 잔금 450,000,000원은 2018. 5. 24. 지급하며, 임대차기간은 2018. 5. 24.부터 2010. 5. 24.까지로 하는 내용의 임대차계약서(이하 ‘"
deposit_dispute,84919,4,"’이라 한다), 그 무렵 위 임대차보증금을 전부 지급하였으며, 2015. 2. 25. 전입신고를 마쳤다. 나. 피고는 2015. 10. 8. C로부터 이 사건 건물을 매수하였고, 원고는 피고와 위 임대차계약에 따른 임대차보증금을 2,000만 원으로 하는 임대차계약서를 다시 작성하고(이하 ‘"
deposit_dispute,85054,4,"’이라 한다)을 신축하여 분양하는 개발사업을 진행하면서, F빌딩 내 구분점포에 대하여 임대분양을 먼저 한 다음 소유권 분양을 하여 구분소유자로 하여금 임대인과의 임대분양계약상의 지위를 승계하도록 하였다. 나. I는 1999. 3. 26. 소외 조합과 F빌딩 1층 1점포에 대하여 임대분양대금 100,000,000원, 개발비 20,000,000원, 월임대료 500,000원으로 하는 임대분양계약을 체결하였고, 피고는 2000. 1. 14. 위 임대분양계약상 I의 지위를 양수하고 소외 조합과 F 빌딩 1층 G호(전용면적 5.04㎡, 이하 ‘"
deposit_dispute,85713,4,"’에 ‘임차인의 임대계약 체결 후 주택임대차보호법 제3조 제1항에 규정한 확정일자를 갖출 수 있으며, 보증금의 우선변제권이 있음.’"
deposit_dispute,88095,4,‘임대차계약이 종료된 경우 임차인(원고)은 이 사건 지하층을 원상으로 회복하여 임대인(피고)에게 반환한다’
deposit_dispute,88148,4,"’이라 한다)을 체결한 후 같은 날 임대차보증금 계약금 2,000,000원, 2017. 6. 22. 임대차보증금 잔금 18,000,000원을 송금 받았다.  나. 이 사건 임대차계약서에 첨부된 중개대상물 확인 설명서에는 ① 대상물건의 표시 중 전용면적란에 76.44㎡로 기재되어 있고, ⑤ 관리에 관한 사항란에는 ‘"
deposit_dispute,88658,4,"‘피고는 소외 1에게 대전 중구 목동 건물 소유자들에 대한 보증금반환채권을 양도하고, 소외 1은 위 보증금을 책임지고 반환받아 원고에게 지급한다’"
deposit_dispute,88994,4,"”라고 답변한 사실은 인정된다. 그러나 D가 원고를 대리하여 이 사건 임대차계약을 체결할 권한이 있다고 보기 어려운 점, 원고와 피고 사이에 이 사건 임대차계약의 계약기간을 2년으로 연장하기로 하는 내용의 임대차계약서가 작성되지는 않은 점, 오히려 원고는 D가 위 문자메시지를 보낸 직후인 2020. 2. 10.경 피고에게 내용증명우편으로 ‘"
deposit_dispute,91488,4,"‘제1 보증계약’이라 한다)을, ② 2008. 12. 30. 피보험자 주식회사 아워홈, 보험가입금액 2억 원, 보험기간 2009. 1. 1.부터 2010. 1. 5.까지, 보험료 3,558,080원으로 정하여 임대차보증금반환 지급보증보험 계약(이하 ‘"
deposit_dispute,92975,4,"’이라 한다)에 관한 임차인으로 임대차보증금 64,000,000원이라는 권리신고 및 배당요구를 하였다. 위 신청서에는 피고와 D 사이에 2018. 10. 25.자로 계약을 체결하고, 피고가 2019. 10. 21. 제천세무서장으로부터 확정일자를 받은 임대차계약서가 첨부되었다. 라. 위 법원은 2020. 9. 21. 열린 배당기일에서 실제 배당할 금액 1,449,927,767원을 아래와 같이 배당하는 내용으로 배당표(이하 ‘"
deposit_dispute,93112,4,‘임차인은 임대인의 승인하에 개축 또는 변조할 수 있으나 계약 대상물을 명도 시에는 임차인이 일체 비용을 부담하여 원상복구 하여야 함’
deposit_dispute,93270,4,"’라 한다)가 피고에게 제출되었고, 피고의 이 사건 부동산에 대한 감정평가 진행 후인 2018. 1. 24. 작성일자를 2017. 12. 5.로 하여 근저당권자 피고, 채무자 소외 회사, 근저당권설정자 원고로 한 근저당권설정계약서(이하, ‘"
deposit_dispute,93285,4,"'이라 한다)상 관리단이다. 2) 피고는 원고로부터 이 사건 건물 제2층을 임차하여 피씨방을 운영한 사람이다. 나. 임대차계약, 공동근저당권설정계약의 체결 1) 피고는 2015. 12. 2. 원고와 사이에 다음과 같은 임대차계약을 체결하고, 같은 날 원고로부터 이 사건 건물 제2층을 인도받아 """
deposit_dispute,93747,4,"'이라 한다)을 체결하고, 2009. 6. 12.부터 이 사건 아파트에서 거주해 왔다. 라. 제1, 2임대차계약에 적용된 피고의 표준임대차계약서 중 관련 조항의 내용은 별지 기재와 같은바, 특히 계약특수조건 제10조는 '"
deposit_dispute,93805,4,"’이라 한다)을 체결하였다. C은 피고 및 E에게 임대차보증금 60,000,000원을 지급하고 이 사건 건물을 인도받아 현재까지 점유, 사용하고 있다. 나. 원고는 C에 대한 이 법원 2017차2704 대여금 사건의 지급명령을 집행권원으로 하여 2019. 7. 23. 이 법원 2019타채7822호로 C의 피고에 대한 이 사건 임대차계약에 따른 임대차보증금반환채권에 관하여 청구금액을 40,259,588원으로 하는 채권압류 및 추심명령(이하 ‘"
deposit_dispute,93937,4,"’이라 한다)에 관하여 업종을 커피숍으로 정하여 보증금 4,000만 원(차임 없음), 임대차기간 2001. 2. 24.까지로 정한 임대차계약을 체결하고, 그 무렵 C에 임대차보증금을 지급하고 C로부터 이 사건 커피숍을 인도받아 1999. 4. 30.경 사업자등록을 마치고 영업을 개시하였으며, 2003. 9. 1. 임대차기간을 2005. 8. 31.까지 24개월간으로 변경하는 임대차계약(이하 ‘"
deposit_dispute,94328,4,"‘이 사건 점포’라고 한다)를 임대차보증금 40,000,000원, 월차임 2,400,000원, 기간 2018. 3. 30.부터 2020. 3. 29.까지로 정하여 임대하는 부동산임대차계약을 체결하면서 특약사항으로 이 사건 점포 뒤쪽에 전 임차인이 설치한 7㎡ 규모의 불법건축물(이하 ‘"
deposit_dispute,94328,4,‘임대차계약이 종료된 경우에 임차인은 위 부동산을 원상으로 회복하여 임대인에게 반환한다’
deposit_dispute,94337,4,"“임차인은 위 부동산에 존재하는 선순위 권리(근저당권, 임차권 등)로 인하여 경매 등이 실행될 경우 임차보증금의 전부 또는 일부를 반환받지 못할 수도 있음을 확인한다.”"
deposit_dispute,96803,4,"’이라 한다)을 임대차보증금 280,000,000원(계약금 28,000,000원은 계약 시에, 잔금 252,000,000원은 2019. 9. 27.에 각 지급), 임대기간 2019. 9. 27.부터 2021. 9. 26.까지로 하여 임차하는 내용의 임대차계약(이하 ‘"
deposit_dispute,98334,4,"’라고 한다)을 임대차보증금 172,000,000원에 임차하는 임대차계약을 체결하였다. 2) 피고는 2017. 12. 5. C로부터 이 사건 아파트를 매수하여 2018. 1. 5. 소유권이전등기를 마치면서 임대사업자의 지위도 승계하였다. 원고는 2018. 9. 13. 피고와 이 사건 아파트에 관하여 이전과 동일한 내용 및 조건으로 임대차계약을 체결하였다(원고가 C 및 피고와 체결한 각 임대차계약을 통틀어 ‘"
deposit_dispute,99150,4,"’위탁자 및 수익자가 임대차 관리를 책임지고, 이 사건 신탁계약 체결 이전 또는 이후에 이루어진 임대차계약에 기인한 임대차보증금 반환채무는 위탁자 및 수익자가 부담하며, 수탁자는 면책된다‘"
deposit_dispute,99640,4,'임차인이 차임을 2기 연체할 시 임대인은 계약을 해지할 수 있다'
deposit_dispute,100324,4,"’이라 한다)를 매매대금 1억 7,000만 원에 매수하기로 하는 내용의 매매계약(계약금으로 1,000만 원, 잔금으로 8,200만 원을 각 지급하고, 임대차보증금반환채무 7,800만 원을 매수인이 인수하는 조건이었다. 이하 ‘"
deposit_dispute,100530,4,"’이라고 한다)하였는데, 이 사건 계약의 관련 부분은 다음과 같다.  나. 원고는 피고에게 보증금을 전부 지급하였고, 이 사건 아파트에 관하여 수원지방법원 동수원등기소 2018. 6. 14. 접수 제56595호로 보증금을 전세금으로 하고, 2020. 6. 13.까지를 존속기간으로 하는 전세권설정등기(이하 ‘"
deposit_dispute,100790,4,"’이라 한다)을 체결하였다. (2) B은 이 사건 근저당권설정계약을 원인으로 피고 D 앞으로, 이 사건 25, 26 부동산에 관하여 서울중앙지방법원 2014. 4. 10. 접수 제84100호 근저당권설정등기를, 이 사건 1 내지 20, 120 부동산에 관하여 광주지방법원 2014. 4. 11. 접수 제75021호 근저당권설정등기(이하 ‘"
deposit_dispute,102964,4,"‘자신은 임대차보증금을 수령한 사실이 없고, 피고 C에게 월세계약을 체결하라고 위임하였을 뿐 전세계약을 체결하라고 위임한 사실이 없으며, 부동산임대차계약서에 날인되어 있는 B이라는 인영(도장)은 피고 C이 자신의 승낙 없이 위조하여 사용한 것’"
deposit_dispute,103859,4,"‘이 사건 부동산에 관한 임대차계약 체결 및 월차임과 보증금 수령 등 계약의 내용, 계약의 체결 방식에 대한 일체의 권한’"
deposit_dispute,104708,4,"'라고만 한다)는 2017. 1. 24. D로부터 이 사건 부동산을 33,290,000,000원에 매수하여 2018. 1. 23. 그 명의로 소유권이전등기를 마쳤다. 다. 원고는 2019. 8. 29. F와 사이에 이 사건 부동산에 관한 부동산담보신탁계약을 체결하고, 2019. 8. 30. 위 부동산담보신탁계약을 원인으로 한 소유권이전등기를 마쳤다. 라. 피고들은 2016. 7. 12. D와 사이에 이 사건 부동산에 관하여 계약기간을 2016. 7. 12.부터 2019. 7. 11.까지로 정한 임대차계약(이하 '"
deposit_dispute,104708,4,'임대인은 임차인이 임대차기간 만료 6개월 전부터 1개월 전까지 사이에 계약갱신을 요구할 경우 정당한 사유 없이 이를 거절하지 못한다'
deposit_dispute,105813,4,“J과장이 원고 명의의 사용인감을 가지고 있으면서 다른 세입자들을 상대로 기존 계약이 만기될 시 재계약을 하든지 아니면 새로운 세입자들을 상대로 새로운 계약서를 작성하여 계약을 체결하는 업무를 하였습니다.”
deposit_dispute,106084,4,"“옆 상가 H호(I)와 본건의 안쪽 경계인 벽면을 임대인은 철거하는 것을 허락하며 앞 전면 유리 현재 문의 위치를 바꾸는 것 또한 허락하며, 임대차기간 종료 시에는 임차인은 모든 것을 원상회복하여 임대인에게 인계한다”"
deposit_dispute,106084,4,“옆 상가 H호와 본건의 안쪽 경계인 벽면을 임대인은 철거하는 것을 허락하며 앞 전면 유리 현재 문의 위치를 바꾸는 것 또한 허락한다. 임대차기간 종료 시에는 임차인은 모든 것을 원상회복하여 임대인에게 인계한다”
deposit_dispute,106754,4,"’이라고 한다)를 작성하였다. 다. 피고는 이 사건 계약에 따라 D에게 이 사건 계약에 따른 보증금 명목으로, 2018. 11. 14. 8,000,000원, 2018. 11. 29. 60,000,000원, 2018. 11. 30. 12,000,000원을 각 지급하였고, 그 무렵 이 사건 부동산을 인도받아 이 사건 변론종결일 현재 이 사건 부동산을 점유하고 있다. [인정 근거] 다툼 없는 사실, 갑 제1, 3호증, 을 제1, 7호증의 각 기재, 변론 전체의 취지 2. 당사자들의 주장 요지 가. 원고 이 사건 위탁계약의 성질은 ‘"
deposit_dispute,106754,4,‘임대차 계약시 위 임대인 보장금액과 임차인의 보증금 및 월세 금액은 다를 수 있다’
deposit_dispute,108044,4,"‘이 사건 주택’이라 한다)에 관하여, 임대인 D, 임차인 원고, 임대차보증금 4,000만 원, 임대차기간 2017. 4. 9.부터 2019. 4. 7.까지로 하여 임대차계약을 체결하였다(이하 ‘"
deposit_dispute,108044,4,"’이라 한다). 2) 원고는 2017. 6. 9. 이 사건 임대차계약서에 확정일자를 받았으며, 같은 날 이 사건 주택에 관하여 주민등록을 하였다. 나. 피고의 부동산수탁 피고는 2017. 9. 13. 이 사건 주택에 관하여 2017. 9. 13. 신탁계약을 원인으로 하여 소유권이전등기를 경료하였다. 다. 원고의 임대차보증금 반환 촉구 원고는 2019. 11. 8. D에게 ‘"
deposit_dispute,108379,4,"“원고가 중개수수료를 부담하여 그 책임하에 새로운 임차인을 구하여 새로운 임차인이 들어오게 되면 원고는 이 사건 목적물에서 이사 나가고, 이와 동시에 피고는 원고에게 이 사건 임대차보증금을 반환하기로 한다”"
deposit_dispute,108379,4,“임차물이 수선을 요하거나 또는 임차물에 대하여 권리를 주장하는 자가 있는 때에는 임차인은 지체 없이 이를 임대인에게 통지하여야 한다. 다만 임대인이 이미 이를 알고 있는 때에는 그러하지 아니하다.”
deposit_dispute,108420,4,"”의 현금흐름을 환원하거나 할인하여 대상물건의 가액을 산정하는 감정평가법이므로, 원고와 피고가 과거 2014. 6. 13. 이 사건 임대차계약을 체결하면서 정하였던 차임을 기준으로 하여 무형재산의 가액을 평가할 수는 없고, 이 사건 임대차계약 종료 당시의 시장의 차임을 기준으로 하여 무형재산의 가액을 평가하여야 한다. 따라서 원고의 위 주장은 이유 없다. 나. 원고의 원상회복의무에 관하여 (1) 원고 주장 요지 ① 이 사건 임대차계약서에 “"
deposit_dispute,109804,4,"""피고가 실제로 이 사건 주택을 이용하지 않고, 또한 전세보증금도 피고가 낸 것이 아니어서 피고의 전세권설정등기는 통정허위표시로서 무효일 뿐 아니라 피고와 소외인 간에 체결한 채권양수도 계약의 확정일자가 없어 타채권자들에게 대항력이 없었기에 원고로서는 피고에게 금전을 지급할 수 없어 구 민사소송법 제581조에 의한 집행공탁을 한 것"""
deposit_dispute,110267,4,"’이라는 상호로 병원을 경영하다가, 2018. 1. 3. 및 2018. 3. 16. 기존 임대차계약을 해지하고 임대차보증금의 반환을 청구한다는 내용증명우편을 보내어 그 무렵 원고에게 도달하게 하였다. J은 그 뒤 2018. 7.경에는 위 병원을 폐업하고, 이 사건 점포에서 퇴거하였다. 마. 한편 J이 이 사건 상가 2층에 설치한 병원 설비는 철거되지 않고 남아있었고, I이 대표이사로 재직하는 K 주식회사(이하 ‘"
deposit_dispute,111277,4,"‘이 사건 대지’라고 한다)에는 피고의 임차권에 우선하여 근저당권(근저당권자 사하농업협동조합, 채무자 원고, 채권최고액은 70,000,000원이었으나 2007. 5. 23. 변경계약에 의하여 36,400,000원이 되었다)설정등기가 마쳐져 있으며, 인가된 위 변제계획은 위 근저당권 및 임차권을 “"
deposit_dispute,111818,4,"’이란 상호(사업자등록자는 원고의 딸인 G이다)로 식당을 운영하였으며, 또한 원고측은 2011. 1. 6. 위 건물 3층도 임대차보증금 500만 원, 차임 월 40만 원에 임차하였는데, 위 차임 40만 원은 2013. 4.경부터 20만 원으로 감액되었으며, 차임은 D 명의 계좌로 입금되었다. 나. 그 후 위 G와 D 사이에 2017. 6. 21.경 이 사건 건물 1층에 관하여 임대차보증금 3,000만 원, 차임 월 110만 원으로 한 임대차계약서가 작성되었고, 위 계약서에는 ‘"
deposit_dispute,112169,4,"‘위임자인 피고가 수임자인 주식회사 E에 이 사건 부동산의 임대 관련 업무, 임대보증기간 동안의 임대료 지급, 임대보증금 수금 및 관리, 임차인 물색 및 선정, 임대차 계약 관리(계약서 작성) 등 임대 관련사항 일체와 세대점검 및 방문과 관련된 권한을 위임한다’"
deposit_dispute,112169,4,“임대보증금은 이 계약이 끝나거나 해제 또는 해지되어 원고가 피고에게 주택을 명도함과 동시에 반환한다”
deposit_dispute,113292,4,"“새로운 임차인과 매매계약 시 보증금 50,000,000원은 참가인에게 반환합니다.”"
deposit_dispute,113703,4,"’이라 한다)이 신고한 회생채권 및 회생담보권은 그 중 1억원의 입회금반환채권만이 회생채권 입회금반환채무로 분류되었으며, 나머지 항고인들(별지 항고인 목록 3 내지 242)이 신고한 입회금반환채권은 모두 회생채권 입회금반환채무로 분류되었다. 다. 이 사건 회생계획의 주요내용 항고인들과 관련된 이 사건 회생계획의 주요내용의 요지는 아래와 같다.   2. 항고인들의 주장 및 판단 가. 체육시설의 설치·이용에 관한 법률 제27조 위반 주장 관련 1) 항고인들의 주장 체육시설의 설치·이용에 관한 법률(이하 ‘"
deposit_dispute,113887,4,"“만일 임차인이 피고에게 점포의 전대를 위임하면 피고가 책임지고 점포를 전대하고, 임차인에게 그 전대차보증금과 전대료를 지급하여 주겠다. 그러면 임차인이 직접 상가를 운영하지 않고도 상당한 투자수익을 얻을 수 있다.”"
deposit_dispute,116067,4,‘이 사건 임대차계약 제3조를 위반하였을 때 임대인은 즉시 본 계약을 해지할 수 있다’
deposit_dispute,116343,4,‘임차인의 차임 연체액이 2기의 차임액에 달할 경우 임대인은 즉시 이 사건 임대차계약을 해지할 수 있다’
deposit_dispute,120984,4,"‘계약 연장을 원하지 않아 기간 만료시 원상회복 및 건물 명도를 하겠으니, 동시에 임대차보증금을 반환해 달라’"
deposit_dispute,121518,4,‘임대인은 임차인이 임대차기간이 만료되기 6개월 전부터 1개월 전까지 사이에 계약갱신을 요구할 경우 정당한 사유 없이 거절하지 못한다’
deposit_dispute,122427,4,"‘C는 2019. 7. 29. 임대인 피고로부터 임대차보증금 35,000,000원을 수령하였음을 확인합니다. 이 날짜의 정산 후 임대인 피고와 임차인 C 사이에는 일체의 채권, 채무 관계가 전혀 없음을 확인합니다.’"
deposit_dispute,123031,4,"‘1차 내용증명’이라 한다)을 보내어 2018. 2. 5. C에게 도달하였다. 원고는 2018. 4. 12. 피고가 2018. 4. 1. 기준으로 2기의 차임액에 해당하는 62,478,230원의 지급을 연체하고 있는 등 1차 내용증명에 적시한 사유에다가, 이 사건 부동산의 1층 부분을 불법 증축하였으며, 이 사건 부동산을 임대인의 서면동의 없이 제3자에게 무단 사용하게 함으로써 계약을 위반하였다는 이유를 추가한 임대차계약 해지의 의사표시가 담긴 내용증명우편(이하 ‘"
deposit_dispute,124151,4,“임대인은 임차인이 3기의 차임액에 달하도록 차임을 연체한 경우 계약을 해지할 수 있다”
deposit_dispute,124256,4,"’이라 지칭한다.)를 마침과 동시에 이 사건 대출금 2억 원의 담보로서 이 사건 전세권에 관하여 대구지방법원 2002. 2. 8. 접수 제13057호로 섬유신협을 근저당권자로 한 채권최고액 3억 원의 전세권근저당권설정등기(이하, ‘"
deposit_dispute,124256,4,"“황금리조트가 대청교역의 저당채무를 인수할 의무를 이행하지 않아 대청교역이 매매계약을 해제하였으므로, 원고도 소유권을 상실하여 이 사건 전세권설정등기 및 전세권근저당권설정등기의 말소를 청구할 권리가 없다.”"
deposit_dispute,124294,4,"’이라 한다). 4) 이 사건 각 신탁계약의 내용 중 이 사건과 관련된 부분은 다음과 같다.   나. 임대차계약의 체결 등 1) 원고 A은 2017. 3. 17. 피고 D을 대리한 피고 E와 사이에, 원고 A이 피고 D으로부터 이 사건 제1 부동산을 임대차보증금 130,000,000원, 임대차기간 2017. 3. 18.부터 2019. 3. 17.까지로 정하여 임차하기로 하는 임대차계약(이하 ‘"
deposit_dispute,124294,4,"‘본건은 계약일 현재 실소유자는 피고 D이나 H에 담보신탁등기된 것으로 임대차보증금의 반환, 임대인의 권리와 의무는 오직 실소유자인 피고 D에게만 있다’"
deposit_dispute,124315,4,"“처음에 월세 계약을 할 때 제가 참여하여 직접 계약서를 작성한 적이 있지만, 근래 3~4년 동안은 계약도 자기가 알아서 하겠다고 하면서 임차인이 바뀌었다고 통보만 해주었습니다.”"
deposit_dispute,124956,4,’이라 한다)을 운영하였다. 임대차기간이 만료될 때마다 피고 1과 소외 1은 임대차기간을 2년으로 하여 이 사건 임대차계약을 갱신하였다. 2) 피고 1은 2012. 12.경 소외 1에게 부탁하여 이 사건 임대차계약의 임차인 명의를 아들인 ‘
deposit_dispute,125404,4,"‘임대인 G와 2018. 12. 24. 임대차계약을 하면서 계약일에 계약금 300만 원을 현금으로 주고 나머지 잔금을 2018. 12. 27.까지 주기로 하였는데, 돈을 받을 곳에서 제날짜에 돈이 들어오지 않아 말일까지 기다려 달라고 G에게 부탁하였고, 말일 점심때까지 1,470만 원밖에 준비가 안되어 우선 G에게 찾아가 1,470만 원을 건넸고, 같은 날 밤 10시반까지 230만 원을 구해 계좌로 송금해 주었다. 그리고 다음날인 2019. 1. 1. 점심 때쯤 나머지 1,000만 원을 G 은행계좌로 송금해 주었다’"
deposit_dispute,125599,4,"’이라 한다), 위 명의신탁약정에 따라 이 사건 임야에 관하여 춘천지방법원 정선등기소 1988. 5. 6. 접수 제3723호로 1988. 4. 27.자 매매를 원인으로 피고 1 명의로 소유권이전등기가 마쳐졌다. 나. 이 사건 임야에는 같은 등기소 1998. 11. 11. 접수 제10039호로 같은 달 9. 근저당권 설정계약을 원인으로 하여 채권최고액 9,500만 원, 채무자 피고 1, 근저당권자 피고 2( 피고 1의 처남이다)으로 하는 근저당권설정등기가 마쳐졌다(이하 ‘"
deposit_dispute,126026,4,"’이라 한다)을 체결하였고, 그 무렵 위 보증금을 모두 지급하고, 이 사건 I호를 인도받았다. 원고 주식회사 B의 직원 J이 2019. 5. 16. 이 사건 I호에 전입신고를 하였고, 원고 주식회사 B는 2020. 2. 13. 이 사건 2 임대차계약에 따른 계약서에 확정일자를 받았다. 다. 이 사건 1 임대차계약 체결 당시 D이 작성하여 원고 A에게 교부한 중개대상물 확인·설명서(이하 ‘"
deposit_dispute,126421,4,"’)으로 확정하여 계약을 체결하였고, 그렇지 않다고 하더라도 분양계약 체결 후 특약사항을 이 사건 2차 특약사항으로 변경하였는바, 이 사건 점포에서 ‘"
deposit_dispute,127181,4,"’이라 한다)을 체결하였고, 2018. 9. 20. 위 보증금을 모두 지급하고, 이 사건 I호를 인도받았으며 2019. 1. 15. 이 사건 I호로 전입신고를 하였고, 이 사건 2 임대차계약에 따른 계약서에 확정일자를 받았다. 다. 이 사건 1 임대차계약 체결 당시 D이 작성하여 원고 A에게 교부한 중개대상물 확인·설명서(이하 ‘"
deposit_dispute,128712,4,"‘임대인은 임차인이 시설한 시설 비용 30,000,000원을 보상하고 보증금은 반환하기로 한다’"
deposit_dispute,128827,4,"’이라는 상호로 병원을 경영하다가, 2018. 1. 3. 및 2018. 3. 16. 기존 임대차계약을 해지하고 임대차보증금의 반환을 청구한다는 내용증명우편을 보내어 그 무렵 원고에게 도달하게 하였다. J은 그 뒤 2018. 7.경에는 위 병원을 폐업하고, 이 사건 점포에서 퇴거하였다. 마. 한편 J이 이 사건 상가 2층에 설치한 병원 설비는 철거되지 않고 남아있었고, I이 대표이사로 재직하는 K 주식회사(이하 ‘"
deposit_dispute,130089,4,"'이라 한다)에 정한 대항력을 취득한 것으로 보이고, 원고와 사이에 이 사건 점포 임대차관계에서 임대인의 지위에 있는 피고들에 대하여 임대차보증금반환채무와 동시이행을 주장하면서 이 사건 점포의 인도를 거부할 수 있다'"
deposit_dispute,130089,4,"'(종전 임대인들로부터) 보증금이 모두 입금되어서 보내려고 하는데 확인할 부분이 있다. (피고 측이) 이 사건 점포 2층 부분을 비워달라고 해서 (원고도) 그렇게 하기로 했으니 (피고 측에) 2층 부분의 보증금은 제외하고 나머지 보증금을 보내는 것이 타당하다고 생각하는데, (피고 측) 생각은 어떤지 알아야 보낼 액수를 정할 수 있겠다'"
deposit_dispute,132407,4,"“당장 급하게 내야 할 캐피탈 업체에 대한 대출원리금, 사채 이자, 카드 대금이 있는데, 네 명의로 위 아파트의 임대차보증금 반환채권을 담보로 하여 대출을 받아주면 그 대출금으로 급한 돈을 지급하려고 한다. 대출에 대한 이자를 정상적으로 납부하고, 담보로 잡힌 1,000만 원 상당의 위 임대차보증금 반환채권에 문제가 없도록 2020년 여름 무렵까지 내 소유의 아파트를 처분하여 그 대금으로 원금을 상환하겠다.”"
deposit_dispute,132494,4,‘임차인의 차임 연체액이 2기의 차임액에 달하였을 때 임대인은 즉시 본 계약을 해지할 수 있다’
deposit_dispute,134275,4,"“임차인은 어떠한 사정으로 자기 소유물 또는 재산을 반출하지 못하였거나 임대차목적물을 원상으로 복구하지 못하였을 때에는 임대차계약이 종료한 날로부터 기산하여 명도 또는 복구된 날까지의 통상 임대료 및 관리비, 보증금 이자(월 1% 계산)의 2배를 확정배상액으로서 임대인에게 지급하여야 한다”"
deposit_dispute,134620,4,’도시정비법‘이라 한다) 제70조 제1항 및 제2항에 의하여 피고와의 임대차 계약을 해지하고 원고에게 임대차보증금 반환을 청구한다’
deposit_dispute,135356,4,"‘F’이라는 상호의 음식점을 운영하였다. ○ E는 2014년 8월경부터 피고의 임차목적물을 고의로 훼손하여 피고의 사용ㆍ수익을 방해하였고, 이에 피고는 2015년 2월경 임대차계약을 해지하고 D, C, E를 상대로 임대차보증금 반환 및 손해배상을 청구(이 법원 2015가합50660, 이하 ‘"
deposit_dispute,135796,4,"‘임차인은 이 사건 부동산에 존재하는 선순위 권리(근저당권, 임차권 등)로 인하여 경매 등이 실행될 경우 임차보증금의 전부 또는 일부를 반환받지 못할 수도 있음을 확인한다.’"
deposit_dispute,136031,4,"’이라고 한다), C에게 2014. 3. 29. 53,000,000원을 지급하였다. 2) 원고는 2014. 4. 8. E호로 전입신고를 마치고, 그 무렵 C으로부터 E호를 인도받았다. 3) 이 사건 임대차계약은 그 기간 만료 이후 묵시적으로 갱신되었는데, 원고는 2017년 말경 C에게 임대차계약의 해지를 통보하였다. 나. 원고의 주택임차권등기 경료 및 인도 원고는 이 사건 건물에 관하여 2018. 5. 3. 수원지방법원 오산시법원 2018카임45호로 임차권 범위를 ‘"
deposit_dispute,136580,4,"'이라고 한다) 1층에 관하여 임대차보증금 30,000,000원, 월 차임 1,900,000원, 임대차기간 2009. 3. 10.부터 2014. 3. 10.까지로 정한 임대차계약을, 이 사건 건물 2층에 관하여 임대차보증금 40,000,000원, 임대차기간 2009. 3. 10.부터 2014. 3. 10.까지로 정한 임대차계약을 각 체결하고, 이 사건 건물 1층에서 '"
deposit_dispute,136580,4,"""임대인은 임대차기간이 끝나기 6개월 전부터 임대차 종료 시까지 다음 각 호의 어느 하나에 해당하는 행위를 함으로써 권리금 계약에 따라 임차인이 주선한 신규임차인이 되려는 자로부터 권리금을 지급받는 것을 방해하여서는 아니 된다. 다만, 제10조제1항 각 호의 어느 하나에 해당하는 사유가 있는 경우에는 그러하지 아니하다."""
deposit_dispute,136817,4,"” 매장을 운영하였다. 나. 이 사건 임대차계약 및 임대차계약 특약사항 제1항에 따라 원고와 피고들이 2016. 10. 24. 서울중앙지방법원 2016자40674호로 한 제소 전 화해의 화해조항(다만 피신청인은 원고, 신청인들은 피고)에는 아래 내용이 각 포함되어 있다.   다. 피고들은 임대차기간의 만료일이 다가오자 2020. 9. 7. 이메일을 통해 원고에게 이 사건 건물 내부 인테리어 등의 철거와 여기에 첨부한 별지 ‘"
deposit_dispute,137070,4,‘임대인의 동의를 얻어 임차물을 전대한 경우에는 임대인과 임차인의 합의로 계약을 종료한 때에도 전차인의 권리를 소멸하지 아니한다’
deposit_dispute,137388,4,"’는 이유로 피고의 청구를 기각하는 판결을 하였다(수원지방법원 2019. 8. 13. 2018가단540175 보증금반환 판결, 이후 위 판결은 확정되었다). 사. 원고는 수원지방법원 2018가단540175 사건에서 이 사건의 피고(위 사건의 원고) 측에 보조참가하였다. 아. 한편, F은 원고를 상대로 이 사건 매매계약의 취소를 주장하면서 매매대금의 반환을 구하는 소를 수원지방법원에 제기하였고, 위 법원은 “"
deposit_dispute,138033,4,"‘원고가 현상태의 집기(식기 등) 및 시설(주방시설, 테이블, 의자, 에어컨, 냉장고 등) 등 모든 시설과 물품 등을 그대로 두고 나가는 조건으로 원상복구를 하지 않기로 하고 이 사건 부동산을 피고에게 반환하며, 피고는 원고에게 임대차보증금 70,000,000원 중 2개월분의 차임액 9,900,000원과 보관금 명목의 5,000,000원을 제외한 55,100,000원을 반환하되, 위 보관금은 전기요금, 수도요금, 제세공과금 등의 정산이 모두 끝난 후 반환하기로 한다’"
deposit_dispute,138976,4,"‘피고는 원고의 동의 없이 이 사건 임대차계약의 연장, 갱신하는 것이 불가능하고, 임대차계약의 연장, 갱신의 경우에는 반드시 원고의 사전 동의를 얻어야 효력이 발생한다(제3조 제10호)‘"
deposit_dispute,139335,4,"’에 ‘임차인의 임대계약 체결 후 주택임대차보호법 제3조 제1항에 규정한 확정일자를 갖출 수 있으며, 보증금의 우선변제권이 있음.’"
deposit_dispute,139335,4,"’의 신설 규정에 따라 이 사건 아파트의 임차인대표회의가 2008. 7. 4. 울산 북구청장으로부터 직접 분양전환승인을 받았다. (6) 평창토건의 파산관재인인 피고와 한국토지신탁, 원고 등은 2010. 1. 21. 평창 2차 아파트 임차인대표회의와 사이에, 2010. 4. 8. 평창 3차 아파트 임차인대표회의와 사이에, 2010. 4. 14. 평창 1차 아파트 임차인대표회의와 사이에, 각 이 사건 아파트의 분양전환 등에 관한 합의(이하 ‘"
deposit_dispute,139403,4,‘내적조합’으로서 피고가 위 조합의 사업을 이행하는 과정에서 취득한 이 사건 임대차보증금 반환채권은 원·피고의 합유재산에 해당한다. 원고가 피고에게 이 사건 임대차보증금 반환채권의 분배를 청구하는 것은 피고에 속하지 아니하는 재산을 피고로부터 ‘
deposit_dispute,140029,4,"“상기 위임자 본인은 상기 물건에 대하여 임대관련 업무, 임대보증기간의 임대료 지급, 임대보증금 수금 및 관리, 임차인 물색 및 선정, 임대홍보, 임대차계약 관리(계약서 작성) 등 임대 관련사항 일체와 세대점검 및 방문과 관련한 권한을 D에 위임한다”"
deposit_dispute,140029,4,"‘임대관련 업무, 임대보증기간의 임대료 지급, 임대보증금 수금 및 관리, 임차인 물색 및 선정, 임대홍보, 임대차계약 관리(계약서 작성) 등 임대 관련사항 일체’"
deposit_dispute,143040,4,“주택임대차보호법 제3조(대항력 등) 제1항의 규정에 의한 대항요건을 갖추고 임대차계약증서상의 확정일자를 받은 임차인은 개인회생재단에 속하는 주택(대지를 포함한다)의 환가대금에서 후순위권리자 그 밖의 채권자보다 우선하여 보증금을 변제받을 권리가 있다.”
deposit_dispute,143495,4,"’이라 한다)에 관하여 업종을 커피숍으로 정하여 보증금 4,000만 원(차임 없음), 임대차기간 2001. 2. 24.까지로 정한 임대차계약을 체결하고, 그 무렵 C에 임대차보증금을 지급하고 C로부터 이 사건 커피숍을 인도받아 1999. 4. 30.경 사업자등록을 마치고 영업을 개시하였으며, 2003. 9. 1. 임대차기간을 2005. 8. 31.까지 24개월간으로 변경하는 임대차계약(이하 ‘"
deposit_dispute,143532,4,‘정당한 사유 없이 임대인이 임차인이 주선한 신규임차인이 되려는 자와 임대차계약의 체결을 거절하는 행위’
deposit_dispute,143963,4,"‘이 사건 점포’라 한다)에 관하여 임대차보증금 2억 원, 임대차기간 2010. 10. 1.부터 2014. 9. 30.까지(계약 만료 3개월까지 일방 당사자가 서면으로 계약의 종료를 통보하지 않는 한 1년씩 연장), 월 임대료 3,300만 원(부가가치세 별도)로 하는 임대차계약을 체결하였다. C은 그 무렵 이 사건 점포를 인도받아 인테리어 공사를 하고 그곳에서 ‘"
deposit_dispute,145168,4,"‘이 사건 건물’이라 한다)을 보증금 1,000만 원, 월차임 67만 원, 기간은 24개월로 정하여 임대차계약을 체결하였고, 위 건물에서 C병원을 운영하였다. 나. 원고는 월차임을 연체하였고, 피고는 이 법원 2017가단9478(본소)호로 건물인도 등의 소를, 원고는 이 법원 2017가단522834(반소)호로 임대차보증금 반환 등의 소를 각 제기하였으며, 이 법원은 2017. 11. 4. ‘"
deposit_dispute,146290,4,‘예금보험공사가 피고 2의 원고에 대한 임대차보증금 반환채권에 관하여 채권 압류 및 추심명령을 받은 뒤 원고에 대하여 임대차계약 갱신 중지 요청을 하였다는 사유’
deposit_dispute,146302,4,'2008. 3. 1.자 부동산상가 전세계약서는 원고 회사의 일신상의 이유로 형식적으로 작성된 법적 효력이 없는 계약서임을 확인한다. 전세보증금은 2007. 4. 17.자 임대차계약서 기입된 금액과 상동하다'
deposit_dispute,146449,4,"“임차인은 위 부동산에 존재하는 선순위 권리(근저당권, 임차권 등)로 인하여 경매 등이 실행될 경우 임차보증금의 전부 또는 일부를 반환받지 못할 수도 있음을 확인한다.”"
deposit_dispute,146505,4,"‘제2차 제안’이라 한다). 사. 결국 소외 1은 2016. 1. 14. 피고의 제1, 2차 제안과 같은 차임 등의 액수가 지나치게 과다하다고 판단하여 피고와 이 사건 점포에 관한 신규 임대차계약을 체결하지 않기로 하고, 원고와 이 사건 양도계약 제3조가 정한 대로 이 사건 양도계약을 무효화하였다. 아. 원고는 피고에게 2016. 2. 1.부터 이 사건 임대차계약 기간 만료일인 2016. 2. 6.까지의 차임 1,365,516원[= 월 차임 6,600,000원(부가가치세 포함) × 6일/29일, 이하 ‘"
deposit_dispute,147753,4,‘피고는 상가건물 임대차보호법 제10조의 갱신요구권 조항에 따라 이 사건 부동산을 10년간 임차할 수 있으므로 이 사건 임대차계약의 갱신을 요구한다.’
deposit_dispute,148403,4,"’라는 내용의 계약해제(파기) 통보를 내용증명 우편으로 발송하였고, 위 우편은 2019. 2. 26. 피고에게 도달하였다. 마. 피고 등은 2019. 9. 5. 원고를 상대로, 원고가 이 사건 임대차계약 체결 후 2018. 11. 14.부터 차임을 지급하지 않았으므로, 원고의 차임연체를 이유로 이 사건 임대차계약을 2019. 10. 14.자로 해지하며, 이 사건 주유소의 인도를 구하는 소를 제기하였고(수원지방법원 여주지원 2019가단56628, 이하 ‘"
deposit_dispute,148494,4,"’이라 한다)을 체결하였고, 피고 B은 2017. 1. 31. J은행으로부터 이 사건 임대차계약에 관한 대항력 및 우선변제권을 유지하는 조건으로 위 임대차보증금의 잔금 일부인 200,000,000원을 대출(이하 ‘"
deposit_dispute,148494,4,"’이라 한다)받았으며, 그 대출금은 같은 날 피고 C의 계좌로 송금되었다. 그런데 피고 B은 2017. 1. 23. 이 사건 임대차계약에 대하여 확정일자를 받고 2017. 1. 31. 이 사건 부동산에 관하여 전입신고를 하였다가 2017. 2. 28. 무단전출하여 이 사건 임대차계약에 관한 대항력 및 우선변제권을 상실시켰고, 피고 법인은 2017. 2. 8. 이 사건 부동산의 소유권을 취득하고는 피고 B이 무단전출해 있던 사이인 2017. 3. 3. K조합(이하 ‘"
deposit_dispute,149255,4,"’라는 상호의 사업자등록을 마치고, 이 사건 건물에서 안마시술소를 운영하여 왔다. 라. 원고는 2019. 9. 30.경 및 2019. 11. 18.경 피고 B에게 이 사건 임대차계약에 기한 임대차보증금 중 25,000,000원이 지급되지 않았고, 차임이 연체되었다는 이유로 이 사건 임대차계약을 해지한다는 의사표시가 기재된 내용증명 우편을 발송하였고, 그 무렵 위 내용증명 우편이 피고 B에게 송달되었다. 마. 피고 B은 2020. 1. 3. ‘"
protection_mechanism,545,4,"’에 관하여 2016. 8. 10. 임대인을 C, 임차인을 피고, 임대차보증금을 1억 원, 임대차기간을 2016. 8. 16.부터 2018. 8. 15.까지로 하는 내용의 임대차계약(이하 ‘"
protection_mechanism,1451,4,"‘기존 근저당권’이라 한다)가 마쳐졌고, 피고 조합은 2015. 3. 24. 위 근저당권에 관하여 2015. 3. 20. 확정채권대위변제를 원인으로 한 근저당권이전등기를 마친 후 위 근저당권에 기하여 임의경매개시신청을 하여 2016. 3. 7. 임의경매개시결정이 내려졌다(서울서부지방법원 R, 이하 ‘"
protection_mechanism,2205,4,"“임대인은 임차인이 임대차기간이 만료되기 6개월 전부터 1개월 전까지 사이에 계약갱신을 요구할 경우 정당한 사유 없이 거절하지 못한다. 다만, 다음 각 호의 어느 하나의 경우에는 그러하지 아니하다”"
protection_mechanism,2205,4,“건물 기타 공작물의 임대차에는 임차인의 차임연체액이 2기의 차임액에 달하는 때에는 임대인은 계약을 해지할 수 있다”
protection_mechanism,4668,4,"’이라고 한다), 피고에게 2014. 3. 29. 53,000,000원을 지급하였다. 2) 원고는 2014. 4. 8. E호로 전입신고를 마치고, 그 무렵 피고로부터 E호를 인도받았다. 3) 이 사건 임대차계약은 그 기간 만료 이후 묵시적으로 갱신되었는데, 원고는 2017년 말경 피고에게 임대차계약의 해지를 통보하였다. 나. 원고의 주택임차권등기 경료 및 인도 원고는 이 사건 건물에 관하여 2018. 5. 3. 수원지방법원 오산시법원 2018카임45호로 임차권 범위를 ‘"
protection_mechanism,5530,4,’라고 한다)가 되었다. 나. 원고와 피고는 2019. 10. 23. 이 사건 토지 및 건물에 관하여 아래와 같은 내용의 매매계약을 체결하였다.  다. 원고와 피고는 위 매매계약상 특약에 따라 2020. 1. 3. 이 사건 건물에 관하여 아래와 같은 내용의 임대차계약(이하 ‘
protection_mechanism,12876,4,’라고 한다)가 되었다. 나. 원고와 피고는 2019. 10. 23. 이 사건 토지 및 건물에 관하여 아래와 같은 내용의 매매계약을 체결하였다.  다. 원고와 피고는 위 매매계약상 특약에 따라 2020. 1. 3. 이 사건 건물에 관하여 아래와 같은 내용의 임대차계약(이하 ‘
protection_mechanism,13899,4,"’의 등기부 기재에 따른 신고 거래가액 합계는 674,200,700원이었다. 나) 피고 B는 2017. 9. 28. 피고 J조합과 사이에 별지 목록 제1 내지 3항 기재 각 부동산에 관하여 근저당권설정계약을 체결하고, 같은 날 피고 J조합에 거제등기소 접수 제41985호로 채권최고액 1,730,300,000원, 채무자 피고 B로 하는 근저당권설정등기를 마쳐주었다[이하 위 계약을 Ⓑ ‘"
protection_mechanism,13899,4,"’이라 한다]. 다) 이 사건 제1근저당권설정계약 체결 전까지 별지 목록 제1, 2항 기재 각 부동산에 관하여는, 채무자 원고, 근저당권자 피고 J조합인 채권최고액 2,470,000,000원(거제등기소 2011. 9. 9. 접수 제47024호), 채권최고액 650,000,000원(거제등기소 2012. 3. 16. 접수 제12463호), 채권최고액 520,000,000원(거제등기소 2012. 7. 26. 접수 제37147호)의 각 근저당권설정등기[이하 순서대로 ‘"
protection_mechanism,13899,4,"‘이 사건 제2근저당권 설정을 포함한 2017. 9. 28. 자 대환에, 원고가 ㉣ 근저당권 말소에 동의하는 등 적극 협조하였으므로, K에게 이 사건 제2근저당권설정계약 체결과 관련하여 사해의사가 있었다고 볼 수 없다’"
protection_mechanism,17651,4,"‘제1 부동산’이라 한다)에 관하여 별지 3 목록 기재 각 근저당권설정등기를 마쳤다(다만 제1 부동산 중 일부에는 별지 3 목록 기재 근저당권설정등기 중 일부가 마쳐져 있지 않거나, 위 근저당권설정등기와는 다른 근저당권설정등기도 마쳐져 있다). 나. 피고는 2012. 3. 2. 제1심 공동원고 농업협동조합중앙회(이하 ‘"
protection_mechanism,22318,4,"’이라 한다)을 체결하였다. 그리고 피고는 2010. 7. 19. 이 사건 부동산을 인도받았다. 피고와 에이치오엔은 이 사건 1 계약 체결 당시 소외인이 향후 이 사건 부동산의 소유권을 이전받아 임대인이 되는 것을 전제로 하였으므로, 이 사건 1 계약의 특약사항으로 “"
protection_mechanism,22318,4,"’으로 하여 마쳐두었던 사업자등록의 사업장소재지를 2010. 7. 22. 이 사건 부동산으로 변경등록하고, 같은 날 이 사건 1 계약의 임대차계약서상에 확정일자를 받았으며, 2010. 7. 28.에는 이 사건 부동산에 관하여 전세금 140,000,000원의 전세권설정등기를 경료하였다. 나. 이 사건 2 계약 그런데 이 사건 부동산에 관하여 소외인에 대한 소유권이전이 이루어지지 아니하고, 2010. 9. 28. 주식회사 씨오비트레이드(이하 ‘"
protection_mechanism,22318,4,"’라 한다) 앞으로 매매를 원인으로 한 소유권이전등기가 경료되면서, 같은 날 위 이촌새마을금고 명의의 근저당권설정등기와 피고 명의의 전세권설정등기가 각 말소되었다. 그리고 피고는 2010. 9. 28. 씨오비트레이드와 사이에 이 사건 부동산에 관하여 보증금 140,000,000원, 기간 2010. 9. 28.부터 2011. 7. 18.까지로 한 임대차계약(이하 ‘"
protection_mechanism,22318,4,"’이라 한다)으로부터 대출을 받고 2010. 9. 28. 이 사건 부동산에 관하여 우리은행에 채권최고액 1,200,000,000원의 근저당권을 설정하여 주었다. 그리고 피고는 그 후인 2010. 9. 29. 이 사건 2 계약의 임대차계약서상에 확정일자를 받았다. 다. 이 사건 경매절차 그 후 씨오비트레이드가 대출금 상환을 지체함에 따라 우리은행의 위 근저당권에 기하여 2011. 6. 28. 수원지방법원 2011타경26840호로 이 사건 부동산에 관한 임의경매절차(이하 ‘"
protection_mechanism,23784,4,"‘분양전환 완료’의 의미를 매매계약에 따라 동시이행관계에 있는 위 각 의무의 이행까지 마쳐지는 것으로 해석하면 분양전환을 위한 매매계약의 성립만으로는 아직 신탁이 종료되지 아니하여 평창토건이 이 사건 아파트를 반환받을 수 없게 되고, 이는 사실상 원고들에게 매매대금의 선이행을 강제하는 결과를 초래하게 된다. 따라서 이 사건 신탁의 목적인 분양전환의 원만한 이행이라는 측면에서, 이 사건 신탁계약에서 정한 신탁종료 사유인 ‘"
protection_mechanism,24041,4,"“원고 1은 2000. 8. 28.경 처음 개업할 무렵에 임대차보증금 600만 원의 임대차계약을 체결하여 2002. 11. 14. 확정일자를 받았고, 원고 2는 2002년 7월경 임대차보증금 1,000만 원의 임대차계약을 체결하여 2002. 12. 26. 확정일자를 받았다”"
protection_mechanism,25254,4,"""① 임차인은 소액의 보증금에 관하여 다른 담보물권자보다 자기채권의 우선변제를 받을 권리가 있다. ② 제1항의 경우에 소액보증금의 범위와 기준은 주택의 가액(대지의 가액을 포함한다)의 2분지 1의 범위 안에서 대통령령으로 정한다."""
protection_mechanism,25254,4,""" 법 제8조의 규정에 의한 우선변제를 받을 임차인의 범위는 보증금이 서울특별시 및 직할시에서는 금 2,000만 원 이하, 기타의 지역에서는 금 1,500만 원 이하인 임차인으로 한다."""
protection_mechanism,28568,4,"""다음날 망인(소외 1을 말한다)은 처(작성자 이□□의 처인 원고를 말한다)에게 분양계약서 원본 및 부동산매매계약서를 작성해 주었으며, 그리고 망인은 부동산매매계약서를 공증해 주겠다면서 법무사의 직원을 불러서 부동산매매계약서를 공증해 주라고 하면서 공증에 필요한 인감증명서 및 위임장 등을 해 주었고 당일 처로부터 서류를 건네 받았습니다."""
protection_mechanism,31671,4,"'이 사건 임대차계약은 G이 피고 D에게 이 사건 지상물들 철거 등을 요구한 2015년 6월경 종료되었고, 관례상 토지 소유자가 바뀌면 새로운 토지 소유자와 임대차계약을 체결하는 것이 기본 상식인데 그러한 임대차계약을 체결하지 않았으므로 자신은 임대인이 될 수 없다'"
protection_mechanism,31826,4,"‘기존 근저당권’이라 한다)가 마쳐졌고, 피고 조합은 2015. 3. 24. 위 근저당권에 관하여 2015. 3. 20. 확정채권대위변제를 원인으로 한 근저당권이전등기를 마친 후 위 근저당권에 기하여 임의경매개시신청을 하여 2016. 3. 7. 임의경매개시결정이 내려졌다(서울서부지방법원 R, 이하 ‘"
protection_mechanism,36668,4,"'이라 한다). 나. 신본기업은 부도로 2009. 8. 18. 경 이 사건 공사를 중단하였고, 채무자 회사는 2009. 9. 16. 신본기업에게 신본기업의 계약불이행을 이유로 이 사건 하도급계약을 해지한다는 통보를 하였다. 다. D이라는 상호로 건축자재 제조 판매업을 하는 원고는 2008. 9.경부터 2009. 8.경까지 신본기업에게 이 사건 공사에 필요한 건축자재를 납품하였다. 라. 신본기업은 원고에게 이 사건 하도급계약에 따른 신본기업의 채무자 회사에 대한 220,000,000원의 기성공사대금채권을 양도(이하 '"
protection_mechanism,37465,4,"‘원고는 2007. 10. 23. 이 사건 주택에 대한 인도와 주민등록을 마침과 동시에 임대차계약증서상의 확정일자를 갖춤으로써 그 다음날인 2007. 10. 24. 00:00 주택임대차보호법 제3조의2 제2항에 의한 우선변제권을 취득하였으므로, 경매절차상 환가대금에서 2007. 10. 24. 근저당권설정등기를 마친 피고보다 우선하여 임대차보증금 3,000만 원을 변제받을 권리가 있다’"
protection_mechanism,38120,4,"’이라는 내용이 포함되어 있다. 나. 원고는 2020. 1. 9. 피고와 이 사건 주택을 보증금 2억 2,000만 원으로 하고, 보증금 중 1,100만 원은 계약 시에, 잔금 2억 900만 원은 2020. 2. 4.에 각 지급하며, 임대차기간은 2020. 2. 4.부터 2022. 2. 3.로 정하여 임차하는 부동산임대차계약(이하 ‘"
protection_mechanism,40500,4,"’이라 한다)에 관하여 임대인 피고, 임차인 원고, 보증금 4,000만 원, 임대차기간 인도일(2019. 4. 1.까지 인도)부터 2021. 3. 31.까지로 하는 내용의 임대차계약(이하 ‘"
protection_mechanism,40500,4,"’이라 한다)을 체결하였다. 나. 원고는 이 사건 임대차계약에 따라 피고에게 2019. 3. 19. 가계약금 20만 원, 2019. 3. 22. 나머지 계약금 380만 원, 2019. 4. 1. 잔금 3,600만 원 합계 4,000만 원의 임대차보증금을 지급하였다. 다. 피고의 채권자가 2020. 2. 21. 익산시 C 토지와 이 사건 건물(이하 위 토지와 이 사건 건물을 ‘"
protection_mechanism,42426,4,"‘분양전환 완료’의 의미를 매매계약에 따라 동시이행관계에 있는 위 각 의무의 이행까지 마쳐지는 것으로 해석하면 분양전환을 위한 매매계약의 성립만으로는 아직 신탁이 종료되지 아니하여 평창토건이 이 사건 아파트를 반환받을 수 없게 되고, 이는 사실상 원고들에게 매매대금의 선이행을 강제하는 결과를 초래하게 된다. 따라서 이 사건 신탁의 목적인 분양전환의 원만한 이행이라는 측면에서, 이 사건 신탁계약에서 정한 신탁종료 사유인 ‘"
protection_mechanism,42501,4,"'이라 한다)을 체결하였다. 이 사건 전대차계약상 원고는 F에게 위 전대차보증금 2억 원 중 계약금 2,000만 원은 2018. 12. 6.에, 중도금 8,000만 원은 2018. 12. 31.에, 잔금 1억 원은 2019. 1. 31. 또는 개원일에 지급하기로 약정하였다. 라. 원고는 2018. 12. 31. G과 사이에, G에게 이 사건 건물에 관한 권리금 1억 원을 지급하기로 하는 내용의 권리금계약(이하 '"
protection_mechanism,42758,4,"”로 정정신고를 하여 전입 주소가 정정되었다). 나. 소외인은 임대차계약 체결일인 2006. 6. 27. 원형토건과 사이에 이 사건 부동산에 관한 전세권설정계약도 체결하고 2006. 7. 4. 이 사건 부동산에 관하여 전세금 8,000만 원, 존속기간 2007. 7. 3.까지로 된 전세권설정등기를 마쳤다(이하, ‘"
protection_mechanism,44555,4,"’이라 한다) 중 2층 45.12㎡에 관하여, 임대인 C, 임차인 피고, 입주자 E, 임대차보증금 40,000,000원, 임대차기간 2009. 10. 28.부터 2011. 10. 27.까지로 하여 임대차계약(이하 ‘"
protection_mechanism,44931,4,“상호간의 임대차계약은 이미 갱신되었으므로 원고의 계약해지 통보는 부당하다”
protection_mechanism,45186,4,"’라 한다)에 관하여, 임대인 E, 임차인 원고, 임대차보증금 2,000만 원, 월 차임 15만 원, 임대차기간 2018. 12. 31.부터 2020. 12. 30.까지로 정하여 임대차계약(이하 ‘"
protection_mechanism,46979,4,"’이라 한다)에 관하여 위 채권자들을 제1 내지 4순위 우선수익자로 하는 부동산담보신탁계약을 체결하고, 같은 날 피고 생보부동산신탁에게 위 부동산담보신탁계약을 원인으로 한 소유권이전등기를 마쳐주었다. 그 후 가오닉스스포츠는 2009. 3. 23. 피고 극동아이앤디에 대한 이 사건 차용금채무를 담보하기 위하여 피고 생보부동산신탁과, 위 부동산담보신탁계약에 관하여 피고 극동아이앤디를 제5순위 우선수익자(수익한도금액 2,730,000,000원)로 추가하는 부동산담보신탁변경계약(이하 ‘"
protection_mechanism,46995,4,"'에 이 사건 임차인이 해당되는지 여부에 따라 달리 보아야 한다. 살피건대 민법 제548조 제1항 단서의 규정에 따라 계약해제로 인하여 권리를 침해받지 않는 제3자라 함은 위 계약목적물에 관하여 권리를 취득한 자 중 계약당사자에게 권리취득에 관한 대항요건을 구비한 자를 말한다 할 것인바, 임대목적물이 주택임대차보호법 소정의 주택인 경우 같은 법 제3조 제1항이 """
protection_mechanism,47127,4,"'는 채권자가 채무자에 대하여 가지는 모든 채권을 담보하는 것으로 볼 것인 점, ② 당사자 일방이 계약을 해제한 때에는 각 당사자는 그 상대방에 대하여 원상회복의 의무가 있으므로(민법 제548조 제1항), 피고 회사는 원고 회사에게 이 사건 투자계약의 해제에 따른 원상회복으로, 뒤에서 보는 바와 같이 원고 회사로부터 지급받은 투자금과 부도어음 가액 상당(이하 '"
protection_mechanism,49372,4,"‘이 사건 주택’이라 한다)에 관하여, 임대인 D, 임차인 원고, 임대차보증금 4,000만 원, 임대차기간 2017. 4. 9.부터 2019. 4. 7.까지로 하여 임대차계약을 체결하였다(이하 ‘"
protection_mechanism,49372,4,"’이라 한다). 2) 원고는 2017. 6. 9. 이 사건 임대차계약서에 확정일자를 받았으며, 같은 날 이 사건 주택에 관하여 주민등록을 하였다. 나. 피고의 부동산수탁 피고는 2017. 9. 13. 이 사건 주택에 관하여 2017. 9. 13. 신탁계약을 원인으로 하여 소유권이전등기를 경료하였다. 다. 원고의 임대차보증금 반환 촉구 원고는 2019. 11. 8. D에게 ‘"
protection_mechanism,50475,4,"“각 근저당권의 등기 선후 및 이 사건 우선회수특약상 변제충당 순위(각 해당 근저당권의 채권최고액 한도 내에서 그 피담보채권 중 미변제 잔액, 피고의 대위변제금 중 해당 근저당권과 관련하여 이전된 채권 상당액, 신용보증 없는 다른 대출 채권 등 순서)에 따라 배당하는 방법을 취하여야 하고, 위 방법에 따르면 원고의 손해액은 이 사건 경매절차에서 피고의 대위변제금에 배당되었을 것으로 예상되는 103,752,493원 및 113,015,219원과 ○○ 공장에 관한 경매절차에서 배당되었을 것으로 예상되는 31,196,845원이다”"
protection_mechanism,50924,4,"“임대관련 업무, 임대보증기간 동안 임대료 지급, 임대보증금 수금 및 관리, 임차인의 물색 및 선정, 임대홍보, 임대차계약 관리(계약서 작성) 기타 등 피고를 위해 행하는 임대관련 업무 일체”"
protection_mechanism,50924,4,“임대차 계약시 임대인 보장금액과 임차인의 보증금 및 월세 금액은 다를 수 있다”
protection_mechanism,54513,4,"'이라 한다)과 사이에 2016. 2. 18. 이 사건 숙박시설 부지에 관한 분양관리신탁계약을 체결하였다가, 2017. 2. 23. 위 분양관리신탁계약을 관리형토지신탁계약으로 변경하는 내용의 변경계약(이하 '"
protection_mechanism,54513,4,"'수분양자들은 대출기관으로부터 대출을 받아 분양대금을 납부한 경우로서 공급계약서 또는 대출약정서에서 정한 내용에 따라 공급계약이 해제된 경우에는 수분양자들의 피고 Q에 대한 분양대금 반환채권 중 위 금융기관에 대한 대출원리금 상당액의 채권은 위 금융기관에 양도되고, 위 채권양도에 관하여는 본 계약의 체결로써 수분양자들의 피고 Q에 대한 통지와 피고 Q의 승낙이 있었던 것으로 보며 이에 따라 피고 Q은 직접 금융기관에 수분양자들의 위 양도된 분양대금 채권 상당액을 상환하기로 하고, 수분양자들은 이에 동의한다'"
protection_mechanism,58618,4,‘정당한 사유 없이 임대인이 임차인이 주선한 신규임차인이 되려는 자와 임대차계약의 체결을 거절하는 행위’
protection_mechanism,58968,4,"'는 의미로만 해석되는 것이고 신탁계약서의 각 조항에 대항력이 발생한다고 볼 수는 없다. 나) 이 사건 신탁계약은 개정 신탁법(2011. 7. 25. 법률 제10924호로 전부 개정된 것, 이하 '"
protection_mechanism,60525,4,‘임대인은 임차인이 임대차기간이 만료되기 6개월 전부터 1개월 전까지 사이에 계약갱신을 요구할 경우 정당한 사유 없이 거절하지 못한다.’
protection_mechanism,60525,4,‘임대차계약이 종료된 경우에 임차인은 위 부동산을 원상으로 회복하여 임대인에게 반환한다’
protection_mechanism,61179,4,"‘제2 대출계약’이라 한다)을 체결하였다. 피고 2는 피고 ○○스틸이 위 대출계약에 따라 부담하는 채무에 대해 연대보증하였다. 2) 제2 대출계약은 2012. 3. 14.경 만기가 2013. 3. 14.까지로 연장되었고, 가산금리가 연 2.3%로 변경되었다. 3) 2015. 11. 29. 현재 제2 대출계약에 따른 채권(이하 ‘"
protection_mechanism,63014,4,"“이 사건 다세대 주택 중 일부를 임차하여 살고 있던 H가 당초 위 주택의 경락인에 대하여 임대차로써 대항할 수 있는 지위에 있었으나, 이후 점유를 상실하여 대항력이 사라졌다. 이에 당시 자금을 관리하고 있던 B와의 협의 하에 H에 대한 임차보증금반환채무 명목으로 준비해둔 890만 원을 개인적으로 사용하고, 2012. 5. 14.자 정산 당시에는 임차보증금으로 지출하였다는 취지로 기재하였다. 다만 그 액수만큼 리모델링 공사비를 적게 산정하였으므로 위 890만 원에 대한 불법영득의사는 없었다.”"
protection_mechanism,63378,4,"’이라 한다)과 사이에 관리형 토지신탁계약을 체결한 수탁자이고, 피고는 이 사건 건물의 임차인이다. 나. 피고는 2014. 8. 7. 이 사건 건물의 전 소유자인 소외 F과 사이에, 이 사건 건물을 임대차보증금 7,000만 원, 월 차임 550만 원(부가가치세 별도), 임대차기간을 2014. 8. 15.부터 2017. 8. 14.까지로 정하여 임차하기로 하는 내용의 임대차계약(이하 ‘"
protection_mechanism,63378,4,"’이라 한다)을 체결하였고, 위 임대차보증금을 지급하였으며, 이후 이 사건 임대차계약에 대해서는 묵시적 갱신이 이루어졌다. 다. 한편 E은, ① 2018. 11. 16. 위 F과 사이에 이 사건 건물을 매수하기로 하는 매매계약을 체결하였고, ② 2019. 5. 22.에는 원고와 사이에 이 사건 건물 부지 및 장차 그 지상에 건축될 집합건물(이하 위 주택 등의 건설사업을 ‘"
protection_mechanism,63378,4,"‘상가임대차법’이라 한다) 제10조 제4항에 따라 묵시적으로 갱신되어 2019. 8. 14.까지 연장되었는데(상가건물의 임대차에 관하여 상가임대차법이 규정하고 있는 사항에 대해서는 민법의 적용이 배제되므로, 민법에 따라 임대인 해지통고 이후 6월의 기간이 경과되어야 해지의 효력이 발생함을 전제로 ‘"
protection_mechanism,63378,4,“임대인은 임대차기간이 끝나기 6개월 전부터 임대차 종료 시까지 다음 각 호의 어느 하나에 해당하는 행위를 함으로써 권리금 계약에 따라 임차인이 주선한 신규임차인이 되려는 자로부터 권리금을 지급받는 것을 방해하여서는 아니 된다.”
protection_mechanism,64705,4,"’이라고 한다)를 마쳤으며, 그 후 피고는 이 사건 신용보증계약에서 정한 특약에 따라 보증금액을 일부 해지하였다.   ※ 이하 중소기업은행의 위 대출금 채권을 ‘"
protection_mechanism,64770,4,"’이라 한다)에 관하여, 근저당권자를 북삼농협으로, 채무자를 소외 1로, 채권최고액을 490,000,000원으로 각 정하고 소외 1이 북삼농협에 대하여 현재 및 장래에 부담하게 될 여신거래, 신용카드거래 등 모든 채무를 포괄하여 담보하되 3년이 경과하면 근저당권설정자가 서면통지에 의하여 결산기를 지정할 수 있도록 하는 내용의 근저당설정계약(이하 ‘"
protection_mechanism,66133,4,"'라고 한다)에서, 원고는 이 사건 아파트에 관한 주택임대차보호법상의 우선변제권을 가지는 임차인이라고 주장하면서 임대차보증금 4억 5,000만 원에 대하여 권리신고 및 배당요구를 하였다. 라. 배당 및 원고의 이의 위 집행법원은 배당기일인 2014. 2. 6. 실제 배당할 금액 1,329,863,951원 중 2,748,730원을 1순위 압류권자에게, 5,603,940원을 2순위 교부권자에게 각 배당한 후근저당권자이자 신청채권자인 피고에게 나머지 1,311,571,931원을 배당하고, 원고에게는 배당하지 않는 내용의 배당표(이하 '"
protection_mechanism,71463,4,"’이라 한다)을 체결하였다. 나. C의 이 사건 임대차보증금 공탁 경위 1) 피고 대한민국 소속 영등포세무서는 2019. 9. 24.경 피고 B이 국세 17건 총 275,312,410원을 체납하였음을 이유로 이 사건 임대차보증금 반환채권 중 체납액(향후 가산되는 가산금 포함)을 압류하고, 그 취지를 C에게 통지하였다. 2) C은 이 사건 임대차계약이 종료된 직후인 2020. 12. 21. 피공탁자를 피고 B 또는 D 또는 영등포세무서로 하고, 공탁원인사실을 ‘"
protection_mechanism,72588,4,"’ 사무실에서 주식회사 H와 사이에 위 부동산에 관하여 주식회사 H를 근저당권자로 하여 근저당권을 설정하는 조건으로 주식회사 H와 외상 물품거래를 하겠다고 제안한 다음, 팩스를 이용하여 제1항 기재와 같이 위조한 C 명의 임대차계약서를 그 위조 사실을 모르는 주식회사 H 담당자 I에게 마치 진정하게 성립한 것처럼 제출하였다. 이로써 피고인은 제1항 기재와 같이 위조한 C 명의 임대차계약서를 행사하였다. 3. 사기 피고인은 2018. 12. 6.경 위 ‘"
protection_mechanism,72769,4,"‘원고의 2011. 9. 7. 매수청구로 인하여 채권이 협의회로 이전되었음. 향후 만기도래하는 개별 파생계약에 대해 연장할 필요가 없으며, 파생계약의 연장 수수료, 중도해지 수수료 등 일체의 비용을 납부할 필요가 없음. 2011. 9. 7.자 이후 성동조선이 기납부한 파생계약 관련 수수료는 협의회가 추후 원고와 정산할 것임’"
protection_mechanism,72769,4,"‘원고는 채권매수청구권 행사 이후 현상유지 차원에서 관리하고 있는 이 사건 파생계약이 2012. 5. 23.부터 만기가 도래하는바, 성동조선으로부터 받은 공문에 따르면 협의회는 위 파생계약을 더 이상 연장하지 않기로 결정한 것으로 보인다. 원고로서는 위 파생계약의 당사자인 성동조선의 공문을 위 파생계약의 청산요청으로 취급할 수밖에 없는 입장이다. 협의회가 이와 다른 입장이라면 성동조선을 통하여 그 입장을 밝히기를 바라고, 다른 사정이 없다면 성동조선의 요청에 따라 이를 만기연장하지 않고 청산하겠다’"
protection_mechanism,73329,4,"‘임차인인 피고 B이 무단 거주이전으로 인한 대항력 및 우선변제권을 상실하였고, 이는 이 사건 보증계약에 정한 면책사항에 해당된다.’"
protection_mechanism,75184,4,"'이라 한다), 같은 날 원고 명의의 소유권이전등기를 마쳤다. 2) 이 사건 매매계약 당시 이 사건 아파트의 전소유자인 J와 임차인 K 사이에 위 아파트에 관하여 임대차보증금 3,500만 원의 임대차계약(이하 '"
protection_mechanism,76374,4,"'이라 한다)과 사이에 2016. 2. 18. 이 사건 숙박시설 부지에 관한 분양관리신탁계약을 체결하였다가, 2017. 2. 23. 위 분양관리신탁계약을 관리형토지신탁계약으로 변경하는 내용의 변경계약(이하 '"
protection_mechanism,76374,4,"'수분양자들은 대출기관으로부터 대출을 받아 분양대금을 납부한 경우로서 공급계약서 또는 대출약정서에서 정한 내용에 따라 공급계약이 해제된 경우에는 수분양자들의 피고 B에 대한 분양대금 반환채권 중 위 금융기관에 대한 대출원리금 상당액의 채권은 위 금융기관에 양도되고, 위 채권양도에 관하여는 본 계약의 체결로써 수분양자들의 피고 B에 대한 통지와 피고 B의 승낙이 있었던 것으로 보며 이에 따라 피고 B은 직접 금융기관에 수분양자들의 위 양도된 분양대금채권 상당액을 상환하기로 하고, 수분양자들은 이에 동의한다'"
protection_mechanism,76878,4,"’이라 한다)을 체결하였다. 원고는 D에게 임대차보증금 전액을 지급하였다. 원고는 F의 직원으로부터 이 사건 건물 I호를 소개받아 이를 알게 된 것이었고, 위 직원이 원고에게 위 I호를 보여주었으며, 이 사건 계약 체결 당시 F에서 D, 위 직원을 만나 이 사건 계약을 체결하면서 위 직원으로부터 중개대상물 확인·설명서 및 공제증서를 교부받고, 중개수수료를 지급하였다. 다. 원고가 교부받은 중개대상물 확인·설명서에는 채권최고액 756,000,000원의 근저당권(다음부터 ‘"
protection_mechanism,79587,4,‘임대차계약이 종료한 경우 임차인은 원상 복구하여 임대인에게 반환한다.’
protection_mechanism,84376,4,"’이라 한다)를 하였고 그 무렵 임차보증금도 1억원으로 증액하였다. 다. 소외 1은 2010. 9. 14. 원고로부터 1억 5,000만원을 대출받으면서 그 담보로 2010. 9. 20. 이 사건 전세권에 관하여 채권최고액을 1억원으로 하는 전세권근저당권설정등기(이하 ‘"
protection_mechanism,85713,4,"’에 ‘임차인의 임대계약 체결 후 주택임대차보호법 제3조 제1항에 규정한 확정일자를 갖출 수 있으며, 보증금의 우선변제권이 있음.’"
protection_mechanism,90309,4,"‘원고는 임대차보증금을 회수할 수 없는 상태임을 충분히 예상할 수 있음에도 임대차계약을 체결하여 주택임대차보호법상의 최우선변제권을 악용한 임차인이므로, 배당에서 제외해 달라’"
protection_mechanism,93937,4,"’이라 한다)에 관하여 업종을 커피숍으로 정하여 보증금 4,000만 원(차임 없음), 임대차기간 2001. 2. 24.까지로 정한 임대차계약을 체결하고, 그 무렵 C에 임대차보증금을 지급하고 C로부터 이 사건 커피숍을 인도받아 1999. 4. 30.경 사업자등록을 마치고 영업을 개시하였으며, 2003. 9. 1. 임대차기간을 2005. 8. 31.까지 24개월간으로 변경하는 임대차계약(이하 ‘"
protection_mechanism,94337,4,"“임차인은 위 부동산에 존재하는 선순위 권리(근저당권, 임차권 등)로 인하여 경매 등이 실행될 경우 임차보증금의 전부 또는 일부를 반환받지 못할 수도 있음을 확인한다.”"
protection_mechanism,94818,4,‘정당한 사유 없이 임대인이 임차인이 주선한 신규임차인이 되려는 자와 임대차계약의 체결을 거절하는 행위’
protection_mechanism,97069,4,"’라 한다)에 관하여 채권최고액 금 58,500,000원, 채무자 소외 1, 근저당권자 국민은행으로 하여 대구지방법원 동대구등기소 2002. 9. 12. 접수 제41737호로 근저당권설정등기를 마쳤다. 나. 원고는 2005. 2. 12. 소외 1과 사이에 이 사건 아파트에 관하여 임대차보증금 14,000,000원, 임대차기간 2005. 2. 25.부터 2007. 2. 25.까지로 정하여 임대차계약을 체결하고, 2005. 3. 2. 이 사건 아파트의 등기부상 주소지인 ‘"
protection_mechanism,99069,4,"‘경매목적물’이라 한다)에 관하여 채권최고액을 2,160만 원으로 한 근저당권설정계약을 체결하였는데, 그 근저당권설정계약은 ‘"
protection_mechanism,99150,4,"’위탁자 및 수익자가 임대차 관리를 책임지고, 이 사건 신탁계약 체결 이전 또는 이후에 이루어진 임대차계약에 기인한 임대차보증금 반환채무는 위탁자 및 수익자가 부담하며, 수탁자는 면책된다‘"
protection_mechanism,99208,4,"'이라 한다) 및 공장기계에 관하여 창원지방법원 접수 제60055호로 채무자를 소외 회사, 근저당권자를 동화은행, 채권최고액을 금 20억 원으로 하는 근저당권설정등기와, 다시 1997. 6. 30. 위 법원 접수 제1998호로 채무자와 근저당권자는 위와 동일하고 채권최고액을 금 30억 원으로 하는 근저당권설정등기를 각 경료하였다. 나.한편, 소외 장언산업 주식회사(이하 '"
protection_mechanism,100790,4,"’이라 한다)을 체결하였다. (2) B은 이 사건 근저당권설정계약을 원인으로 피고 D 앞으로, 이 사건 25, 26 부동산에 관하여 서울중앙지방법원 2014. 4. 10. 접수 제84100호 근저당권설정등기를, 이 사건 1 내지 20, 120 부동산에 관하여 광주지방법원 2014. 4. 11. 접수 제75021호 근저당권설정등기(이하 ‘"
protection_mechanism,108044,4,"‘이 사건 주택’이라 한다)에 관하여, 임대인 D, 임차인 원고, 임대차보증금 4,000만 원, 임대차기간 2017. 4. 9.부터 2019. 4. 7.까지로 하여 임대차계약을 체결하였다(이하 ‘"
protection_mechanism,108044,4,"’이라 한다). 2) 원고는 2017. 6. 9. 이 사건 임대차계약서에 확정일자를 받았으며, 같은 날 이 사건 주택에 관하여 주민등록을 하였다. 나. 피고의 부동산수탁 피고는 2017. 9. 13. 이 사건 주택에 관하여 2017. 9. 13. 신탁계약을 원인으로 하여 소유권이전등기를 경료하였다. 다. 원고의 임대차보증금 반환 촉구 원고는 2019. 11. 8. D에게 ‘"
protection_mechanism,108733,4,‘H 등’이라고 한다)과 이 사건 집합건물 중 H 등의 지분에 관하여 각 근저당권설정계약을 체결하였다(피고들의 위 각 근저당권설정계약을 통틀어 ‘
protection_mechanism,108917,4,"‘위 대금 1억 3,500만 원 중 4,000만 원을 임대차보증금으로 하고, 임대차기간은 2003. 3. 1.부터 36개월로 하되, 피고인이 만기가 되어 나갈 때에는 위 보증금 4,000만 원을 포기하고, 공소외 6의 사정으로 만기 이전에 임대차계약이 무효가 될 경우에는 공소외 6이 피고인에게 위 보증금 4,000만 원을 지급하기로 하는’"
protection_mechanism,109804,4,"""피고가 실제로 이 사건 주택을 이용하지 않고, 또한 전세보증금도 피고가 낸 것이 아니어서 피고의 전세권설정등기는 통정허위표시로서 무효일 뿐 아니라 피고와 소외인 간에 체결한 채권양수도 계약의 확정일자가 없어 타채권자들에게 대항력이 없었기에 원고로서는 피고에게 금전을 지급할 수 없어 구 민사소송법 제581조에 의한 집행공탁을 한 것"""
protection_mechanism,111277,4,"‘이 사건 대지’라고 한다)에는 피고의 임차권에 우선하여 근저당권(근저당권자 사하농업협동조합, 채무자 원고, 채권최고액은 70,000,000원이었으나 2007. 5. 23. 변경계약에 의하여 36,400,000원이 되었다)설정등기가 마쳐져 있으며, 인가된 위 변제계획은 위 근저당권 및 임차권을 “"
protection_mechanism,113602,4,"’라고 규정하고 있을 뿐 지상권의 경우에는 지료의 지급을 지상권설정계약의 요소로 하고 있지 아니하므로 지상권설정계약은 무상계약일 수도 있고, 유상계약일 수도 있다 할 것이다. 국토의계획및이용에관한법률 제118조 제1항이 괄호 안에 ‘"
protection_mechanism,115890,4,"’이라 한다), 그 계약 내용은 임대차보증금을 6,500만 원으로 정하여 계약금 500만 원은 계약시에, 잔금 6,000만 원은 2012. 8. 16.에 지급하는 것이었고, 임대차기간에 관하여는 ‘"
protection_mechanism,118277,4,“상호간의 임대차계약은 이미 갱신되었으므로 원고의 계약해지 통보는 부당하다”
protection_mechanism,121143,4,"'2011. 9. 7.자로 채권이 협의회로 이전되었음. 향후 만기도래하는 개별 파생계약에 대해 연장할 필요가 없으며, 파생계약의 연장 수수료, 중도해지 수수료 등 일체의 비용을 납부할 필요가 없음. 2011. 9. 7.자 이후 기납부한 파생계약 관련 수수료는 협의회가 추후 원고와 정산할 것임'"
protection_mechanism,124294,4,"’이라 한다). 4) 이 사건 각 신탁계약의 내용 중 이 사건과 관련된 부분은 다음과 같다.   나. 임대차계약의 체결 등 1) 원고 A은 2017. 3. 17. 피고 D을 대리한 피고 E와 사이에, 원고 A이 피고 D으로부터 이 사건 제1 부동산을 임대차보증금 130,000,000원, 임대차기간 2017. 3. 18.부터 2019. 3. 17.까지로 정하여 임차하기로 하는 임대차계약(이하 ‘"
protection_mechanism,124294,4,"‘본건은 계약일 현재 실소유자는 피고 D이나 H에 담보신탁등기된 것으로 임대차보증금의 반환, 임대인의 권리와 의무는 오직 실소유자인 피고 D에게만 있다’"
protection_mechanism,130089,4,"'이라 한다)에 정한 대항력을 취득한 것으로 보이고, 원고와 사이에 이 사건 점포 임대차관계에서 임대인의 지위에 있는 피고들에 대하여 임대차보증금반환채무와 동시이행을 주장하면서 이 사건 점포의 인도를 거부할 수 있다'"
protection_mechanism,130089,4,"'(종전 임대인들로부터) 보증금이 모두 입금되어서 보내려고 하는데 확인할 부분이 있다. (피고 측이) 이 사건 점포 2층 부분을 비워달라고 해서 (원고도) 그렇게 하기로 했으니 (피고 측에) 2층 부분의 보증금은 제외하고 나머지 보증금을 보내는 것이 타당하다고 생각하는데, (피고 측) 생각은 어떤지 알아야 보낼 액수를 정할 수 있겠다'"
protection_mechanism,134552,4,"‘□□아파트’라고 한다)에 관하여 채권최고액 6억 9,360만 원, 근저당권자 오에스비저축은행, 채무자 소외 1로 하는 근저당권설정계약을 체결한 후 같은 내용의 근저당권설정등기를 마쳤다. 2) 오에스비저축은행은 2013. 5. 9. 소외 1과 12억 원을 약정이율 연 6.35%, 지연배상금률 연 25%로 정하여 대출하기로 하는 여신거래약정(이하 ‘"
protection_mechanism,134552,4,"’라고 한다)에 관하여 채권최고액 14억 4,000만 원, 근저당권자 오에스비저축은행, 채무자 소외 1로 하는 근저당권설정계약을 체결한 후 같은 내용의 근저당권설정등기를 마쳤다. 3) 오에스비저축은행은 2013. 5. 23. 소외 1과 7억 2,000만 원을 약정이율 연 8.66%, 지연배상금률 연 25%로 정하여 대출하기로 하는 여신거래약정(이하 ‘"
protection_mechanism,135395,4,"""공소외 2가 위 주택에 전세입자로서 살고 있는 것처럼 임대차계약서를 작성하여서 그것을 근거로 배당신청을 하면 임대차보증금에 상당하는 돈을 배당받을 수 있으니 보증금을 1억 5천만 원으로 하는 임대차계약서를 작성하자."""
protection_mechanism,135796,4,"‘임차인은 이 사건 부동산에 존재하는 선순위 권리(근저당권, 임차권 등)로 인하여 경매 등이 실행될 경우 임차보증금의 전부 또는 일부를 반환받지 못할 수도 있음을 확인한다.’"
protection_mechanism,136031,4,"’이라고 한다), C에게 2014. 3. 29. 53,000,000원을 지급하였다. 2) 원고는 2014. 4. 8. E호로 전입신고를 마치고, 그 무렵 C으로부터 E호를 인도받았다. 3) 이 사건 임대차계약은 그 기간 만료 이후 묵시적으로 갱신되었는데, 원고는 2017년 말경 C에게 임대차계약의 해지를 통보하였다. 나. 원고의 주택임차권등기 경료 및 인도 원고는 이 사건 건물에 관하여 2018. 5. 3. 수원지방법원 오산시법원 2018카임45호로 임차권 범위를 ‘"
protection_mechanism,137388,4,"’는 이유로 피고의 청구를 기각하는 판결을 하였다(수원지방법원 2019. 8. 13. 2018가단540175 보증금반환 판결, 이후 위 판결은 확정되었다). 사. 원고는 수원지방법원 2018가단540175 사건에서 이 사건의 피고(위 사건의 원고) 측에 보조참가하였다. 아. 한편, F은 원고를 상대로 이 사건 매매계약의 취소를 주장하면서 매매대금의 반환을 구하는 소를 수원지방법원에 제기하였고, 위 법원은 “"
protection_mechanism,137694,4,"‘이 사건 주택’이라 한다)를 임대차보증금 60,000,000원, 월 임차료 100,000원, 임대차기간 2010. 3. 8.부터 2011. 3. 7.까지로 각 정하여 임차하였고, 2010. 2.~3.경 D에게 임대차보증금 60,000,000원을 지급하였다. 나. D은 이 사건 주택에 관하여 2010. 3. 16. 채권최고액 455,000,000원, 채무자 D, 근저당권자 G조합로 하는 근저당권설정등기(이하 ‘"
protection_mechanism,139335,4,"’에 ‘임차인의 임대계약 체결 후 주택임대차보호법 제3조 제1항에 규정한 확정일자를 갖출 수 있으며, 보증금의 우선변제권이 있음.’"
protection_mechanism,139335,4,"’의 신설 규정에 따라 이 사건 아파트의 임차인대표회의가 2008. 7. 4. 울산 북구청장으로부터 직접 분양전환승인을 받았다. (6) 평창토건의 파산관재인인 피고와 한국토지신탁, 원고 등은 2010. 1. 21. 평창 2차 아파트 임차인대표회의와 사이에, 2010. 4. 8. 평창 3차 아파트 임차인대표회의와 사이에, 2010. 4. 14. 평창 1차 아파트 임차인대표회의와 사이에, 각 이 사건 아파트의 분양전환 등에 관한 합의(이하 ‘"
protection_mechanism,143040,4,“주택임대차보호법 제3조(대항력 등) 제1항의 규정에 의한 대항요건을 갖추고 임대차계약증서상의 확정일자를 받은 임차인은 개인회생재단에 속하는 주택(대지를 포함한다)의 환가대금에서 후순위권리자 그 밖의 채권자보다 우선하여 보증금을 변제받을 권리가 있다.”
protection_mechanism,143495,4,"’이라 한다)에 관하여 업종을 커피숍으로 정하여 보증금 4,000만 원(차임 없음), 임대차기간 2001. 2. 24.까지로 정한 임대차계약을 체결하고, 그 무렵 C에 임대차보증금을 지급하고 C로부터 이 사건 커피숍을 인도받아 1999. 4. 30.경 사업자등록을 마치고 영업을 개시하였으며, 2003. 9. 1. 임대차기간을 2005. 8. 31.까지 24개월간으로 변경하는 임대차계약(이하 ‘"
protection_mechanism,145065,4,"'이라 한다), 채권최고액 204,000,000원으로 정한 근저당권이 설정되었다. ④ 그런데 K, L, M은 2013. 5. 20.경기도 여주군 T로 주민등록을 이전하였다가, 2013. 5. 22. 다시 이 사건 아파트로 재전입하였다. ⑤ 피고인과 피해자는 2013. 7. 25.경 이 사건 아파트에 관하여 임대차보증금 1억 3,000만 원을 기존 임대차보증금 지급으로 대신하기로 하고, 임대차기간을 2015. 7. 24.경까지 2년으로 정한 임대차계약을 체결하였으며(이하, '"
protection_mechanism,148494,4,"’이라 한다)을 체결하였고, 피고 B은 2017. 1. 31. J은행으로부터 이 사건 임대차계약에 관한 대항력 및 우선변제권을 유지하는 조건으로 위 임대차보증금의 잔금 일부인 200,000,000원을 대출(이하 ‘"
protection_mechanism,148494,4,"’이라 한다)받았으며, 그 대출금은 같은 날 피고 C의 계좌로 송금되었다. 그런데 피고 B은 2017. 1. 23. 이 사건 임대차계약에 대하여 확정일자를 받고 2017. 1. 31. 이 사건 부동산에 관하여 전입신고를 하였다가 2017. 2. 28. 무단전출하여 이 사건 임대차계약에 관한 대항력 및 우선변제권을 상실시켰고, 피고 법인은 2017. 2. 8. 이 사건 부동산의 소유권을 취득하고는 피고 B이 무단전출해 있던 사이인 2017. 3. 3. K조합(이하 ‘"
fraud_core,1485,3,"’이라 한다)을 체결하였다. 2) O은 이 사건 각 매매계약을 체결한 후 이 사건 각 부동산의 임차인인 원고들 등에게 이 사건 각 부동산에서 전출하였다가 다시 전입신고를 해달라고 요청하였다. 이에 원고들 등은 별지2 표 기재와 같이 2019. 4. 26., 2019. 4. 29., 2019. 4. 30., 2019. 5. 14.경 이 사건 각 부동산에서 전출하였고, 2019. 4. 23.경부터 2019. 5. 23.경까지 O과 이 사건 각 부동산에 관하여 각 임대차계약(이하 ‘"
fraud_core,2261,3,"‘을 체결하였는데, 부동산담보신탁계약서에는 이 사건 건물 임대현황으로 임대차 현황서와 같은 내용의 70세대 임대차보증금액 합계 1,715,000,000원이 기재된 임대현황표가 첨부되어 있다. (8) 피해자는 2016. 5. 25. 피고인의 대출신청에 관하여 ① 감정평가서, ② 부동산담보신탁계약서 등으로 대출심의위원회를 개최하였고, 대출심의위원회는 “"
fraud_core,4969,3,'이 사건 계약 당시 피고인 A 측에서 다른 회사나 개인과 어떤 계약을 체결하였는지 전혀 몰랐다. 만약에 그런 것이 있었으면 이 사건 계약을 아예 체결하지 않았을 것'
fraud_core,6836,3,"‘피엠 독점 계약서는 끝까지 유효하며 이 사장이 시행사를 포기해서 사업을 접을 때 계약해지됨을 고지하고 끝까지 권리 행사할 것이고 이미 금융PF자금 준비완료했고, 시공사선정 진행 중이고, 신탁사 선정 시행사 대표 D 사장 동의하에 선정했기에 PM사로 역할을 충실하게 진행했고(이하 생략)’"
fraud_core,6836,3,"‘ 사업권에 대한 사업 포기각서를 써주어야 투자금을 입금해 줄 수 있다는 식에 협박적인 내용으로 B(피고) E씨는 통화와 문자로 사업포기각서요구 같이 일하는 M씨는 메일(사업포기각서 초안 발송)로 보내는 등 계약 약정 자체에 없는 불법적인 업무행위를 본 시행사한테 서슴없이 강요하였고, 위임계약임에도 불구하고 용역계약서 제2조에 명시한 내용 중 시행사와 선행적 합의 및 어떻게 진행하겠다라는 것조차 없었으며 귀사가 했다는 제2조[업무범위]에 을(피고)이 수행할 업무범위 중 본 시행사가 보낸 공문 ’"
fraud_core,8735,3,"‘인근’으로 평가될 수 있다. 그리고 이 사건 각 분양계약 당시 고속철도 H역은 이미 개통공사가 시작되어 공사현장 및 부지를 육안으로 확인할 수 있었고, 이 사건 각 분양계약의 계약서에도 ‘"
fraud_core,8824,3,‘2018. 1. 1. 이 사건 건물에 관하여 재계약을 체결하였으므로 계약갱신요구권을 행사한다’
fraud_core,10508,3,‘공소외 8 회사가 공소외 20 회사의 (선박명 3 생략)에 대한 리스이용자 지위를 인수하여 이 사건 리스계약을 승계한 후 잔여 리스요금을 지불하는 방법으로 위 리스계약을 해지해서 공소외 42 회사로부터 (선박명 3 생략)의 소유권을 취득한 다음 이를 다시 제3자에게 매각하라는 의미’
fraud_core,11461,3,"’이라 한다), 그 무렵 피고에게 위 임대차보증금 145,000,000원을 지급하였다. ○ 원고는 피고에게, 주택임대차보호법 소정의 갱신거절기간 내에 갱신거절의 의사 표시를 하였고, 2020. 4. 7. ‘"
fraud_core,11461,3,"’는 취지의 내용증명우편도 발송하였다. ○ 이 사건 임대차계약은 2020. 4. 14. 기간만료로 종료되었는데, 원고는 피고로부터 임대차보증금을 반환받지 못하자 수원지방법원 안산지원 2020카임126호로 임차권등기명령을 받아 2020. 5. 14. 이 사건 주택에 관하여 주택임차권등기를 마치고(이하 ‘"
fraud_core,11461,3,"‘임대차가 끝난 후 보증금이 반환되지 아니한 경우에 임차인은 임차주택의 소재지를 관할하는 지방법원, 지방법원지원 또는 시군법원에 임차권등기명령을 신청할 수 있다’"
fraud_core,12467,3,’은 이에 상당하는 금액을 임대보증금에서 우선 공제 후 임대보증금을 반환하여도 ‘
fraud_core,12467,3,"“임차인과 합의한 세대에 대하여 당해 임대주택을 임차인에게 매각(분양전환)할 수 있는 것이며, 임대의무기간이 지난 공공건설임대주택의 우선매각은 임대주택법 시행령 제13조의 규정에 의하여 입주일 이후부터 매각 당시까지 당해 임대주택에 거주한 무주택자인 임차인에게 우선적으로 매각하도록 규정하고 있다.”"
fraud_core,13815,3,"“추후에 별도의 계약서가 작성되지 않는다 하더라도 ① 원고가 피고 회사에 투자금의 일부 혹은 전부를 지불한 후에도 주식 배정을 받지 못하거나, ② 타의에 의하여 대표이사에서 해임된 경우에는 그 즉시 계약의 주체는 피고 회사에서 원고로 자동 변경되며 피고 회사의 계약상 모든 권리 역시 원고의 권리로 자동 인계된다.”"
fraud_core,14649,3,"'고 규정하고 있는 사실이 인정된다. 위 인정사실에 의하면, 주위적 피고는 위 원고들에게 이 사건 신탁계약에서 정한 신탁재산의 한도 내에서만 이 사건 분양계약 해제에 따른 원상회복의무 등을 부담한다고 봄이 상당하다. 따라서 주위적 피고의 위 주장은 이유 있다. 4)소결론 따라서 주위적 피고는 신탁재산의 한도 내에서 원고 A, B, C, D, E, F, G, H, I, J, K에게 별표 1. '"
fraud_core,14649,3,"'란 기재 해당 분양대금으로 분양계약을 체결하였고, 이 사건 분양계약 체결 당시 이 사건 분양계약서 '"
fraud_core,18608,3,‘피고가 임대인 원고와 사이에 체결된 2013. 1. 12.자 부동산임대차계약서와 2016. 1. 12.자 부동산임대차계약서 및 관련 서류 일체를 계룡시청(건설교통과 건설행정팀)에 제출한 사실이 있다’
fraud_core,21128,3,"’에 관하여 임대차보증금을 8,000만 원으로 한 임대차계약서(이하, 그 내용이 되는 계약을 ‘"
fraud_core,21128,3,"“피고는 소외 1의 명의를 빌려 이 사건 부동산을 매수하여 이 사건 소유권이전등기를 마친 이 사건 부동산의 실질적인 소유자로서 소외 1과 통모하여 형식상 이 사건 임대차계약을 체결하고 겉으로 임차인으로 가장하였을 뿐 진정한 임차인이 아니므로, 소외 1에 대한 유익비상환청구권 및 이에 기한 유치권을 행사할 수 없다.”"
fraud_core,21654,3,"’이라 한다)을 체결하였다. 나. 원고들은 2018. 12. 4. 소외 회사로부터 이 사건 건물을 매수하고, 2019. 6. 4. 그 소유권이전등기를 마쳤다. 다. 원고들은 2019. 7. 4. 피고 D에게 이 사건 계약에 따른 임대차기간이 2019. 11. 30. 종료될 예정이며 임대차계약을 갱신할 의사가 없음을 통보하는 내용의 내용증명을 발송하였고, 그 내용증명은 그 무렵 피고들에게 도달하였다. 라. 피고 E은 피고 D과 이 사건 임차건물에서 ‘"
fraud_core,24062,3,"’이라 한다)에 관하여 보증금 50,000,000원(월 차임 없음), 임대차기간 24개월(단, 계약기간 만료 시 자동연장하기로 하였다)로 하는 임대차계약을 체결하였다. 원고는 1999. 8. 15.경부터 이 사건 임차건물에서 ‘"
fraud_core,24790,3,"‘임대차보증금: 53,000,000원, 임대차기간: 2014. 1. 18.부터 2016. 1. 17.까지, 임대인: 망인, 임차인: 원고, 중개인: F’"
fraud_core,25435,3,"’ 준비 사실을 대한주택보증에 숨긴 채, 대전 중구 탄방동 소재 대한주택보증의 대전지점에서 2009. 9. 9. 별지(3) 기재와 같이 (건물명 2 생략)아파트 99세대에 관하여 임대보증금 22억 9,580만 원 상당, 2009. 9. 24. 별지(4) 기재와 같이 (건물명 2 생략)아파트 4세대에 관하여 임대보증금 9,990만 원 상당을 각 대한주택보증의 임대보증금 보증보험에 가입하였다. ⑤ (건물명 4 생략)아파트 보증가입 피고인 1, 3, 4, 5는 위와 같은 속칭 ‘"
fraud_core,25935,3,"’라 한다)에 대하여 피해자 D에게 보증금 8,000만 원, 월차임 100만 원(1년 후 165만 원으로 증액)을 받고 임대하기로 하는 임대차계약을 체결하고, 위 피해자 D이 2000. 12. 5. 위 점포에 관하여 전세금 8,000만 원의 전세권설정등기를 경료하고 배우자인 피해자 E와 함께 위 점포에서 ‘"
fraud_core,25935,3,"“이 사건 점포에 설정한 전세권설정등기를 말소하고, 건물 리모델링을 위해 점포를 비워 달라. 협조를 해 주면 G와의 전대차계약에 동의하여 계속 장사를 할 수 있도록 해 주겠고, G로부터 잔금을 지급받아서 임대차보증금도 줄 수 있다”"
fraud_core,25935,3,‘G에서 오늘까지 답을 달라고 한다. 보증금을 반환해 주고 G와 전대차계약을 체결할 수 있게 동의해 달라’
fraud_core,29978,3,"’이라 한다)에서 1순위 최우선소액임차인 3명에게 각 1,700만 원, 2순위 당해세 교부권자 및 3순위 근저당권자에게 각 배당되고, 남는 금원이 없어서 원고는 배당받지 못하였다. 원고는 2020. 7. 7. 이 사건 건물을 낙찰받은 L과 사이에 이 사건 주택에 대하여 임차기간을 2020. 7. 10.부터 2021. 7. 9.까지로 정하여 새로운 임대차계약을 체결한 후 이 사건 건물에서 거주하고 있다. 마. 피고 B, C에 대한 관련 형사 사건 피고 B, C은 ‘"
fraud_core,32757,3,"”이라는 옛 임금들의 호령이라도 들어 마땅하지 않은가? A의 100억 원대 빚은 A가 갚아야지 왜? 총회 회관 팔아 총회원 공금으로 갚는다는 말인가?? 그것도 이 땅위에 성령님의 강림과 역사하심의 성지, 총회 회관은 돈으로 계산할 수 없는 무한대 고가품인 것이다. 매각해서도 안 되지만 매각 계약을 하려면 제대로 해야지, 밀거래 식 이중계약을 하고, 기부금만 131억 4천만 원을 받기로 한 계약서는 또 무엇인가? “"
fraud_core,32975,3,"’라는 상호로 성매매알선 영업을 하다가 경찰에 단속되었고, 경찰은 2018. 5. 3. 피고인에게 단속결과 통지를 발송하였다. 3) 피고인이 2019. 4. 1. L의 소개로 A에게 이 사건 상가를 보증금 3,500만 원, 월차임 253만 원, 기간 같은 날부터 2023. 3. 30.까지로 정하여 임대하였으며, 이 사건 건물의 관리소장인 G가 계약 당시 참석하였다. 당시 작성된 임대차계약서 말미에 ‘"
fraud_core,33523,3,"""피고인이 2007년 계약기간이 끝나면서 갱신할 때 자신의 이름으로 5년간 계약할 수 있도록 해주겠다고 말했다"""
fraud_core,34667,3,"’이라 한다). 원고는 그 무렵 대자연네트웍스에 위 임대차보증금 1,000,000,000원을 지급하였다. (2) 원고와 대자연네트웍스는 2010. 11. 23. 원고의 대자연네트웍스에 대한 위 임대차보증금반환채권을 담보하기 위하여 피고에 대한 대자연네트웍스 명의의 1,000,000,000원의 예금채권(예금종류 : 자유로 회전예금, 예금주 : 대자연네트웍스, 증서번호 : (증서번호 생략), 이하 ‘"
fraud_core,36678,3,"'이라 한다)과 임대차계약에 관한 교섭을 하다가 2013. 4. 24. 이 사건 상가건물 중 지하 1층 B10~B18호를 임차목적물로 하는 임대차계약서를 작성한바 있고, 위 계약서에 바른손의 법인인감이 날인된 적이 있는 사실, ② 공정거래위원회가 위와 같이 피고 아이앤씨 개발에 대하여 경고처분을 하였으나, 이 사건 분양광고 총 2회 중 '"
fraud_core,38355,3,"‘F’ 공인중개사사무소에서 임대수입을 목적으로 다가구 주택을 매입하려는 피해자 G과 이 사건 건물을 7억 2,500만 원에 매도하는 계약을 체결하였다. 피고인은 위 계약 체결 당시 위 공인중개소 사무원인 H을 통해 피해자에게 이 사건 건물의 보증금 및 월세가 기재되어 있는 임대현황표를 제시하면서 “"
fraud_core,42290,3,"“ 공소외 44와 공소외 43 사이에 체결된 15억 원짜리 계약서를 보니 매매금액이 15억 원으로 되어 있었고 총 매매대금이 26억 5,000만 원이라는 사실은 알고 있으므로 그 차액 11억 5,000만 원을 제가 공소외 44에게 직접 전달하였을 것으로 추측하여 진술한 것이다. 사실 공소외 44와 몇 번 계약을 하였는지, 계약금액은 얼마인지, 공소외 44에게 얼마를 몇 번 전달하였는지 정말 기억나지 않는다.”"
fraud_core,42290,3,"‘① 공동매수인들은 공소외 3을 본 계약 협상 및 체결 등 모든 권한을 행사함에 있어 대표자로 위임하고, ② 공동매수인들은 연대하여 본 계약상의 의무를 이행하기로 하며, 매도인인 공소외 24 주식회사 11호 기업구조조정조합에 대한 관계에서는 공동매수인의 권리행사는 공동으로 하여야 한다(위 계약서 제14조 참조).’"
fraud_core,44664,3,"""라고 거짓말을 하였다. 그러나 이 사건 주택은 시가가 5억 8,700만 원인 데 비하여 이에 설정된 근저당권의 피담보채무액이 합계 3억 4,000만 원, 피고인이 이 사건 주택에 관하여 부담하는 전세보증금 반환채무가 N호의 P에 대하여 7,000만 원, O호 Q에 대하여 3,500만 원, M호 R에 대하여 1억 4,000만 원으로 합계 2억 4,500만 원이어서 담보가치가 거의 없는 이른바 '"
fraud_core,44664,3,"'M호 현재 거주 중인 전세입자 보증금 포함 선순위 임차인 총 보증금 1억 6,000만 원'"
fraud_core,44664,3,"""2019. 4. 29. 계약이 종료되면 전세보증금 3,000만 원을 반환하겠다"""
fraud_core,48346,3,"’이라 한다)에서 임대보증금 500만 원, 월세 38만 원에 임차하여 거주 중이던 소외 4를 내보내고, 2007. 8. 21. 원고들과 위 임차주택에 관하여 전세보증금을 5,000만 원, 전세기간을 2년으로 정하여 전세계약(이하 ‘"
fraud_core,49889,3,"’라 한다)에 관하여 원고에게 2001. 10. 27.자 매매를 원인으로 한 소유권이전등기를 마쳐주었다. 다. 원고와 피고 사이의 임대차계약 관련 1) 피고는 2011. 1. 29. 원고와 사이에, 피고가 원고로부터 이 사건 아파트에 관하여 임대차보증금 195,000,000원, 임대차기간 2011. 2. 25.부터 2013. 2. 25.까지로 하여 임차하기로 하는 임대차계약(이하 ‘"
fraud_core,50744,3,“임대차기간이 끝난 경우에도 임차인이 보증금을 반환받을 때까지는 임대차관계가 존속되는 것으로 본다.”
fraud_core,53763,3,"’라고 한다)를 보증금 20,000,000원, 임대차기간 2017. 1. 1.부터 2021. 12. 31.까지(60개월), 월차임은 무상, 관리비는 평당 5,000원(계약평수 202평, 부가세별도, 월 1,111,000원)으로 각 정하여 임대하는 계약(이하 ‘"
fraud_core,54020,3,"’이라 한다)에 관하여 보증금 50,000,000원(월 차임 없음), 임대차기간 24개월(단, 계약기간 만료시 자동연장하기로 하였다)로 하는 임대차계약을 체결하였다. 원고는 1999. 8. 15.경부터 이 사건 임차건물에서 ‘"
fraud_core,54987,3,"”고 거짓말하였다. 그러나 사실 피고인은 위 전제사실 기재와 같이 이 사건 상가에 대하여 임대차계약을 체결할 권한이 없었으므로 피해자로부터 보증금을 받더라도 피해자에게 위 상가를 정상적으로 임대하여 줄 의사나 능력이 없었다. 피고인은 위와 같이 피해자를 기망하여 이에 속은 피해자로부터 같은 날 임대차보증금 명목으로 D 명의의 기업은행 계좌(M)로 2,000만 원을 송금 받아 이를 편취하였다. 나. 피고인은 2018. 9.경 화성시 L 상가 K호에서, 피해자 C에게 “"
fraud_core,55623,3,"’이라 한다)을 체결한 직후 사업자등록에 필요한 토지 소유권자의 동의를 받기 위하여 J과 함께 피고인 A, B를 만났다. 피고인 A은 J이 미리 작성해온 임대차계약서를 확인한 다음 당시 등기부상 소유명의자로 되어 있던 피고인 B에게 임대차계약서에 싸인을 하라고 말하였고, 피고인 B는 임대차계약서 하단에 ’"
fraud_core,57221,3,‘임대인이 분양계약서상 수분양자임을 확인하고 계약을 진행한다’
fraud_core,59431,3,"“원임대자인 주공의 동의가 없는 현 우선권 임차인 D와 전대차계약임을 분명히 하고 연장이 없는 3년 계약이나, 만일 변동시 쌍방간 충분한 합의 후 서면으로 그 근거를 남기기로 한다”"
fraud_core,59463,3,‘임차인의 계약갱신요구권은 최초의 임대차 기간을 포함한 전체 임대차 기간이 5년을 초과하지 않는 범위 내에서만 행사할 수 있다’
fraud_core,60279,3,"’(협력회사 계약자가 납부함)으로 기재되어 있거나 공란(주식회사 새찬건설 소속 직원들의 계약건으로 위 회사가 2008년 12월경 부도난 탓으로 그 계약금 출처를 확인할 수 없어 공란으로 비워둠)으로 되어 있는데, 원고들의 경우 일반분양과 마찬가지로 ‘"
fraud_core,61644,3,"’이라 한다)을 체결하였다. 2) 피고는 2018. 8. 23. 이 사건 건물에 관하여 인천지방법원의 임차권등기명령(2018카임5206호)을 받았고, 원고는 2018. 9. 14.경 피고 C에게 위 임대차보증금 5,000,000원을 지급하였다. 3) 피고 C는 이 사건 건물 2층 중 E 지분의 양수인인 I를 상대로 대구지방법원 안동지원 봉화군법원 2018가소5136호로 보증금반환의 소를 제기하였고, 위 법원은 2019. 2. 14. ‘"
fraud_core,63475,3,"‘제○부동산’이라 한다)을 임차하여 유·아동 놀이시설, 식음료 매장 영업을 하고 그에 대한 대가로 보증금 없이 계약기간 중 3, 4, 5년차 순매출액의 5%(부가가치세 별도)에 해당하는 수수료를 지급하며, 계약기간을 2014. 7. 1.부터 2019. 6. 30.까지로 하는 내용‘"
fraud_core,63475,3,"’는 내용의 내용증명우편을 발송하였다. [인정근거] 다툼 없는 사실, 갑 제1, 2, 4, 6호증(가지번호 있는 것은 각 가지번호 포함, 이하 같다), 을 제1, 10, 11, 16호증의 각 기재, 변론 전체의 취지 2. 당사자의 주장 가. 원고의 주장 요지 1) 피고들은 아래와 같이 이 사건 각 부동산을 점유할 권원이 없음에도 불구하고 공동하여 이 사건 각 부동산을 불법점유하였다. 가) 이 사건 계약은 임대인이 영업장소를 제공하고 그 수익의 일정비율을 배분받는 형태의 비전형계약으로 상가건물 임대차보호법(이하 ‘"
fraud_core,63475,3,"“신탁계약 체결 후 신규 임대차 또는 재임대차계약은 수탁자 명의로 체결하거나 수탁자의 사전승낙을 조건으로 위탁자 명의로 체결하되, 임대차보증금은 수탁자에게 입금하여야 한다.”"
fraud_core,64434,3,“임대인이 제1항의 기간 이내에 임차인에게 갱신 거절의 통지 또는 조건 변경의 통지를 하지 아니한 경우에는 그 기간이 만료된 때에 전 임대차와 동일한 조건으로 다시 임대차한 것으로 본다. 이 경우에 임대차의 존속기간은 1년으로 본다.”
fraud_core,65094,3,"'은 매출액의 25% 중에서 인건비를 제외한 나머지를 전액 수익금으로 지불한다. 보증금을 지불하면 매장을 운영하게 해주고 보증금은 전액 반환해 주므로 결코 손해 볼 일이 없다."""
fraud_core,65094,3,"'대구 CA백화점에서 E 매장을 동업으로 운영하자. 가맹비 1천만 원, 보증금 2천만 원, 시설비 5천만 원 등 합계 8,000만 원을 투자하면, 월매출의 25%를 매달 수익금으로 지급하고, 최소 1년 이상은 영업을 하게 해 주겠으며, 피해자의 책임이 아닌 사유로 1년 내 매장이 폐점될 경우 7천만 원을 반환하고, 2년 내 폐점될 경우 4,500만 원을 반환해 주겠다.'"
fraud_core,67340,3,"”고 규정하고 있는 사실은 당사자 사이에 다툼이 없고, 소외 1이 2003. 5. 3.부터 1년씩 공제계약을 각 갱신할 당시 피고에 대하여, 자신이 2001. 12. 20.부터 세입자들로부터 전세금 명목으로 금원을 편취하여 공제사고에 해당하는 행위를 해온 사실을 알리지 아니한 사실은 앞서 본 바와 같다. 그러나 소외 1의 위 행위가 공제약관 제17조가 정하는 공제계약을 무효로 하는 사기행위에 해당하는지에 관하여 보건대, ① 공제약관 제1조는 공제가입자의 ‘"
fraud_core,67999,3,"’라 한다)를 4억 1,811만 원[계약금 4,180만 원, 중도금 2억 9,260만 원(4,180만 원씩 7회 분할 지급), 잔금 8,371만 원]에 분양받는 내용의 이 사건 분양계약을 체결한 사실, 피고는 2006. 8. 25. 알투엔건설로부터 1,000만 원을 차용하여 계약금 중 일부로 이 사건 아파트의 분양대금 입금계좌(이하 ‘"
fraud_core,69094,3,"‘J’이라 한다)과 사이에 신탁기간은 신탁등기일부터 신탁종료일까지, 제1순위 우선수익자를 L조합으로 하는 부동산담보신탁계약을 체결하고, 같은 날 J 명의로 위 신탁계약을 원인으로 한 소유권이전등기를 마쳐주었다. 신탁원부상 위 신탁계약의 주요 내용은 다음과 같다.   나. 원고는 2019. 3. 29. 중개업자인 피고 B와 피고 C(이하 ‘"
fraud_core,69953,3,‘당사에서는 매매계약 내용에 따라 소유권을 취득하고 이후 토지 및 건물을 당사에서 직접 사용하고자 하오니 위 건물 소유주인 임대인과 협의하여 명도일정(매매계약 체결 후 3개월 이내)에 차질이 없도록 준비하여 주시기 바랍니다.’
fraud_core,71560,3,"“권리금이란 임대차 목적물인 상가건물에서 영업을 하는 자 또는 영업을 하려는 자가 영업시설·비품, 거래처, 신용, 영업상의 노하우, 상가건물의 위치에 따른 영업상의 이점 등 유형·무형의 재산적 가치의 양도 또는 이용대가로서 임대인, 임차인에게 보증금과 차임 이외에 지급하는 금전 등의 대가를 말한다.”"
fraud_core,71560,3,“임차인의 계약갱신요구권은 최초의 임대차기간을 포함한 전체 임대차기간이 5년을 초과하지 아니하는 범위에서만 행사할 수 있다.”
fraud_core,71560,3,‘임대인의 갱신거절에 의해 임차인의 이익이 침해되는 경우’
fraud_core,72141,3,"’이라고 합니다)에 관하여 임대인 F과 사이에 임대차보증금 55,000,000원, 임대차기간 2018. 5. 4.부터 2020. 5. 3.까지로 정한 임대차계약(이하 ‘"
fraud_core,72141,3,"’라고 한다)과 사이에 부동산담보신탁계약을 체결하였고, 이를 원인으로 하여 이 사건 부동산에 관하여 소외 신탁사 앞으로 소유권이전등기가 마쳐졌다(갑 제4호증). 위 신탁에 따른 신탁원부가 이 사건 부동산에 대한 부동산등기부에 함께 등기되었다. ② 이 사건 임대차계약서의 특약 5조에는 ‘"
fraud_core,72793,3,"‘사업주체가 대물변제, 허위계약, 이중계약 등 정상계약자가 아닌 자에게 부담하는 채무’"
fraud_core,75450,3,"‘이 사건 사업’이라 한다)을 추진하면서, 2008. 5. 당진군에 건축허가를 신청하여 2008. 6. 2. 당진군수로부터 건축허가(배수설비설치신고, 공작물축조신고, 개발행위허가, 산지전용허가 의제처리)를 받고, 2009. 9. 22.경 신축 건물의 2 ~ 5층에 관하여 입점의향서를 제출한 주식회사 L와 임대차계약을 체결하고, 2009. 7. 28.경 M과 공사기간 2009. 8. ~ 2010. 3., 계약금액 200억 2,000만 원으로 정하여 N빌딩 신축공사 도급계약을 체결(이하 ‘"
fraud_core,76682,3,"’이라 한다)을 체결하고, 그 무렵 피고에게 위 임대차보증금을 전부 지급하였다. 이 사건 임대차계약서에는 다음과 같은 내용의 특약이 기재되어 있다.  나. 원고는 위 임대기간 만료일인 2019. 6. 17. 이 사건 아파트 현관 앞에 박스 하나를 남겨둔 채로 이 사건 아파트에서 퇴거하였고, 피고에게 2019. 7. 7. ‘"
fraud_core,76821,3,"’이라 한다)에게 2008. 4. 30. 교회 건물로 사용 중이던 이 사건 건물을 매매대금 700억 원에 매도하되, 계약금 50억 원은 계약 당일 피고 은성교회가 피고 다인종합건설에 지급하여야 할 공사대금으로 상계하고, 중도금 356억 1,600만 원은 2008. 6. 19. 금융기관 차입금채무와 임차보증금채무의 인수 등으로 지급에 갈음한 사실, 피고 은성교회와 피고 다인종합건설은 교회 신축공사가 완료될 때까지 피고 은성교회가 이 사건 건물을 피고 다인종합건설로부터 임차하여 사용하되, 나머지 매매대금 273억 8,400만 원(이하 ‘"
fraud_core,76821,3,"“이 신탁계약 체결 후 신규 임대차 또는 재임대차계약은 수탁자의 사전승낙을 조건으로 위탁자 명의로 체결하되, 임대차보증금은 수탁자에게 입금하여야 한다”"
fraud_core,78078,3,‘보증사고 전에 분양계약의 해제 또는 해지로 인하여 주채무자가 보증채권자에게 반환하여야 할 입주금’
fraud_core,78078,3,"’만을 뜻하는 것으로 제한해석하는 것은 주택법 등 관련 법령 및 이 사건 분양보증약관 어디에서도 그 근거를 찾을 수 없을 뿐만 아니라 그와 같이 해석하여야 할 정당한 근거도 없다. 이에 대하여, 시행자의 귀책사유로 인한 분양계약 불이행을 이유로 분양계약을 적법하게 해제한 수분양자는 분양보증의 보증대상이 되어야 할 선의의 수분양자에 해당하므로 위와 같은 제한해석이 필요하다는 견해가 있을 수 있으나, 앞서 보았듯이 피신청인의 분양보증은 시행자의 모든 분양계약 불이행을 담보하는 것이 아니라 오직 시행자가 ‘"
fraud_core,79054,3,"’이라 한다)을 체결하였고, 같은 날 D에게 계약금 명목으로 1,700만 원을 송금하였고, 2019. 7. 20. 잔금 1억 5,300만 원을 지급하고 입주하기로 약정하였다. 라. 이 사건 임대차계약 특약사항에는 ‘"
fraud_core,79054,3,"‘는 점을 설명하지 아니하였다. 마. 원고는 2019. 7. 19. D에게 임대차보증금 명목으로 1억 원을 송금하였으나, 임대인 측은 원고에게 2019. 7. 20.까지 H 명의의 소유권이전등기를 말소할 수 없게 되었음을 통지하였다. 이에 원고는 2019. 7. 26. 위 오피스텔 분양사무소에서 피고 C의 입회하에 D 측과 사이에 나머지 잔금의 지급시기를 2019. 7. 30.로 변경하고, 특약사항으로 ’"
fraud_core,79239,3,"‘피고 2회사’라 한다)에 대한 청구 가. 기초 사실 (1) 피고 1회사는 2007. 10. 1. 이 사건 점포에 관하여 소유권보존등기를 마쳤다. (2) 원고는 2007. 10. 6. 피고 1회사와 사이에서, 원고가 이 사건 점포를 232,783,700원에 매수하는 매매계약을 체결하고, 피고 1회사에게 당일 계약금 20,000,000원을 지급하였으며, 2007. 10. 12. 중도금으로 62,783,700원을 지급하였다. (3) 피고 2회사는 2007. 10. 6. 피고 1회사와 사이에서 이 사건 점포에 관한 부동산담보신탁계약(이하 ‘"
fraud_core,81923,3,”의 사전 동의 없이는 이를 양도하거나 질권을 설정할 수 없다. 제15조(신탁종료 및 신탁재산의 교부) ① 본 계약은 신탁기간 만료 또는 중도해지 및 계약해제에 의하여 종료하며 신탁종료에 따른 소유권이전 및 신탁등기말소 신청은 “
fraud_core,81923,3,"”에 대한 지체 없는 통지의무 2. 수익자 ① 시설관리, 청소, 방역, 경비, 수선, 화재보험 가입 등 보존행위 ② 임대차계약 및 임대보증금, 임료수납 등 임대차 관리행위 ③ 수익금의 운용, 관리행위 ④ 신탁재산에 부과되는 제세공과금 등의 납부 ⑤ 신탁부동산의 멸실, 훼손 등 사고 발생 시 또는 발생 예상 시 “"
fraud_core,81923,3,"‘임대사업자의 부도 등으로 임대사업자와 임차인의 이해관계가 대립되어 분양전환이 지연되는 문제를 해결하기 위하여 분양전환승인신청 제도를 도입하고, 임대주택의 임대의무기간이 경과하거나 임대사업자가 부도, 파산 등이 발생하였는데도 임대사업자가 분양전환을 지연함으로써 발생하는 임차인의 주거불안을 해소하기 위하여 임차인이 직접 분양전환을 신청할 수 있도록 하였으며, 분양전환승인이 있은 후에도 6개월 이상 분양전환이 이루어지지 아니할 경우 매도청구권을 행사할 수 있도록 하기 위해서’"
fraud_core,81923,3,‘쌍무계약에 관하여 채무자 및 그 상대방이 모두 파산선고 당시 아직 이행을 완료하지 아니한 때에는 파산관재인은 계약을 해제 또는 해지하거나 채무자의 채무를 이행하고 상대방의 채무이행을 청구할 수 있다.’
fraud_core,81923,3,"‘보증금’ 란 기재 각 금액을 이미 지급하였으므로 이 사건 각 임대주택의 분양전환가격에서 위 보증금을 공제한 나머지 금액만을 이 사건 각 임대주택의 매매대금으로 지급하면 된다고 주장하는바, 먼저 원고들의 위 주장을 임대차보증금의 매매대금에 대한 충당 내지는 공제에 관한 주장으로 보고 판단한다. 살피건대, 원고들이 평창토건에게 지급한 별지 3.의 ‘"
fraud_core,81923,3,"’ 란 기재 돈은 이 사건 각 임대주택에 관한 임대차보증금으로 지급된 것일 뿐 향후 이 사건 각 임대주택이 분양전환될 경우에 대비하여 매매대금의 일부로 선납된 것으로 볼 증거가 없고 주9) 			, 임대주택법 등 관련법령에서 원고들이 지급한 임대차보증금을 매매대금에 자동충당하거나 그에 관한 당연공제를 인정하는 근거규정을 발견할 수도 없으므로, 원고들이 평창토건에게 지급한 임대차보증금을 이 사건 각 임대주택의 매매대금에 충당하거나 그 매매대금에서 당연히 공제할 수는 없다. ㈏ 다음으로, 원고들의 위 주장을 ‘"
fraud_core,82265,3,“임대차가 종료된 경우에도 임차인이 보증금을 반환받을 때까지 임대차관계는 존속하는 것으로 본다.”
fraud_core,85304,3,"’ 이름 옆에 임의로 서명을 하고, 같은 날 그 위조 사실을 모르는 F에게 위와 같이 위조한 전세임대차계약서를 마치 진정하게 성립한 문서인 것처럼 교부하였다. 이로써 피고인은 B, C와 공모하여 행사할 목적으로 권리의무에 관한 사문서인 I과 AP 명의로 된 전세임대차계약서 1장을 위조하고, 그와 같이 위조한 전세임대차계약서 1장을 행사하였다. 나. 피고인은 B, C와 공모하여, 2020. 1. 4.경 서울 강남구 S건물 내 ‘"
fraud_core,85304,3,"’ 이름 옆에 임의로 새겨 온 AP의 도장을 날인하고, 같은 날 그 위조 사실을 모르는 Y에게 위와 같이 위조한 전세임대차계약서를 마치 진정하게 성립한 문서인 것처럼 교부하였다. 이로써 피고인은 B과 공모하여 행사할 목적으로 권리의무에 관한 사문서인 Z과 AP 명의로 된 전세임대차계약서 1장을 위조하고, 그와 같이 위조한 전세임대차계약서 1장을 행사하였다. 라. 피고인은 B과 공모하여, 2020. 1. 30.경 서울 강남구 강남역 10번 출구 인근 카페에서, AF 소유인 ‘"
fraud_core,86396,3,"”로 사용승인을 받았다. 한편, 원고 A의 남편인 치과의사 H은 2019. 3. 13. 이 사건 건물 I호에 대하여 J로부터 보증금 5,000만 원, 월 차임 140만 원(부가가치세 별도)에 2019. 3. 13.부터 2021. 7. 31.까지, 위 건물 K호에 대하여 L로부터 보증금 3,000만 원, 월 차임 150만 원(부가가치세 별도)에 2019. 3. 13.부터 2021. 7. 31.까지 각 임차하는 내용의 계약을 체결하였다(이하 “"
fraud_core,89289,3,"’라고 한다)를 임대차보증금 160,000,000원(계약금은 8,000,000원 계약 당일 지급, 잔금 152,000,000원은 2018. 12. 29. 지불), 임대차기간 2018. 12. 29.부터 2020. 12. 28.로 정하여 임차(이하 ‘"
fraud_core,90237,3,’임차인이 3기의 차임액에 해당하는 금액에 이르도록 차임을 연체한 사실이 있는 경우(제1호) 및 임차인이 임차인으로서의 의무를 현저히 위반하거나 임대차를 계속하기 어려운 중대한 사유가 있는 경우(제8호)에는 그러하지 아니하다‘
fraud_core,90538,3,"‘E’라고 입력하여 이를 출력한 후, 임차인 성명란 옆에 E 명의의 도장을 날인하였다. 이로써 피고인은 행사할 목적으로 권리·의무에 관한 사문서인 E 명의의 오피스텔 임대차계약서 1부를 위조하였다. 3. 위조사문서행사 피고인은 2016. 12. 23.경 인천 계양구 F건물 G호에서 그 위조 사실을 모르는 E에게 위와 같이 위조한 오피스텔 임대차계약서를 마치 진정하게 성립한 것처럼 교부하여 위조된 사문서를 행사하였다. 증거의 요지 『2020고단2886』"
fraud_core,90966,3,"’이라 한다)의 시행자 겸 시공사로서, 위 아파트의 준공 이전인 2006. 7. 18. 아산시장으로부터 이 사건 아파트에 관한 입주자모집공고 승인을 받아 같은 날 입주자모집공고를 하였다. 나. 이 사건 주택분양보증계약, 주택분양신탁계약 및 양도약정 1) 원고는 2006. 7. 26. 우민종합건설과 사이에 이 사건 아파트에 관하여 보증금액을 34,547,700,000원, 보증기간 ‘"
fraud_core,90966,3,"’할 것을 정지조건으로 정한 것이라고 볼 수 없고, 더욱이 앞의 1.의 나. 1), 2), 3)에서 인정한 사실에 변론 전체의 취지를 종합하면 알 수 있는 다음과 같은 사정 즉, 이 사건 주택분양신탁계약은 원고가 이 사건 주택분양보증계약에 따라 분양이행을 한 경우 신탁부동산을 관리·처분하기 위한 목적에서 체결된 것으로서(이 사건 주택분양신탁계약서 제2조), 원고 또는 원고가 지정하는 자(이하 ‘"
fraud_core,94870,3,"‘제○부동산’이라 한다)을 임차하여 유·아동 놀이시설, 식음료 매장 영업을 하고 그에 대한 대가로 보증금 없이 계약기간 중 3, 4, 5년차 순매출액의 5%(부가가치세 별도)에 해당하는 수수료를 지급하며, 계약기간을 2014. 7. 1.부터 2019. 6. 30.까지로 하는 내용‘"
fraud_core,94870,3,"’는 내용의 내용증명우편을 발송하였다. [인정근거] 다툼 없는 사실, 갑 제1, 2, 4, 6호증(가지번호 있는 것은 각 가지번호 포함, 이하 같다), 을 제1, 10, 11, 16호증의 각 기재, 변론 전체의 취지 2. 당사자의 주장 가. 원고의 주장 요지 1) 피고들은 아래와 같이 이 사건 각 부동산을 점유할 권원이 없음에도 불구하고 공동하여 이 사건 각 부동산을 불법점유하였다. 가) 이 사건 계약은 임대인이 영업장소를 제공하고 그 수익의 일정비율을 배분받는 형태의 비전형계약으로 상가건물 임대차보호법(이하 ‘"
fraud_core,94870,3,"“신탁계약 체결 후 신규 임대차 또는 재임대차계약은 수탁자 명의로 체결하거나 수탁자의 사전승낙을 조건으로 위탁자 명의로 체결하되, 임대차보증금은 수탁자에게 입금하여야 한다.”"
fraud_core,95290,3,"'을 운영하던 사람이다. 나. 피고 B과 G의 임대차계약 1) 피고 B은 2011. 12. 22. G과 사이에 이 사건 건물에 관하여 임대차보증금 2,500만 원, 차임 140만 원, 임대차기간 2011. 12. 30.부터 2013. 12. 30.까지로 정하여 임차하기로 하는 임대차계약(이하 '"
fraud_core,97263,3,‘담보신탁은 별 의미가 없고 임대인이 법인이므로 보증금 반환에 문제가 없다’
fraud_core,98147,3,"'이라 한다)을 지급하고 위 H호에 거주하다가 임대기간이 종료되자, C의 중개 하에 I 소유인 이 사건 부동산에 관하여 2018. 4. 10. 임차보증금 6,000만 원, 월차임 15만 원(위 임차보증금 및 월차임은 이 사건 중개사무소 명의 계좌로 입금하기로 함), 임차기간 2018. 4. 10.부터 2020. 4. 10.까지(2년)로 정한 임대차계약(이하 '"
fraud_core,98147,3,"'라 칭하면서 원고에게 이 사건 부동산의 임대차계약을 알선하였는바, 이러한 행위는 그 일련의 과정 전체를 객관적으로 보아 사회통념상 공인중개사법 제2조 제1호에서 정한 중개행위에 해당한다고 봄이 타당하다. 따라서 피고 협회의 위 주장도 이유 없다. 다. 피고 협회는, 이 사건 공제계약상의 공제금액을 모두 변제공탁하였다고 주장한다. 살피건대, 이 사건 공제계약에 적용되는 약관 제8조 제1항은 """
fraud_core,99791,3,‘H건물 I호’이라고만 한다)를 임차보증금을 승계하는 조건으로 매수하고 2018. 8. 20.경 피고인 C 명의로 소유권이전등기를 마쳤다. 1. 피고인 A과 피고인 C의 공동범행 가. 사문서위조 피고인들은 사문서인 부동산임대차계약서를 위조하기로 공모한 후 2018. 8월경 장소를 알 수 없는 곳에서 인쇄된 부동산임대차계약서 용지의 부동산표지란의 소재지에 ‘
fraud_core,101266,3,"’이라 한다)을 체결하고, 2018. 6. 29. 이 사건 임대차계약서에 주택임대차보호법에 따른 확정일자를 받았으며, 피고 B에게 2018. 6. 26.부터 2018. 7. 13.까지 사이에 보증금 183,000,000원을 지급하였다. 라. 피고 B은 이 사건 부동산에 관하여, 2019. 5. 27. 신탁재산의 귀속을 원인으로 소유권이전등기를 마쳤다가, 2019. 5. 27. 다시 I조합를 우선수익자로 하고, 수탁자를 피고 신탁회사로 하는 부동산담보신탁계약(이하 ‘"
fraud_core,101266,3,’란에는 ‘본 계약에서 임차인(원고)은 1순위이며 임대인은 잔금과 동시에 신탁을 말소하며 저당 등 기타 등기를 변경하는 행위는 하지 않기로 한다.’
fraud_core,102053,3,"“C건물 J호는 보증금 20만 원, 차임 38만원의 월세이고, K호는 보증금 30만 원, 차임 50만원의 월세이며, L호는 임대차 계약을 체결한 사실이 없다.”"
fraud_core,102285,3,‘전세보증금을 계약기간 종료 후 문제없이 반환해 주겠다.’
fraud_core,102285,3,‘전세보증금을 계약기간 종료 후 문제없이 반환하겠다.’
fraud_core,102964,3,"‘피고 C이 2017. 4. 27. 원고를 기망하여 1억 2,000만 원을 편취한 사실, 피고 B과의 위임 약정에 따른 월세 임대차계약을 체결하여야 할 업무상 임무를 위배하여 피고 B에게 1억 2,000만 원 상당의 임대차보증금 반환채무를 부담하게 한 사실’"
fraud_core,103991,3,"’이라고 한다) 제4조는 다음과 같이 보증이행 대상이 아닌 채무를 열거하고 있다. 제4조 (보증이행 대상이 아닌 채무) 보증회사는 다음 각 호의 1에 해당하는 채무에 대하여는 보증채무를 이행하지 아니합니다. 2. 주채무자가 대물변제, 차명, 이중계약 등 주택공급에 관한 규칙에 의한 정상계약자가 아닌 자에게 부담하는 채무 3. 입주자모집공고 전에 주택분양계약을 체결한 자가 납부한 입주금 나-3. 한편, 위 주택분양보증서 특기사항란에는 ‘"
fraud_core,103991,3,‘우리회사의 분양보증은 주택법 및 주택공급에 관한 규칙에 의한 적법한 분양계약자를 보호하는 것을 목적으로 하는 보증입니다. 따라서 대물변제를 위한 분양계약 및 허위 분양계약의 경우 등 보증약관에서 정한 보증이행대상이 아닌 채무에 해당하는 경우에는 보증책임을 부담하지 아니합니다’
fraud_core,104525,3,"' 공소외 1과 공소외 2가 통정하여 1998. 5. 18. 고소인 모르게 임차인을 공소외 2로 하는 임대차계약서를 다시 작성하여 고소인의 임대차 보증금 1,000만 원과 권리금 800만 원 합계 1,800만 원을 편취하였다.'"
fraud_core,105230,3,"“)이 소유하는 남양주시 D 블록 849㎡에 관한 부동산분양관리신탁계약을 체결하고, 같은 날 사업약정 및 대리사무계약을 체결하였다. ⑵ 피고는 C이 전항의 토지 위에 지하1층, 지상4층, 연면적 2,443.68㎡ 규모의 근린생활시설 건물을 완공한 후 2013. 5. 22. 각 전유부분에 관한 부동산분양관리신탁계약을 체결하고 소유권이전등기를 마쳤다. 나. ⑴ E는 2015. 3. 20. C과 사이에 근린생활시설 건물 중 F호, G호(이하 ”"
fraud_core,109835,3,"’고 기망하여 원고가 보증금 3,000만 원을 모두 부담하였음에도 피고 C와 공동 임차인으로 되어 보증금 중 1,500만 원에 대한 권리를 상실하였는바, 피고 B은 원고를 기망하여 1,500만 원을 편취한 것이다. ③ 피고 C는 피고 B의 위 5,500만 원 편취 행위에 대하여 사용자책임이 있다. ④ 피고 B, C는 2016. 11.경 원고에게 ‘"
fraud_core,111277,3,"‘이 사건 주택’이라고 한다) 중 2층 전부를 임차하여 거주하였다. 피고는 2002. 7. 31. 이 사건 주택으로 전입신고를 하고, 임대차계약서에 확정일자를 받았으며, 피고가 원고를 상대로 제소한 부산지방법원 2007가단94096호 임대차보증금반환 사건에서 2007. 8. 29. “"
fraud_core,111287,3,’임대차계약이나 그에 기초한 임차인과 임대인의 합의‘
fraud_core,111844,3,"’ 사무소에서, 행사할 목적으로 그 정을 모르는 위 사무소 직원 G로 하여금 컴퓨터를 사용하여〔소재지: 보령시 H아파트 I호, 보증금: 금 육천오백만원정, 존속기간: 인도일로부터 2020년 7월 30일(24개월), 임대인: C, 임차인: A’"
fraud_core,113887,3,“임대차기간은 임차인이 상가관리운영규칙 등을 위배하지 않는 한 임대인의 동의 하에 매년 연장계약 할 수 있다.”
fraud_core,113887,3,"“임차인이 피고에게 점포의 전대를 위임하면, 피고가 책임지고 점포를 전대하고, 전차인으로부터 전대차보증금과 매월 임대료를 지급받아 주겠다. 그러면 임차인이 직접 영업을 하지 않더라도 상당한 투자수익을 얻을 수 있다.”"
fraud_core,119357,3,‘가’ 항과 같이 위조된 경남 거제시 G아파트 H호 부동산임대차계약서 1매를 우편 송부하여 이를 행사하였다. 다. 사기미수 피고인은 2019. 1. 4. 의정부시 가능동에 소재한 의정부지방법원 2018가단20866 임대차보증금 반환소송 중에 위 ‘
fraud_core,119638,3,"’이라고 한다)을 매수하고 원고 명의로 소유권이전등기를 마치고, 이 사건 임대차계약상 임대인의 지위를 승계하였다. 다. 원고는 2017. 4. 21. 피고와 사이에 다음과 같은 특약사항을 합의하였다(이하 ‘"
fraud_core,119821,3,‘2008. 9. 10.경 실제로 수목매매계약이 체결되었고 당시 매매계약을 체결하는 자리에 공소외 34가 함께 있다가 계약서를 컬러로 복사하여 공소외 35에게 건네주어 이를 받아 두었다.’
fraud_core,120468,3,"’이라 한다)과 평창토건은 이 사건 신탁계약의 수익자인 평창토건이 한국토지신탁에 대하여 가지는 이 사건 신탁계약상 원본 기타 모든 수익에 관한 토지신탁수익권증서에 관하여 다음과 같이 근질권설정계약을 체결하고, 한국토지신탁의 승낙을 받았다(이하 위 근질권자들을 통칭하여 ‘"
fraud_core,120468,3,"‘계약’에 기한 것이므로, 단독행위인 상계를 전제로 하는 채무자회생법 제422조 제1호가 적용되지 않는다고 주장한다. 그러나 파산채권자 사이의 공평을 유지하기 위한 채무자회생법 제422조 제1호의 규정 취지에 비추어 볼 때, 파산채권자가 파산선고 후에 부담한 채무에서 파산채권을 공제하는 경우에도 위 제422조 제1호가 적용되어야 하므로, 원고들의 피고 파산관재인에 대한 매매대금지급채무에서 임대보증금반환채권을 공제할 수 없고, 위와 같은 공제가 파산법원의 허가를 받은 ‘"
fraud_core,120674,3,"’이라 한다)을 체결한 사실 등을 인정한 다음, 이 사건 건물에 대한 공사기간은 2003. 3.경부터 2004. 2.경까지 1년 가까이 소요된 점, 원고는 이 사건 건물이 완공된 후 다시 피고와 사이에 이 사건 임대차계약을 체결한 점 등에 비추어 보면, 원고는 피고가 이 사건 건물을 신축하는데 대하여 묵시적으로 동의하였다고 봄이 상당하고, 이 사건 임대차계약 당시 작성된 공장월세계약서(갑 제1호증)에는 이 사건 임대차 목적물로 ‘"
fraud_core,121518,3,"‘4 결론’ 부분을 아래와 같이 고쳐 쓰는 외에는 제1심 판결의 이유와 같으므로, 민사소송법 제420조 본문에 따라 이를 그대로 인용한다. 3. 권리금 상당액의 손해배상청구 가. 당사자들의 주장 피고는, 원고가 피고가 주선한 신규임차인과의 임대차계약 체결을 거절함으로써 피고가 신규임차인으로부터 이 사건 상가의 권리금을 회수하는 것을 방해하였으므로 원고는 피고에게 상가건물 임대차보호법(이하 ‘"
fraud_core,121518,3,‘임차인이 5년의 임대차기간을 채워 더 이상 계약갱신요구권을 가지고 있지 않는 경우’
fraud_core,122352,3,"'고 규정하고 있는 사실이 인정된다. 위 인정사실에 의하면, 주위적 피고는 위 원고들에게 이 사건 신탁계약에서 정한 신탁재산의 한도 내에서만 이 사건 분양계약 해제에 따른 원상회복의무 등을 부담한다고 봄이 상당하다. 따라서 주위적 피고의 위 주장은 이유 있다. 4)소결론 따라서 주위적 피고는 신탁재산의 한도 내에서 원고 A, B, C, D, E, F, G, H, I, J, K에게 별표 1. '"
fraud_core,122352,3,"'란 기재 해당 분양대금으로 분양계약을 체결하였고, 이 사건 분양계약 체결 당시 이 사건 분양계약서 '"
fraud_core,122648,3,"’는 서면을 작성하여 교부하였다. 2) 피고 C는 2016. 10. 14. 피고 D에게 F에 대한 보증금채권 3,000만 원을 양도하는 계약을 체결하고, F에게 채권양도통지를 하였다. 다. 원고와 피고 E 간의 주택 임대차계약에 기한 법적 분쟁 1) 원고는 2014. 11. 18. I 명의의 대전 서구 J에 있는 K호(이하 ‘"
fraud_core,122648,3,”로 된 주택임차권등기를 마쳤다. 2) 피고 E은 원고가 임대인 I의 지위를 승계하였다며 원고를 상대로 임대차보증금의 반환을 구하는 소(대전지방법원 2016가단384)를 제기하여 2016. 4. 7. ‘
fraud_core,122896,3,"’이라 한다)을 체결하였다. 2) E은 같은 날 주택도시보증공사와 사이에, 주택도시보증공사에 임대인인 D의 승낙을 받아 이 사건 임대차보증금반환채권을 양도하고, 주택도시보증공사가 E의 F은행에 대한 이 사건 전세자금대출약정에 따른 대출금 채무를 보증하기로 하는 전세금안심대출보증약정(이하 ‘"
fraud_core,122896,3,"’이라 한다)을 체결하였다. 라. 피고 D의 이 사건 아파트 소유권 취득 및 이 사건 담보신탁계약 체결 1) 피고 D은 이 사건 임대차계약 체결 이후인 2017. 10. 23. 이 사건 아파트에 대하여 2017. 8. 14. 매매를 원인으로 하는 소유권이전등기를 마치고, 2017. 10. 27. G에게 채권최고액 1억 6,500만 원인 근저당권설정등기(이하 ‘"
fraud_core,123325,3,‘이행보증금 명목으로 1억 원을 빌려주면 재건축 설계계약을 해주고 만약 계약을 이행하지 못하면 1년 내 변제해주겠다’
fraud_core,123325,3,"’를 작성한 다음 이를 공증하여 피해자 공소외 2를 기망하고, 이에 속은 피해자 공소외 2로부터 2005. 2. 25.경 1억 원짜리 자기앞수표 5장 합계 5억 원을 교부받아 이를 편취하고, 라. 위 공소외 2로부터 위 다.항과 같이 재건축시행 계약금을 받는데 행사할 목적으로, 2005. 2. 24.경 위 서부종합법률사무소에서 위 공소외 2와 재건축시행계약을 체결하면서 계약서 용지의 하단에 ‘"
fraud_core,123588,3,"’라는 상호로 성매매알선 영업을 하다가 경찰에 단속되었고, 경찰은 2018. 5. 3. 피고인에게 단속결과 통지를 발송하였다. 3) 피고인이 2019. 4. 1. L의 소개로 A에게 이 사건 상가를 보증금 3,500만 원, 월차임 253만 원, 기간 같은 날부터 2023. 3. 30.까지로 정하여 임대하였으며, 이 사건 건물의 관리소장인 G가 계약 당시 참석하였다. 당시 작성된 임대차계약서 말미에 ‘"
fraud_core,124294,3,"’이라 한다)을 체결하였고, 그 무렵 피고 D에게 위 임대차보증금을 지급하였다. 2) 원고 B은 2017. 9. 4. 피고 D을 대리한 피고 E와 사이에, 원고 B이 피고 D으로부터 이 사건 제2 부동산을 임대차보증금 108,000,000원, 임대차기간 2017. 9. 4.부터 2019. 8. 31.까지로 정하여 임차하기로 하는 임대차계약(이하 ‘"
fraud_core,124294,3,"’이라 한다)을 체결하였고, 그 무렵 피고 D에게 위 임대차보증금을 지급하였다. 3) 원고 C는 2017. 12. 13. 피고 D을 대리한 피고 E와 사이에, 원고 C가 피고 D으로부터 이 사건 제3 부동산을 임대차보증금 95,000,000원, 임대차기간 2017. 12. 13.부터 2019. 12. 13.까지로 정하여 임차하기로 하는 임대차계약(이하 ‘"
fraud_core,124294,3,"’이라 한다), 그 무렵 피고 D에게 위 임대차보증금을 지급하였다. 4) 피고 F는 공인중개사로서 이 사건 각 임대차계약을 중개하였는데, 이 사건 각 임대차계약서의 ‘"
fraud_core,126218,3,“하나의 주택에 2인 이상의 임차인이 그 주택에서 가정공동생활을 하는 경우에는 이들을 1인의 임차인으로 보아 이들의 각 보증금을 합산한다.”
fraud_core,128313,3,"‘이 사건 계약’이라 한다)에 따른 약정금 지급의무를 이행하지 못한 것은 사실이지만, 피고인이 처음부터 이 사건 계약에 따른 약정금 지급의무를 이행할 의사 없이 ○○○○ 건물(이하 공소외 2 회사가 소유하던 1층과 2층을 지칭하는 것으로 한다)을 편취할 의도로 이 사건 계약을 체결한 것은 아니다. 피고인은 공소외 6 주식회사(이하 ‘"
fraud_core,128495,3,"’, 임차인 란에 공소외 2의 인적사항을 각 입력해 넣고 위 계약서를 출력한 다음 임대인의 이름 옆에 자신의 도장을 날인하는 방법으로 사문서인 ‘"
fraud_core,128495,3,‘○○’는 공소외 1 회사가 ○○오피스텔의 분양사업을 위해 만든 사업자의 이름이다. 피고인은 ○○오피스텔 2층에 있는 분양사무실에서 공소외 2에게 자신을 ○○오피스텔을 분양하는 총책임자라고 소개하면서 이 사건 임대차계약서를 작성하였다. (2) 이 사건 임대차계약서의 임대인 란에는 ‘
fraud_core,128495,3,"’의 법인등록번호와 주소, 전화번호가 기재되어 있다. 또한 이 사건 임대차계약서 특약사항 5항에는 임대인 은행계좌로 ‘"
fraud_core,131799,3,"’이라 한다)을 체결하였다. 나. 원고들은 2018. 12. 4. 소외 회사로부터 이 사건 건물을 매수하고, 2019. 6. 4. 그 소유권이전등기를 마쳤다. 다. 원고들은 2019. 7. 4. 피고 D에게 이 사건 계약에 따른 임대차기간이 2019. 11. 30. 종료될 예정이며 임대차계약을 갱신할 의사가 없음을 통보하는 내용의 내용증명을 발송하였고, 그 내용증명은 그 무렵 피고들에게 도달하였다. 라. 피고 E은 피고 D과 이 사건 임차건물에서 ‘"
fraud_core,132649,3,"’라고 답변한 사실이 인정된다. ④ 위와 같은 사실에 비추어 B와 피해자 사이에 2019. 3. 9.경 임대차계약을 합의해지한 사실이 없고, 계약이 명시적으로 2020. 11. 2.까지 2년간 연장되어 임대차기간이 많이 남아있었음에도 불구하고, 피해자는 2019. 6. 4. 임차권등기명령을 신청하면서 ‘"
fraud_core,132721,3,"'임대인 피고인 1, 임차인 피고인 2, 임대차보증금 40,500,000원, 주택인도일 1998. 3. 28.'"
fraud_core,132860,3,"'이라 한다)을 매매대금 1,955,697,000원(계약금 200,000,000원은 계약체결일에, 잔금 1,755,697,000원은 2015. 8. 28.에 각 지급하기로 약정)에 매수하기로 하는 내용의 매매계약(이하 '"
fraud_core,132860,3,"'이라 한다)을 체결하였다. 나. B과 C는 2015. 8. 3. 이 사건 매매계약서를 다시 작성하였는데, 계약내용 및 특약사항은 그대로 유지하되(매도인 계좌번호, 매수인 전자메일 기재 부분만 삭제), '"
fraud_core,133634,3,"“대출받을 차주가 남양주 E아파트 전세계약을 하면 2억 9백만 원의 대출금이 나오는데, 이중 차주에게 생활안정자금으로 4~5천만 원을 지급하고 나머지는 모집회사에서 재테크로 사용한다. 차주는 2년 동안 이자 없이 생활안정자금을 사용한 후 잘 갚기만 하면 된다. 전세계약시 계약금은 대납해줄 것이니 대출받은 차주를 모집해오면 그 대가로 1명당 2,000만 원을 주겠다.”"
fraud_core,134221,3,"’이라 한다) 앞으로 2011. 2. 25. 설정계약에 기한 근저당권설정등기(채권최고액 2억 8,800만 원, 채무자 I, 근저당권자 P은행)를 마쳤고, 2004. 4. 30. 별지1 목록 순번 4항 기재 부동산(이하 ‘"
fraud_core,136453,3,"’이라고 한다)을 상환하려고 하였다. 2) 소외 1을 대리한 원고승계참가인은 2009. 9. 7. 소외 2와 이 사건 아파트에 관하여 보증금 220,000,000원, 계약기간 2009. 10. 31.부터 2011. 10. 30.로 정하여 부동산임대차계약(이하 ‘"
fraud_core,138741,3,"”고 거짓말을 하였다. 그러나 사실은 피고인은 E을 대신하여 임시로 C어린이집을 운영한 것이므로 보증금 3,000만 원을 지급하고 위 어린이집을 임차한 사실이 없고, E으로부터 동의를 받은 적이 없어 임대차보증금을 담보로 지급할 의사나 능력이 없었다. 피고인은 이와 같이 피해자를 기망하여 이에 속은 피해자로부터 같은 날 차용금 명목으로 540만 원을 교부받고, 위와 같이 위조한 부동산임대차계약서를 마치 진정하게 성립된 것처럼 피해자에게 교부하여 행사하였다. 증거의 요지 『2021고단644』"
fraud_core,139027,3,"’라고 한다)가 개시되었고, 원고는 매각기일에서 유찰이 계속되자 2019. 2. 9. 피고 B에게 임대차계약을 해지한다고 통지하였다. 라. 원고는 이 사건 경매절차에서 남편 E이 임차인으로 현황 조사되었으나 배당요구를 하지 않았고, 예비적 피고 C(이하 ‘"
fraud_core,140876,3,"‘이 사건 양도계약, 이 사건 대출약정, 근질권설정계약, 이 사건 신탁계약, 매입보장약정 및 자금대여약정’"
fraud_core,142598,3,"""이 신탁계약 체결 후 신규 임대차 또는 재임대차계약은 수탁자 명의로 체결하거나 수탁자의 사전 승낙을 조건으로 위탁자 명의로 체결하되, 임대차보증금은 수탁자에게 입금하여야 한다"""
fraud_core,142598,3,"""본 신탁계약 일반조항 제10조에도 불구하고 신탁부동산에 대한 임대차계약은 체결하지 않음을 원칙으로 한다"""
fraud_core,146502,3,‘임대인인 ㈜G가 임차인인 피고 등으로 하여금 이 사건 각 부동산을 신탁계약 전인 2015. 7. 10.부터 채무변제를 완료할 때까지 점유·사용하도록 허락했다’
fraud_core,147636,3,"‘피고인이 소유했던 이 사건 부동산의 시가가 이 사건 부동산에 설정된 각 근저당권의 피담보채무액, 피해자에 대하여 반환 또는 변제해야 하는 임대차보증금 및 차용금 합계보다 많았으므로 변제의사 또는 변제능력이 있었다.’"
fraud_core,147636,3,"‘2개월 후 피고인은 피해자에게 4,400만 원을 지급한다. 만약 이 계약을 어길시 피고인은 피해자에게 이 사건 부동산을 2억 원에 매도한다. 단, 이 경우 피해자는 피고인에게 8.100만 원(= 2억 원 - 보증금 7,500만 원 - 차용금 4,400만 원)을 지급한다. 피고인은 위 각 근저당권설정등기를 말소한다.’"
fraud_core,147830,3,"“2015. 8. 3.경 가계약 당시 피고인 3에게 2차 □□□하우스의 임대차계약서 18장을 복사해서 제공한 사실은 있으나, 1차 □□□하우스의 임대차계약서는 달라고 하지 않아 제공한 사실이 없다.”"
fraud_core,147830,3,"“임대차계약서 원본 27장은 대출이 실행된 이후인 2015. 9. 3.에야 넘겨주었고, 가계약 시 직원(공소외 7)에게 (주소 2 생략)(2차 □□□하우스) 임대차계약서 사본을 제공하라고 지시하였으나 직원이 (주소 1 생략)(1차 □□□하우스)까지 주었는지, (주소 2 생략)까지 주었는지 확인은 못하였다.”"
fraud_core,147943,3,"’라는 회사 명의로 임대계약서를 위조한 다음 이를 이용해 임차인들로부터 보증금 및 월세 명목으로 돈을 수령하기로 마음먹었다. 1. 사문서위조, 위조사문서행사 피고인은 2014. 11. 29.경 아산시 (주소 1 생략) ‘"
fraud_core,147943,3,"’, 임차인 란에 위 공소외 3의 인적사항을 각 입력해 넣고 위 계약서를 출력한 다음 임대인의 이름 옆에 ‘"
fraud_core,147943,3,"’, 임차인 란에 위 공소외 2의 인적사항을 각 입력해 넣고 위 계약서를 출력한 다음 임대인의 이름 옆에 자신의 도장을 날인하는 방법으로 사문서인 ‘"
deposit_dispute,153,3,"’라 한다)는 피고 B와 공제계약을 체결한 공제보험업자이다. 다. 이 사건 건물에 관하여 채권최고액 3억 원, 채무자 D, 근저당권자 G조합인 근저당권설정등기가 마쳐져 있었는데, G조합의 신청에 따라 2019. 7. 23. 이 사건 건물 및 그 대지에 대한 임의경매(이하 ‘"
deposit_dispute,159,3,"‘이 사건 건물’이라고 한다)를 커피전문점을 운영하려는 피고에게 2010. 11. 29. 보증금 5억 원, 임대차기간 2010. 12. 15.부터 2015. 12. 15.까지, 월차임 1,000만 원으로 정하여 임대하였다. 나. 피고가 이 사건 건물에서 커피전문점을 운영하기 위해서는 주택이었던 이 사건 건물의 인테리어 공사 등이 필요한 상황이었다. 이에 따라 이 사건 건물의 현상변경 및 원상회복과 관련하여 원, 피고는 계약서 제5조에서 ‘"
deposit_dispute,159,3,"’고 정하였고(위 규정은 그 이후 갱신된 임대차계약에도 동일하다), 특약사항 제8조에서 ‘"
deposit_dispute,427,3,‘정당한 사유 없이 임차인이 주선한 신규임차인이 되려는 자와 임대차계약의 체결을 거절’
deposit_dispute,437,3,"‘계약 당사자는 계약 해제에 따른 손해배상을 각각 상대방에 대하여 청구할 수 있으며, 손해배상에 대하여 별도의 약정이 없는 한 계약금을 손해배상의 기준으로 한다’"
deposit_dispute,839,3,"""부동산중개업자는 임대인과 임차인이 본 계약을 불이행함으로 인한 책임을 지지 않는다."""
deposit_dispute,888,3,"’이라 한다)을 체결하였는바, 그 주된 내용은 아래와 같다.  나. 원고들은 피고와 사이에, 2014. 1. 2. 임차인을 원고 B에서 원고들로 변경하고, 나머지는 동일한 내용의 재계약을 체결하였고, 2017. 1. 3. 월차임을 지급하는 내용의 아래와 같은 변경된 임대차계약을 체결하였다.  다. 원고들은 이 사건 상가에서 E학원이라는 상호의 학원(이하 ‘"
deposit_dispute,990,3,"‘G 등’이라 한다) 모두 외부화장실을 이용하고 있다. ⑤ 원고는 이 사건 점포의 실내화장실을 사용할 수 없었다면 이 사건 점포를 식당으로 임차하지 않았을 것이라고 주장하나, 앞서 본 바와 같이 이 사건 점포의 임차인 G, 이 사건 점포 외에 이 사건 건물에 있는 다른 점포들의 임차인들은 실내화장실이 아닌 외부화장실을 이용하고 있는 점, 상가 건물에 존재하는 식당에 내부화장실이 없어 외부화장실을 이용하는 것이 경험칙이나 상거래 관습에 반하는 것으로는 보이지 않는 점, 이 사건 임대차계약서에 특별히 ‘"
deposit_dispute,1485,3,"’이라 한다)을 체결하였다. 2) O은 이 사건 각 매매계약을 체결한 후 이 사건 각 부동산의 임차인인 원고들 등에게 이 사건 각 부동산에서 전출하였다가 다시 전입신고를 해달라고 요청하였다. 이에 원고들 등은 별지2 표 기재와 같이 2019. 4. 26., 2019. 4. 29., 2019. 4. 30., 2019. 5. 14.경 이 사건 각 부동산에서 전출하였고, 2019. 4. 23.경부터 2019. 5. 23.경까지 O과 이 사건 각 부동산에 관하여 각 임대차계약(이하 ‘"
deposit_dispute,1677,3,‘임대인의 임대차보증금 반환의무’
deposit_dispute,2261,3,"‘을 체결하였는데, 부동산담보신탁계약서에는 이 사건 건물 임대현황으로 임대차 현황서와 같은 내용의 70세대 임대차보증금액 합계 1,715,000,000원이 기재된 임대현황표가 첨부되어 있다. (8) 피해자는 2016. 5. 25. 피고인의 대출신청에 관하여 ① 감정평가서, ② 부동산담보신탁계약서 등으로 대출심의위원회를 개최하였고, 대출심의위원회는 “"
deposit_dispute,4516,3,’를 각 표기한 임대차계약서를 작성하게 되었다. 위 작성된 임대차계약서상 특약사항 중에는 ‘
deposit_dispute,5763,3,"‘임대차계약을 연장할 의사가 없고, 보증금 반환과 함께 이 사건 부동산을 열쇠와 함께 반납하겠다’"
deposit_dispute,5882,3,"”라는 추상적 개념으로 임차인의 어떠한 권리행사도 금지한 것으로 피고 ○○○○○에게 지나치게 불리하여 무효이거나 위 규정만으로 유익비상환청구권을 포기하였다고 단정할 수는 없다고 주장한다. 살피건대, 유익비상환청구권에 관한 민법 제626조는 강행규정이 아니므로 당사자의 약정에 의하여 임차인이 이를 포기할 수 있는 것이고 이 조항에서 행사할 수 없다고 한 권리는 ‘"
deposit_dispute,7162,3,‘알아보니 전세계약갱신청구가 가능하다고 한다. 형편이 여의치 않아 전세계약 연장했으면 한다.’
deposit_dispute,7353,3,"’이라 한다), 피고로부터 2017. 3. 9.부터 2017. 3. 21.까지 총 6회에 걸쳐 위 임대차보증금 3,000만 원을 송금 받았다. 나. 원고는 2017. 7. 10. 피고에게 이 사건 주택 3층을 임대차기간 2017. 7. 21.부터 2019. 7. 21.까지, 임대차보증금 3,000만 원, 월 차임 160만 원으로 각 정하고, 특약사항으로 ‘"
deposit_dispute,7353,3,’나에게 보증금 상계해라. 보증금없이 사는거다. 2주시간 줄테니 보증금 입금바란다‘
deposit_dispute,8597,3,"“피고는 ‘피고가 2015. 1. 2.자 유체동산양도양수계약서(을 제8호증) 등을 통해 이 사건 회사를 양수받으면서 위 회사 소유의 유체동산도 소유하게 되었으나, 이 사건 건물에 대한 인도집행이 이루어지면서 원고가 위 유체동산을 보관·점유하게 되었는바, 피고가 위 유체동산에 대한 반환을 요청하였음에도 원고는 자신의 소유권을 주장하면서 시가 2,500만 원 상당의 산소통 등 64종류의 자동차 정비기계와 기구에 대한 반환을 거부하였다’"
deposit_dispute,8696,3,‘D’이라는 상호로 종이제품 등을 제조하는 업체를 운영하였다. 원고는 위 임대차기간이 만료된 이후에는 묵시적 갱신을 통하여 위 임차목적물을 계속 점유․사용하여 오다가 2018. 4. 9. 피고에게 2018. 4. 10.자로 이 사건 임대차계약을 해지한다는 의사가 표시된 ‘
deposit_dispute,9119,3,"'이라 한다)으로부터 180,000,000원을 대출받았다. 다. B은 2015. 11. 9. C과 사이에 C 소유의 이 사건 부동산에 관한 근저당권설정계약을 체결하고, 같은 날 위 부동산에 관하여 채무자 C, 채권자 B, 채권최고액을 75,000,000원으로 한 근저당권설정등기(이하 '"
deposit_dispute,9376,3,"”이 사건 매매계약 체결 당시 피고인이 운영하는 B가 이 사건 빌라에 대한 임대차보증금을 부담하고, B에는 총 매매대금에서 임대차보증금을 공제한 금액을 지급하기로 약정하였다.“"
deposit_dispute,10100,3,"‘필요비·유익비’라는 표현으로 우선변제권을 인정하였을 뿐만 아니라 특정한 채권의 우선변제권은 담보물권자 등 다른 이해관계인의 이해관계에 중대한 영향을 미칠 수 있으므로 엄격하게 해석하여야 하고, 특히 신탁계약의 경우 소요비용에 관하여 이해관계인의 다툼이 예상되므로 이를 쉽게 확장하여 해석하기 어려운 점은 앞에서 설명한 바와 같은바, 신탁법 제48조 제1항의 ‘"
deposit_dispute,10100,3,‘2009. 7. 8.자 신탁계약 특약 변경계약’
deposit_dispute,10313,3,"’면서 이 사건 각 임대차계약의 2020. 7. 14.자 기간만료, 2주 이내의 시설물 인도, 2020. 7. 22.까지의 임대차보증금 반환을 내용증명우편으로 통보하였다. 카. 피고들은 2020. 7. 3.경 원고에게 ‘"
deposit_dispute,10313,3,"’는 내용의 현수막을 걸었다. 원고는 2020. 7. 15.경 및 같은 달 23일경 피고들에게 이 사건 각 임대차계약의 기간만료, 2주 이내의 시설물 인도, 2020. 7. 22.까지의 임대차보증금 반환, 2020. 7. 15.부터의 영업중지 등과 함께 해수 단수 및 전기 단전 등의 조치를 취할 것임을 각 내용증명우편으로 통보하였다. 그 후 원고는 같은 달 27일경 피고들에게 같은 내용과 함께 ‘"
deposit_dispute,10949,3,"“[원고는 이 법원에 이르러 임대인 ○○○가 2007. 4. 6. 1,540만 원을 인출한 자료(갑 제102호증의 3, 4)를 제출하였으나, 그 인출 시기가 원고가 주장하는 바에 따르더라도 임대차가 종료된 2007. 5. 이전이므로, 위 인출사실만으로 위 금원이 임대차보증금이고, 나아가 원고에게 반환되었다고 인정하기에 부족하다]”"
deposit_dispute,10965,3,"”라는 문언이 기재되었다는 사정만으로는 피고가 주장하는 것과 같이 이 사건 임대차계약의 갱신을 요구하는 의사를 표시하였다고 보기 어렵다. 따라서 이와 다른 전제에 선 피고의 위 주장은 받아들일 수 없다. 나. 또한 피고는, 이 사건 건물에 합계 16,650,000원의 필요비 및 유익비를 지출하였고, 이 사건 임대차계약의 내용 중 “"
deposit_dispute,11354,3,"’이라 한다). 다. 피고 E는 이 사건 ㉮부분을 인도받아 I슈퍼라는 상호의 가게를 운영하고 있고, 피고 F은 이 사건 ㉯부분을 인도받아 J식당이라는 상호(종전 상호 K)의 가게를 운영하고 있다. 라. 망 H은 2009. 7. 12. 피고 E와 임대차보증금을 700만 원으로, 차임을 월 120만 원으로, 피고 F과 임대차보증금을 300만 원으로, 차임을 월 60만 원으로 각 변경하였다. 위 각 임대차계약서 제11조에는 ‘"
deposit_dispute,11461,3,"’이라 한다), 그 무렵 피고에게 위 임대차보증금 145,000,000원을 지급하였다. ○ 원고는 피고에게, 주택임대차보호법 소정의 갱신거절기간 내에 갱신거절의 의사 표시를 하였고, 2020. 4. 7. ‘"
deposit_dispute,11461,3,"’는 취지의 내용증명우편도 발송하였다. ○ 이 사건 임대차계약은 2020. 4. 14. 기간만료로 종료되었는데, 원고는 피고로부터 임대차보증금을 반환받지 못하자 수원지방법원 안산지원 2020카임126호로 임차권등기명령을 받아 2020. 5. 14. 이 사건 주택에 관하여 주택임차권등기를 마치고(이하 ‘"
deposit_dispute,11461,3,"‘임대차가 끝난 후 보증금이 반환되지 아니한 경우에 임차인은 임차주택의 소재지를 관할하는 지방법원, 지방법원지원 또는 시군법원에 임차권등기명령을 신청할 수 있다’"
deposit_dispute,12225,3,"”는 내용의 판결을 선고하였으며, 위 판결은 그 즈음 그대로 확정되었다. 다. 원고의 채권 가압류, 압류 및 추심명령 1) 원고는 선행 소송을 제기하기 전인 2013. 3. 14. 이 법원 2013카단914호로 채무자 C, 제3채무자 피고, 청구금액 300,000,000원으로 한 이 사건 임대차계약에 기한 임대차보증금반환채권에 대한 채권가압류(이하 ‘"
deposit_dispute,12492,3,’라는 상호로 화장품판매업을 운영하였다. 그 후 임대차보증금 및 차임의 증액 없이 임대차기간을 2019. 11. 15.까지로 하는 내용으로 임대차계약이 갱신되었다(이하 ‘
deposit_dispute,12492,3,‘정당한 사유 없이 임차인이 주선한 신규임차인이 되려는 사람과 임대차계약의 체결을 거절’
deposit_dispute,13105,3,‘이 사건 임대차계약 당시 미등기 임차인의 임대차보증금․임대차의 시기와 종기 등 이 사건 건물의 권리관계’
deposit_dispute,13568,3,‘임차인이 5년의 임대차기간을 채워 더 이상 계약갱신요구권을 가지고 있지 않는 경우’
deposit_dispute,15480,3,"’이라 한다)을 운영하던 중, 2017. 1. 1. C와 사이에 이 사건 점포에 관하여 임대차보증금 4,000만 원, 차임 월 180만 원(부가가치세 별도), 관리비 60만 원, 임대기간 2017. 1. 1.부터 2019. 12. 31.까지로 하는 갱신계약(이하 ‘"
deposit_dispute,15672,3,"“만기 3개월전 연장여부를 협의하고, 원고가 이를 이행하지 않을 시에는 보증금 반환은 하지 않는 조건부계약이다”"
deposit_dispute,15870,3,‘이 사건 공유건물의 임대사업을 영위하는 과정에서 임대차보증금을 반환하였다고 하더라도 당초부터 매출액에 반영되어 정산 대상에 포함된 바가 없는 임대차보증금이 매출액에서 공제되는 비용이라고 볼 수는 없다’
deposit_dispute,16240,3,"'임차인은 임대인의 사전 동의 없이 본 임대차계약상의 권리의 전부나 일부를 타인에게 양도, 전대 또는 담보로 제공할 수 없다.'"
deposit_dispute,16240,3,"'H이 서울중앙지방법원 2009카합3303호 가처분이의 사건에서 피고와 합의한 금전지급 약속을 어길 경우 이 사건 건물에 관한 임차인의 지위를 포기하고, 피고에게 임차인 명의와 임대차보증금을 양도한다.'"
deposit_dispute,17100,3,"’란에는 ‘[근저당권설정] 금 539,500,000원, 채무자 D, 채권자 V조합, [전세권설정] 100,000,000원, 범위 건물 Q호, 전세권자 B’"
deposit_dispute,18600,3,"’이라 한다)을 체결하였다. 2) 원고 B은 2017. 1. 13.경 D에게 위 임대차계약에 따른 임대차보증금을 모두 지급하고 위 H호에 입주하였으며, 2017. 1. 13.경 확정일자를 받았고, 같은 날 전입신고도 마쳤다. 3) 이 사건 제1 임대차계약 체결 당시 위 G이 작성하여 원고 B에게 교부한 중개대상물 확인ㆍ설명서 중 ‘"
deposit_dispute,18608,3,‘피고가 임대인 원고와 사이에 체결된 2013. 1. 12.자 부동산임대차계약서와 2016. 1. 12.자 부동산임대차계약서 및 관련 서류 일체를 계룡시청(건설교통과 건설행정팀)에 제출한 사실이 있다’
deposit_dispute,19014,3,"‘임대차보증금 8,000만 원, 차임 500만 원(부가가치세 별도, 매월 10일 지급), 임대차기간 2014. 2. 20.부터 2019. 2. 19.까지, 미납 시 월 2% 연체이자를 산정하여 변제, 임대차보증금의 채권보전을 위하여 이 사건 주차장에 근저당 설정’"
deposit_dispute,19136,3,"’라 한다)에서 영업중인 F라는 상호의 실내포장마차 영업권과 시설일체를 권리금 23,000,000원에 인수하기로 하는 양도양수계약을 체결하고, 같은 달 22. 이 사건 건물의 공유자인 피고들(피고 B은 피고 C의 아들이다)과 이 사건 점포에 대하여 임대차기간 2018. 8. 10.부터 2020. 8. 9.까지 2년, 임대차보증금 10,000,000원, 차임 월 1,000,000원(부가가치세 별도, 매월 10일 후불지급), 관리비(수도요금 포함) 월 40,000원으로 정하여 임대차계약(이하 ‘"
deposit_dispute,19423,3,"’이라 한다)을 체결하였는바, 그 계약 내용은 별지 2 부동산(공장)임대차계약서의 기재 내용과 같다. 나. 원고는 피고로부터 임대차보증금으로 2020. 6. 23. 60,000,000원, 다음 달 1일 540,000,000원, 합계 600,000,000원(이하 ‘"
deposit_dispute,20596,3,"’라 한다)에서 음식점을 운영하던 D와 사이에 양도금액을 68,000,000원으로 하여 D로부터 위 음식점의 시설일체를 포함한 권리를 양수하는 계약을 체결하였다. 나. 원고는 2012. 6. 11. 이 사건 건물의 1/2 지분 소유자인 E와 사이에 이 사건 상가에 관하여 임대차보증금 50,000,000원, 월 차임 2,500,000원, 임대차기간 2012. 6. 25.부터 2014. 6. 24.까지로 하여 임대차계약을 체결하였고, 그 무렵부터 이 사건 상가에서 음식점(이하 ‘"
deposit_dispute,20931,3,"’이라고 한다)을 체결하고, 그 무렵 임대차보증금 20억 원을 지급하였으며, 계약기간이 만료된 2005. 11. 1.에 임대차기간을 2007. 10. 31.까지로 연장하는 내용의 임대차계약을 체결하였다. 나. 원고는 2006. 6. 28. 피고 1과 사이에, 피고 1이 별지 목록 기재 채권(이하 ‘"
deposit_dispute,21534,3,"’라고 한다)하는 내용의 계약을 체결하고, E에게 같은 날 계약금 600만 원, 2016. 10. 17. 나머지 임대차보증금 5,400만 원을 각 지급한 뒤, 늦어도 2016. 11. 15. 이전에 이 사건 점포를 본점 소재지로 하여 사업자등록을 하였다. 다. E은 2017. 9. 14. 이 사건 건물에 관하여 신탁재산의 귀속을 원인으로 한 소유권이전등기를 경료받았다가 같은 날 H주식회사(변경 전 상호 : 주식회사I, 이하 ‘"
deposit_dispute,21534,3,‘원고가 이 사건 제1임차계약의 임대인 지위를 승계하였음에도 불구하고 이 사건 소를 제기함으로써 이 사건 제1임차계약에 따른 의무 이행을 거절하였다’
deposit_dispute,23513,3,’라 한다) 계약을 체결하였다. 이 사건 임대차계약은 임대기간이 종료될 무렵 묵시적으로 갱신되어 왔다. 2) 이 사건 각 토지 위에는 별지2 도면(이하 ‘
deposit_dispute,24790,3,"‘임대차보증금: 53,000,000원, 임대차기간: 2014. 1. 18.부터 2016. 1. 17.까지, 임대인: 망인, 임차인: 원고, 중개인: F’"
deposit_dispute,25768,3,"’이라 한다). 라. 피고는 2020. 2. 26. C로부터 이 사건 부동산지분을 매매대금 219,000,000원에 매수하되, 계약금은 154,791,890원으로 하여 H에 대한 채무를 변제하고, C의 임대차보증금채무 63,333,333원은 승계하고, 잔금 874,887원은 2020. 3. 2. 지급하기로 하는 내용의 단독주택·부속대지 매매계약(이하 ‘"
deposit_dispute,25935,3,"’라 한다)에 대하여 피해자 D에게 보증금 8,000만 원, 월차임 100만 원(1년 후 165만 원으로 증액)을 받고 임대하기로 하는 임대차계약을 체결하고, 위 피해자 D이 2000. 12. 5. 위 점포에 관하여 전세금 8,000만 원의 전세권설정등기를 경료하고 배우자인 피해자 E와 함께 위 점포에서 ‘"
deposit_dispute,25935,3,"“이 사건 점포에 설정한 전세권설정등기를 말소하고, 건물 리모델링을 위해 점포를 비워 달라. 협조를 해 주면 G와의 전대차계약에 동의하여 계속 장사를 할 수 있도록 해 주겠고, G로부터 잔금을 지급받아서 임대차보증금도 줄 수 있다”"
deposit_dispute,25935,3,‘G에서 오늘까지 답을 달라고 한다. 보증금을 반환해 주고 G와 전대차계약을 체결할 수 있게 동의해 달라’
deposit_dispute,26243,3,‘○○상가’라 한다)을 소유하고 있었는데 1997. 11.경 부도처리되었다. ○○상가의 임차인들은 ○○상가가 경매 등에 의하여 타에 처분되는 경우 임대차보증금 등을 반환받지 못하게 될 우려가 있다는 판단 아래 1998년 말경 ‘
deposit_dispute,26916,3,"'2017. 6.부터 월 2,700,000원을 지급하고 있고, 2018. 1.부터 월세를 3,000,000원으로 통보해 오기에 임대차 계약 연장을 원하지 않으므로 2017. 12. 25.까지 보증금을 반환하여 줄 것을 통보한다'"
deposit_dispute,26916,3,"' 하자보수비용은 피고측 과실로 인한 것이므로 원고에게 책임이 없고, 원고에게 책임이 있더라도 2018. 2. 22. 이 사건 건물 2층 전체에 대한 하자보수비용으로 3,000,000원을 지급하기로 합의하였으므로 이 부분 공제는 부당하다고 주장하나, 이 사건 건물 2층은 계약 당시 주택으로 사용되고 있었던 것으로 보이는 점, 옥상 바닥 균열이 피고측 과실로 발생하였다고 볼 증거가 없고, 이 사건 임대차계약의 특약사항에 '"
deposit_dispute,27883,3,"’이라 한다). 2) 원고와 피고는 2005. 6. 1. C과 사이에 이 사건 임대차계약에 대하여 부기계약서를 작성하였는데, 그 중 임대차보증금과 관련된 내용은 다음과 같다.  나. 원고와 피고 사이의 이 사건 장례식장에 대한 동업관계 1) 피고는 2005. 2. 21.경 상호를 ‘"
deposit_dispute,27898,3,‘이 사건 임대차계약을 갱신하지 않고 계약을 종료하겠다’
deposit_dispute,28171,3,"'이 사건 건물에 대한 피고의 임대차보증금 반환채무를 모두 인수하는 방법으로 위 잔금 750,000,000원의 지급에 갈음하고자 하며, 만일 임대차보증금액이 잔금액에 미치지 못하는 경우 부족분은 현금으로 정산해 드리고자 한다'"
deposit_dispute,29445,3,"“임차인의 명도지연 또는 거부시 명도 최고 지정일 이후부터 3개월까지는 임대보증금의 5%, 4개월 이후부터는 임대보증금의 10%에 해당하는 금액을 명도지연금으로 추가 납부하여야 한다.”"
deposit_dispute,29978,3,"’이라 한다)에서 1순위 최우선소액임차인 3명에게 각 1,700만 원, 2순위 당해세 교부권자 및 3순위 근저당권자에게 각 배당되고, 남는 금원이 없어서 원고는 배당받지 못하였다. 원고는 2020. 7. 7. 이 사건 건물을 낙찰받은 L과 사이에 이 사건 주택에 대하여 임차기간을 2020. 7. 10.부터 2021. 7. 9.까지로 정하여 새로운 임대차계약을 체결한 후 이 사건 건물에서 거주하고 있다. 마. 피고 B, C에 대한 관련 형사 사건 피고 B, C은 ‘"
deposit_dispute,32258,3,"’이라 한다)을 체결하였는데, 이 사건과 관련된 주요 내용은 아래와 같다.   라. 원고들은 2019. 2. 12.과 2019. 6. 18. 피고 측에 이 사건 투자약정을 해지한다는 의사를 표시하고 투자금 반환을 요청하였으나, 피고는 위 투자금을 반환하지 않고 있다. [인정근거] 다툼 없는 사실, 갑 제1 내지 8호증, 갑 제18호증의 각 기재(가지번호 있는 것은 가지번호 포함), 변론 전체의 취지 2. 당사자의 주장 가. 원고 1) 이 사건 투자약정서 제6조 단서에 의하면, 원고들과 같은 투자자는 ‘"
deposit_dispute,32258,3,"’이 있는 경우에는 이 사건 투자약정 상의 약정 해지권을 행사하여 이 사건 투자약정을 해지할 수 있다. 원고 A은 퇴사 이후 일정한 수입이 없는 상태에서 생활비 및 어머니 수술비 충당을 위해 대출금 채무 및 신용카드 채무 등을 부담하고 있는 상황이며, 원고 Q은 만 74세의 연로한 나이임에도 불구하고 아파트 경비원으로 근무하면서 배우자 및 아직 경제적으로 독립하지 못한 자녀와 그 손주까지 부양하고 있는 등 경제적으로 매우 곤궁한 상황인바, 원고들이 겪고 있는 위와 같은 경제적 어려움은 이 사건 투자약정을 해지할 수 있는 ‘"
deposit_dispute,32258,3,"’에 해당한다 할 것이고, 이에 원고들이 2019. 2.경부터 피고에 대하여 여러 차례 이 사건 투자약정을 해지하고 투자금의 반환을 구한다는 의사를 표시하였으므로, 피고는 원고들에게 투자금 각 1억 원 및 이에 대한 지연손해금을 각 지급할 의무가 있다. 2) 설령 경제적 곤궁을 이유로 한 원고들의 약정 해지권 행사가 인정되지 않는다고 하더라도, 신뢰관계 훼손 역시 위 ‘"
deposit_dispute,33499,3,"’을 제시하였으나 이 사건 활어판매장 임차인들은 피고의 중재안을 거절하였으며, 시민단체가 2016. 10. 26. 피고에게 이 사건 임대차계약의 해지를 촉구하는 내용의 기자회견을 하는 등 상황은 오히려 악화되었다.』"
deposit_dispute,34667,3,"’이라 한다). 원고는 그 무렵 대자연네트웍스에 위 임대차보증금 1,000,000,000원을 지급하였다. (2) 원고와 대자연네트웍스는 2010. 11. 23. 원고의 대자연네트웍스에 대한 위 임대차보증금반환채권을 담보하기 위하여 피고에 대한 대자연네트웍스 명의의 1,000,000,000원의 예금채권(예금종류 : 자유로 회전예금, 예금주 : 대자연네트웍스, 증서번호 : (증서번호 생략), 이하 ‘"
deposit_dispute,34919,3,"’이라는 상호로 병원을 운영하였고, 피고들은 각 내과 전문의, 정형외과 전문의로 이 사건 병원의 양수인이다. 나. 이 사건 병원에 관한 양도양수계약 체결 원고는 2019. 3. 31. 피고들과 이 사건 병원을 권리금 1억 원, 보증금 1억 5,000만 원에 양도하기로 하는 아래와 같은 양도양수계약(이하 ‘"
deposit_dispute,35570,3,"“2006. 7. 28. 전세권설정계약 당시 C의 어머니, 딸, 남자분도 같이 나왔고, 전세금 11억 원은 이들에게 주었다. 피고는 계약 전날 그 집에 찾아가서 이야기를 나눴을 뿐이다. 피고는 자신은 명의자일 뿐이라고 말하였다.”"
deposit_dispute,35570,3,"‘이 사건 전세권은 원고가 매매대금 마련을 위해 설정한 것이어서 이 사건 전세금반환채무는 원고가 책임지기로 하였는데, 원고가 I에게 전세금을 반환하지 않아 I가 경매를 신청하여 이 사건 아파트가 이 사건 경매절차에서 매각된 것이므로, 이 사건 아파트에 관한 소유권이전등기의무가 이행불능으로 된 데에 피고의 귀책사유가 없다’"
deposit_dispute,35570,3,"‘전세권설정계약 체결 당시 또는 계약 체결 전 이 사건 아파트를 구경할 당시 피고가 아닌 원고 내지 G가 상대방으로 나왔고, 원고 내지 G를 실소유자로 알고 있었다’"
deposit_dispute,35944,3,"”이 사건 매매계약 체결 당시 피고인이 운영하는 B가 이 사건 빌라에 대한 임대차보증금을 부담하고, B에는 총 매매대금에서 임대차보증금을 공제한 금액을 지급하기로 약정하였다.“"
deposit_dispute,36072,3,"‘이 사건 점포’라 한다)에 관하여 전세보증금 75,000,000원, 계약기간 2013. 10. 30.부터 2년으로 정하여 임대차계약을 체결하였다. 다. 피고는 2016. 11. 7. ‘"
deposit_dispute,36072,3,"’라 한다)를 작성하였다. 라. 원고는 2017. 6. 28. C와 사이에 이 사건 점포에 관하여 전세보증금을 80,000,000원으로 증액하고, 계약기간을 2017. 6. 28.부터 2년으로 정하여 임대차계약(이하 ‘"
deposit_dispute,36853,3,"“임대차계약을 해지하고 그 건물의 점유를 인도하여 줄 것이고, 이 사건 질권설정계약에 기한 I과의 관계는 자신이 잘 해결해 주겠다.”"
deposit_dispute,37059,3,"”라고 기재한 사실, 원고는 위 경매절차에서 이 사건 부동산을 낙찰받아 소유권을 취득한 후 소외인에 대하여 이 사건 부동산의 인도청구를 하였으나 소외인의 위 전입신고가 그의 임차권을 공시하는 효력이 있어 주택임대차보호법상의 대항력을 갖추었다는 이유로 2007년 5월에 원고의 패소가 확정된 사실, 그리하여 원고는 같은 해 8월에 소외인에게 임대차보증금 4,300만 원을 반환한 사실을 알 수 있다. 이에 대하여 원심은 ‘"
deposit_dispute,37089,3,"‘O’ 사업자등록증, C과 P 사이의 필리핀 마사지샵 관련 계약서, C이 CEO로 기재된 O 명함, 마사지샵 O 명패도장이 포함되어 있다. ② M 명의의 사업자등록은 2019. 2. 20.에 이루어졌는데, 위 필리핀 마사지샵 관련 계약서는 2019. 2. 24. 체결되었고, 계약서 제3조는 ‘"
deposit_dispute,37336,3,"""선순위보증금 및 월세 보증금 총 약 팔천오백만원(임대인에게 확인 설명 들음)"""
deposit_dispute,37395,3,‘임대인과 임차인 간에 2008. 1. 22. 체결된 임대차계약(이하 ‘
deposit_dispute,37395,3,‘임대계약기간 종료 후 임차인이 원할 시 재계약을 보장하는 것으로 한다’
deposit_dispute,37441,3,"'임차인의 건물인도는 D가 F의 비용으로 진행하며, 위 건물인도가 이루어지지 않을 경우 협의 하에 매매계약을 해지할 수 있도록'"
deposit_dispute,37629,3,"’이라 한다)에 대하여 임대인은 피고로, 임대차보증금은 35,000,000원으로, 임대차기간은 2019. 1. 19.로 정하여 임대차계약(이하 ‘"
deposit_dispute,38289,3,"‘사위인 G의 명의로 이 사건 농장에 관하여 임대차계약을 체결하였다. D으로부터 임대차보증금 5,000만 원을 반환받아야 하는데 피고가 이 사건 농장을 맡겠다며 1,000만 원을 지급하였다. 4,000만 원을 더 받아야 하는데 B가 이 사건 농장을 맡겠다며 축산업허가증을 넘겨달라고 하여 4,000만 원을 두 번에 걸쳐서 받았다. 원고가 4,000만 원을 지급하고 G 명의의 축산업허가증을 원고 앞으로 이전받은 것이다. B가 이 사건 농장을 이어 받는 것으로 생각했고, B가 피고에게 돈을 빌려준 것인지는 모른다’"
deposit_dispute,38355,3,"‘F’ 공인중개사사무소에서 임대수입을 목적으로 다가구 주택을 매입하려는 피해자 G과 이 사건 건물을 7억 2,500만 원에 매도하는 계약을 체결하였다. 피고인은 위 계약 체결 당시 위 공인중개소 사무원인 H을 통해 피해자에게 이 사건 건물의 보증금 및 월세가 기재되어 있는 임대현황표를 제시하면서 “"
deposit_dispute,38833,3,"’이라 한다), 근저당권설정계약서를 각 작성한 다음, 2020. 2. 18. 오전 9시경 종전부터 원고의 담보대출 근저당권설정등기 업무를 처리해오던 피고 C 변호사의 등기사무직원인 소외 K을 원고의 사무실로 불러 대출관련 서류를 넘겨주며, “"
deposit_dispute,38833,3,"”을 위임하였다. 당시 원고의 대출담당자(I)는 K에게 등기신청업무를 위임하면서 등기신청서류 접수 전에 반드시 이 사건 주택에 대한 전입세대열람내역표를 열람하여 1순위 우선변제권 확보에 이상이 없는지 확인하고 등기신청 접수를 하여 달라고 구두로 요청하며, 근저당권설정계약서에 포스트잇을 이용하여 “"
deposit_dispute,39056,3,"‘이 사건 점포’라 한다)에 관하여 전세보증금 75,000,000원, 계약기간 2013. 10. 30.부터 2년으로 정하여 임대차계약을 체결하였다. 다. 피고는 2016. 11. 7. ‘"
deposit_dispute,39056,3,"’라 한다)를 작성하였다. 라. 원고는 2017. 6. 28. C와 사이에 이 사건 점포에 관하여 전세보증금을 80,000,000원으로 증액하고, 계약기간을 2017. 6. 28.부터 2년으로 정하여 임대차계약(이하 ‘"
deposit_dispute,39636,3,"‘Q호’라고 한다)에 관하여 원고 명의의 근저당권을 설정해주고, J호에 관하여 다른 채권자(K을 의미한다) 명의로 채권최고액 800,000,000원의 선순위근저당권을 설정한 후 부족한 담보를 보충하기 위하여 J호에 관하여 원고 명의로 후순위근저당권을 설정해 주기로 약정하였다(이하 ‘"
deposit_dispute,40306,3,"‘본 건물 18가구의 보증금 총액은 2억 8,300만 원 있음을 2016. 4. 30. 기준으로 임대인과의 통화로 확인하였으며, 실제 세부 권리관계는 임대인이 추후 중개사무소 방문하여 잔금 전까지 설명할 것임을 확인한다’"
deposit_dispute,40580,3,‘임대 종료에도 불구하고 임차인이 임대차 목적물을 즉시 인도하지 않는 경우 인도하지 아니하는 기간 동안 임차인은 월 임대료 및 관리비의 150%에 해당하는 금액을 임대인에게 일별로 지급하여야 한다.’
deposit_dispute,40580,3,"‘F호 시설과 관련하여 창틀, 창문, 출입문, 냉난방기, 벽면, 천장은 이전 임차인 미장원이 시설한 것으로 현 임차인(피고)는 책임이 없다. 23년 동안 노후와 관련된 상태에 대하여 임차인은 책임이 없다.’"
deposit_dispute,40864,3,"'이라 한다)을 체결하였다. 원고는 D에게 이 사건 임대차계약에 따른 임대차보증금 70,000,000원을 지급하고 2016. 11. 29.경 D으로부터 이 사건 건물 F호를 인도받았으며, 그에 대하여 전입신고를 마치고 확정일자를 받았다. 다. 이 사건 임대차계약 체결 당시 이 사건 건물의 대지인 대구 달서구 E 대 255.1m²(다음부터 '"
deposit_dispute,41594,3,"’ 부분을 각 점유하고 있는 사실은 당사자 사이에 다툼이 없거나 갑 제4, 5호증의 각 기재에 변론 전체의 취지를 더하여 인정된다. 따라서, 위 피고들은 이 사건 건물의 위 각 부분을 점유함으로써 주택임대차보호법에서 정한 임차권의 대항력 요건을 갖추었는지 내지 위 피고들이 P로부터 임대차보증금을 반환받았는지 여부를 불문하고, 원고의 이 사건 토지 소유권 행사를 방해하고 있다 할 것이다(대법원 2010. 8. 19. 선고 2010다43801 판결 참조). 따라서, 원고에게, 피고 B, C는 위 ‘"
deposit_dispute,42670,3,"’라고 각 기재한 후 이를 출력하여 F의 이름 옆에 미리 보관하고 있던 F 명의의 도장을 찍었다. 이로써 피고인은 행사할 목적으로 권리·의무에 관한 사문서인 F 명의의 전세계약서 1장을 위조하였다. 나. 위조사문서행사 피고인은 가.항 기재 일시, 장소에서 그 위조 사실을 모르는 임차인 G에게 위와 같이 위조한 부동산(다가구주택) 전세계약서를 마치 진정하게 성립한 문서인 것처럼 건네주었다. 이로써 피고인은 위조한 사문서를 행사하였다. 2. 피고인 및 변호인의 주장 F이 피고인에게 서울 은평구 D 소재 다가구주택(이하 ‘"
deposit_dispute,44555,3,"‘피고가 이 사건 경매절차에서 임대보증금을 우선변제받기 위하여 권리신고 및 배당요구를 한다. 주택인도일: 2009. 10. 28., 주민등록전입신고일: 2016. 5. 29., 확정일자: 무, 전세권(주택임차권)등기 유무: 유(2009. 10. 28.)’"
deposit_dispute,44664,3,"""라고 거짓말을 하였다. 그러나 이 사건 주택은 시가가 5억 8,700만 원인 데 비하여 이에 설정된 근저당권의 피담보채무액이 합계 3억 4,000만 원, 피고인이 이 사건 주택에 관하여 부담하는 전세보증금 반환채무가 N호의 P에 대하여 7,000만 원, O호 Q에 대하여 3,500만 원, M호 R에 대하여 1억 4,000만 원으로 합계 2억 4,500만 원이어서 담보가치가 거의 없는 이른바 '"
deposit_dispute,44664,3,"'M호 현재 거주 중인 전세입자 보증금 포함 선순위 임차인 총 보증금 1억 6,000만 원'"
deposit_dispute,44664,3,"""2019. 4. 29. 계약이 종료되면 전세보증금 3,000만 원을 반환하겠다"""
deposit_dispute,44802,3,‘임차인의 퇴거일 및 보증금 반환요구 우편송부에 대한 답변’
deposit_dispute,45608,3,"‘쿨투’라 한다)와 소외인 등은 이 사건 임대차계약 체결 당시 임대차보증금반환채권을 양도하지 못하는 것으로 약정하였는데, 쿨투가 원고(반소피고)(이하 ‘"
deposit_dispute,46010,3,"’라고 한다)에 관한 임대차보증금 45,000,000원의 반환 채무를 피고가 인수하는 것으로 위 매매대금 708,000,000원 전부의 지급을 갈음하는 내용의 매매계약(이하 ‘"
deposit_dispute,47033,3,"’이라 한다)하면서 계약금 22,000,000원은 계약 당일, 잔금 203,000,000원은 2019. 4. 30. 지급하기로 하였다. 원고는 같은 날 F에게 계약금 명목으로 22,000,000원을 지급하였다. 라. 원고는 2019. 2. 26. 피고 측과 통화하면서 ‘"
deposit_dispute,47573,3,‘변제기일(또는 기한이익 상실일)까지 대출 원리금을 변제하지 못할 시에는 임대차기간 내에라도 원고가 임대인인 피고 한국토지주택공사로부터 임대차보증금을 직접 반환받을 수 있도록 즉시 원고 또는 원고가 지정하는 자에게 임대차 목적물을 명도하겠다고 확약한다’
deposit_dispute,47923,3,"‘피고 협회’라고 한다)는 피고 D과 공제계약을 체결하여 피고 D이 부동산 중개행위를 하면서 원고들에게 입힌 손해를 배상할 책임이 있으므로, 피고 협회는 피고 D과 공동하여 원고들에게 손해배상금으로 원고들이 반환받지 못한 임대차보증금의 범위 내에서 청구취지 기재 각 금원을 지급할 의무가 있다. 다. 판단 1) 공인중개사법 제25조 제1항, 제3항은 “"
deposit_dispute,48826,3,‘임차인은 계약기간 중에 제3자에게 이 계약상의 권리를 양도하거나 임대차 물건의 전부나 일부를 전대할 수 없으며 이는 불법점유로 본다’
deposit_dispute,48826,3,‘임차인은 계약기간 중에 제3자에게 이 계약상의 권리를 양도하거나 임대차 물건의 전부나 일부를 전대할 수 없으며 이는 불법점유로 본다’
deposit_dispute,49889,3,"’라 한다)에 관하여 원고에게 2001. 10. 27.자 매매를 원인으로 한 소유권이전등기를 마쳐주었다. 다. 원고와 피고 사이의 임대차계약 관련 1) 피고는 2011. 1. 29. 원고와 사이에, 피고가 원고로부터 이 사건 아파트에 관하여 임대차보증금 195,000,000원, 임대차기간 2011. 2. 25.부터 2013. 2. 25.까지로 하여 임차하기로 하는 임대차계약(이하 ‘"
deposit_dispute,50158,3,"’이라는 상호로 음식점을 운영하였다. 다. 2020. 7. 초순경 이 사건 상가 내 천장과 벽면에서 누수가 발생하였고, 같은 해 7. 30.에는 누수로 인하여 천장 일부가 무너져 내리는 일이 발생하였다. [인정근거] 다툼 없는 사실, 갑 제1, 2호증의 각 기재, 갑 제3호증의 영상 및 변론 전체의 취지 2. 피고의 수선의무위반 및 이 사건 임대차계약의 해지 가. 인정사실 1) 원고는 2019. 7. 29. 피고에게 ‘"
deposit_dispute,50294,3,'본계약은 분양 점포주를 대신한 위임계약으로 잔금입금시 분양점포주와 본 계약을 체결한다.'
deposit_dispute,50744,3,“임대차기간이 끝난 경우에도 임차인이 보증금을 반환받을 때까지는 임대차관계가 존속되는 것으로 본다.”
deposit_dispute,52003,3,"’이라 한다)에서 어린이집 운영을 위해 위 건물을 임차한 자이다. 나. 원고는 피고와의 사이에 2014. 12. 31.경, 임대차보증금 5,000,000원, 월 임료 355,720원, 계약기간 2015. 1. 1.부터 2019. 12. 31.로 하는 임대차계약(이하 ‘"
deposit_dispute,53004,3,"’이라고 한다), 2012. 8. 7. 이 사건 아파트에 입주하였다. 그 후 이 사건 임대차계약이 여러 차례 갱신되면서 원고가 피고에게 지급한 임대차보증금은 이 사건 변론종결일 현재 65,481,080원이다. 다. 피고는 2019. 5. 3. 구 임대주택법(2015. 8. 28. 법률 제13499호로 전부 개정되기 전의 것, 이하 ‘"
deposit_dispute,54020,3,"’이라 한다)에 관하여 보증금 50,000,000원(월 차임 없음), 임대차기간 24개월(단, 계약기간 만료시 자동연장하기로 하였다)로 하는 임대차계약을 체결하였다. 원고는 1999. 8. 15.경부터 이 사건 임차건물에서 ‘"
deposit_dispute,54022,3,‘이 사건 건물을 임차하여 약국을 운영하려는 F과 이 사건 권리금계약을 체결하였으므로 자신이 주선한 위 신규임차인 F과 임대차계약을 체결하여 권리금을 받을 수 있도록 최대한 협조해 달라’
deposit_dispute,54419,3,"’라 한다)를 임대차보증금 50,000,000원, 임대료 월 3,000,000원, 임대차기간 2010. 6. 18.부터 3년으로 정하여 임대하였고, 피고는 이 사건 상가에서 식당을 운영하였다. 피고는 C로부터 이 사건 상가를 임차하면서 임대차가 종료하면 이 사건 상가를 임차할 당시의 상태로 원상회복하여 인도하기로 약정하였다. (2) C는 2017. 1. 25. D, E에게 이 사건 건물 중 각 1/2 지분의 소유권을 이전해 주었고, D, E는 2017. 5. 30. 피고와 이 사건 건물에 관하여 아래와 같은 내용의 임대차계약(이하 ‘"
deposit_dispute,54637,3,‘소액보증금’이라 한다)에 관하여 다른 담보물권자보다 우선하여 변제받을 권리를 인정하는 한편 같은 조 제3항은 우선변제를 받을 임차인(이하 ‘
deposit_dispute,54660,3,’이라 한다)을 체결하였다.  다. 원고와 피고 B은 2018. 10. 16. 이 사건 임대차계약에 기한 임대차보증금반환채권(이하 ‘
deposit_dispute,55088,3,"'이라 한다)을 임대차보증금 53,825,000원, 월차임 213,580원, 임대차기간 2017. 11. 1.부터 2019. 10. 31. 까지로 정하여 임차하는 내용의 임대차계약을 체결하였다(이하 피고들 사이의 임대차계약을 '"
deposit_dispute,55623,3,"’이라 한다)을 체결한 직후 사업자등록에 필요한 토지 소유권자의 동의를 받기 위하여 J과 함께 피고인 A, B를 만났다. 피고인 A은 J이 미리 작성해온 임대차계약서를 확인한 다음 당시 등기부상 소유명의자로 되어 있던 피고인 B에게 임대차계약서에 싸인을 하라고 말하였고, 피고인 B는 임대차계약서 하단에 ’"
deposit_dispute,55760,3,“임대차기간이 끝난 경우에도 임차인이 보증금을 반환받을 때까지는 임대차관계가 존속되는 것으로 본다.”
deposit_dispute,55778,3,‘원고 B과 D이 혼인의 의사로 피고 소유의 이 사건 아파트에 거주하기로 하면서 피고 소유의 이 사건 아파트의 종전 임차인에게 반환해 주어야 할 임대차보증금 자금으로 사용하기 위해’
deposit_dispute,55778,3,"‘원고 B을 임차인, 피고를 임대인, 임대차보증금을 35,000,000원, 임대차기간은 원고 B과 D이 실질적 혼인관계를 유지하면서 이 사건 아파트에 거주하는 기간’"
deposit_dispute,55896,3,’라는 상호로 구두수선집을 운영하였다. 4) 이 사건 임대차계약은 임대기간 만료 이후 묵시적으로 갱신되어 왔다. 나. 화재의 발생 1) 2019. 5. 3. 06:05경 이 사건 점포에서 화재(이하 ‘
deposit_dispute,56210,3,"‘계약권한 일체’란 이 사건 부동산에 관한 임대차계약의 체결부터 종료에 이르기까지 일체의 행위를 할 수 있는 권한, 즉 임대차보증금의 수령권한까지 포함한다고 해석함이 타당하다. 피고가 주장하는 사후적인 사정 및 제출한 증거만으로는 이를 뒤집기에 부족하고, 달리 반증이 없다. ① 위 위임장에 “"
deposit_dispute,56580,3,"’이라고 한다). 나. 피고는 2018. 7. 17. 원고로부터 209,000,000원을 대출받으면서 그 대출금 채무에 대한 담보로 2018. 7. 16. 이 사건 임대차계약에 따른 임대차보증금반환채권을 원고에게 양도하였고, 같은 날 E에게 양도사실을 통지하였다. 다. 피고는 그 무렵 원고에게 “"
deposit_dispute,56738,3,"“임차인 J에게 문의함, 계약서 작성시 호수 기입없이 안채로 계약하였으며, 전입도 호수 기재없이 전입하였다 함”"
deposit_dispute,56890,3,"’ 부분을 임대차보증금 4,500만 원, 임대차기간 2011. 4. 29.부터 2013. 4. 29.까지로 정하여 임차하는 내용의 임대차계약을 체결하고, 임대차보증금을 모두 지급하였다. 원고 4는 그 후 2013. 4. 19. ‘"
deposit_dispute,56890,3,"’란에는 이 사건 다가구주택과 이 사건 토지의 소유권자가 모두 소외 1로 기재되어 있고, 이 사건 토지가 안양군파종중의 소유임을 설명하지 않은 것으로 보인다. 위 임대차계약은 계약기간 종료 후 같은 조건으로 갱신되었다. (2) 피고 5가 2010. 10. 1. 이 사건 다가구주택 중 별지 1 도면 표시 ‘"
deposit_dispute,56890,3,’란에는 아무런 기재를 하지 않았다. 위 임대차계약은 계약기간 종료 후 같은 조건으로 갱신되었다. (4) 피고 9가 2011. 8. 4. 이 사건 다가구주택 중 별지 1 도면 표시 ‘
deposit_dispute,57221,3,‘임대인이 분양계약서상 수분양자임을 확인하고 계약을 진행한다’
deposit_dispute,59431,3,"“원임대자인 주공의 동의가 없는 현 우선권 임차인 D와 전대차계약임을 분명히 하고 연장이 없는 3년 계약이나, 만일 변동시 쌍방간 충분한 합의 후 서면으로 그 근거를 남기기로 한다”"
deposit_dispute,59463,3,‘임차인의 계약갱신요구권은 최초의 임대차 기간을 포함한 전체 임대차 기간이 5년을 초과하지 않는 범위 내에서만 행사할 수 있다’
deposit_dispute,60525,3,"’로 하는 사업자등록을 마쳤다. 라. 이 사건 임대차계약은 묵시적으로 갱신되었다가 원고가 2019. 6. 21. 이 사건 소장에서 해지 의사를 표시하였고, 위 소장 부본은 2019. 7. 3. 피고에게 송달되었다. 마. 한편 피고는 2019. 6. 25. 원고에게 ”"
deposit_dispute,60928,3,"‘피고인이 이 사건 아파트의 시가가 50억 원임을 기준으로 이야기했다. 이 사건 아파트 전부에 대해 근저당권을 설정해 주기로 약정하였고, 피고인이 처의 20/100 지분까지 같이 근저당권설정을 준비하는 데 시간이 걸린다고 하면서 근저당권설정을 계속 지체하였다’"
deposit_dispute,61048,3,"‘J호’라 한다)를 임대차보증금 1억 원, 임대차기간 2014. 7. 1.부터 2016. 6. 30.까지로 정하여 임차하는 임대차계약을 체결하였고, 2014. 7. 1.에 전입신고를 마쳤으며, 2014. 6. 16. 확정일자를 받았다. 2) 위 임대차계약 체결 당시 작성되어 원고에게 교부된 F 명의 중개대상물확인․ 설명서의 ‘"
deposit_dispute,61238,3,"’이라 한다)을 체결하였고, 2019. 4. 22. 피고 C에게 별지 목록 기재 각 부동산에 관하여 수원지방법원 동수원등기소 2019. 4. 22. 접수 제34541호로 이 사건 근저당권설정계약을 원인으로 근저당권설정등기(이하 ‘"
deposit_dispute,61644,3,"’이라 한다)을 체결하였다. 2) 피고는 2018. 8. 23. 이 사건 건물에 관하여 인천지방법원의 임차권등기명령(2018카임5206호)을 받았고, 원고는 2018. 9. 14.경 피고 C에게 위 임대차보증금 5,000,000원을 지급하였다. 3) 피고 C는 이 사건 건물 2층 중 E 지분의 양수인인 I를 상대로 대구지방법원 안동지원 봉화군법원 2018가소5136호로 보증금반환의 소를 제기하였고, 위 법원은 2019. 2. 14. ‘"
deposit_dispute,61703,3,"‘원고가 이 사건 토지에 설정된 근저당권의 피담보채무 41,000,000원과 이 사건 건물의 임대차보증금 반환채무 47,000,000원을 인수하고, 150,000,000원을 피고 2에게 지급하며, 피고 2는 이 사건 토지와 건물을 원고에게 양도한다’"
deposit_dispute,63010,3,"’이라 한다), 그 무렵 이를 인도받으면서 피고에게 위 임대차보증금 2,500만 원을 지급하였다. 나. 원고는 위 소외 1에 대하여 가지는 구상금채권을 피보전권리로 하여 2004. 3. 24. 서울서부지방법원 2004카단5466호로 소외 1의 피고에 대한 위 임대차보증금반환채권에 관하여 가압류 결정을 받았고(이하 ‘"
deposit_dispute,63399,3,"‘계약서’를 기준으로 한다(제3조 제4항). ② 이 사건 양도계약 체결 전 2018. 9. 3.경 원·피고, D 직원 K와 G 직원 J은 이 사건 양도계약의 조건에 관하여 협의를 하였는바, K는 2018. 9. 5. J에게 ‘"
deposit_dispute,63399,3,"‘의 관리단지 중 순번 68 I 현장에 관한 위탁관리계약서가 존재하지 않음은 앞서 본 바와 같고, 순번 18 L 현장에 관한 위탁관리계약서가 존재하지 않음은 원고도 인정하고 있다. 그러나 이에 더 나아가 을 제18호증의 각 기재만으로 순번 10, 19, 20, 21, 67의 관리단지 현장에 관한 위탁관리계약서가 존재하지 않는다고 인정하기 부족하고 달리 이를 인정할 만한 증거가 없다. 따라서 별지 표 ’"
deposit_dispute,65244,3,"’이라 한다)을 체결하였다. 나. 원고는 이 사건 매매계약에 따라 2018. 2. 22. 피고와 사이에 임대차보증금 1억 8,000만 원, 기간 2018. 3. 12.부터 2020. 3. 12.까지로 하는 임대차계약서(이하 ‘"
deposit_dispute,65699,3,"‘이 사건 주택’이라 함)에 관하여 임대차보증금 7,500만 원, 계약기간 2014. 11. 9.부터 2016. 11. 8.까지로 하는 주택임대차계약(이하 ‘"
deposit_dispute,66327,3,‘원고 B과 D이 혼인의 의사로 피고 소유의 이 사건 아파트에 거주하기로 하면서 피고 소유의 이 사건 아파트의 종전 임차인에게 반환해 주어야 할 임대차보증금 자금으로 사용하기 위해’
deposit_dispute,66327,3,"‘원고 B을 임차인, 피고를 임대인, 임대차보증금을 35,000,000원, 임대차기간은 원고 B과 D이 실질적 혼인관계를 유지하면서 이 사건 아파트에 거주하는 기간’"
deposit_dispute,66816,3,‘와이푸드’라 한다)와 피고가 2009. 3. 16. 이 사건 임대차보증금 반환채권에 관한 채권(보증금)양도증서(이하 ‘
deposit_dispute,66816,3,"’라 한다)를 작성한 것은 기왕에 이루어진 채권양도약정에 따라 임대인인 소외인에게 채권양도사실을 통지하기 위한 것이었을 뿐이고, 실제로 와이푸드가 피고에게 이 사건 임대차보증금 반환채권을 양도한 것은 2008. 10. 1.이므로, 그 당시를 기준으로 와이푸드에게 사해의사가 있었는지, 와이푸드와 피고가 통모하였는지 등을 판단하여야 한다는 피고의 주장에 대하여, ① 2008. 10. 1. 작성된 조건부 이행 확약서(이하 ‘"
deposit_dispute,67611,3,"‘계약서’를 기준으로 한다(제3조 제4항). ② 이 사건 양도계약 체결 전 2018. 9. 3.경 원·피고, D 직원 K와 G 직원 J은 이 사건 양도계약의 조건에 관하여 협의를 하였는바, K는 2018. 9. 5. J에게 ‘"
deposit_dispute,67611,3,"‘의 관리단지 중 순번 68 I 현장에 관한 위탁관리계약서가 존재하지 않음은 앞서 본 바와 같고, 순번 18 L 현장에 관한 위탁관리계약서가 존재하지 않음은 원고도 인정하고 있다. 그러나 이에 더 나아가 을 제18호증의 각 기재만으로 순번 10, 19, 20, 21, 67의 관리단지 현장에 관한 위탁관리계약서가 존재하지 않는다고 인정하기 부족하고 달리 이를 인정할 만한 증거가 없다. 따라서 별지 표 ’"
deposit_dispute,67713,3,"‘C’라고만 한다)에 대한 청주지방법원 2016차2407호 지급명령, 청주지방법원 2016차2432호 지급명령, 청주지방법원 2016차2433호 지급명령에 기한 각 강제집행을 불허한다.  이유 1. 기초사실 가. 피고의 C에 대한 지급명령 1) 청주지방법원 2016차2407호 지급명령 피고는 C를 상대로 청주지방법원 2016차2407호로 임대차계약의 임대차보증금 반환을 청구하는 지급명령을 신청하였고, 위 법원은 2016. 8. 30. ‘"
deposit_dispute,67983,3,"‘의 관리인이었고, 이 사건 특약상 재계약 또는 연장 여부와 관련한 사항은 위 관리인인 H에게 통보하기로 약정되어 있었던 점, H이 위 ② 임대차계약 체결 당시 피고에게 소외 회사가 해산등기를 하였다거나 소외 회사의 대표이사인 D이 개인적으로 ‘"
deposit_dispute,68606,3,"’을 각 운영하고 있다. 마. 원고는 피고를 상대로 동업계약 해지로 인한 손해배상과 정산금의 지급을 구하는 소를 제기하였고[인천지방법원 2019가합51443호(본소)], 피고는 이에 대하여 동업해지약정에 따른 정산금의 지급을 구하는 반소를 제기하였다[인천지방법원 2019가합51450(반소)]. 위 법원은 2021. 1. 26. ‘"
deposit_dispute,69094,3,"‘J’이라 한다)과 사이에 신탁기간은 신탁등기일부터 신탁종료일까지, 제1순위 우선수익자를 L조합으로 하는 부동산담보신탁계약을 체결하고, 같은 날 J 명의로 위 신탁계약을 원인으로 한 소유권이전등기를 마쳐주었다. 신탁원부상 위 신탁계약의 주요 내용은 다음과 같다.   나. 원고는 2019. 3. 29. 중개업자인 피고 B와 피고 C(이하 ‘"
deposit_dispute,69224,3,‘피고 은행’이라 한다)은 2014. 6. 20. 피고 B에게 5억 원을 대출해주면서 피고 B과 이 사건 전세권을 담보로 2014. 6. 19.자 근저당권설정계약(이하 ‘
deposit_dispute,69248,3,"‘2002. 12. 31.자 근저당권설정계약서(포괄근담보 채권최고액 28억 6,000만 원)에 추가하여 2005. 7. 26. 일반대출금 6억 원에 대한 원금 및 이자 반환채무 포함 운영’"
deposit_dispute,69248,3,"‘한남동 부동산’이라 한다)로 하는 내용의 근저당권설정계약을 체결하고, 이에 따라 2005. 7. 26. 근저당권설정등기를 마쳤다. 다. 1) 하나은행은 2007. 8. 3. 안흥개발과 사이에 여신과목을 기업운전일반대출, 여신(한도)금액을 12억 원, 여신개시일을 2007. 8. 3., 여신기간 만료일을 2008. 8. 3.(이후 2009. 2. 3.로 연장되었다)로 정한 여신거래약정을 체결하고, 같은 날 11억 8,000만 원을 대출하였다(이하 ‘"
deposit_dispute,69953,3,‘당사에서는 매매계약 내용에 따라 소유권을 취득하고 이후 토지 및 건물을 당사에서 직접 사용하고자 하오니 위 건물 소유주인 임대인과 협의하여 명도일정(매매계약 체결 후 3개월 이내)에 차질이 없도록 준비하여 주시기 바랍니다.’
deposit_dispute,71560,3,"“권리금이란 임대차 목적물인 상가건물에서 영업을 하는 자 또는 영업을 하려는 자가 영업시설·비품, 거래처, 신용, 영업상의 노하우, 상가건물의 위치에 따른 영업상의 이점 등 유형·무형의 재산적 가치의 양도 또는 이용대가로서 임대인, 임차인에게 보증금과 차임 이외에 지급하는 금전 등의 대가를 말한다.”"
deposit_dispute,71560,3,“임차인의 계약갱신요구권은 최초의 임대차기간을 포함한 전체 임대차기간이 5년을 초과하지 아니하는 범위에서만 행사할 수 있다.”
deposit_dispute,71560,3,‘임대인의 갱신거절에 의해 임차인의 이익이 침해되는 경우’
deposit_dispute,72141,3,"’이라고 합니다)에 관하여 임대인 F과 사이에 임대차보증금 55,000,000원, 임대차기간 2018. 5. 4.부터 2020. 5. 3.까지로 정한 임대차계약(이하 ‘"
deposit_dispute,72141,3,"’라고 한다)과 사이에 부동산담보신탁계약을 체결하였고, 이를 원인으로 하여 이 사건 부동산에 관하여 소외 신탁사 앞으로 소유권이전등기가 마쳐졌다(갑 제4호증). 위 신탁에 따른 신탁원부가 이 사건 부동산에 대한 부동산등기부에 함께 등기되었다. ② 이 사건 임대차계약서의 특약 5조에는 ‘"
deposit_dispute,73329,3,’이라 한다)을 체결하였다. 3) 피고 B은 그 무렵 위 대출금의 상환을 보증하기 위하여 주택도시보증공사와 보증금액 3억 400만 원으로 정한 전세금안심대출특약 보증계약(이하 ‘
deposit_dispute,73952,3,"‘이 사건 상가’라 한다)를 임대차보증금 30,000,000원, 월차임 1,700,000원(이후 1,800,000원으로 증액됨), 계약기간 2015. 5. 31.부터 2017. 5. 31.로 정하여 임차하는 내용의 임대차계약(이하 ‘"
deposit_dispute,74250,3,"‘K의 경영지배인으로 재직하던 2009. 10. 1. E, F과 사이에 위 2009. 8. 14.자 임대차계약을 합의해제하고 같은 날 D으로부터 위 임대차보증금을 반환받아 보관하던 중 이를 횡령하였다’"
deposit_dispute,74899,3,‘위 무주택자인 임차인은 임차인이 속한 세대의 세대원 전원이 주택을 소유하고 있지 않은 임차인을 의미한다’
deposit_dispute,75506,3,“제5조: 임차인은 임대인의 승인하에 개축 또는 변조할 수 있으나 부동산의 변환기일전에 임차인의 부담으로 원상 복구키로 함”
deposit_dispute,76314,3,"’이라 한다). 나. 주식회사 C은 2013. 3. 15. 원고에게 위 임대차계약에 따른 임대차보증금 반환채권을 비롯한 임차권 일체를 양도하였고, 피고에게 위 채권 및 임차권 양도사실을 통지하였다. 다. 한편 F은 2011. 1. 1.부터 양주시 G에 있는 건물에서 자동차 타이어 수리점을 운영하고 있었는데, 2014. 6.경 피고의 남편 H으로부터 ‘"
deposit_dispute,76682,3,"’이라 한다)을 체결하고, 그 무렵 피고에게 위 임대차보증금을 전부 지급하였다. 이 사건 임대차계약서에는 다음과 같은 내용의 특약이 기재되어 있다.  나. 원고는 위 임대기간 만료일인 2019. 6. 17. 이 사건 아파트 현관 앞에 박스 하나를 남겨둔 채로 이 사건 아파트에서 퇴거하였고, 피고에게 2019. 7. 7. ‘"
deposit_dispute,76714,3,"‘이 사건 마트’라 한다)에 관하여 보증금 4,400만 원(실제 보증금은 2014. 1.경 1,200만 원만 지급받았다), 차임 월 85만 원으로 한 임대차계약을 체결하였다. 원고 A는 아래 표 기재와 같이 망인으로부터 상속받아 이 사건 공동상속인들이 공유등기를 마친 부동산(이하 아래 표 기재의 부동산을 ‘"
deposit_dispute,76714,3,’라 한다)에 관하여 각 임차인들과 사이에 임대차계약을 체결하였다. 원고들의 이 사건 각 점포에 대한 소유지분은 상속지분과 같다.   사. 피고의 상속부동산 매매계약 체결 피고는 다른 공동상속인들로부터 위임받아 2016. 6. 21. AG과 사이에 망인으로부터 상속받아 이 사건 공동상속인들이 공유등기를 마친 청주시 상당구 AH 대 326㎡ 및 지상 건물(이하 ‘
deposit_dispute,76821,3,"’이라 한다)에게 2008. 4. 30. 교회 건물로 사용 중이던 이 사건 건물을 매매대금 700억 원에 매도하되, 계약금 50억 원은 계약 당일 피고 은성교회가 피고 다인종합건설에 지급하여야 할 공사대금으로 상계하고, 중도금 356억 1,600만 원은 2008. 6. 19. 금융기관 차입금채무와 임차보증금채무의 인수 등으로 지급에 갈음한 사실, 피고 은성교회와 피고 다인종합건설은 교회 신축공사가 완료될 때까지 피고 은성교회가 이 사건 건물을 피고 다인종합건설로부터 임차하여 사용하되, 나머지 매매대금 273억 8,400만 원(이하 ‘"
deposit_dispute,76821,3,"“이 신탁계약 체결 후 신규 임대차 또는 재임대차계약은 수탁자의 사전승낙을 조건으로 위탁자 명의로 체결하되, 임대차보증금은 수탁자에게 입금하여야 한다”"
deposit_dispute,77177,3,“매수인(임차인의 오기로 보인다)이 현지 확인 후 현 시설 상태에서의 매매계약(임대차계약의 오기로 보인다)이다”
deposit_dispute,79017,3,"'라고 함은 보관물에 대하여 소유자의 권리를 배제하는 의사표시를 하는 행위를 뜻하므로, 타인의 재물을 보관하는 사람이 단순히 반환을 거부한 사실만으로 횡령죄가 성립하는 것은 아니며, 반환거부의 이유 및 주관적인 의사 등을 종합하여 반환거부행위가 횡령행위와 같다고 볼 수 있을 정도이어야만 횡령죄가 성립할 수 있다(대법원 2006. 2. 10. 선고 2003도7487 판결, 대법원 2008. 12. 11. 선고 2008도8279 판결 등 참조). 2. 원심은, 피고인이 이 사건 상가의 관리업체인 공소외 주식회사(이하 ‘"
deposit_dispute,79054,3,"’이라 한다)을 체결하였고, 같은 날 D에게 계약금 명목으로 1,700만 원을 송금하였고, 2019. 7. 20. 잔금 1억 5,300만 원을 지급하고 입주하기로 약정하였다. 라. 이 사건 임대차계약 특약사항에는 ‘"
deposit_dispute,79054,3,"‘는 점을 설명하지 아니하였다. 마. 원고는 2019. 7. 19. D에게 임대차보증금 명목으로 1억 원을 송금하였으나, 임대인 측은 원고에게 2019. 7. 20.까지 H 명의의 소유권이전등기를 말소할 수 없게 되었음을 통지하였다. 이에 원고는 2019. 7. 26. 위 오피스텔 분양사무소에서 피고 C의 입회하에 D 측과 사이에 나머지 잔금의 지급시기를 2019. 7. 30.로 변경하고, 특약사항으로 ’"
deposit_dispute,79883,3,"’이라 한다)을 체결하고, 피고에게 각 임대차보증금을 지급하였으며, 2019. 3. 20. 위 각 건물을 인도받았다.  2) C은 2019. 4. 23. C이 피고에 대하여 가지는 위 각 임대차보증금반환채권 합계 320,000,000원(이하 ‘"
deposit_dispute,79883,3,"’라 한다)에게 양도하였고, 2019. 4. 24. 위 내용이 담긴 채권양도계약서에 공증인 H 사무소의 사서인증을 받아 이를 피고에게 직접 전달하여 교부하였다. 3) 피고와 C 사이에, 2019. 4. 25. 작성된 것으로 기재된 임대차계약중도해지 합의서에는 ”"
deposit_dispute,79883,3,"“는 내용이 담겨있다. 4) 피고는 같은 날 G와 사이에, 이 사건 건물에 관하여 기존 임대차계약과 동일한 임대차기간, 임대차보증금, 월 임대료를 조건으로 임차하는 내용의 임대차계약서(이하 ‘"
deposit_dispute,79883,3,”임대차계약은 전 임차인(C)과의 임대차계약 기존 내용대로 유지한다“
deposit_dispute,80647,3,"’이라 한다)을 체결하였다. 이 사건 임대차계약서의 임대인란에는 피고의 인적사항이, 임차인란에는 원고의 인적사항이 각 기재되어 있고, “"
deposit_dispute,80647,3,“이 사건 임대차계약 종료시 피고는 보증금반환의무를 부담하지 않는다”
deposit_dispute,81534,3,"‘E이 반환받을 보증금 350,000,000원은 J이 직접 E에게 지급하기로 하고 피고는 이를 J의 보증금 지급으로 인정한다’"
deposit_dispute,81923,3,”의 사전 동의 없이는 이를 양도하거나 질권을 설정할 수 없다. 제15조(신탁종료 및 신탁재산의 교부) ① 본 계약은 신탁기간 만료 또는 중도해지 및 계약해제에 의하여 종료하며 신탁종료에 따른 소유권이전 및 신탁등기말소 신청은 “
deposit_dispute,81923,3,"”에 대한 지체 없는 통지의무 2. 수익자 ① 시설관리, 청소, 방역, 경비, 수선, 화재보험 가입 등 보존행위 ② 임대차계약 및 임대보증금, 임료수납 등 임대차 관리행위 ③ 수익금의 운용, 관리행위 ④ 신탁재산에 부과되는 제세공과금 등의 납부 ⑤ 신탁부동산의 멸실, 훼손 등 사고 발생 시 또는 발생 예상 시 “"
deposit_dispute,81923,3,"‘임대사업자의 부도 등으로 임대사업자와 임차인의 이해관계가 대립되어 분양전환이 지연되는 문제를 해결하기 위하여 분양전환승인신청 제도를 도입하고, 임대주택의 임대의무기간이 경과하거나 임대사업자가 부도, 파산 등이 발생하였는데도 임대사업자가 분양전환을 지연함으로써 발생하는 임차인의 주거불안을 해소하기 위하여 임차인이 직접 분양전환을 신청할 수 있도록 하였으며, 분양전환승인이 있은 후에도 6개월 이상 분양전환이 이루어지지 아니할 경우 매도청구권을 행사할 수 있도록 하기 위해서’"
deposit_dispute,81923,3,‘쌍무계약에 관하여 채무자 및 그 상대방이 모두 파산선고 당시 아직 이행을 완료하지 아니한 때에는 파산관재인은 계약을 해제 또는 해지하거나 채무자의 채무를 이행하고 상대방의 채무이행을 청구할 수 있다.’
deposit_dispute,81923,3,"‘보증금’ 란 기재 각 금액을 이미 지급하였으므로 이 사건 각 임대주택의 분양전환가격에서 위 보증금을 공제한 나머지 금액만을 이 사건 각 임대주택의 매매대금으로 지급하면 된다고 주장하는바, 먼저 원고들의 위 주장을 임대차보증금의 매매대금에 대한 충당 내지는 공제에 관한 주장으로 보고 판단한다. 살피건대, 원고들이 평창토건에게 지급한 별지 3.의 ‘"
deposit_dispute,81923,3,"’ 란 기재 돈은 이 사건 각 임대주택에 관한 임대차보증금으로 지급된 것일 뿐 향후 이 사건 각 임대주택이 분양전환될 경우에 대비하여 매매대금의 일부로 선납된 것으로 볼 증거가 없고 주9) 			, 임대주택법 등 관련법령에서 원고들이 지급한 임대차보증금을 매매대금에 자동충당하거나 그에 관한 당연공제를 인정하는 근거규정을 발견할 수도 없으므로, 원고들이 평창토건에게 지급한 임대차보증금을 이 사건 각 임대주택의 매매대금에 충당하거나 그 매매대금에서 당연히 공제할 수는 없다. ㈏ 다음으로, 원고들의 위 주장을 ‘"
deposit_dispute,82211,3,"’라고 한다)의 계약당사자가 되어 이 사건 계약서에 서명날인하고 H에게 계약금 2억 원을 지급하였다. 그로 인하여 이 사건 의료재단은 이 사건 건물 1, 3, 4층을 기본재산으로 취득할 수 있게 되었다(이하 ‘"
deposit_dispute,82211,3,"‘V에게 반환한 몇 천만 원을 고려하더라도, 피고인에게 반환한 금원은 피고인이 투입한 금원만큼 반환하였다’"
deposit_dispute,82461,3,‘D’이라는 상호로 종이제품 등을 제조하는 업체를 운영하였다. 원고는 위 임대차기간이 만료된 이후에는 묵시적 갱신을 통하여 위 임차목적물을 계속 점유․사용하여 오다가 2018. 4. 9. 피고에게 2018. 4. 10.자로 이 사건 임대차계약을 해지한다는 의사가 표시된 ‘
deposit_dispute,84557,3,‘그 이전에 인정되던 계약 갱신 사유에 따라 갱신되는 임대차’
deposit_dispute,84713,3,"’라 한다)를 작성하였다.   다. D은 2016. 11. 6.경 피고의 대리인인 C에게 계약금으로 15,000,000원을 지급하였다. 라. 피고는 2016. 11. 25. 이 사건 상가에 관하여 채권최고액 2,160,000,000원, 채무자 피고, 근저당권자 H조합으로 하는 근저당권(이하 ‘"
deposit_dispute,85054,3,"’라 한다)를 임대분양받기로 하였다. 다. 소외 조합의 조합원이었던 원고는 2000. 2.경 소외 조합과 이 사건 점포에 대한 분양계약을 체결하여 이 사건 점포에 대한 구분소유권을 취득하였고, 이와 같이 이 사건 점포의 구분소유권을 취득하자 원고는 소외 조합이 체결한 임대분양에 따른 임대인의 지위를 승계하여 2000. 2. 22. 피고과 이 사건 점포에 대한 임대차계약(이하 ‘"
deposit_dispute,85054,3,’에 지급되는 채권을 의미하는 것이므로(대법원 1996. 9. 20. 선고 96다25302 판결) 이 사건 지연배상금의 소멸시효가 3년이라 볼 수 없다. 따라서 피고의 소멸시효 항변은 이유 없다. 다. 이 사건 임대차계약 4.제3조의 위약금에 관하여 본다. 이 사건 임대차계약에서 ’
deposit_dispute,85713,3,‘임차인들의 평창토건에 대한 임대차보증금반환채권액’
deposit_dispute,85774,3,"’이라 한다)을 체결하고, 소외 4로부터 위 설정계약을 원인으로 하여 같은 등기소 2004. 8. 17. 접수 제38531호로 근저당권설정등기를 경료받았다. 나. 전세권 및 이 사건 건물의 소유권 이전 1) 주식회사 교육지존(이하 ‘"
deposit_dispute,85774,3,"’이라 한다). 2) 소외 1은 이 사건 확정판결을 집행권원으로, 이 사건 근저당권부채권에 관하여 서울중앙지방법원 2009타채24577호로 가압류를 본압류로 이전하는 전세권근저당권부채권 압류 및 추심명령을 신청하여, 2009. 8. 24. 이를 인용하는 결정(채권자 원고, 채무자 소외 2, 제3채무자 소외 4, 이하 ‘"
deposit_dispute,86200,3,"‘성남시 주택’이라고만 한다)에 대하여, 원고가 이 사건 지급명령 정본에 의한 강제경매를 신청하여 2019. 10. 28. 강제경매절차가 개시되었고 그 개시결정이 2019. 11. 5. C에게 송달되었다. 라. C은 2019. 11. 13. 피고에게 이 사건 임대차보증금 반환채권을 양도하는 내용의 채권양수도계약을 체결하고(이하 ‘"
deposit_dispute,86704,3,"’고 약정한 사실, 참가인은 2005. 1. 31. 원고로부터 금원을 차용하면서 그 채무 담보를 위하여 이 사건 임대차계약에 기한 임대차보증금반환채권을 양도(이하 ‘"
deposit_dispute,88095,3,"’이라 한다)의 공동소유자이다. ○ 피고는 2015. 5. 29. 원고와 사이에 이 사건 지하층에 관하여 임대차보증금 20,000,000원, 차임 월 1,500,000원, 임대차기간 2015. 7. 20.부터 2017. 7. 19.까지로 정한 임대차계약을 체결하였다가, 2017. 7. 3. 월차임을 1,650,000원으로, 임대차기간을 2017. 7. 20.부터 2020. 7. 19.까지로 변경한 임대차계약(이하 ‘"
deposit_dispute,88994,3,“이 사건 임대차계약이 처음 계약 완료 후 2년 단위로 묵시적으로 계약 지속한 것이 맞는가요?”
deposit_dispute,89289,3,"’라고 한다)를 임대차보증금 160,000,000원(계약금은 8,000,000원 계약 당일 지급, 잔금 152,000,000원은 2018. 12. 29. 지불), 임대차기간 2018. 12. 29.부터 2020. 12. 28.로 정하여 임차(이하 ‘"
deposit_dispute,89438,3,"’이라는 상호로 음식점을 운영하였다. 다. 2020. 7. 초순경 이 사건 상가 내 천장과 벽면에서 누수가 발생하였고, 같은 해 7. 30.에는 누수로 인하여 천장 일부가 무너져 내리는 일이 발생하였다. [인정근거] 다툼 없는 사실, 갑 제1, 2호증의 각 기재, 갑 제3호증의 영상 및 변론 전체의 취지 2. 피고의 수선의무위반 및 이 사건 임대차계약의 해지 가. 인정사실 1) 원고는 2019. 7. 29. 피고에게 ‘"
deposit_dispute,89679,3,"‘임대차보증금 1000만 원은 직전계약자인 원고와 임대인, E이 1개월 이내에 만나서 별도로 합의한다’"
deposit_dispute,91278,3,"‘이라 한다). 나. 원고들과 피고는 G 명의로 2008. 4. 7. H와 사이에, H로부터 이 사건 아파트를 170,000,000원에 매수하되 그중 110,000,000원은 기존의 임대차보증금반환채무를 인수하는 것으로 갈음하고 잔금 60,000,000원을 지급하기로 하는 내용의 매매계약(이하 ‘"
deposit_dispute,91688,3,"’라 한다)의 소외 1에 대한 대출금채권 약 19억 원, ③ 소외 1의 이 사건 건물의 임차인들에 대한 임대차보증금반환채무 약 7억 원, ④ 이 사건 건물에 관하여 유치권을 취득한 공사업자들의 공사대금채권 합계 1,876,799,380원을 공제하면, 소외 1에게 지급할 청산금은 남지 않게 된다. 4) 설령 피고가 소외 1에게 지급할 청산금이 있다고 하더라도 피고가 소유권이전등기를 경료한 2005. 8. 9.로부터 10년이 경과하는 시점에 시효완성으로 소멸하였다. 3. 판단 가. 청산금청구권의 발생 1) 가등기담보법 제11조 본문은 ‘"
deposit_dispute,92665,3,"‘부동산에 존재하는 선순위 권리(근저당권, 임차권 등)로 인하여 경매 등이 실행될 경우 임차보증금의 전부 또는 일부를 반환받지 못할 수도 있음을 확인한다’"
deposit_dispute,93112,3,"‘이 사건 건물’이라 한다)을 임대차보증금 150,000,000원(100,000,000원은 계약 시 지급, 30,000,000원은 2007. 6. 30. 지급, 20,000,000원은 2007. 10. 30. 지급), 차임 월 6,500,000원(부가가치세 10% 별도, 2007. 12. 10.까지는 500,000원 감액), 관리비 월 1,500,000원(부가가치세 10% 별도), 임대차기간 2006. 12. 10.부터 2008. 12. 10.까지로 정하여 임대하는 내용의 임대차계약서(이하 ‘"
deposit_dispute,93112,3,"’(대리)라는 기재를 추가하였다. 나. 피고는 2007. 8. 9. 원고와 사이에 원고에게 이 사건 건물을 임대차보증금 100,000,000원(계약 시 지급), 차임 월 4,000,000원, 임대차기간 2007. 7. 1.부터 12개월로 정하여 임대하는 내용의 임대차계약서(이하 ‘"
deposit_dispute,93839,3,"'임대인이 고지한바 현 건물 선순위전세보증금 주인세대-1억 3천(2018. 12. 이사예정), 투베이-4천만원, 원룸-3,500만원 있다고 고지함[총 보증금 2억 3천 9백만원].'"
deposit_dispute,93839,3,"'임대인이 고지한바 현 건물 선순위전세보증금 주인세대-1억 3천(2018. 12. 이사예정), 투베이–4천만원, 원룸–3,500만원 있다고 고지함[총 보증금 2억 3천 9백만원].'"
deposit_dispute,94785,3,'임대인은 임차인의 식품관련사업의 원활한 준비를 위하여 내부공사를 임차인에게 허락합니다(기타 제반사항 공부상 인ㆍ허가사항 필요시 적극 협조)'
deposit_dispute,96432,3,"‘F’라는 상호로 컨테이너 보관장소로 사용하였다. 마. 이 사건 임대차계약 당시 특약사항으로, 피고는 임대차기간 만료일까지 석분과 자갈을 제거하고 복토하여 원상복구하기로 하였고, 만일 피고가 이를 어길 경우 보증금을 포기하고 위 원상복구시까지 임대료 2배를 배상하기로 하였다(이하 ‘"
deposit_dispute,96803,3,"‘2020. 6. 15.까지 전세보증금을 반환할 것을 약속하고, 기한 내에 반환되지 않은 경우 민·형사상 책임을 질 것을 약속한다’"
deposit_dispute,97263,3,‘담보신탁은 별 의미가 없고 임대인이 법인이므로 보증금 반환에 문제가 없다’
deposit_dispute,98334,3,"’이라 한다). 그 주요 내용은 아래와 같다.   4) 원고는 이 사건 아파트 입주 전 이 사건 임대차계약 및 변경합의계약에서 정한 확정임대가 172,000,000원을 C에 지급하였고, 2015. 12. 4. 이 사건 아파트로 전입신고를 마쳤다. 나. 조기 분양전환 절차의 진행 1) 피고는 2018. 1.경부터 이 사건 아파트를 포함한 임대주택 임차인대표들과 조기분양전환 절차에 관하여 협의를 시작하여 매월 1회 이상씩 회의를 개최하였고, 2018. 10. 30. ‘"
deposit_dispute,98710,3,"‘상대방’은 이 사건 연대보증계약의 주채무자인 소외 2를 일컫는 것이 아니라 채권자인 원고를 일컫는 것이어서 소외 1 의료법인의 회생절차 개시신청 전 6월을 초과하여 이루어진 이 사건 연대보증계약에 따른 구상금채권 6억 원에 대하여는 피고가 부인권을 행사할 수 없다. 나. 피고의 주장 이 사건 연대보증계약은 채무자회생법 제100조 제1항 제4호에서 정한 무상행위에 해당하고, 같은 법 제101조 제3항에서 규정한 ‘"
deposit_dispute,98710,3,"‘상대방’이 채권자를 지칭하는 것인지, 아니면 주채무자(피보증인)도 포섭하는 것인지 여부에 관하여 살핀다. 연대보증계약이 채권자와 주채무자 사이의 계약과는 별도의 독립적 계약이라는 법리를 채무자회생법에도 평면적으로 적용한다면, 같은 법 제101조 제3항에서 규정한 ‘"
deposit_dispute,98725,3,"‘피고 협회’라고 한다)는 피고 D과 공제계약을 체결하여 피고 D이 부동산 중개행위를 하면서 원고들에게 입힌 손해를 배상할 책임이 있으므로, 피고 협회는 피고 D과 공동하여 원고들에게 손해배상금으로 원고들이 반환받지 못한 임대차보증금의 범위 내에서 청구취지 기재 각 금원을 지급할 의무가 있다. 다. 판단 1) 공인중개사법 제25조 제1항, 제3항은 “"
deposit_dispute,99180,3,"“2015. 8. 3.경 가계약 당시 피고인 3에게 제2부동산의 임대차계약서 18장을 복사해서 제공하였으나, 제1차 부동산의 임대차계약서는 달라고 하지 않아 제공한 사실이 없다.”"
deposit_dispute,99180,3,"“임대차계약서 원본 27장은 대출이 실행된 이후인 2015. 9. 3.에야 넘겨주었고, 가계약 시 공소외 7에게 제2부동산 임대차계약서 사본을 제공하라고 지시하였으나, 공소외 7이 제1부동산까지 주었는지 확인을 못 하였다.”"
deposit_dispute,99236,3,"'이라고 한다)을 임대차보증금10,000,000원(계약금 1,000,000원, 잔금 9,000,000원), 월차임 600,000원, 임대차기간 2019. 6. 1.부터 2021. 5. 31.까지(최초 임대차계약을 체결할 때에는 2019. 6. 10.부터 2021. 6. 9.까지였으나 이후 변경되었다)로 정하여 임대하는 내용의 상가임대차(이하 '"
deposit_dispute,100078,3,"“① 소유권 이전 중이므로, 소유권 이전과 동시에 전세권설정을 하기로 한다. ② 전세권보다 선순위로 근저당권 2,000만 원을 인정하기로 한다.”"
deposit_dispute,100363,3,"‘임차인은 임대기간 만료로 2020. 10. 6.까지 본인의 짐을 가지고 이사 가는 것에 동의한다. 모든 짐을 치우고 손상시킨 부분이 있을시 서로 협의한 후 전세보증금 2,000만 원을 임대인이 지급한다’"
deposit_dispute,100363,3,"’상기 임차인은 임대인에게 임대보증금 2,000만 원 중 시설수리비로(원상복구비용) 835만 원을 공제하고 1,165만 원을 수령하였음을 확인한다‘"
deposit_dispute,101074,3,‘본인은 변제기일(또는 기한의 이익상실일)까지 대출원리금을 변제하지 못할 시에는 임대차기간 내에라도 귀 G은행이 임대인으로부터 임차보증금을 직접 반환받을 수 있도록 즉시 귀 G은행 또는 귀 G은행이 지정하는 자에게 임대차 목적물을 명도하여 드리겠음을 확약합니다’
deposit_dispute,101266,3,"’이라 한다)을 체결하고, 2018. 6. 29. 이 사건 임대차계약서에 주택임대차보호법에 따른 확정일자를 받았으며, 피고 B에게 2018. 6. 26.부터 2018. 7. 13.까지 사이에 보증금 183,000,000원을 지급하였다. 라. 피고 B은 이 사건 부동산에 관하여, 2019. 5. 27. 신탁재산의 귀속을 원인으로 소유권이전등기를 마쳤다가, 2019. 5. 27. 다시 I조합를 우선수익자로 하고, 수탁자를 피고 신탁회사로 하는 부동산담보신탁계약(이하 ‘"
deposit_dispute,101266,3,’란에는 ‘본 계약에서 임차인(원고)은 1순위이며 임대인은 잔금과 동시에 신탁을 말소하며 저당 등 기타 등기를 변경하는 행위는 하지 않기로 한다.’
deposit_dispute,101306,3,"'이라 한다)의 4, 5층 중 별지2 원고별 인용금액 중 호실(구좌수)란 기재 각 호실에 관하여 임대차보증금은 같은 표 중 임차보증금란 기재 각 돈, 임대차기간은 2018. 2. 22.부터 2019. 2. 21.까지로 정하여 임대차계약(이하 '"
deposit_dispute,101752,3,"’이라 한다), 위 대출금 채권의 담보를 위하여 2019. 2. 11. 이들과 사이에, 이 사건 임대차보증금반환채권 1억 2,000만 원 중 3,000만 원의 채권을 양도하는 내용의 계약을 체결하였다(이하 ‘"
deposit_dispute,101752,3,"’이라 한다). 위 각 대부 회사는 같은 날 피고에게 이 사건 채권양도통지, 이 사건 임대차보증금반환 청구 및 임대차보증금 수령 업무를 위임하였고, D은 이를 승낙하였다. 다. 피고는 2019. 11. 15. D을 대리하여 원고에게 이 사건 채권양도 통지를 하였고 위 통지는 2019. 11. 20. 원고에게 도달하였다(이하 ‘"
deposit_dispute,102964,3,"‘피고 C이 2017. 4. 27. 원고를 기망하여 1억 2,000만 원을 편취한 사실, 피고 B과의 위임 약정에 따른 월세 임대차계약을 체결하여야 할 업무상 임무를 위배하여 피고 B에게 1억 2,000만 원 상당의 임대차보증금 반환채무를 부담하게 한 사실’"
deposit_dispute,103089,3,"'이라 한다)에 대하여 임대차기간 2014. 9. 5.부터 5년간으로 하되, 이 사건 건물 1층 부분에 대하여는 임대차보증금 27,800,000원, 월 차임 700,000원(부가가치세 별도), 이 사건 건물 2층 부분에 대하여는 임대차보증금 222,000,000원, 월 차임 5,800,000원(부가가치세 별도)으로 하여 임차하기로 하는 각 임대차계약(이하 '"
deposit_dispute,103172,3,"‘타인의 동의’는 자신의 사망을 보험사고로 하는 보험계약의 체결에 대하여 이의가 없다는 의사를 표시하였다고 볼 수 있을 정도로 각 보험계약의 내용을 이해한 후 진정한 의사로 이루어진 동의를 의미한다고 봄이 타당하다. 2) 판단 가) 갑 제11호증의 기재에 의하면, 망인이 이 사건 각 보험계약 청약서의 피보험자란에 자신의 당시 이름인 ‘"
deposit_dispute,103522,3,“물품대금채권에 대한 담보조로 임대차보증금반환채권 양도양수계약을 체결한 것입니다”
deposit_dispute,103522,3,“물품대금채권에 대한 담보조로 임대차보증금 반환채권 양도양수계약을 체결한 것입니다”
deposit_dispute,103522,3,“피고(피고인 A)의 조카인 B는 주식회사 E이라는 상호로 인테리어 공사업을 운영하면서 당시 파산 상태였는데 원고(피해자 회사)로부터 공사에 필요한 물품을 공급받은 후 대금을 지급하지 못하자 위 물품대금채무를 담보하기 위하여 피고의 G에 대한 이 사건 임대차계약에 따른 보증금반환채권을 원고에게 양도해 주기로 하였다.”
deposit_dispute,103669,3,"’이라 한다), 같은 날 원고에게 D에 대한 임대차보증금 반환채권 123,000,000원을 양도하였으며, D에 내용증명우편으로 채권양도통지를 하여 그 무렵 위 통지가 D에 도달하였다. 다. 소외인은 2017. 11. 17. D에 위 임대차보증금을 지급하고, 이 사건 부동산을 인도받았는데, 그 무렵 D의 동의 없이 피고(반소원고, 이하 ‘"
deposit_dispute,104000,3,"‘0’이었던 사정을 고려할 때, 위 계약 체결 당시에 확정일자를 받지 아니하고, 2017. 2. 2.에 이르러서야 위 계약서에 확정일자를 받은 사정을 두고 이 사건 임대차계약이 허위라고 단정하기도 어렵다. 또한 C이 2013. 11. 18. D와 합의를 하면서 “"
deposit_dispute,104312,3,"'라 한다)를 건설하고, 2015. 12. 11. 이 사건 아파트의 각 세대에 관하여 소유권보존등기를 마친 임대사업자이다. 2) 피고는 2013. 3. 29. 세종특별자치시장으로부터 입주자모집공고 승인을 받아 입주자 모집공고를 하였고, 2013. 4. 22.부터 2013. 4. 24까지 특별공급 및 일반공급 대상자들과 임대차계약을 체결한 후 2013. 4. 25.부터 선착순 일반모집을 실시하였다. 나. 원고들과의 임대차계약 체결 및 갱신 1) 원고들은 피고와 이 사건 아파트 중 별지1 목록 기재 각 부동산(이하 통틀어 '"
deposit_dispute,104312,3,'이라 한다)을 지급하였다.  2) 이 사건 각 임대차계약과 관련하여 원고들과 피고 사이에 작성된 계약서 중 주요 내용은 다음과 같다. 가) 최초 계약서(이하 '
deposit_dispute,104312,3,"'라 한다)  다) 1, 2차 계약갱신 당시 작성된 임대차계약서(이하 '"
deposit_dispute,104376,3,"’를 공인중개사 I의 명의로 개설등록을 하여 운영하면서 부동산중개업을 영위한 자이다. 다. F은 원고로부터 원고의 명의로 임대차계약을 체결할 권한을 부여받고, J에게 이 사건 부동산을 소개하여 주었고, J은 F의 중개로 2018. 5. 4. 이 사건 부동산을 보증금 15,000,000원, 임대기간 2018. 5. 4.부터 2019. 5. 3.까지, 차임 월 300,000원으로 정하여 임차하는 내용의 임대차계약(이하 ‘"
deposit_dispute,104525,3,"' 공소외 1과 공소외 2가 통정하여 1998. 5. 18. 고소인 모르게 임차인을 공소외 2로 하는 임대차계약서를 다시 작성하여 고소인의 임대차 보증금 1,000만 원과 권리금 800만 원 합계 1,800만 원을 편취하였다.'"
deposit_dispute,104708,3,"'임차인의 건물인도는 D가 F의 비용으로 진행하며, 위 건물인도가 이루어지지 않을 경우 협의 하에 매매계약을 해지할 수 있도록'"
deposit_dispute,105230,3,"“)이 소유하는 남양주시 D 블록 849㎡에 관한 부동산분양관리신탁계약을 체결하고, 같은 날 사업약정 및 대리사무계약을 체결하였다. ⑵ 피고는 C이 전항의 토지 위에 지하1층, 지상4층, 연면적 2,443.68㎡ 규모의 근린생활시설 건물을 완공한 후 2013. 5. 22. 각 전유부분에 관한 부동산분양관리신탁계약을 체결하고 소유권이전등기를 마쳤다. 나. ⑴ E는 2015. 3. 20. C과 사이에 근린생활시설 건물 중 F호, G호(이하 ”"
deposit_dispute,106145,3,"""위 소외인은 위 경매절차에서 배당요구를 하였으나 대항력을 갖춘 임차권자라는 이유로 배당에서 제외되어 원고를 상대로 임대차보증금반환청구의 소를 제기하였기에, 원고는 그에게 위 금액을 지급하였는바, 이는 원래 피고가 지급하여야 할 것을 원고가 대신 지급한 것이고, 원고는 이로 인하여 동액 상당의 손해를 입었으므로, 피고는 이를 구상할 의무가 있다."""
deposit_dispute,106605,3,"’이라 한다), 피고는 2013. 1. 22. 원고에게 임대차보증금 5,000,000원을 지급하였다. 나. 그 후 이 사건 임대차계약은 묵시적으로 갱신되었고, 피고는 2013. 1. 22.부터 2021. 3. 25.까지 원고에게 별지2 ‘"
deposit_dispute,107086,3,"'반소피고와 신규임차인 F 사이의 새로운 임대차계약을 주선하고자 하니, F과 새로운 임대차계약을 체결하여 반소원고로 하여금 F으로부터 권리금을 수수할 수 있도록 협조해 주기 바란다'"
deposit_dispute,108379,3,"“임대인은 목적물을 임차인에게 인도하고 계약 존속 중 그 사용, 수익에 필요한 상태를 유지하게 할 의무를 부담한다”"
deposit_dispute,108379,3,“임차물이 수리를 요하거나 임차물에 대하여 권리를 주장하는 자가 있는 때에는 임차인은 지체 없이 임대인에게 이를 통지하여야 한다. 그러나 임대인이 이미 이를 안 때에는 그러하지 아니하다”
deposit_dispute,108864,3,‘위 매매계약은 임대차 계약(2015. 2. 2.자)으로 지급된 금액을 계약금으로 한다’
deposit_dispute,110309,3,"’ 송달일 신탁해지를 원인으로 한 소유권이전등기절차를 이행하라. 3. 피고 주식회사 I은 원고가 피고 B 등을 대위하여 피고 H에 대하여 이 사건 부동산에 관한 2017. 2. 6.자 신탁계약을 해지한 데 대하여 동의의 의사표시를 하라. [원고는 이 법원에서 피고 B 등에 대한 청구취지를 확장함과 아울러, 피고 H에 대한 청구취지 중 소유권이전등기의 등기원인 부분을 변경하였다.]  이유 1. 기초 사실 이 법원이 이 부분에 관하여 적을 이유는, 제1심판결 중 4면 4, 5행의 “"
deposit_dispute,110607,3,‘원고를 위해 이 사건 근저당권을 설정한 것이 아니고 회계감사 등을 위하여 설정하였고 피고에게 재산분할을 해준 뒤 기존 선순위 근저당권이 실행될 위기에 처하자 피고가 이 사건 건물을 담보로 새로 대출을 받기 위해서 이 사건 근저당권을 말소하였다’
deposit_dispute,111277,3,"‘이 사건 주택’이라고 한다) 중 2층 전부를 임차하여 거주하였다. 피고는 2002. 7. 31. 이 사건 주택으로 전입신고를 하고, 임대차계약서에 확정일자를 받았으며, 피고가 원고를 상대로 제소한 부산지방법원 2007가단94096호 임대차보증금반환 사건에서 2007. 8. 29. “"
deposit_dispute,112169,3,"’이라 한다)을 체결하였다. 이 사건 임대차계약서의 임대인란에는 피고의 인적사항이, 임차인란에는 원고의 인적사항이 각 기재되어 있고, “"
deposit_dispute,112169,3,“이 사건 임대차계약 종료시 피고는 보증금반환의무를 부담하지 않는다”
deposit_dispute,113306,3,‘주식회사’를 생략한다)에 대한 각 금융거래정보제출명령 결과에 변론 전체의 취지를 종합하면 이를 인정할 수 있다.   가) 이 사건 빌라 J호의 공동담보에 관한 판단 이 사건 근저당권설정계약 당시 E조합의 근저당권이 포항시 남구 I 지상 빌라(이하 ‘
deposit_dispute,113887,3,“임대차기간은 임차인이 상가관리운영규칙 등을 위배하지 않는 한 임대인의 동의 하에 매년 연장계약 할 수 있다.”
deposit_dispute,113887,3,"“임차인이 피고에게 점포의 전대를 위임하면, 피고가 책임지고 점포를 전대하고, 전차인으로부터 전대차보증금과 매월 임대료를 지급받아 주겠다. 그러면 임차인이 직접 영업을 하지 않더라도 상당한 투자수익을 얻을 수 있다.”"
deposit_dispute,114917,3,“2년 전세 계약을 하면 계약이 끝나는 날 보증금을 모두 돌려주겠다”
deposit_dispute,116067,3,"‘임차인은 인테리어 비용 및 방법 등 인테리어 공사 초기 과정과 그 결과를 구체적으로 임대인에게 알려주어야 하며, 임대인은 인테리어 리모델링에 대하여 어떠한 이의도 제기하지 않는다’"
deposit_dispute,116067,3,’의 범위에 포함된다고 봄이 타당하다. 피고가 원고에게 이 사건 공사에 대하여 시정을 요구하기 시작한 2016. 10. 14. 이후인 2016. 11.경 제출된 제소전화해(피고가 위 임대차계약 특약사항 제1조에 따라 2016. 8. 16. 신청하였다)에 관한 원고의 이의신청서(갑 제1호증의 3)에도 이 사건 임대차계약 제3조와 관련하여 ‘
deposit_dispute,116067,3,"’가 아니라 이 사건 임대차계약 제3조가 금지하는 구조변경행위에 해당하므로, 특약사항 제7조가 적용될 여지가 없어 이 부분에 대한 원고의 주장은 이유 없다. 덧방공사의 경우 특약사항 제7조가 정한 ‘"
deposit_dispute,117685,3,"’라는 상호로 식당을 운영하던 종전 임차인인 F 및 G에게 권리금과 함께 임대차보증금을 반환하는 방식으로 지급하였다. 나. C는 이 사건 점포를 인도받은 후 위 상호를 승계하여 식당을 운영하였는데, C의 요청으로 피고는 2017. 5. 18. 원고와 사이에 이 사건 점포에 관하여 임대차기간을 2017. 5. 18.부터 2019. 5. 17.까지(24개월)로 정하고 나머지 조건은 위 C(이하 원고와 C를 함께 칭할 경우에는 ‘"
deposit_dispute,119357,3,‘가’ 항과 같이 위조된 경남 거제시 G아파트 H호 부동산임대차계약서 1매를 우편 송부하여 이를 행사하였다. 다. 사기미수 피고인은 2019. 1. 4. 의정부시 가능동에 소재한 의정부지방법원 2018가단20866 임대차보증금 반환소송 중에 위 ‘
deposit_dispute,119481,3,"‘ 소외 4’에 대한 임대차보증금반환채권으로 특정되어서 당해 채권자인 원고, 채무자인 소외 1, 제3채무자인 소외 4 사이에만 효력이 있고, 제3채무자인 소외 4가 이 사건 가압류결정을 송달받은 후 임대차목적물인 이 사건 주택을 피고에게 양도하여 피고가 주택임대차보호법에 따라 소외 4로부터 소외 1에 대한 임대인의 지위를 승계하였다고 하더라도 피고는 소외 4의 특정승계인에 불과할 뿐, 포괄승계인이라고 볼 수 없으므로, 이 사건 가압류결정은 가압류대상인 소외 1의 ‘"
deposit_dispute,120744,3,"“본 계약 체결 후 을이 위약시에는 적립한 계약보증금 중 갑이 제비용(미수된 월임대료, 제세공과금, 부동산의 원상복구비용, 법적수속비용 및 기타경비)을 공제한 나머지를 을에게 임의변제하고, 강제명도 하여도 을은 어떠한 이의도 제기치 아니한다.”"
deposit_dispute,121043,3,"‘피고 등이 요구한 서류는 피고회사에 보관되어 있으며, 이 사건 계약서 제13조 및 제14조(위 가.의 ⑶항과 ⑷항에 해당한다)의 내용에 비추어 피고 등이 연한초과차량대금과 매출액누락분을 피고회사의 채무로 계상하는 것은 부당하고, 차고지 임대차보증금은 피고회사가 위 소외 3으로부터 반환받았다’"
deposit_dispute,121489,3,“계약서에 조건부 계약에 관한 사항이 반영되어 있지 않으므로 조건부 계약임을 입증할 증거가 전무한 상황”
deposit_dispute,121518,3,"‘4 결론’ 부분을 아래와 같이 고쳐 쓰는 외에는 제1심 판결의 이유와 같으므로, 민사소송법 제420조 본문에 따라 이를 그대로 인용한다. 3. 권리금 상당액의 손해배상청구 가. 당사자들의 주장 피고는, 원고가 피고가 주선한 신규임차인과의 임대차계약 체결을 거절함으로써 피고가 신규임차인으로부터 이 사건 상가의 권리금을 회수하는 것을 방해하였으므로 원고는 피고에게 상가건물 임대차보호법(이하 ‘"
deposit_dispute,121518,3,‘임차인이 5년의 임대차기간을 채워 더 이상 계약갱신요구권을 가지고 있지 않는 경우’
deposit_dispute,122648,3,"’는 서면을 작성하여 교부하였다. 2) 피고 C는 2016. 10. 14. 피고 D에게 F에 대한 보증금채권 3,000만 원을 양도하는 계약을 체결하고, F에게 채권양도통지를 하였다. 다. 원고와 피고 E 간의 주택 임대차계약에 기한 법적 분쟁 1) 원고는 2014. 11. 18. I 명의의 대전 서구 J에 있는 K호(이하 ‘"
deposit_dispute,122648,3,”로 된 주택임차권등기를 마쳤다. 2) 피고 E은 원고가 임대인 I의 지위를 승계하였다며 원고를 상대로 임대차보증금의 반환을 구하는 소(대전지방법원 2016가단384)를 제기하여 2016. 4. 7. ‘
deposit_dispute,122658,3,"’라 한다)를 임대하기로 하고 그 무렵 피고로부터 임대차보증금 20,000,000원을 지급받았다. 나. 원고는 2016. 7. 22. 피고와 사이에 이 사건 토지에 관하여 임대차보증금 20,000,000원, 월 차임 1,200,000원, 임대차기간 2016. 7. 22.부터 12개월로 정하여 임대차계약(이하 ‘"
deposit_dispute,122896,3,"’이라 한다)을 체결하였다. 2) E은 같은 날 주택도시보증공사와 사이에, 주택도시보증공사에 임대인인 D의 승낙을 받아 이 사건 임대차보증금반환채권을 양도하고, 주택도시보증공사가 E의 F은행에 대한 이 사건 전세자금대출약정에 따른 대출금 채무를 보증하기로 하는 전세금안심대출보증약정(이하 ‘"
deposit_dispute,122896,3,"’이라 한다)을 체결하였다. 라. 피고 D의 이 사건 아파트 소유권 취득 및 이 사건 담보신탁계약 체결 1) 피고 D은 이 사건 임대차계약 체결 이후인 2017. 10. 23. 이 사건 아파트에 대하여 2017. 8. 14. 매매를 원인으로 하는 소유권이전등기를 마치고, 2017. 10. 27. G에게 채권최고액 1억 6,500만 원인 근저당권설정등기(이하 ‘"
deposit_dispute,122983,3,‘임차인이 유익비를 지출한 경우에는 임대인은 임대차종료 시에 그 가액의 증가가 현존한 때에 한하여 임차인의 지출한 금액이나 그 증가액을 상환하여야 한다’
deposit_dispute,123701,3,"’를 포함하고 총 권리금은 5,500만 원이며, 양도인은 해당 부동산에 관한 권리행사를 할 수 있는 상태로 임대차계약 개시 전일까지 양수인에게 인도하되 양수인의 임대차계약이 정상적으로 체결되지 못하거나 진행되지 못할 경우 위 계약은 해제되는 것으로 규정되어 있다(이하 ‘"
deposit_dispute,123855,3,"'이고 이 사건 조항이 부제소합의인 사실은 당사자 사이에 다툼이 없고, 원고들은 이 사건 조정 조항 4항에 따라 이 사건 정산금 청구를 하고 있으므로, 이 사건의 쟁점은 과연 이 사건 조항이 부제소 합의 대상에서 제외한 '"
deposit_dispute,123855,3,'도 결국 원고 등이 공동으로 상속받은 재산(예금 외의 재산)과 피고가 상속받은 재산(위 예금)에 관하여 어떠한 세금이 부과되었거나 부과될 경우 스스로 부담하고 상대방에게 어떠한 청구도 하지 아니한다는 의미라고 풀이하는 것이 문언에 따른 합리적인 해석이다. 5) 이 사건 조정조항 4항이 초과 상속세의 정산금 청구까지 염두에 둔 조항이라면(원고들은 위 조항에 기하여 이 사건 이행청구를 하고 있다) 상속세는 이미 완납되었고 총액이 변동될 가능성이 없이 원고 등과 피고 사이의 분담 문제만 남는 것이므로 '
deposit_dispute,123871,3,"’에 관하여 체결한 근저당권설정계약은 이를 취소한다. 피고 현대성우오토모티브코리아 주식회사는 피고 1에게 이 사건 2 내지 5 부동산에 관하여 인천지방법원 북인천등기소 2011. 11. 4. 접수 제76246호로 마친 각 근저당권설정등기의 각 말소등기절차를 이행하라.  이유 1. 이 법원의 심판범위 원고는 제1심에서 제1심 공동피고 주식회사 백록, 소외 1, 소외 4, 소외 2, 소외 5 및 피고 1에 대하여 금전 지급청구를 하였고, 피고 1, 피고 현대성우오토모티브코리아 주식회사(이하 ‘"
deposit_dispute,124294,3,"’이라 한다)을 체결하였고, 그 무렵 피고 D에게 위 임대차보증금을 지급하였다. 2) 원고 B은 2017. 9. 4. 피고 D을 대리한 피고 E와 사이에, 원고 B이 피고 D으로부터 이 사건 제2 부동산을 임대차보증금 108,000,000원, 임대차기간 2017. 9. 4.부터 2019. 8. 31.까지로 정하여 임차하기로 하는 임대차계약(이하 ‘"
deposit_dispute,124294,3,"’이라 한다)을 체결하였고, 그 무렵 피고 D에게 위 임대차보증금을 지급하였다. 3) 원고 C는 2017. 12. 13. 피고 D을 대리한 피고 E와 사이에, 원고 C가 피고 D으로부터 이 사건 제3 부동산을 임대차보증금 95,000,000원, 임대차기간 2017. 12. 13.부터 2019. 12. 13.까지로 정하여 임차하기로 하는 임대차계약(이하 ‘"
deposit_dispute,124294,3,"’이라 한다), 그 무렵 피고 D에게 위 임대차보증금을 지급하였다. 4) 피고 F는 공인중개사로서 이 사건 각 임대차계약을 중개하였는데, 이 사건 각 임대차계약서의 ‘"
deposit_dispute,124301,3,"’이라 한다)에 관하여 피고 중소기업은행과 근저당권설정계약을 체결하고 피고 중소기업은행 앞으로 채권최고액 840,000,000원인 근저당권설정등기를 마쳤다(이하 ‘"
deposit_dispute,124301,3,"‘주식회사’는 생략한다)와 각 근저당권설정계약을 체결하고, 피고 E 앞으로 채권최고액을 1,000,000,000원으로 하는, 피고 C 앞으로 채권최고액을 196,500,000원으로 하는, 피고 D 앞으로 채권최고액을 165,000,000원으로 하는, 피고 E 앞으로 채권최고액을 121,600,000원으로 하는 각 근저당권설정등기를 마쳤다(이하 ‘"
deposit_dispute,124610,3,"‘이라 한다)을 체결하였는데, 위 계약의 특약사항에는 보증금 입금 계좌번호로 ’"
deposit_dispute,124956,3,"‘피고 3이 구 공인중개사법 제33조 제6호에서 금지하는 쌍방대리를 하였거나, 구 공인중개사법 제19조에서 금지하는 중개사무소등록증을 대여받아 이 사건 계약을 중개하였다. 따라서 위 중개계약은 무효이므로, 피고 3, 피고 4는 원고한테서 받은 중개수수료를 반환할 의무가 있다’"
deposit_dispute,124956,3,"’로 계약취소로 인한 부당이득반환, 채무불이행으로 인한 손해배상, 무효로 인한 부당이득반환 등으로 3억 8,000만 원과 이에 대한 지연손해금을, ③ ‘"
deposit_dispute,124976,3,"’라고 한다)와 임대차계약을 체결하였으나, 2017. 11.경부터 임대료를 지급하지 않아 2018. 2. 13.경 임대차계약 해지 통지를 받았다. J는 D를 상대로 이 사건 예식장에 관한 명도소송을 제기하였고, 이에 대하여 2018. 4. 5. ‘"
deposit_dispute,125203,3,"「제1 부동산에 관한 매매계약은 2013. 9. 27.경 체결되었으나, 위 부동산의 진입로 문제 해결이 지연됨에 따라 2017. 5. 24.에 이르러서야 피고 B 명의로 소유권이전등기를 마칠 수 있었다. 등기원인을 2013. 9. 27.자 매매계약으로 할 경우 등기 절차 지연에 따른 과태료가 부과되기 때문에 등기원인을 2017. 5. 24.자 매매계약으로 하였다」"
deposit_dispute,125599,3,"’라 한다). 다. 그런데 이 사건 근저당권설정 당시 피고 1의 피고 2에 대한 채무는 존재하지 않았고, 단지 위 설정 이후 피고 1이 장인( 피고 2의 아버지)을 통하여 돈을 빌리게 될 것이라고 예상하여 이를 담보하기 위한 목적에서 이 사건 근저당권설정을 한 것뿐이며, 그 후에도 피고 1은 피고 2 본인으로부터 또는 피고 2를 통하여 그 장인으로부터 돈을 빌리지 않았다. 2. 청구원인에 대한 판단 가. 피고 1 명의의 소유권이전등기 및 피고 2 명의의 이 사건 근저당권설정등기의 효력 부동산 실권리자명의 등기에 관한 법률(이하 ‘"
deposit_dispute,126026,3,"’이라 한다)을 체결하였고, 그 무렵 위 보증금을 모두 지급하고, 이 사건 G호를 인도받았다. 원고 A는 2020. 2. 24. 이 사건 G호로 전입신고를 하였고, 같은 날 이 사건 1 임대차계약에 따른 계약서에 확정일자를 받았다. 나. 원고 주식회사 B는 2017. 3. 1. 공인중개사 H의 중개로 E으로부터 이 사건 다가구 주택 중 I호(이하 ‘"
deposit_dispute,126421,3,"’이라고 한다). 2) 이후 이 사건 점포가 2018. 1.경 H호 1개의 점포로 통합되면서 1개로 된 공급계약서가 다시 작성되었는데, 다시 작성된 계약서에는 특약사항으로 ‘"
deposit_dispute,126421,3,’이 입점될 것을 전제로 하고 있다고 판단된다. 다. 피고는 계약 당일 원고와 특약사항의 문구와 관련하여 논의를 거친 후 최종적으로 이 사건 2차 특약사항(‘
deposit_dispute,126421,3,‘G 공사 미진행시 계약은 무효로 하며 계약금 반환 및 법정이자를 지급한다’
deposit_dispute,127181,3,"’이라 한다)을 체결하였고, 2018. 11. 24.경 위 보증금을 모두 지급하고, 이 사건 G호를 인도받았으며 2018. 11. 27. 이 사건 G호로 전입신고를 하였고, 이 사건 1 임대차계약에 따른 계약서에 확정일자를 받았다. 나. 원고 B은 2018. 9. 18. 공인중개사 H의 중개로 E으로부터 이 사건 다가구 주택 중 I호(이하 ‘"
deposit_dispute,127537,3,"‘소외 2는 이 사건 임대차보증금반환채권을 사건본인(소외 3)에게 양도하고, 임대인에게 그 양도사실을 통지한다’"
deposit_dispute,127537,3,‘소외 3의 법정대리인인 소외 4에게 이 사건 임대차보증금반환채권을 반환해 달라’
deposit_dispute,128313,3,"‘이 사건 계약’이라 한다)에 따른 약정금 지급의무를 이행하지 못한 것은 사실이지만, 피고인이 처음부터 이 사건 계약에 따른 약정금 지급의무를 이행할 의사 없이 ○○○○ 건물(이하 공소외 2 회사가 소유하던 1층과 2층을 지칭하는 것으로 한다)을 편취할 의도로 이 사건 계약을 체결한 것은 아니다. 피고인은 공소외 6 주식회사(이하 ‘"
deposit_dispute,128393,3,‘위 무주택자인 임차인은 임차인이 속한 세대의 세대원 전원이 주택을 소유하고 있지 않은 임차인을 의미한다’
deposit_dispute,128538,3,"'라는 상호로 숙박시설을 운영하던 E과, 원고가 7,000만 원에 위 숙박시설의 영업에 관련된 물적 설비 일체 및 그 사업에 관한 모든 권리․의무 일체를 양도받기로 하는 내용의 포괄적 영업양수도 계약을 체결하였다. 나. 원고는 2015. 2. 10. 피고와 이 사건 건물에 관하여 임대차보증금 1억 3,000만 원, 차임 월 600만 원(부가가치세 별도), 임대기간 2015. 2. 11.부터 2018. 2. 10.까지로 정하여 임대차계약(이하 '"
deposit_dispute,128836,3,"'원고들의 3, 4 임차인에 대한 임대차보증금 반환채무 부존재'"
deposit_dispute,128836,3,"'현재 4 임차인은 보증금 1,000만원, 월세 70만원의 새로운 임차인으로 교체되었다'"
deposit_dispute,128836,3,"'원고들의 피고에 대한 3, 4 임차인 임대차보증금 반환채무 중 내부적 지분 분담금 지급채무 부존재'"
deposit_dispute,129451,3,"‘임대계약(임대인 B, 임차인 E)의 상실을 인정하며 이로서 본인의 권리상실을 인정한다’"
deposit_dispute,129642,3,"’이라는 상호로 사업자등록을 하였다. 나. 피고의 임대차계약체결 등 1) C는 2013. 8. 19. 피고의 배우자인 G에게 위 E요양병원의 장례식장에 대한 16.65% 지분을 임대차보증금 2억 5,000만 원(총 임대차보증금 15억 원 중 약 16.65%에 해당하는 금액)으로 정하여 임대하였다(이하 ‘"
deposit_dispute,129642,3,"’라 한다)개시결정을 하였고, 2016. 11. 24. 회생계획인가결정을 하였으며, 위 회생절차는 2018. 6. 1. 종결 및 확정되었다. 2) 피고는 이 사건 회생절차에서 이 사건 임대차계약에 따른 임대차보증금반환채권 2억 5,000만 원을 회생채권으로 신고하였고, 원고의 관리인인 J은 이를 그대로 시인하였다. 그 결과 시인된 피고 명의의 회생채권은 그대로 확정되어 원금의 50%에 해당하는 1억 2,500만 원을 변제하는 내용으로 회생채권자표(이하 ‘"
deposit_dispute,130089,3,"'이 사건 점포 2층 부분 전세(보증금)가 15,000,000원이니, (종전 공동임대인들로부터 받은 37,713,000원 중 15,000,000원을 제외한 나머지) 22,713,000원을 입금하였고, 보증금 합계가 51,000,000원이다'"
deposit_dispute,130268,3,"’이라 한다), 이에 따라 G 등에게 임대차보증금을 모두 지급하였으며, 그 무렵 이 사건 각 건물을 인도받아 전입신고를 마치고 이 사건 각 임대차계약서에 확정일자를 받았다.  다. 피고 E은 이 사건 각 임대차계약 당시 원고들에게 중개대상물 확인․설명서를 교부하였는데, 그 설명서의 ‘"
deposit_dispute,131413,3,"‘이라 한다)을 체결하였는데, 위 계약의 특약사항에는 보증금 입금 계좌번호로 ’"
deposit_dispute,132494,3,‘피고들이 이 사건 임대차계약에 따른 차임을 2기 이상 연체하였으므로 이 사건 임대차계약을 해지한다’
deposit_dispute,132494,3,‘임대인은 임차인의 보증금 일십억원에 1.5%의 수익을 보장한다(매월 일천오백만원 지급하기로 한다)’
deposit_dispute,132494,3,‘피고들이 이 사건 임대차계약에 따른 차임을 2기 이상 연체하였으므로 이 사건 임대차계약을 해지한다’
deposit_dispute,132721,3,"'임대인 피고인 1, 임차인 피고인 2, 임대차보증금 40,500,000원, 주택인도일 1998. 3. 28.'"
deposit_dispute,133428,3,"’이라 한다)을 체결하였다. 이 사건 임대차계약서의 임대인란에는 피고의 인적사항이, 임차인란에는 원고의 인적사항이 각 기재되어 있고, “"
deposit_dispute,133428,3,"’ 상호의 D 개인 사업자등록번호가 기재되어 있다. 마. 원고는 이 사건 임대차계약의 임대차보증금 명목으로 2018. 11. 26. 100만 원을 F 명의 계좌로 송금하고, 2018. 12. 7. 및 2018. 12. 10. 합계 5,400만 원을 D(E) 명의 계좌로 각 송금하였다. 바. 피고는 이 사건 영업위탁계약 체결 이후부터 ‘"
deposit_dispute,133428,3,"’ D과 사이에 체결되었으므로 유효하다. 원고와 피고는 이 사건 임대차계약의 종료에 합의하였으므로, 피고는 원고로부터 이 사건 부동산을 인도받음과 동시에 원고에게 임대보증금 5,500만 원을 지급할 의무가 있다. 나. 피고의 주장 1) 피고는 소외 회사에게 이 사건 부동산에 대한 월세계약 체결권한만을 위임하였을 뿐, 개인사업자인 ‘"
deposit_dispute,133428,3,"‘E’도 책임을 진다는 의미로 해석될 수 있음은 별론으로 하고, 임대인의 임대차보증금 반환의무를 면책하는 취지로 기재된 것이라고 보기 어렵다. 또한 위 인정사실에 의하면, 피고가 ‘"
deposit_dispute,133634,3,"“대출받을 차주가 남양주 E아파트 전세계약을 하면 2억 9백만 원의 대출금이 나오는데, 이중 차주에게 생활안정자금으로 4~5천만 원을 지급하고 나머지는 모집회사에서 재테크로 사용한다. 차주는 2년 동안 이자 없이 생활안정자금을 사용한 후 잘 갚기만 하면 된다. 전세계약시 계약금은 대납해줄 것이니 대출받은 차주를 모집해오면 그 대가로 1명당 2,000만 원을 주겠다.”"
deposit_dispute,134665,3,"'라 한다)를 보증금 1,000만 원에 임차하는 계약을 체결하고 입주하였고, 피고 E도 비록 주민등록을 이전하지는 않았으나 J 아파트에 입주하여 이 사건 아파트로 이사할 때까지 망인과 동거하였다. 2) 망인이 2017. 3.경 이 사건 아파트에 관한 임대차계약을 체결하고 입주한 후 피고 E도 이 사건 아파트에 입주하여 망인이 사망할 때까지 이 사건 아파트에서 계속 동거생활을 해 왔고, 망인이 사망한 후에도 여전히 이 사건 아파트에 거주하며 생활하고 있다. 3) 망인은 E가 전 배우자와 이혼하기 전인 2013. 7.경 '"
deposit_dispute,135453,3,"‘이 사건 방’이라 한다)을 임대차보증금 35만 원, 차임 월 35만 원, 계약기간 2017. 9. 13.부터 2018. 8. 12.까지로 정하여 임차하는 임대차계약(이하 ‘"
deposit_dispute,135908,3,"’이라 한다). 2) 원고와 피고는 2005. 6. 1. C과 사이에 이 사건 임대차계약에 대하여 부기계약서를 작성하였는데, 그 중 임대차보증금과 관련된 내용은 다음과 같다.  나. 원고와 피고 사이의 이 사건 장례식장에 대한 동업관계 1) 피고는 2005. 2. 21.경 상호를 ‘"
deposit_dispute,136580,3,"'을 운영하였다. 나. 위 임대차기간 중, 원고는 2013. 7. 4. C과 사이에 이 사건 건물 1, 2층 전부에 관하여 임대차보증금 70,000,000원, 월 차임 2,500,000원으로 정한 임대차계약을 다시 체결하면서, 임대차계약서(이하 '"
deposit_dispute,136580,3,"'란에는 아래와 같이 기재하였다.  다. 피고는 2015. 6. 23. 이 사건 건물에 관하여 증여를 원인으로 한 소유권이전등기를 마쳤다. 라. 원고는 2015. 7. 4.경 피고와 사이에 이 사건 건물 1, 2층 전부에 관하여 임대차보증금 100,000,000원, 월 차임 2,500,000원으로 정한 임대차계약을 다시 체결하면서, 임대차계약서(이하 '"
deposit_dispute,136580,3,"'이라 한다)을, 이 사건 건물 2층에 관하여 임대차보증금 50,000,000원, 월 차임 500,000원으로 정한 임대차계약을 각 체결하면서, 각 임대차계약서에는 작성일자를 2015. 7. 5.로 소급하여 기재하고, '"
deposit_dispute,136835,3,"“2012. 4. 11. 만기시에는 임대인이 사용하여야 하기에 재계약이 불가하며, 반드시 임차인이 점포를 비워주기로 한다”"
deposit_dispute,137221,3,‘잔금 시 건축물의 보존등기에 관한 문제점 및 보증금 등에 대한 책임 있는 확약서를 임대인(대리인)은 임차인에게 써주기로 한다’
deposit_dispute,137299,3,"『이에 대하여 피고는 이 사건 임대차계약이 2018. 8.경 합의해지로 종료되었다고 주장하나, 갑 제5호증(원고가 제출한 2018. 8. 31.자 원상회복공사 견적서)의 기재만으로는 위 주장 사실을 인정하기에 부족하고 달리 이를 인정할 증거가 없으므로, 피고의 위 주장은 이유 없다.』"
deposit_dispute,137388,3,"’라 한다)에 대한 2014. 3. 27.자 부동산임대차계약에 기한 임대차보증금 5,000만 원의 반환채무는 존재하지 아니함을 확인한다. 반소: 원고는 피고에게 50,000,000원을 지급하라.  이유 본소, 반소를 함께 본다. 1. 기초사실 가. 원고는 피고와 사이에, 피고에게 수원시 영통구 C건물, D호(이하 ‘"
deposit_dispute,137397,3,"‘잔금’은 실사를 거쳐 피고 회사의 각종 채권채무를 정산한 다음 그 차액을 지급하기로 한 것이었으므로(이 사건 계약서 제5조), 잔금의 정산 결과 반드시 피고 등이 원고에게 일정금액을 지급하여야 하는 것은 아니며, 오히려 원고가 이미 받았던 계약금과 중도금 중 일정금액을 반환하여야 할 경우도 생길 수 있는 것이다. 따라서 원심의 위 논거는 그 전제의 타당성을 인정할 수 없어 부당하다. 다음으로 ②의 점에 관하여 보면, 이 사건에서 당사자들이 주장하고 있는 ‘"
deposit_dispute,139027,3,"’라고 한다)가 개시되었고, 원고는 매각기일에서 유찰이 계속되자 2019. 2. 9. 피고 B에게 임대차계약을 해지한다고 통지하였다. 라. 원고는 이 사건 경매절차에서 남편 E이 임차인으로 현황 조사되었으나 배당요구를 하지 않았고, 예비적 피고 C(이하 ‘"
deposit_dispute,139276,3,‘신규임차인이 되려는 C와 권리(시설) 양수·양도계약을 체결하였으니 C와 새로운 임대차계약을 체결하여 달라’
deposit_dispute,139276,3,‘신규임차인이 되려는 D과 권리(시설) 양수·양도계약을 체결하였으니 D과 새로운 임대차계약을 체결하여 달라’
deposit_dispute,139403,3,"’하는 것으로서, 피고에 대한 회생절차개시가 원고의 위 잔여재산분배청구권의 행사에 영향을 미친다고 볼 수 없다. 나. 피고 1) 피고가 원고에게 이 사건 최초 및 추가 동업계약의 종료에 따라 반환해야 할 잔여재산의 몫이 2억 2,000만 원에 이르는 사실은 인정한다. 2) 다만, 원고의 위와 같은 잔여재산분배청구권은 피고에 대한 회생절차개시 전에 체결된 이 사건 최초 및 추가 동업계약을 원인으로 생긴 재산상의 청구권이므로 ‘"
deposit_dispute,140364,3,‘이 사건 계약’이라 한다)을 체결하고 D로부터 이 사건 부동산을 인도받아 관리비를 납부하고 각 호실을 관리하는 등 이 사건 부동산에서 고시원을 운영하였다. 피고는 그 무렵 원고에게 D와 임대차계약 해지 사실을 알렸다. 사. 원고는 2019. 1. 21. 피고에게 피고의 요구로 “
deposit_dispute,140547,3,"’이라고 한다)이 설정되어 있었는데, 원고와 D은 매매대금의 지급을 D이 이 사건 근저당권의 피담보채무와 이 사건 건물에 관한 임대차보증금반환채무를 인수하는 것으로 갈음하기로 하였다(이하 ‘"
deposit_dispute,140876,3,"‘이 사건 양도계약, 이 사건 대출약정, 근질권설정계약, 이 사건 신탁계약, 매입보장약정 및 자금대여약정’"
deposit_dispute,143097,3,"‘B의 피고에 대한 이 사건 임대차보증금반환채권 중 157,036,350원(단, 주택임대차보호법 제8조 및 같은 법 시행령의 규정에 따라 우선변제를 받을 수 있는 금액이 있을 경우 이를 제외한 나머지 금액)에 대하여 채권압류 및 추심명령(이하 ’"
deposit_dispute,143532,3,‘신규임차인에 관한 사항을 전달해 달라. 만일 원고가 허위로 권리금계약을 체결하고 신규임차인을 주선한 것이라면 사기죄에 해당할 수 있다.‘
deposit_dispute,143835,3,"’이라는 상호로 부동산중개사무실을 운영하였다. 위 임대차계약은 그 후 묵시적으로 갱신되었다. 다. 원고는 2020. 1. 20. C으로부터 별지 목록 기재 건물을 매수하였고, 대구지방법원 등기국 2020. 1. 31. 접수 제17618호로 원고 명의의 소유권이전등기를 마쳤다. 라. C은 원고에게 별지 목록 기재 건물을 매도하면서 특약으로 ‘"
deposit_dispute,143931,3,"‘원고가 이 사건 토지에 설정된 근저당권의 피담보채무 41,000,000원과 이 사건 건물의 임대차보증금 반환채무 47,000,000원을 인수하고, 150,000,000원(피고들은 원고가 200,000,000원을 지급하고, 이와 별도로 소외 1이 피고 2와 정산하기로 하였다고 주장하나 이를 인정할 증거가 없다)을 피고 2에게 지급하며, 피고 2는 이 사건 토지와 건물을 원고에게 양도한다’"
deposit_dispute,145434,3,"‘이 사건 호실’이라 한다)를 임대차기간 2016. 6. 7.부터 2017. 6. 6.까지, 보증금 40,000,000원(= 계약금 500,000원 + 잔금 39,500,000원), 관리비 50,000원으로 각 정하여 임대하는 내용의 임대차계약(이하 ‘"
deposit_dispute,145657,3,"’이라는 인영이 날인되어 있음), 이후 위 임대차계약은 묵시로 갱신되어 왔다(이하 원고와 피고 C 사이에 체결된 이 사건 3부동산에 관한 임대차계약을 ‘"
deposit_dispute,145836,3,"“원임대자인 주공의 동의가 없는 현 우선권 임차인 D와 전대차계약임을 분명히 하고 연장이 없는 3년 계약이나, 만일 변동시 쌍방간 충분한 합의 후 서면으로 그 근거를 남기기로 한다.”"
deposit_dispute,146263,3,"‘B’ 상호로 부동산, 보증금 담보대출 등을 취급하는 대부업체이고, 피고인은 월세보증금을 담보로 피해자 회사로부터 1,000만 원을 대부받은 사람이다. 피고인은 2018. 2. 7.경 장소 불상지에서 피해자 회사에 전화하여 피고인이 거주하는 서울 강남구 C아파트 D호의 월세보증금 5억 원 중 1,000만 원을 채권양도(임대기간 2018. 1. 22.부터 2021. 1. 21.)하기로 하면서 ‘"
deposit_dispute,146302,3,"'이라는 상호로 사업자등록을 하고 이 사건 식당 전세계약 체결 당시 이 사건 빌딩 9층 일부에서 식당을 운영하고 있었는데, 이 사건 식당 전세계약에 기해 이 사건 빌딩 9층 중 별지 (나) 부분에서 식당을 운영하였다. 9) 피고 회사 대표이사 J과 피고 C은 2010. 11. 19.경 이 사건 전세계약서와 관련하여 원고 회사에 대해 다음과 같은 내용의 합의이행각서(이하 '"
deposit_dispute,146449,3,"’란에는 ‘[근저당권설정] 금 539,500,000원, 채무자 D, 채권자 V조합, [전세권설정] 100,000,000원, 범위 건물 Q호, 전세권자 B’"
deposit_dispute,146502,3,‘임대인인 ㈜G가 임차인인 피고 등으로 하여금 이 사건 각 부동산을 신탁계약 전인 2015. 7. 10.부터 채무변제를 완료할 때까지 점유·사용하도록 허락했다’
deposit_dispute,146505,3,"“자신이 제안하는 신규 임대차계약의 임대차보증금은 262,500,000원(= 평당 3,125,000원 × 84평), 월 차임은 10,500,000원(= 평당 125,000원 × 84평)이나, 물가상승률과 주변 시세 변동 등을 반영한 신규 임차인과의 협의 결과에 따라 증감될 수 있다”"
deposit_dispute,147088,3,"’이라 한다)을 체결하였다. 2) D은 이 사건 임대차계약에 따른 임대차보증금 및 연간차임으로피고에게 2017. 3. 9. 100,000,000원, 2017. 4. 10. 100,000,000원, 2017. 4. 11. 175, 000,000원 합계 375,000,000원[= 임대차보증금 100,000,000원 + 연간차임 275,000, 000원(= 250,000,000원 × 1.1, 부가가치세 포함)]을 지급하였다. 다. 1) D은 2017. 3. 15. 이 사건 부동산에 관하여 원고의 전신인 (가칭)A지역주택조합(이하 ‘"
deposit_dispute,147088,3,"‘D은 2018. 4. 14.까지 이 사건 건물을 자신의 비용으로 설치한 구조물과 시설물들을 철거하는 등 임대차계약 전 상태로 원상복구하여 반환하되, D이 이를 이행하지 아니할 경우 시설물 등에 대한 권리를 포기한 것으로 보고, 피고가 이를 철거 및 폐기하며, 그 철거비용은 임대차보증금에서 공제하기로 하고, 임대기간 종료 후 명도지연으로 인한 임대료 및 강제집행비용은 D의 부담으로 한다‘"
deposit_dispute,147601,3,"‘이 사건 주택’이라 한다)에 관하여 임대차보증금 80,000,000원, 계약기간 2017. 2. 16.부터 2019. 2. 15.까지로 정한 임대차계약(이하 ‘"
deposit_dispute,147753,3,‘2018. 10. 16. 이전에 체결되었지만 2018. 10. 16. 이후 그 이전에 인정되던 계약갱신사유에 따라 갱신되는 임대차’
deposit_dispute,147753,3,‘2018. 10. 16. 이전에 체결되었지만 2018. 10. 16. 이후 그 이전에 인정되던 계약갱신사유에 따라 갱신되는 임대차’
deposit_dispute,147859,3,"”라고 기재되어 있다. 라. 한편, J공인중개사사무소를 운영하는 공인중개사인 피고 D은 이 사건 임대차계약서의 중개인 란에 서명, 날인하였다. 마. 원고는 피고 C에게, 2015. 3. 13. 계약금 15,000,000원, 2015. 3. 16. 중도금 10,000,000원, 2015. 4. 10. 잔금 20,000,000원을 각 지급함으로써 합계 45,000,000원의 임대차보증금을 모두 지급하였다. 바. 원고는 2015. 8. 13. ‘"
protection_mechanism,1485,3,"’이라 한다)을 체결하였다. 2) O은 이 사건 각 매매계약을 체결한 후 이 사건 각 부동산의 임차인인 원고들 등에게 이 사건 각 부동산에서 전출하였다가 다시 전입신고를 해달라고 요청하였다. 이에 원고들 등은 별지2 표 기재와 같이 2019. 4. 26., 2019. 4. 29., 2019. 4. 30., 2019. 5. 14.경 이 사건 각 부동산에서 전출하였고, 2019. 4. 23.경부터 2019. 5. 23.경까지 O과 이 사건 각 부동산에 관하여 각 임대차계약(이하 ‘"
protection_mechanism,2542,3,"’라 한다)에 관하여 채권최고액 363,600,000원, 128,400,000원인 각 근저당권설정등기를 차례로 마쳤다. 나. B은 2018. 3. 26. 부산지방법원 2018하단298호로 파산신청을 하였고, 2018. 5. 8. F과 사이에 이 사건 아파트에 관하여 보증금 30,000,000원, 월 차임 350,000원, 기간 2018. 5. 8.부터 2019. 5. 7.까지로 정하여 임대차계약(이하 ‘"
protection_mechanism,2542,3,"‘피고에게 1순위로 20,000,000원이 배당된 것은 임차인 F이 채무자회생법 제415조 제2항에 규정된 우선변제를 받을 권리를 가짐을 전제로 하는데, 임대인 B의 파산신청일까지 주택임대차법 제3조 제1항의 규정에 의한 대항요건을 갖추지 못한 F에게는 이러한 권리가 인정되지 아니하므로 위 20,000,000원은 별제권자인 원고에게 배당되어야 한다’"
protection_mechanism,7162,3,‘알아보니 전세계약갱신청구가 가능하다고 한다. 형편이 여의치 않아 전세계약 연장했으면 한다.’
protection_mechanism,8615,3,'피고가 이 사건 부동산의 사용·수익보다는 대항력 있는 임차인으로 보호받아 후순위담보권자보다 우선하여 채권을 회수하려는 것에 주된 목적이 있는 허위임차인이라고 인정할 증거가 부족하므로 피고에 대한 채권자 D의 청구는 기각되어야 한다'
protection_mechanism,9761,3,‘임차인이 제6조 제1항 전단의 기간(임대차기간이 끝나기 6개월 전부터 2개월 전까지의 기간) 이내에 계약갱신을 요구할 경우 정당한 사유 없이 거절하지 못한다’
protection_mechanism,10100,3,"‘필요비·유익비’라는 표현으로 우선변제권을 인정하였을 뿐만 아니라 특정한 채권의 우선변제권은 담보물권자 등 다른 이해관계인의 이해관계에 중대한 영향을 미칠 수 있으므로 엄격하게 해석하여야 하고, 특히 신탁계약의 경우 소요비용에 관하여 이해관계인의 다툼이 예상되므로 이를 쉽게 확장하여 해석하기 어려운 점은 앞에서 설명한 바와 같은바, 신탁법 제48조 제1항의 ‘"
protection_mechanism,10100,3,‘2009. 7. 8.자 신탁계약 특약 변경계약’
protection_mechanism,12977,3,"’이라 한다). 2) 원고 1 소유인 △△동 토지 및 △△동 건물, 원고들이 각 1/2 지분으로서 공유하는 □□동 토지에 관하여 인천지방법원 2009. 10. 16. 접수 제101846호로 채권최고액 4,000,000,000원인 근저당권설정등기를 마쳤고, 또한 위 각 부동산이 공동담보인 뜻을 함께 등기하였다(이하 위 각 근저당권설정등기에 기초한 각 근저당권을 통틀어 ‘"
protection_mechanism,12977,3,"’이라 한다). 3) 송백 소유인 별지2 목록 기재 각 건물 중 108호, 201호를 제외한 나머지 각 건물에 관하여는 별지4 목록 2번 내지 37번 기재와 같이 각 근저당권설정등기를 마쳤다(이하 위 각 근저당권설정등기에 기초한 각 근저당권을 통틀어 ‘"
protection_mechanism,17291,3,"’이라고 한다)을 체결하였다. 피고는 보증금 중 일부는 현금으로, 나머지는 피고의 채권으로 상계 처리하는 등의 방법으로 증액된 보증금을 모두 지급하였고, 2009. 9. 30. 파주세무서장으로부터 이 사건 임대차계약서에 확정일자를 받았다. 3) 제이비에스는 2009. 9. 30. 주식회사 인성상호저축은행(이하 ‘"
protection_mechanism,18587,3,“지방자치단체의 장은 채용된 지방계약직공무원의 근무상황과 업무수행실적을 정기 또는 수시로 평가하여 계약의 변경·연장 또는 해지시 이를 반영할 수 있다.”
protection_mechanism,18600,3,"’이라 한다)을 체결하였다. 2) 원고 B은 2017. 1. 13.경 D에게 위 임대차계약에 따른 임대차보증금을 모두 지급하고 위 H호에 입주하였으며, 2017. 1. 13.경 확정일자를 받았고, 같은 날 전입신고도 마쳤다. 3) 이 사건 제1 임대차계약 체결 당시 위 G이 작성하여 원고 B에게 교부한 중개대상물 확인ㆍ설명서 중 ‘"
protection_mechanism,20564,3,"’ 기재 해당 금원을 부당이득으로 반환할 의무가 있다. 나. 피고들 1) 이 사건 선택형 약관은 고객이 그 비용의 부담주체를 선택할 수 있도록 선택권을 부여하고 있고, 원고들은 이율 등의 제반조건을 비교 형량한 후 교섭을 거쳐 인지세 및 근저당권설정비용을 부담하기로 결정하였으므로 이는 약관이라고 볼 수 없으며 원고들은 위 약정에 따라 인지세 및 근저당권설정비용을 부담하여야 한다. 2) 이 사건 선택형 약관 및 이를 활용한 원고들의 선택과 이 사건 채무자부담 약관은 관련 행정사건에서 구 약관규제법 제19조의2 제3항의 ‘"
protection_mechanism,20564,3,"‘약관’은 그 명칭이나 형태 또는 범위를 불문하고 계약의 일방 당사자가 다수의 상대방과 계약을 체결하기 위하여 일정한 형식에 의하여 미리 마련한 계약의 내용이 되는 것을 말하는바, 위 기초사실에 의하면, 이 사건 채무자부담 약관은 약관규제법상 약관에 해당한다. 2) 이 사건 채무자부담 약관이 구 약관규제법 제6조에 의해 무효인지 여부 가) 이 사건 채무자부담 약관이 사법상 무효로 인정되기 위해서는 약관규제법 제6조 제1항에 정한 ‘"
protection_mechanism,20931,3,"’이라고 한다)을 체결하고, 그 무렵 임대차보증금 20억 원을 지급하였으며, 계약기간이 만료된 2005. 11. 1.에 임대차기간을 2007. 10. 31.까지로 연장하는 내용의 임대차계약을 체결하였다. 나. 원고는 2006. 6. 28. 피고 1과 사이에, 피고 1이 별지 목록 기재 채권(이하 ‘"
protection_mechanism,21534,3,"’라고 한다)하는 내용의 계약을 체결하고, E에게 같은 날 계약금 600만 원, 2016. 10. 17. 나머지 임대차보증금 5,400만 원을 각 지급한 뒤, 늦어도 2016. 11. 15. 이전에 이 사건 점포를 본점 소재지로 하여 사업자등록을 하였다. 다. E은 2017. 9. 14. 이 사건 건물에 관하여 신탁재산의 귀속을 원인으로 한 소유권이전등기를 경료받았다가 같은 날 H주식회사(변경 전 상호 : 주식회사I, 이하 ‘"
protection_mechanism,21534,3,‘원고가 이 사건 제1임차계약의 임대인 지위를 승계하였음에도 불구하고 이 사건 소를 제기함으로써 이 사건 제1임차계약에 따른 의무 이행을 거절하였다’
protection_mechanism,22318,3,"’이라 한다)에 관하여 소유권보존등기를 경료하였다. 이 사건 부동산에 관하여는 2010. 7. 2. 이촌새마을금고 앞으로 채권최고액 929,500,000원의 근저당권이 설정되었고, 피고는 그 후인 2010. 7. 19. 이 사건 부동산에 관하여 에이치오엔과 사이에 보증금 140,000,000원, 기간 2010. 7. 19.부터 2011. 7. 18.까지로 한 임대차계약(이하 ‘"
protection_mechanism,23784,3,’이라 한다)을 분양전환하는 경우에는 같은 항 제1 내지 5호의 어느 하나에 해당하는 임차인에게 우선 분양전환하여야 한다고 규정하면서 그중 국가기관 또는 법인인 임차인(제5호)을 제외한 나머지 임차인의 경우 모두 분양전환 당시 ‘
protection_mechanism,23941,3,"""임대차계약을 체결하거나 보증금을 지급한 바가 없을 뿐더러 향후 임차보증금에 대한 권리주장을 하지 않겠다."""
protection_mechanism,24062,3,"’이라 한다)에 관하여 보증금 50,000,000원(월 차임 없음), 임대차기간 24개월(단, 계약기간 만료 시 자동연장하기로 하였다)로 하는 임대차계약을 체결하였다. 원고는 1999. 8. 15.경부터 이 사건 임차건물에서 ‘"
protection_mechanism,25768,3,"’이라 한다). 라. 피고는 2020. 2. 26. C로부터 이 사건 부동산지분을 매매대금 219,000,000원에 매수하되, 계약금은 154,791,890원으로 하여 H에 대한 채무를 변제하고, C의 임대차보증금채무 63,333,333원은 승계하고, 잔금 874,887원은 2020. 3. 2. 지급하기로 하는 내용의 단독주택·부속대지 매매계약(이하 ‘"
protection_mechanism,25850,3,"'이라고 한다)의 1층 및 4층에 관하여 임차보증금을 금 130,000,000원, 기간을 1997. 11. 20.부터 12개월로 각 정하여 임대차계약을 체결한 후 1997. 10. 22. 이 사건 건물 소재지로 주민등록 전입신고를 마치고, 그 임대차계약서에 대하여 같은 달 23.자로 확정일자를 받은 사실, 그 후 이 사건 건물이 완공되자 원고는 1998. 4. 15. 소외 1로부터 이 사건 건물의 2층 202호(이하 '"
protection_mechanism,28171,3,"'이 사건 건물에 대한 피고의 임대차보증금 반환채무를 모두 인수하는 방법으로 위 잔금 750,000,000원의 지급에 갈음하고자 하며, 만일 임대차보증금액이 잔금액에 미치지 못하는 경우 부족분은 현금으로 정산해 드리고자 한다'"
protection_mechanism,30407,3,"’에게 양도한 사실은 앞서 본 바와 같다. (2) 나아가, 위 약관 혹은 이 사건 양도계약에 기한 잔여분양대금채권양도에 관하여 피고들에 대한 대항요건을 갖추었는지에 관하여 보건대, 먼저 제1항 마 (2)에서 본 중앙공영과의 승계시공계약서(갑제17호증의 7)에 소외 2가 이 사건 아파트 입주예정자 대표회의 회장 자격으로 서명 날인하였고, 위 승계시공계약서 제33조에 ‘"
protection_mechanism,32651,3,"‘○○ 텔’에 납부하였다.  라) 망인은 2012. 6. 22. 최HH와 이 사건 건물 3층에 관하여 임대차보증금200,000,000원, 월차임 2,800,000원(부가가치세 별도), 임대차기간 2012. 7. 2.부터 2017. 7. 1.까지 5년으로 정한 임대차계약을 체결하면서, 특약사항으로 ‘"
protection_mechanism,34501,3,"’이라 한다)에 관하여, 임대차보증금 25,000,000원, 임대차기간 2015. 1. 1.부터(특약사항으로 전세임대기간 만료 시 계속 연장하는 것으로 간주하며, 만료 2개월 전 사전 협의하여 결정하기로 하였음)로 정하여 이 사건 임차부분을 임차하는 내용의 임대차계약(이하 ‘"
protection_mechanism,36668,3,'채무자 회사는 계약체결 이후 품목의 가격 또는 요금변동 등의 이유로 발주자로부터 계약금액을 조정받아 지급받은 경우 동일한 사유로 목적물의 완성에 추가비용이 소요되든가 감액되는 때에는 그 내용과 비율에 따라 신본기업에게 계약금액을 조정하여 지급한다'
protection_mechanism,37059,3,"”라고 기재한 사실, 원고는 위 경매절차에서 이 사건 부동산을 낙찰받아 소유권을 취득한 후 소외인에 대하여 이 사건 부동산의 인도청구를 하였으나 소외인의 위 전입신고가 그의 임차권을 공시하는 효력이 있어 주택임대차보호법상의 대항력을 갖추었다는 이유로 2007년 5월에 원고의 패소가 확정된 사실, 그리하여 원고는 같은 해 8월에 소외인에게 임대차보증금 4,300만 원을 반환한 사실을 알 수 있다. 이에 대하여 원심은 ‘"
protection_mechanism,37336,3,"""선순위보증금 및 월세 보증금 총 약 팔천오백만원(임대인에게 확인 설명 들음)"""
protection_mechanism,38120,3,‘이 사건 매매계약이 먼저 체결되어 있다. 위 계약에 따라 2020. 2. 4.에는 임대인 지위가 피고에서 G로 이전된다’
protection_mechanism,38833,3,"’이라 한다), 근저당권설정계약서를 각 작성한 다음, 2020. 2. 18. 오전 9시경 종전부터 원고의 담보대출 근저당권설정등기 업무를 처리해오던 피고 C 변호사의 등기사무직원인 소외 K을 원고의 사무실로 불러 대출관련 서류를 넘겨주며, “"
protection_mechanism,38833,3,"”을 위임하였다. 당시 원고의 대출담당자(I)는 K에게 등기신청업무를 위임하면서 등기신청서류 접수 전에 반드시 이 사건 주택에 대한 전입세대열람내역표를 열람하여 1순위 우선변제권 확보에 이상이 없는지 확인하고 등기신청 접수를 하여 달라고 구두로 요청하며, 근저당권설정계약서에 포스트잇을 이용하여 “"
protection_mechanism,40306,3,"‘본 건물 18가구의 보증금 총액은 2억 8,300만 원 있음을 2016. 4. 30. 기준으로 임대인과의 통화로 확인하였으며, 실제 세부 권리관계는 임대인이 추후 중개사무소 방문하여 잔금 전까지 설명할 것임을 확인한다’"
protection_mechanism,41594,3,"’ 부분을 각 점유하고 있는 사실은 당사자 사이에 다툼이 없거나 갑 제4, 5호증의 각 기재에 변론 전체의 취지를 더하여 인정된다. 따라서, 위 피고들은 이 사건 건물의 위 각 부분을 점유함으로써 주택임대차보호법에서 정한 임차권의 대항력 요건을 갖추었는지 내지 위 피고들이 P로부터 임대차보증금을 반환받았는지 여부를 불문하고, 원고의 이 사건 토지 소유권 행사를 방해하고 있다 할 것이다(대법원 2010. 8. 19. 선고 2010다43801 판결 참조). 따라서, 원고에게, 피고 B, C는 위 ‘"
protection_mechanism,42426,3,’이라 한다)을 분양전환하는 경우에는 같은 항 제1 내지 5호의 어느 하나에 해당하는 임차인에게 우선 분양전환하여야 한다고 규정하면서 그 중 국가기관 또는 법인인 임차인( 제5호)을 제외한 나머지 임차인의 경우 모두 분양전환 당시 ‘
protection_mechanism,42758,3,"”, ‘점유자’란에 소외인을 각 기재하고, 소외인이 임차인으로서 권리신고한 내용(단, 전입신고일자만 2006. 7. 7.로 기재) 및 2007. 7. 20. 배당요구한 사실을 기재하는 한편, 등기부등본에 기초하여 전세권자로서 보증금이 8,000만 원이라는 내용만을 기재한 채 ‘"
protection_mechanism,44555,3,"‘피고가 이 사건 경매절차에서 임대보증금을 우선변제받기 위하여 권리신고 및 배당요구를 한다. 주택인도일: 2009. 10. 28., 주민등록전입신고일: 2016. 5. 29., 확정일자: 무, 전세권(주택임차권)등기 유무: 유(2009. 10. 28.)’"
protection_mechanism,48360,3,"’고 정하고 있다. (5) 이 사건 권리양도계약에 따라, 원고는 피고 1에게 2013. 3. 11. 계약금 4,000만 원, 2013. 4. 9. 중도금 1억 원, 2013. 8. 30. 잔금 중 1억 원, 2013. 8. 31. 2억 200만 원(나머지 잔금 1억 4,000만 원과 임차보증금 6,200만 원을 합한 금액이다)을 지급한 다음 이 사건 상가를 인도받아 2013. 9. 1.경부터 이 사건 약국을 운영하였다. (6) 피고 1은 2013. 8. 27.경 소외 1에게 ‘"
protection_mechanism,48826,3,‘임차인은 계약기간 중에 제3자에게 이 계약상의 권리를 양도하거나 임대차 물건의 전부나 일부를 전대할 수 없으며 이는 불법점유로 본다’
protection_mechanism,48826,3,‘임차인은 계약기간 중에 제3자에게 이 계약상의 권리를 양도하거나 임대차 물건의 전부나 일부를 전대할 수 없으며 이는 불법점유로 본다’
protection_mechanism,49812,3,「 제3조 제1항의 대항요건과 임대차계약증서상 확정일자를 갖춘 임차인은 민사집행법에 의한 경매 또는 국세징수법에 의한 공매시 임차주택(대지를 포함한다)의 환가대금에서 후순위권리자 기타 채권자보다 우선하여 보증금을 변제받을 권리가 있다」
protection_mechanism,49812,3,“ 제3조 제1항의 대항요건과 임대차계약증서상 확정일자를 갖춘 임차인은 민사집행법에 의한 경매 또는 국세징수법에 의한 공매시 임차주택(대지를 포함한다)의 환가대금에서 후순위권리자 기타 채권자보다 우선하여 보증금을 변제받을 권리가 있다”
protection_mechanism,49889,3,"’라 한다)에 관하여 원고에게 2001. 10. 27.자 매매를 원인으로 한 소유권이전등기를 마쳐주었다. 다. 원고와 피고 사이의 임대차계약 관련 1) 피고는 2011. 1. 29. 원고와 사이에, 피고가 원고로부터 이 사건 아파트에 관하여 임대차보증금 195,000,000원, 임대차기간 2011. 2. 25.부터 2013. 2. 25.까지로 하여 임차하기로 하는 임대차계약(이하 ‘"
protection_mechanism,50900,3,"‘한마트’라고 한다) 소유의 이 사건 부동산에 관하여 채권최고액 1,950,000,000원, 채무자 소외 1로 된 근저당권설정등기를 경료하였다. (2) 한편 소외 2, 3은 2008. 6. 12. 한마트 소유의 이 사건 부동산에 관하여 채권최고액 500,000,000원, 채무자 소외 1로 된 근저당권설정등기를 경료하였다. (3) 위 소외 2, 3은 자신들의 위 근저당권에 기하여 임의경매를 신청하여 2008. 10. 28. 서울서부지방법원 2008타경16857호로 임의경매개시결정(이하 ‘"
protection_mechanism,52662,3,"”는 등의 이유로, 동희개발과 원고를 피공탁자로 하고, 법령조항을 민법 제487조, 민사집행법 제248조 제1항, 제291조로 하여, 동희개발로부터 받은 이 사건 토지 분양대금 합계 2,078,710,700원 중 계약보증금 등 364,953,160원을 공제한 1,713,757,540원에 법정이자 269,555,760원을 가산한 1,983,313,300원(이하 ‘"
protection_mechanism,53993,3,"’는 우선해지특약을 하였고, 그 신용보증약관 제15조 제1호에는 참가인이 위 특약사항을 위반하였을 경우 원고는 보증채무의 전부 또는 일부에 대하여 책임을 지지 아니한다고 기재되어 있는 사실, 한편 신용보증약관 제1조와 원고가 2차 보증 당시 참가인에게 송부한 신용보증 승인확인서에는 ‘"
protection_mechanism,54020,3,"’이라 한다)에 관하여 보증금 50,000,000원(월 차임 없음), 임대차기간 24개월(단, 계약기간 만료시 자동연장하기로 하였다)로 하는 임대차계약을 체결하였다. 원고는 1999. 8. 15.경부터 이 사건 임차건물에서 ‘"
protection_mechanism,54637,3,‘소액보증금’이라 한다)에 관하여 다른 담보물권자보다 우선하여 변제받을 권리를 인정하는 한편 같은 조 제3항은 우선변제를 받을 임차인(이하 ‘
protection_mechanism,56252,3,"'이라 한다)을 체결하였다. 나. 그 후 E과 피고는 종전 임대차계약상 임대차보증금과 월차임을 각 60,000,000원, 2,000,000원으로 감액하기로 하고, 2016. 1. 21. 변경된 내용의 임대차계약(이하 '"
protection_mechanism,56738,3,"“임차인 J에게 문의함, 계약서 작성시 호수 기입없이 안채로 계약하였으며, 전입도 호수 기재없이 전입하였다 함”"
protection_mechanism,57221,3,‘임대인이 분양계약서상 수분양자임을 확인하고 계약을 진행한다’
protection_mechanism,57899,3,"’이라 한다) 제3조 제1항에 정한 대항력 요건을 갖추고 유흥주점으로 점유․사용하고 있다. 나. 원고는 2018. 9. 12. C으로부터 이 사건 건물을 매수한 뒤, 2018. 9. 13. 이 사건 건물에 관하여 원고 명의의 소유권이전등기를 마쳤다. 다. 원고는 2018. 10. 17.경 피고와 이 사건 건물 건물에 관하여 임대차보증금 40,000,000원, 차임 월 2,800,000원, 임대차기간 2018. 10. 17.부터 2020. 10. 18.까지로 정하여 임대차계약(이하 ‘"
protection_mechanism,58618,3,"’이라 한다)을 체결하고 위 건물 부분을 피고에게 인도하였다. 다. 그 후 원고와 선정자는 2014. 9. 30. 소외 1로부터 이 사건 건물을 매수하고, 2014. 11. 11. 원고와 선정자의 공동 소유로 소유권이전등기를 마쳤으며, 한편 위 매매계약 당시 계약서에 첨부된 특약사항에는 ‘"
protection_mechanism,58968,3,"'이라 한다) 제179조 제1항 제2호에 따라 공익채권이 된다. 나) 이 사건 신탁계약이나, 이 사건 관리회사와의 아파트 관리계약이 현재까지 해지되지 않고 유지되고 있으므로, 이 사건 관리비 채권은 채무자회생법 제179조 제1항 제7호에서 정한 '"
protection_mechanism,59431,3,"“원임대자인 주공의 동의가 없는 현 우선권 임차인 D와 전대차계약임을 분명히 하고 연장이 없는 3년 계약이나, 만일 변동시 쌍방간 충분한 합의 후 서면으로 그 근거를 남기기로 한다”"
protection_mechanism,60525,3,"’로 하는 사업자등록을 마쳤다. 라. 이 사건 임대차계약은 묵시적으로 갱신되었다가 원고가 2019. 6. 21. 이 사건 소장에서 해지 의사를 표시하였고, 위 소장 부본은 2019. 7. 3. 피고에게 송달되었다. 마. 한편 피고는 2019. 6. 25. 원고에게 ”"
protection_mechanism,61179,3,"’이라 한다)을 매매대금 90억 원(계약금 2억 원은 계약 시, 잔금 88억 원은 2012. 8. 10. 각 지급)으로 정하여 매도하는 내용의 계약(이하 ‘"
protection_mechanism,63475,3,"‘제○부동산’이라 한다)을 임차하여 유·아동 놀이시설, 식음료 매장 영업을 하고 그에 대한 대가로 보증금 없이 계약기간 중 3, 4, 5년차 순매출액의 5%(부가가치세 별도)에 해당하는 수수료를 지급하며, 계약기간을 2014. 7. 1.부터 2019. 6. 30.까지로 하는 내용‘"
protection_mechanism,63475,3,"’는 내용의 내용증명우편을 발송하였다. [인정근거] 다툼 없는 사실, 갑 제1, 2, 4, 6호증(가지번호 있는 것은 각 가지번호 포함, 이하 같다), 을 제1, 10, 11, 16호증의 각 기재, 변론 전체의 취지 2. 당사자의 주장 가. 원고의 주장 요지 1) 피고들은 아래와 같이 이 사건 각 부동산을 점유할 권원이 없음에도 불구하고 공동하여 이 사건 각 부동산을 불법점유하였다. 가) 이 사건 계약은 임대인이 영업장소를 제공하고 그 수익의 일정비율을 배분받는 형태의 비전형계약으로 상가건물 임대차보호법(이하 ‘"
protection_mechanism,63475,3,"“신탁계약 체결 후 신규 임대차 또는 재임대차계약은 수탁자 명의로 체결하거나 수탁자의 사전승낙을 조건으로 위탁자 명의로 체결하되, 임대차보증금은 수탁자에게 입금하여야 한다.”"
protection_mechanism,64770,3,’이라 한다)을 체결하였다. 이 사건 근저당권설정계약에 따라 북삼농협은 같은 날 이 사건 각 토지 및 ○○동 토지 등에 관하여 위 각 부동산들을 공동담보로 하여 대구지방법원 2005. 12. 23. 접수 제82661호로 북삼농협 명의의 근저당권설정등기(이하 ‘
protection_mechanism,67214,3,"’이라고 한다), 2010. 6. 5. 변경계약을 체결하면서 창성여객이 정비차량 1대를 추가로 양도하고 전체 양도대금을 4,971,000,000원으로 증액하였다. 3) 이 사건 양도계약에서 피고가 이 사건 버스에 설정된 저당권의 피담보채무와 고용승계하기로 한 창성여객 근로자들에 대한 퇴직금채무를 인수하고 양도대금과의 차액을 창성여객에게 지급하기로 정하였다가, 이 사건 변경계약에서는 피고가 이 사건 버스에 설정된 주식회사 삼화두리상호저축은행(이하 ‘"
protection_mechanism,70196,3,“제2조 제3항의 개정규정 중 제3조 대항력에 관한 규정은 이 법 시행 후 최초로 계약이 체결되거나 갱신되는 임대차부터 적용한다.”
protection_mechanism,70378,3,"'이라 한다)를 임대차보증금 22,000,000원, 임대차기간 1997. 1. 26.부터 1998. 1. 25.까지로 정하여 피고가 임차하기로 하는 임대차계약을 체결하여, 그 무렵 위 보증금을 지급하고 이 사건 주택에 입주한 후 1997. 2. 4. '"
protection_mechanism,73238,3,"‘제1부동산’이라 한다)에 관하여 근저당권자 피고 텍스원, 채무자 여기상사, 채권최고액 7억 원으로 하는 근저당권설정계약(이하 ‘"
protection_mechanism,73238,3,"’이라 한다)을 체결하고, 같은 날 의정부지방법원 접수 제7441호로 제1근저당권설정계약을 원인으로 한 근저당권설정등기(이하 ‘"
protection_mechanism,73238,3,"’이라 한다)에 관하여 근저당권자 피고 광진섬유, 채무자 여기상사, 채권최고액 5억 원으로 하는 근저당권설정계약(이하 ‘"
protection_mechanism,73238,3,"’이라 한다)을 체결하고, 2007. 4. 4. 의정부지방법원 접수 제39946호로 제2근저당권설정계약을 원인으로 한 근저당권설정등기(이하 ‘"
protection_mechanism,73238,3,"’라 한다)를 피고 광진섬유 명의로 경료해 주었다. 마. (1) 제1부동산에 관하여 선순위근저당권자인 기은십일차유동화전문 유한회사(중소기업은행으로부터 근저당권을 양도받았다)의 근저당권 실행으로 진행된 부동산임의경매절차( 의정부지방법원 2008타경7935호, 이하 ‘"
protection_mechanism,73329,3,’이라 한다)을 체결하였다. 3) 피고 B은 그 무렵 위 대출금의 상환을 보증하기 위하여 주택도시보증공사와 보증금액 3억 400만 원으로 정한 전세금안심대출특약 보증계약(이하 ‘
protection_mechanism,82265,3,“임대차가 종료된 경우에도 임차인이 보증금을 반환받을 때까지 임대차관계는 존속하는 것으로 본다.”
protection_mechanism,82629,3,"‘전세권 설정 외 월세 3건 보증금 3,000만 원- 임대인 고지에 의함’"
protection_mechanism,83445,3,"'위 제7-3조가 이 사건 신탁계약 제13조 제1항에서 이미 정해 놓은 선순위 공사대금과 대출원리금의 우선변제 순위를 변경하는 예외 조항이라고 볼 수는 없고, 이 사건 대출약정 제7-3조에 따른 어떠한 조치를 하여 수익이 발생하였다는 자료가 없다'"
protection_mechanism,83445,3,'이 사건 신탁계약 특약사항 제7조 제1항 및 이 사건 대출약정서 제6-1조 제4항의 문언상 이 사건 대출금채무를 담보하기 위한 근저당권설정의무를 부담하는 주체가 E인 것은 명백하다'
protection_mechanism,83445,3,"'이 사건 사업의 설계, 감리, 분양, 광고 등 중요계약을 체결함에 있어 계약금액, 지급방법 등 기타 중요사항에 관한 내용은 E, M 및 대출금융기관이 협의하여 결정하고, 피고 B은 그 결정된 내용을 통보받아 계약을 체결하기로'"
protection_mechanism,84000,3,‘이 사건 임대차계약이 종료된 이후에는 이 사건 주택에 직접 거주할 계획이므로 귀하의 임대차계약 갱신 요구를 받아들일 수 없음을 본 서면을 통하여 다시 한번 알려드립니다.’
protection_mechanism,85713,3,‘임차인들의 평창토건에 대한 임대차보증금반환채권액’
protection_mechanism,91688,3,"’라 한다)의 소외 1에 대한 대출금채권 약 19억 원, ③ 소외 1의 이 사건 건물의 임차인들에 대한 임대차보증금반환채무 약 7억 원, ④ 이 사건 건물에 관하여 유치권을 취득한 공사업자들의 공사대금채권 합계 1,876,799,380원을 공제하면, 소외 1에게 지급할 청산금은 남지 않게 된다. 4) 설령 피고가 소외 1에게 지급할 청산금이 있다고 하더라도 피고가 소유권이전등기를 경료한 2005. 8. 9.로부터 10년이 경과하는 시점에 시효완성으로 소멸하였다. 3. 판단 가. 청산금청구권의 발생 1) 가등기담보법 제11조 본문은 ‘"
protection_mechanism,92045,3,"‘J’라 한다)와 피고 D, E, F 사이의 2016. 4. 21.자 근저당권설정계약을 취소하고, 피고 D, E, F는 J에게 위 부동산에 관하여 같은 등기소 2016. 4. 21. 접수 제2974호로 마친 근저당권설정등기의 말소등기절차를 이행하라.  이유 1. 기초사실 가. 원고는 2015. 3. 20.경 I, J(이하 I와 J를 통칭할 때는 ‘"
protection_mechanism,94114,3,"’라 한다)에 관하여 채권최고액 420,000,000원, 채무자 소외 회사, 근저당권자 원고인 근저당권설정등기를 마쳤다. 나. 피고와 소외 회사 사이에 이 사건 빌라에 관해 작성된 2019. 2. 27.자 임대차계약서(이하 ‘"
protection_mechanism,94818,3,"’를 명시하였다. 이에 원고 및 선정자와 피고, 소외 2는 2015. 7. 18. 이 사건 건물에서 만나 협의를 하였는데, 소외 2는 기존보다 월 차임을 20% 인상한 보증금 100,000,000원, 월 차임 3,000,000원(부가세 포함)의 조건으로 계약을 체결할 의사가 있다고 하였고, 이에 대해 원고 및 선정자는 보증금 100,000,000원, 월세 3,300,000원(부가세 별도)의 조건을 요구하여 결국 위 협의가 결렬되었다. 사. 원고는 2015. 7. 21. 피고에게 ‘"
protection_mechanism,94818,3,‘임차인이 5년의 임대차기간을 채워 더 이상 계약갱신요구권을 가지고 있지 않는 경우’
protection_mechanism,94870,3,"‘제○부동산’이라 한다)을 임차하여 유·아동 놀이시설, 식음료 매장 영업을 하고 그에 대한 대가로 보증금 없이 계약기간 중 3, 4, 5년차 순매출액의 5%(부가가치세 별도)에 해당하는 수수료를 지급하며, 계약기간을 2014. 7. 1.부터 2019. 6. 30.까지로 하는 내용‘"
protection_mechanism,94870,3,"’는 내용의 내용증명우편을 발송하였다. [인정근거] 다툼 없는 사실, 갑 제1, 2, 4, 6호증(가지번호 있는 것은 각 가지번호 포함, 이하 같다), 을 제1, 10, 11, 16호증의 각 기재, 변론 전체의 취지 2. 당사자의 주장 가. 원고의 주장 요지 1) 피고들은 아래와 같이 이 사건 각 부동산을 점유할 권원이 없음에도 불구하고 공동하여 이 사건 각 부동산을 불법점유하였다. 가) 이 사건 계약은 임대인이 영업장소를 제공하고 그 수익의 일정비율을 배분받는 형태의 비전형계약으로 상가건물 임대차보호법(이하 ‘"
protection_mechanism,94870,3,"“신탁계약 체결 후 신규 임대차 또는 재임대차계약은 수탁자 명의로 체결하거나 수탁자의 사전승낙을 조건으로 위탁자 명의로 체결하되, 임대차보증금은 수탁자에게 입금하여야 한다.”"
protection_mechanism,97263,3,‘담보신탁은 별 의미가 없고 임대인이 법인이므로 보증금 반환에 문제가 없다’
protection_mechanism,98583,3,"’이라고 한다)을 체결하여 2004. 6. 28. 근저당권설정등기를 마쳐주고, 2004. 7. 5. 피고 2와 사이에 채권최고액 275,015,000원으로 된 근저당권설정계약(이하 ‘"
protection_mechanism,100078,3,"“① 소유권 이전 중이므로, 소유권 이전과 동시에 전세권설정을 하기로 한다. ② 전세권보다 선순위로 근저당권 2,000만 원을 인정하기로 한다.”"
protection_mechanism,102053,3,"“C건물 J호는 보증금 20만 원, 차임 38만원의 월세이고, K호는 보증금 30만 원, 차임 50만원의 월세이며, L호는 임대차 계약을 체결한 사실이 없다.”"
protection_mechanism,102285,3,‘전세보증금을 계약기간 종료 후 문제없이 반환해 주겠다.’
protection_mechanism,102285,3,‘전세보증금을 계약기간 종료 후 문제없이 반환하겠다.’
protection_mechanism,102833,3,"‘보조참가인’이라고만 한다)에게 채권최고액 39억 2,000만 원의 근저당권설정등기(수원지방법원 동수원등기소 접수 (접수번호 1 생략))를, ② 같은 날 참가인에게 채권최고액 10억 원의 근저당권설정등기(위 등기소 접수 (접수번호 2 생략))를 각 마쳐주었다. 라. 원고와 피고 사이의 도급계약 1) 원고(변경 전 상호: 주식회사 케이디오산업)는 2008. 10. 1. 및 2008. 11. 1. 피고로부터 이 사건 토지 상 별지목록 기재 부동산(이하 ‘"
protection_mechanism,104000,3,"‘0’이었던 사정을 고려할 때, 위 계약 체결 당시에 확정일자를 받지 아니하고, 2017. 2. 2.에 이르러서야 위 계약서에 확정일자를 받은 사정을 두고 이 사건 임대차계약이 허위라고 단정하기도 어렵다. 또한 C이 2013. 11. 18. D와 합의를 하면서 “"
protection_mechanism,105878,3,"‘에이치오엔’이라고 한다) 소유의 이 사건 부동산에는 2010. 7. 2. 이촌새마을금고 앞으로 채권최고액 929,500,000원의 근저당권이 설정되어 있었는데, 피고는 2010. 7. 19. 이 사건 부동산에 관하여 에이치오엔과 사이에 보증금 1억 4,000만 원, 임대차기간 2010. 7. 19.부터 2011. 7. 18.까지로 한 임대차계약(이하 ‘"
protection_mechanism,105878,3,"’라고 한다) 앞으로 소유권이전등기가 마쳐졌고, 같은 날 위 이촌새마을금고 명의의 근저당권설정등기가 말소되었다. 그리고 피고는 같은 날 씨오비트레이드와 사이에 이 사건 부동산에 관하여 보증금 1억 4,000만 원, 임대차기간 2010. 9. 28.부터 2011. 7. 18.까지로 한 임대차계약(이하 ‘"
protection_mechanism,106145,3,"""위 소외인은 위 경매절차에서 배당요구를 하였으나 대항력을 갖춘 임차권자라는 이유로 배당에서 제외되어 원고를 상대로 임대차보증금반환청구의 소를 제기하였기에, 원고는 그에게 위 금액을 지급하였는바, 이는 원래 피고가 지급하여야 할 것을 원고가 대신 지급한 것이고, 원고는 이로 인하여 동액 상당의 손해를 입었으므로, 피고는 이를 구상할 의무가 있다."""
protection_mechanism,109989,3,"‘O’에서 F을 만나 그로부터 제1항 기재와 같이 서울동부지방법원 G 경매사건에 관한 감정, 상담 및 유치권 신고에 필요한 법률 관계 문서 작성 등을 해달라는 의뢰를 받고 컨설팅 의뢰 계약을 체결한 뒤, 그 수임계약금 명목으로 500,000원을 (주)I 명의의 AL은행 계좌(계좌번호 : AM)로 입금 받았다. 그 후 피고인은 그 계약에 따라 위 F을 위하여, 위 경매사건에 관한 유치권을 신고하는 내용의 ‘"
protection_mechanism,110064,3,"‘네오스틸’이라고 한다)와 여신거래약정을 한 후 2005. 6. 9. 주식회사 설악개발 등 소유의 별지 제1 내지 3 목록 기재 부동산(별지 제3목록 기재 부동산 중 순번 24 내지 29번 제외) 등에 관하여 채권최고액 71억 5,000만 원의 근저당권설정계약을 체결하고 2005. 6. 13. 근저당권설정등기를 마쳤다(이하 ‘"
protection_mechanism,110064,3,"’라고 한다)는 2005. 6. 10. 네오스틸과 상거래에 대한 담보로 별지 제1 내지 3목록 기재 부동산에 관하여 채권최고액 300억 원의 근저당권설정계약을 체결하고 2005. 6. 13. 근저당권설정등기를 마쳤다. 다. 네오스틸은 2006. 12. 29. 별지 제1목록 기재 부동산에 관하여 2006. 12. 28.자 매매를 원인으로 하여 그 명의로 소유권이전등기를 마쳤다. 라. 네오스틸은 대구지방법원 2007회합8호로 회생절차 개시신청을 하였고, 위 법원은 2007. 9. 7. 회생절차 개시결정을 하고, 2008. 4. 14. “"
protection_mechanism,111277,3,"‘이 사건 주택’이라고 한다) 중 2층 전부를 임차하여 거주하였다. 피고는 2002. 7. 31. 이 사건 주택으로 전입신고를 하고, 임대차계약서에 확정일자를 받았으며, 피고가 원고를 상대로 제소한 부산지방법원 2007가단94096호 임대차보증금반환 사건에서 2007. 8. 29. “"
protection_mechanism,111396,3,”를 지나치게 좁게 해석할 필요가 없다. 공매는 채무자인 체육시설업자의 의사와 무관하게 진행되는 강제환가절차를 통한 소유권 이전이라는 점에서 민사집행법에 따른 경매 절차 등과 실질적으로 차이가 없다. 또한 담보신탁계약에 따른 공매 절차가 유찰되어 최종 공매 조건으로 체결되는 체육필수시설에 관한 수의계약도 공매의 경우와 실질적으로 같다. 따라서 이와 같은 공매 절차나 수의계약도 체육시설법 제27조 제2항 제4호에서 정하는 “
protection_mechanism,113602,3,"’고 규정함으로써 차임의 지급이 임대차계약의 요소가 되고, 따라서 임대차계약은 유상계약으로 보아야 하지만, 민법 제279조는 ‘"
protection_mechanism,119481,3,"‘ 소외 4’에 대한 임대차보증금반환채권으로 특정되어서 당해 채권자인 원고, 채무자인 소외 1, 제3채무자인 소외 4 사이에만 효력이 있고, 제3채무자인 소외 4가 이 사건 가압류결정을 송달받은 후 임대차목적물인 이 사건 주택을 피고에게 양도하여 피고가 주택임대차보호법에 따라 소외 4로부터 소외 1에 대한 임대인의 지위를 승계하였다고 하더라도 피고는 소외 4의 특정승계인에 불과할 뿐, 포괄승계인이라고 볼 수 없으므로, 이 사건 가압류결정은 가압류대상인 소외 1의 ‘"
protection_mechanism,120118,3,"'라고만 한다)는 그 이전인 1994. 3. 19. 소외 1로부터 이 사건 주택 부분을 임대차보증금 3,500만 원을 지급하고 임차하여 현재까지 이 사건 주택 부분에 거주하면서 이를 점유하고 있으나, 임대차계약서상의 확정일자는 1994. 10. 10. 마쳤고, 전입신고는 위 근저당권설정 이후인 1996. 7. 3. 비로소 마쳤다. 나. 그러던 중 위 농협중앙회의 신청에 의해 1997. 2. 21. 서울지방법원 동부지원 97타경3860호로 부동산임의경매절차(이하 '"
protection_mechanism,120468,3,"’이라 한다)과 평창토건은 이 사건 신탁계약의 수익자인 평창토건이 한국토지신탁에 대하여 가지는 이 사건 신탁계약상 원본 기타 모든 수익에 관한 토지신탁수익권증서에 관하여 다음과 같이 근질권설정계약을 체결하고, 한국토지신탁의 승낙을 받았다(이하 위 근질권자들을 통칭하여 ‘"
protection_mechanism,120468,3,"‘계약’에 기한 것이므로, 단독행위인 상계를 전제로 하는 채무자회생법 제422조 제1호가 적용되지 않는다고 주장한다. 그러나 파산채권자 사이의 공평을 유지하기 위한 채무자회생법 제422조 제1호의 규정 취지에 비추어 볼 때, 파산채권자가 파산선고 후에 부담한 채무에서 파산채권을 공제하는 경우에도 위 제422조 제1호가 적용되어야 하므로, 원고들의 피고 파산관재인에 대한 매매대금지급채무에서 임대보증금반환채권을 공제할 수 없고, 위와 같은 공제가 파산법원의 허가를 받은 ‘"
protection_mechanism,120494,3,"'이라 한다). 위 매매계약에, 따라 이 사건 아파트의 소유권이전등기는 2016. 12. 1. C로 이전되었다가, 같은 날 피고에게 이전되었으며, 국제자산신탁으로 다시 이전되었다. 4) 위 3)항 기재 신탁이전등기는, 제1 신탁계약의 목적물 중 일부인 이 사건 아파트에 관하여 피고가 소유권을 이전받으면서 피고가 새롭게 위탁자가 되어 체결한 것으로, Q조합을 우선수익권자로(우선수익한도금액 464,100,000원), 수탁자를 국제자산신탁으로 하여 체결한 신탁계약에 기한 것이다(이하 '"
protection_mechanism,121348,3,"’이라 한다)을 발령하였다. 이 사건 지급명령은 2019. 7. 23. E, B에게 송달되어, 2019. 8. 7. 확정되었다. 마. B는 2020. 1. 27.(을 제3호증에는 체결일이 2020. 2. 28.이라 기재되어 있으나 등기부상 등기원인일의 기재에 따른다) 피고와 사이에 B 소유의 이 사건 부동산 2분의 1 지분에 관하여 채권최고액 100,000,000원, 채무자 B, 근저당권자 피고의 근저당권설정계약(이하 ‘"
protection_mechanism,121348,3,’라 한다)가 진행되었다(이후 2020. 7. 9. 수원지방법원 성남지원 D로 중복되어 임의경매개시결정이 있었다). 사. B 소유의 이 사건 부동산 2분의 1 지분에 관하여 2020. 3. 3. 이 사건 근저당권설정계약을 원인으로 한 근저당권설정등기(이하 ‘
protection_mechanism,121510,3,"'로 주민등록 전입신고를 한 사실, 그 후 이 사건 부동산에 관하여 1999. 3. 16.자 채권최고액 2,600만 원, 근저당권자 소외 주식회사 한국주택은행, 채무자 소외인인 근저당권설정등기가 경료되었고 위 근저당권에 기한 임의경매절차에서 원고가 2001. 9. 3. 이 사건 부동산을 낙찰하여 그 대금을 완납한 사실, 이 사건 부동산은 2개의 독립된 동(동)이 하나의 단지를 이루고 있는 '"
protection_mechanism,121510,3,'를 의미함을 인식할 수 있다고 봄이 상당하다. 그리고 위와 같은 피고들의 주민등록 전입신고 및 입주가 있은 후 같은 이 사건 부동산에 대하여 근저당권을 취득하고자 한 위 은행이 목적물인 주택에 대항력 있는 임차인이 있는지 여부를 조사하는 과정에서도 능히 등기부상 '
protection_mechanism,122896,3,"’이라 한다)을 체결하였다. 2) E은 같은 날 주택도시보증공사와 사이에, 주택도시보증공사에 임대인인 D의 승낙을 받아 이 사건 임대차보증금반환채권을 양도하고, 주택도시보증공사가 E의 F은행에 대한 이 사건 전세자금대출약정에 따른 대출금 채무를 보증하기로 하는 전세금안심대출보증약정(이하 ‘"
protection_mechanism,122896,3,"’이라 한다)을 체결하였다. 라. 피고 D의 이 사건 아파트 소유권 취득 및 이 사건 담보신탁계약 체결 1) 피고 D은 이 사건 임대차계약 체결 이후인 2017. 10. 23. 이 사건 아파트에 대하여 2017. 8. 14. 매매를 원인으로 하는 소유권이전등기를 마치고, 2017. 10. 27. G에게 채권최고액 1억 6,500만 원인 근저당권설정등기(이하 ‘"
protection_mechanism,124294,3,"’이라 한다)을 체결하였고, 그 무렵 피고 D에게 위 임대차보증금을 지급하였다. 2) 원고 B은 2017. 9. 4. 피고 D을 대리한 피고 E와 사이에, 원고 B이 피고 D으로부터 이 사건 제2 부동산을 임대차보증금 108,000,000원, 임대차기간 2017. 9. 4.부터 2019. 8. 31.까지로 정하여 임차하기로 하는 임대차계약(이하 ‘"
protection_mechanism,124294,3,"’이라 한다)을 체결하였고, 그 무렵 피고 D에게 위 임대차보증금을 지급하였다. 3) 원고 C는 2017. 12. 13. 피고 D을 대리한 피고 E와 사이에, 원고 C가 피고 D으로부터 이 사건 제3 부동산을 임대차보증금 95,000,000원, 임대차기간 2017. 12. 13.부터 2019. 12. 13.까지로 정하여 임차하기로 하는 임대차계약(이하 ‘"
protection_mechanism,124294,3,"’이라 한다), 그 무렵 피고 D에게 위 임대차보증금을 지급하였다. 4) 피고 F는 공인중개사로서 이 사건 각 임대차계약을 중개하였는데, 이 사건 각 임대차계약서의 ‘"
protection_mechanism,125595,3,"’이라고 한다)와 사이에 영진개발 소유의 이 사건 임대건물에 관한 임대차계약을 체결하면서, 2003. 9. 16. 이 사건 임대건물에 관하여 전세금 28,020,000,000원, 존속기간 2003. 9. 2.부터 2013. 9. 1.까지, 전세권자 피고로 하는 전세권(이하 ‘"
protection_mechanism,126218,3,“하나의 주택에 2인 이상의 임차인이 그 주택에서 가정공동생활을 하는 경우에는 이들을 1인의 임차인으로 보아 이들의 각 보증금을 합산한다.”
protection_mechanism,127358,3,"’이라 한다)에 관하여, (가) 피고 4에게 2009. 11. 24.자 근저당권설정계약을 원인으로 부산지방법원 중부산등기소 2009. 11. 24. 접수 제32765호로 근저당권설정등기(이하 ‘"
protection_mechanism,127358,3,’라 한다)를 경료해주었다. (나) 피고 5에게 2009. 11. 26.자 근저당권설정계약을 원인으로 부산지방법원 중부산등기소 2009. 11. 26. 접수 제33025호로 근저당권설정등기(이하 ‘
protection_mechanism,127358,3,’라 한다)를 경료해주었다. (다) 피고 6에게 2009. 12. 11.자 근저당권설정계약을 원인으로 부산지방법원 중부산등기소 2009. 12. 11. 접수 제34565호로 근저당권설정등기(이하 ‘
protection_mechanism,127358,3,’라 한다)를 경료해주었다. (라) 피고 7에게 2010. 2. 22.자 근저당권설정계약을 원인으로 부산지방법원 중부산등기소 2010. 2. 22. 접수 제4723호로 근저당권설정등기(이하 ‘
protection_mechanism,127358,3,’라 한다)를 경료해주었다. (마) 피고 8에게 2010. 5. 4.자 근저당권설정계약을 원인으로 부산지방법원 중부산등기소 2010. 5. 4. 접수 제12551호로 근저당권설정등기(이하 ‘
protection_mechanism,127358,3,’라 한다)를 경료해주었다. (바) 피고 9에게 2010. 5. 25.자 근저당권설정계약을 원인으로 부산지방법원 중부산등기소 2010. 5. 25. 접수 제14494호로 근저당권설정등기(이하 ‘
protection_mechanism,127358,3,’라 한다)를 경료해주었다. (사) 피고 10에게 2010. 6. 23.자 전세권설정계약을 원인으로 부산지방법원 중부산등기소 2010. 6. 23. 접수 제17522호로 전세권설정등기(이하 ‘
protection_mechanism,127358,3,"’이라 한다)에 관하여, (가) 피고 12에게 2009. 12. 16.자 근저당권설정계약을 원인으로 부산지방법원 중부산등기소 2009. 12. 16. 접수 제35001호로 근저당권설정등기(이하 ‘"
protection_mechanism,127358,3,’라 한다)를 경료해주었다. (나) 피고 9에게 2009. 12. 21.자 근저당권설정계약을 원인으로 부산지방법원 중부산등기소 2009. 12. 21. 접수 제35399호로 근저당권설정등기(이하 ‘
protection_mechanism,127358,3,’라 한다)를 경료해주었다. (다) 피고 13에게 2010. 1. 18.자 근저당권설정계약을 원인으로 부산지방법원 중부산등기소 2010. 1. 18. 접수 제1257호로 근저당권설정등기(이하 ‘
protection_mechanism,128538,3,"'라는 상호로 숙박시설을 운영하던 E과, 원고가 7,000만 원에 위 숙박시설의 영업에 관련된 물적 설비 일체 및 그 사업에 관한 모든 권리․의무 일체를 양도받기로 하는 내용의 포괄적 영업양수도 계약을 체결하였다. 나. 원고는 2015. 2. 10. 피고와 이 사건 건물에 관하여 임대차보증금 1억 3,000만 원, 차임 월 600만 원(부가가치세 별도), 임대기간 2015. 2. 11.부터 2018. 2. 10.까지로 정하여 임대차계약(이하 '"
protection_mechanism,129129,3,‘이 사건 매매계약의 대금지급채무에서 이 사건 임대보증금의 반환채권을 공제(상계)하는 합의’
protection_mechanism,130089,3,"'이 사건 점포 2층 부분 전세(보증금)가 15,000,000원이니, (종전 공동임대인들로부터 받은 37,713,000원 중 15,000,000원을 제외한 나머지) 22,713,000원을 입금하였고, 보증금 합계가 51,000,000원이다'"
protection_mechanism,130268,3,"’이라 한다), 이에 따라 G 등에게 임대차보증금을 모두 지급하였으며, 그 무렵 이 사건 각 건물을 인도받아 전입신고를 마치고 이 사건 각 임대차계약서에 확정일자를 받았다.  다. 피고 E은 이 사건 각 임대차계약 당시 원고들에게 중개대상물 확인․설명서를 교부하였는데, 그 설명서의 ‘"
protection_mechanism,130464,3,"’이라고 한다)의 소유자이고, 피고는 이 사건 건물 1층의 임차인이자 원고에게 이 사건 토지와 건물의 매매를 중개한 공인중개사이다. 나. 이 사건 건물의 전 소유자였던 C은 2017. 7. 21. 피고에게 이 사건 건물 1층 전체(77.97㎡)를 임대차보증금 5천만 원, 월 차임 220만 원으로 하여 2017. 8. 31.부터 2019. 8. 30.까지 임대하기로 하는 임대차계약을 체결하면서(이하 ‘"
protection_mechanism,131407,3,"""① 위 소외 1이 위 소외 2에게 이 사건 부동산을 매도하고 위 소외 2로부터 이를 임차하였다. ② 위 소외 2이 이 사건 부동산을 소외 3 회사에 금 50,000,000원에 매도하기로 하고 계약금으로 금 10,000,000원을 교부받았다. ③ 1985. 5. 초경 소외 6이 소외 3 회사의 대표사원인 소외 7과 함께 이 사건 주택을 방문하였을 때 실소유자는 소외 2이고 자신은 임차인이라고 하면서 임대차계약서를 제시하였다."""
protection_mechanism,134552,3,"’라고 한다)를 공동담보로 하여 채권최고액 8억 6,400만 원, 근저당권자 오에스비저축은행, 채무자 소외 1로 하는 근저당권설정계약(이하 ‘"
protection_mechanism,137388,3,"’라 한다)에 대한 2014. 3. 27.자 부동산임대차계약에 기한 임대차보증금 5,000만 원의 반환채무는 존재하지 아니함을 확인한다. 반소: 원고는 피고에게 50,000,000원을 지급하라.  이유 본소, 반소를 함께 본다. 1. 기초사실 가. 원고는 피고와 사이에, 피고에게 수원시 영통구 C건물, D호(이하 ‘"
protection_mechanism,139027,3,"’라고 한다)가 개시되었고, 원고는 매각기일에서 유찰이 계속되자 2019. 2. 9. 피고 B에게 임대차계약을 해지한다고 통지하였다. 라. 원고는 이 사건 경매절차에서 남편 E이 임차인으로 현황 조사되었으나 배당요구를 하지 않았고, 예비적 피고 C(이하 ‘"
protection_mechanism,140878,3,"’이라고 한다)과 사이에 E 소유의 별지1, 3 목록 기재 각 부동산에 관하여 채무자 F, 채권최고액 36억 원으로 하는 공동근저당권설정계약을 체결한 다음, 피고 B에게 위 각 부동산에 관하여 제주지방법원 2018. 7. 10. 접수 제68937호로 근저당권설정등기를 마쳐주었다. 2) E는 2018. 7. 5. 피고 주식회사 C(이하 ‘"
protection_mechanism,143835,3,"’이라는 상호로 부동산중개사무실을 운영하였다. 위 임대차계약은 그 후 묵시적으로 갱신되었다. 다. 원고는 2020. 1. 20. C으로부터 별지 목록 기재 건물을 매수하였고, 대구지방법원 등기국 2020. 1. 31. 접수 제17618호로 원고 명의의 소유권이전등기를 마쳤다. 라. C은 원고에게 별지 목록 기재 건물을 매도하면서 특약으로 ‘"
protection_mechanism,144980,3,"’라 한다) 등과 그들 소유의 별지 제1 내지 3 목록 기재 부동산(별지 제3목록 기재 부동산 중 순번 24 내지 29번 제외, 이하 같다) 등에 관하여, 채권최고액 71억 오천만 원의 근저당권설정계약을 체결하고 2005. 6. 13. 위 각 부동산을 공동담보로 하는 근저당권설정등기를 마쳤다(이하 ‘"
protection_mechanism,144980,3,"’이라 한다). 한편 피고와 네오스틸, 설악개발, 블루밸리 등은 2005. 7. 3. 위 근저당권설정계약을 네오스틸의 피고에 대한 일체의 채무를 담보하는 포괄근담보 계약으로 변경하였으나 별도의 등기는 하지 않았다. 나. 주식회사 포스코(이하 ‘"
protection_mechanism,145836,3,"“원임대자인 주공의 동의가 없는 현 우선권 임차인 D와 전대차계약임을 분명히 하고 연장이 없는 3년 계약이나, 만일 변동시 쌍방간 충분한 합의 후 서면으로 그 근거를 남기기로 한다.”"
protection_mechanism,147380,3,"’)가 개시되어, 1순위 근저당권의 질권자인 주식회사 J이 6,031,353,085원, 1순위 근저당권자인 L, M이 3,068,646,915원 합계 91억 원을 배당받았고, 2순위 근저당권의 질권자인 원고가 59억 원을 배당받았다. 아. 이 사건 1부동산은 E의 소유였는데, 주식회사 R(이하 ‘"
protection_mechanism,147627,3,"'동 101호로 된 피고의 주민등록은 이 사건 임대차의 공시방법으로서 유효한 것이라고 할 수 없고, 피고는 실제 동 표시와 맞게 주민등록이 정리된 이후에야 비로소 대항력을 취득하였다고 볼 것이다. 원심의 판시에 미흡한 점이 없지 아니하나 결국 피고의 당초의 주민등록이 이 사건 임대차에 대한 공시방법으로서 유효하지 않다고 판시하면서 피고의 주장을 배척한 것은 정당하고, 거기에 소론과 같은 주택임차권 및 그 대항력에 관한 법리를 오해한 위법이 없다. 소론은 또 원고가 이 사건 건물에 대한 근저당권을 취득할 당시 이 사건 건물의 주택이 '"
protection_mechanism,147859,3,"”라고 기재되어 있다. 라. 한편, J공인중개사사무소를 운영하는 공인중개사인 피고 D은 이 사건 임대차계약서의 중개인 란에 서명, 날인하였다. 마. 원고는 피고 C에게, 2015. 3. 13. 계약금 15,000,000원, 2015. 3. 16. 중도금 10,000,000원, 2015. 4. 10. 잔금 20,000,000원을 각 지급함으로써 합계 45,000,000원의 임대차보증금을 모두 지급하였다. 바. 원고는 2015. 8. 13. ‘"
protection_mechanism,149932,3,"’라 한다)로 하는 근저당권설정계약을 체결하였고, 2019. 6. 21. D조합에 근저당권설정등기(이하 ‘"
protection_mechanism,149932,3,"’이라 한다)하였다. 마. F은 2020. 4. 29. 특수화물 자동차 운송사업 등을 목적으로 하는 회사인 원고의 대표자 사내이사로 취임하였다. 바. 피고는 2020. 6. 19. I과 이 사건 각 부동산에 관해 채권최고액을 5억 2,000만 원, 채무자를 J으로 하는 근저당권설정계약을 체결하고 2020. 6. 23. I에게 근저당권설정등기(이하 ‘"
protection_mechanism,149932,3,"’이라 한다)하였다. 아. F은 2020. 5. 8. 법정구속되었다가 2020. 6. 19. 보석으로 석방되었는데, 그로 인해 제1 매매계약에 따른 F의 피고에 대한 매매대금 지급이 지체되자 피고는 F에게 제1 매매계약이 해제되었다고 주장하였고, F은 제1 매매계약에 기한 소유권이전등기청구권을 피보전권리로 하여 이 법원에 피고를 상대로 이 사건 각 부동산에 관한 처분금지가처분신청(2020카단504252)을 하여 2020. 7. 29. 가처분결정을 받았으며, 같은 날 가처분기입등기가 마쳐졌다. F은 위 가처분(이하 ‘"
fraud_core,1221,2,"‘신탁재산에 대한 제세공과금 및 등기비용 일체, 설계·감리비용 및 공사대금, 차입금, 임대차보증금 등의 상환금 및 그 이자, 신탁부동산의 수선·보존·개량비용 및 화재보험료, 분양(처분) 및 임대사무 처리에 필요한 비용, 기타 이에 준하는 비용’"
fraud_core,1221,2,‘공사도급계약상 시공사인 세창의 귀책사유로 인한 피고의 손해에 대해 원고들이 연대하여 책임진다(특약사항 제6조 제2항).’
fraud_core,1415,2,‘ 공소외 14로부터 자신이 서울에 올라왔을 때 잠을 잘 원룸이 필요하니 원룸을 알아봐 달라는 부탁과 함께 원룸 임대차보증금에 대한 계약금으로 사용하라며 금원을 교부하였다’
fraud_core,1485,2,’이라 한다)에 관하여 종전 소유자인 임대인들과 각 임대차계약(이하 ‘
fraud_core,1897,2,"’을 주식회사 B을 소유권자로 하여 소유권보존등기를 경료하였고, 그 무렵 D에게 위 오피스텔 E호와 F호를 임대차보증금 없이 월세 100만 원을 지급받는 조건으로, 위 오피스텔 G호를 임대차보증금 없이 월세 80만 원을 지급받는 조건으로 임대하였다. 한편, 피해자 H와 피해자 I은 남매지간으로, 2019. 1.경 피해자들과 이종사촌인 위 D로부터 피해자 H는 위 오피스텔 E호를, 피해자 I은 위 오피스텔 G호를 임차하여 생활하고 있었다. [범죄사실] 피고인은 2019. 2.경 제주시 J에 있는 위 오피스텔 E호에서, 피해자들에게 “"
fraud_core,2488,2,"‘G’이라고 한다) 명의의 소유권이전등기가 마쳐져 있었고, 신탁원부에 위탁자 피고 B와 수탁자 G 사이의 부동산담보신탁계약이 공시되어 있었다. (3) 한편 피고 C은 이 사건 임대차계약 체결 과정에서 원고에게 ‘"
fraud_core,3263,2,"‘이라 한다)에 관해 임대차보증금 7,000만 원, 임대차기간 2014. 1. 27.부터 2016. 1. 27.까지로 각 정하여 임대차계약(이하 ’"
fraud_core,5684,2,"’이라 한다)을 원고들에게 임대차보증금 1억 원, 차임 월 1,000만 원으로 정하여 임대하는 내용의 임대차계약을 체결하고(이하 ‘"
fraud_core,6836,2,’이라 한다)을 체결하였다. 이 사건 용역계약 중 이 사건의 쟁점과 관련이 있는 부분은 다음과 같다.   2) 시공사 선정시 도급계약서 체결에 관한 자문 및 건설사와 협상  라. E은 2020. 2. 21. D에게 ‘
fraud_core,6836,2,‘위임계약은 각 당사자가 언제든지 해지할 수 있다.’
fraud_core,8400,2,"’이라고 기재한 뒤, 그 이름 옆에 G 명의의 도장을 찍었다. 이로써 피고인은 행사할 목적으로 권리의무에 관한 사문서인 G 명의의 임대차계약서 1장을 위조하였다. 2. 위조사문서행사 피고인은 제1항 기재 일시,장소에서 그 위조 사실을 모르는 성명불상의 D(주)의 직원에게 위와 같이 위조한 임대차계약서를 마치 진정하게 성립한 문서인 것처럼 건네주었다. 이로써 피고인은 위조한 사문서를 행사하였다. 3. 사기 피고인은 2019. 1.경 대구 북구 C, 4층에 있는 피고인이 운영하는 ‘"
fraud_core,9648,2,"「근로기준법」이 적용되지 않으며, 피고의 정규근로자에게 적용되는 취업규칙 및 제반규정이 적용되지 않음이 명시되어 있고, 위 원고들도 위와 같은 계약 내용을 알면서 피고와 사이에 채권추심 위임계약을 체결한 것으로 보인다. (2) 피고는 2015. 1. 19. 본사부서 및 각 부점에 앞서 본 바와 같은 ‘"
fraud_core,9677,2,"“내 친척 아저씨가 고시원 건물의 소유자 H이다. H이 당신의 남편인 고시원장 C을 내쫓고 나에게 고시원을 임차하여 운영할 수 있게 하여 주겠다고 한다. 나와 당신의 동생 B가 부부인 것처럼 가장한 뒤, 나를 임차인으로 하고 B를 공동명의인으로 하여 H과 임대차 계약을 체결하고, 당신이 나에게 잔금까지 지불하면 당신의 동생으로 하여금 단독으로 고시원을 운영할 수 있도록 하여 주겠다.”"
fraud_core,9677,2,“내가 앞으로 E 고시원을 운영할 예정이어서 건물주 H과 임대차 계약서를 작성해야 하니 계약서 양식을 우선 작성하여 달라.”
fraud_core,10508,2,“본 계약서의 세부이행은 2006. 6. 29. 체결한 가계약서에 준한다”
fraud_core,10508,2,"‘청구 목적 상실, 계열사 부당지원 문제제기 우려 등을 이유로 위 2008. 4. 1.자 각 상표권 사용계약을 해지하고자 한다’"
fraud_core,10508,2,"‘ 공소외 8 회사가 공소외 20 회사로부터 (선박명 3 생략)의 리스이용자 지위를 인수하고 이 사건 리스계약을 승계하되 새로운 리스계약에 대해 피고인 및 공소외 20 회사가 공소외 8 회사의 새로운 리스료 지급 채무 등을 연대보증하기로 하며, 부수적으로 공소외 20 회사가 공소외 8 회사에게 (선박명 3 생략)를 예상가액 약 45억 원에 매도하기로 하는 내용’"
fraud_core,10508,2,‘선박리스계약서’ 중 특약사항 제9조에는 ‘
fraud_core,10508,2,"‘그룹 광고본부’라고만 기재한다(수사기록 제2권 9074, 9075면 참조). 주73) 		수사기록 제2권 9433, 9434, 9435면. 주74) 		수사기록 제2권 9089, 9090면. 주75) 		위 상표(서비스표) 사용계약서에는 계약기간이 ‘"
fraud_core,11461,2,"‘이 사건 주택’이라 한다)에 관하여 임대차보증금 1억 4,500만 원, 임대차기간 2018. 4. 14.부터 2020. 4. 14.까지로 정한 임대차계약을 체결하고(이하 ‘"
fraud_core,11461,2,‘임차인은 제1항에 따른 임차권등기명령의 신청과 그에 따른 임차권등기와 관련하여 든 비용을 임대인에게 청구할 수 있다’
fraud_core,11619,2,"’ 업체의 직원 및 CI의 직원으로 가장하여, 마치 CI 건물 내에 카페 임대차 계약을 체결해줄 것처럼 기망하여 보증금 등을 편취하기로 공모하였다. 가. 2019. 12. 2.경 범행 위와 같은 공모에 따라, 피고인 A은 2019. 11.경 DD이 운영하는 DE에 전화하여 ‘"
fraud_core,11710,2,"’라고 한다)를 신축하여 분양하기로 한 회사이다. 피고는 2007. 6. 25. 대동종합건설과 사이에, 위 아파트 신축공사에 관하여 보증금액 1,183억 1,000만 원, 주채무자 대동주택건설, 보증채권자 입주예정자, 보증기간 입주자모집공고승인일로부터 소유권보존등기등기일까지로 정한 주택분양보증계약(이하 ‘"
fraud_core,11710,2,"’(제2호) 등에 대하여는 보증채무를 이행하지 아니한다고 규정하고 있다. 나. 원고와 대동종합건설 사이의 분양계약 체결 원고는 2008. 6. 12. 대동종합건설과, 이 사건 아파트 108동 (이하 생략)를 분양대금 336,500,000원에 분양받는 내용의 계약(이하 ‘"
fraud_core,11710,2,"‘주채무자가 대물변제, 차명, 이중계약 등 주택공급에 관한 규칙에 의한 정상계약자가 아닌 자에게 부담하는 채무’"
fraud_core,11710,2,‘도급조건부계약 및 일반차명계약 현황’
fraud_core,11710,2,"‘대물’이라는 표시는 위 수사기록 제4183쪽에 기재되어 있는데, 이 사건 분양계약을 포함한 106건의 계약을 대물로 분류한 것으로 보인다. 주2) 		2009. 4. 1. 오씨아이 주식회사로 상호가 변경되었다. 이하 ‘"
fraud_core,11736,2,’이 사건 L호‘라고 한다) 및 M호에 대한 각 분양계약서를 지급하며 공사잔금 완납시 위 각 분양계약서는 무효로 할 것을 쌍방 합의한다’
fraud_core,12162,2,‘월세 계약의 임차인 F 주식회사에 제출할 용도’
fraud_core,12162,2,‘임대인 원고로부터 월세계약 중개 의뢰’
fraud_core,12467,2,"’은 ‘갑’이 지정한 분양전환기간 내에 분양계약을 체결하여야 하며 지정기간 내에 분양계약을 체결하지 않을 경우 당해 임대아파트에서 이주 및 명도하여야 하며, 이를 이행하지 아니할 경우 지정기간 종료일의 익일부터 명도일까지 ‘"
fraud_core,13485,2,"’이라 한다)을 체결하고, 같은 날 G에 신탁을 원인으로 한 소유권이전등기를 마쳐 주었다. 다. 원고는 2016. 9. 27. 공인중개사인 피고의 중개로 C과 사이에 이 사건 부동산을 임대차보증금 60,000,000원, 차임 월 400,000원, 임대차기간 2016. 10. 9.부터 2018. 10. 8.까지로 정하여 C으로부터 임차하는 내용의 임대차계약(이하 ‘"
fraud_core,13485,2,"‘신탁자가 신탁계약체결 이후 새로운 임대차계약을 체결하는 경우에는 수탁자 및 우선수익자의 서면에 의한 동의를 받아야 하고(제11조 제2항), 신탁자가 수탁자 또는 우선수익자의 동의 없이 신탁부동산을 제3자에게 임대함으로서 발생하는 모든 손해나 비용을 배상할 책임이 있다(제5조)’"
fraud_core,14649,2,"'란 기재 각 돈에 대하여는 2019. 9. 11.부터 이 사건 2019. 11. 29.자 청구취지 및 청구원인 변경신청서 부본 송달일까지 연 5%, 그 다음날부터 다 갚는 날까지 연 12%의 각 비율로 계산한 돈을 각 지급하라.  이유 1. 인정사실 가. 분양형토지신탁계약 체결 1) 예비적 피고는 2016. 7. 11. 주위적 피고와, 아산시 O 외 36필지를 주위적 피고에게 신탁하여 위 토지 위에 지하2층 지상20층 규모의 아파트를 건축하고, 위 토지와 건물을 신탁재산으로 하여 이를 분양하기로 하는 내용의 분양형토지신탁계약(이하 '"
fraud_core,14649,2,'이라 한다)을 체결하였다. 2) 원고들은 이 사건 분양계약 체결 당시 이 사건 분양계약서 '
fraud_core,14649,2,'란에 서명함으로써 이 사건 분양계약에 부수하여 발코니 확장공사계약을 체결하였다. 3) 원고들은 주위적 피고에게 별표 1. '
fraud_core,14649,2,"'란 기재 해당 각 돈을 지급할 의무가 있다. 다) 주위적 피고의 주장에 관한 판단 주위적 피고는, 위 원고들의 주위적 피고에 대한 청구가 인용되더라도 주위적 피고에 대한 이 사건 청구는 신탁재산의 범위 내로 제한되어야 한다고 주장한다. 살피건대, 갑 제1호증(가지번호 포함)의 기재 및 변론 전체의 취지를 종합하면, 이 사건 분양계약 특약사항 제1조 제2항은 '"
fraud_core,14649,2,'란에 서명함으로써 이 사건 분양계약에 부수하여 발코니 확장공사계약을 체결하였다. 2) 원고 L은 주위적 피고에게 별표 1. '
fraud_core,14649,2,"'란 기재 해당 돈이다. 3) 그런데 원고 L은 주위적 피고의 공사 부진 등으로 인해 이 사건 분양계약서상 입주예정일인 2019년 2월로부터 3개월이 지난 2019. 5. 31.까지도 이 사건 아파트에 입주하지 못하였고, 이에 원고 L은 주위적 피고에게 위와 같은 입주지연을 원인으로 이 사건 분양계약을 해제하겠다는 의사표시가 담긴 내용증명을 보냈으며, 위 내용증명은 별표 1. '"
fraud_core,15040,2,"’로 하여 부동산 임대관리업을 목적으로 하는 개인사업자등록(사업자등록번호 2 생략)을 마쳤다. ㈜C는 2018. 2. 21. 해산등기를 마쳤다. 마. 피고는 2018. 1. 24. 원고의 대리인이라고 자처하는 사람과 사이에, 이 사건 건물을 보증금 5,000만 원, 기간 2018. 2. 4.부터 2019. 2. 3.까지로 정하여 임차하는 계약(이하 ‘"
fraud_core,15040,2,’이라 한다)을 체결하였다. 이 사건 임대차계약서의 특약사항에는 ‘
fraud_core,15040,2,’라고 기재되어 있다. 이 사건 임대차계약서의 임대인 대리인의 성명 란에는 ‘
fraud_core,15040,2,"’라고 기재되어 있고, F 명의의 인장이 날인되어 있으며, 주소 및 사업자등록번호 란에는 개인사업자 F(G)의 주소 및 사업자등록번호가 기재되어 있다. 바. 피고는 이 사건 임대차계약서에 기재된 수협 계좌로 보증금 5,000만 원을 송금하였고, 2018. 2. 4.경 이 사건 건물을 인도받았다. 사. 피고는 이 사건 소장을 송달받은 후인 2019. 8. 14. 이 사건 건물에 관하여 수원지방법원 2019카임398호로 주택임차권등기 명령을 받았고, 2019. 9. 3. 이 사건 건물에서 퇴거하였다. 아. 원고는 ‘"
fraud_core,17063,2,"‘김제수협’이라고 한다) 앞으로 채권최고액 1억 3,000만 원의 근저당권설정등기를 경료하였다. (2) 이후 이 사건 아파트에 관하여 위 근저당권자인 김제수협의 임의경매신청에 따라 2007. 10. 2. 같은 법원 2007타경20506호로 임의경매개시결정이 있었고, 원고는 2008. 9. 12. 그에 따른 경매절차(이하 ‘"
fraud_core,17606,2,"‘이 사건 토지’라고 한다)를 임대차기간 2018. 6. 1.부터 2023. 5. 31.까지, 임대차보증금 8억 원, 차임 월 5,000만 원(부가세 별도)으로 정하여 임차하기로 하는 내용의 임대차계약(이하 ‘"
fraud_core,18608,2,"‘피고가 원고에게 임대차보증금으로 4억 원을 지급하지는 않았으나, 피고가 원고로부터 받아야 할 대금이 있고, 원고가 지급명령 정본을 송달받고도 이의하지 않았다는 것이 상식적으로 납득하기 어려워 이 사건 임대차계약서가 위조되었다고 인정하기 부족하다’"
fraud_core,18725,2,"‘I PC방’의 실제 영업주로서 2020. 2. 5. 건물주와 임대차계약을 체결하였고, 인터넷 검색으로 알게 된 업체를 통해 컴퓨터 구입 및 게임 프로그램 설치를 하였다고 진술하면서 네 명의로 작성된 임대차계약서를 제출하라.”"
fraud_core,18725,2,"“수사기관에 출석하여 네가 I PC방의 실제 영업주로서 2020. 2. 5. 건물주와 임대차계약을 체결하였고, 인터넷 검색으로 알게 된 업체를 통해 게임 프로그램 설치를 하였다고 진술하면서 네 명의로 작성된 임대차계약서를 제출하라.”"
fraud_core,18725,2,"”이라고 기재하고, 위조 흔적을 지우기 위해 이를 다시 복사하여 사본을 만들었다. 이로써 피고인은 행사할 목적으로 권한 없이 K 명의로 된 권리의무에 관한 사문서인 임대차계약서 1장을 위조하였다. 나. 위조사문서행사 피고인은 위 제3의 가.항 기재와 같이 F 및 G로부터 허위진술하고 위조된 임대차계약서를 제출할 것을 지시받은 다음 2020. 3. 12. 대구지방경찰청 생활안전과 J계 사무실에 출석하여 위 지시대로 “"
fraud_core,18725,2,”는 취지로 진술하면서 위 제3의 가.항 기재와 같이 위조된 임대차계약서의 사본을 그 정을 모르는 수사 담당 경찰관 O에게 제출하였다. 이로써 피고인은 위조된 위 임대차계약서 1장을 행사하였다. 『2021고단2416』
fraud_core,20050,2,“D아파트 E호 세입자가 임대료를 연체하고 있으니 일단 계약금을 내고 E호 세입자가 이사를 나가면 D아파트 E호에 대한 전세계약을 체결하자”
fraud_core,20050,2,"“위 부동산에 1억 4,400만 원(채무액 1억 2,000만 원)의 근저당권이 설정되어 있는데 전세보증금을 주면 그 중 1억 원으로 은행대출금을 변제하고 2,000만 원만 남겨놓겠다.”"
fraud_core,20563,2,’이라 한다)의 일부를 각 임차하여 점유하고 있는 자들이다. 나. 이 사건 임대차계약 피고들은 당시 이 사건 건물의 소유자였던 G과 아래 [표1] 기재와 같은 내용의 각 임대차계약을 체결하였다(이하 ‘
fraud_core,21654,2,’이라 한다)의 전 임차인인 소외 F의 임대차계약을 승계하기로 하여 2018. 7. 27. 소외 주식회사 G(이하 ‘
fraud_core,21654,2,"’라 한다)와 사이에 보증금 85,000,000원, 월차임 7,500,000원(부가세 별도), 임대차기간 2018. 8. 1.부터 2019. 11. 30.까지, 최초입주일 2013. 11. 15.로부터 승계하는 조건으로 하는 내용의 임대차계약(이하 ‘"
fraud_core,21654,2,“‘갑’(소외 회사)은 전 임차인 (F) 요청에 따라 임대차 계약자를 ‘
fraud_core,21654,2,’(피고 D)은 전 임차인의 계약을 승계하여 영업함에 따라 최초 입주일은 2013년 11월 15일자를 승계하여 적용하기로 한다”
fraud_core,21654,2,“연속적인 계약상태에서 임차인 명의를 변경하는 것”
fraud_core,22174,2,"“내가 운영하는 주식회사 L 앞으로 기업자금 용도로 1억 5,000만 원을 대출하여 주면, 내가 연대보증을 하면서 물적 담보로 B아파트 C호를 담보로 제공하겠다. 이 아파트에는 현재 임차인이 보증금 1억 원 및 차임 월 80만 원을 주고 거주하고 있다.”"
fraud_core,23833,2,“이 사건 주택의 임대차보증금이나 월세를 왜 주지 않느냐. 나도 모르게 계약이 되었느냐.”
fraud_core,23833,2,“이 사건 주택의 임대차보증금이나 월세를 왜 주지 않느냐. 나도 모르게 계약이 되었느냐.”
fraud_core,25032,2,"’, 내용 : ‘위 당사자는 수원시 팔달구 …(중략)… 임차인 B이 준 중개수수료 3,000,000원 중 각각 임대인이 1,500,000원 씩 부담하기로 하고 쌍방 합의 하에 (후략)…’"
fraud_core,25435,2,"‘고의부도’ 준비 사실을 대한주택보증에 숨긴 채, 2009. 9. 9. 대전 중구 탄방동 소재 대한주택보증의 대전지점에서 별지(2) 기재와 같이 (건물명 3 생략)아파트 25세대에 관하여 임대보증금 5억 4,320만 원 상당을 대한주택보증의 임대보증금 보증보험에 가입하였다. ④ (건물명 2 생략)아파트 보증가입 피고인 1, 3, 5, 4는 위와 같은 속칭 ‘"
fraud_core,25435,2,"“2007년도에 임대주택법이 변경되어 임대사업자들의 사업환경이 악화되었다. 그래서 이를 타개하기 위해서 여러 방법을 생각해 보았고, 일부 세대에 대하여 허위로 임대차계약을 체결하여 대한주택보증의 임대보증금 보증보험에 가입을 한 뒤 나중에 부도를 내는 방법도 여러 가지 대안 중에 하나로 검토하고 있었다. 본인이 공소외 4에게 ‘"
fraud_core,25435,2,"“피고인 1은 공소외 34에게도 공소외 4에게 설명하였던 대로 아파트 임차계약을 체결해 주면 고의부도를 낼 것이고, 이후 임대보증금에 대해서는 대한주택보증으로부터 지급받아 사례를 하겠다고 제의하였다는데, 맞는가요?”"
fraud_core,25435,2,"“2008. 1. 내지 2.경 피고인 1과 공소외 4를 (건물명 2 생략)아파트 15층에 있는 피고인 1의 사무실에서 3~4차례 만났는데, 그때 피고인 1과 공소외 4가 임대주택법상 임대보증금 보증보험제도에 대해서 말을 해 주면서 공소외 1 회사를 고의로 부도를 내겠다는 말을 하였다. 당시 피고인 1이 주로 법이 잘못되었다면서 허위의 임대차계약서를 작성하여 보험에 가입을 한 후 부도를 내면 대한주택보증으로부터 돈을 받아낼 수 있다고 하였다.”"
fraud_core,25435,2,"“피고인 2가 위와 같이 공소외 3 회사를 설립하여 주고, 본인에게 임대차계약 명의를 빌려주게 된 것은, 본인이 피고인 2에게 임대주택법상 임대보증금 보증보험의 강제가입제도의 문제점 등을 설명하면서 ‘"
fraud_core,25697,2,"'이라고 한다)을 매수하여 2017. 10. 20. 소유권이전등기를 마쳤다. 나. 원고는 2017. 11. 8. 피고 회사와 이 사건 부동산에 관하여 영업위탁계약을 체결하였고, 주요 계약 내용은 다음과 같다(이하 '"
fraud_core,25697,2,"'만이 등장할 뿐, 개인 D은 기재되어 있지 아니하다. 6) 피고 C이 이 사건 임대차계약 체결 당시 교부받은 위임장 등에도 수임자가 피고 회사로 기재되어 있고, 계약 체결 당시 E의 직원이나 부동산 중개인 등도 개인사업자 D에 대한 언급은 별도로 하지 아니한 것으로 보인다. 당시 공인중개사 사무보조원인 I는 이 법정에서 증인으로 출석하여 '"
fraud_core,25697,2,'보증금 반환에 대한 책임은 ㈜B에서 책임지기로 한다'
fraud_core,25711,2,‘피해 회사와의 근저당권설정계약 당일 C에게 “
fraud_core,26585,2,"""이 사건 신탁계약에 따라 소외 회사가 피고에 대하여 가지고 있는 신탁계약 위반에 따른 손해배상채권 중 청구금액에 달하는 금액"""
fraud_core,27473,2,"""주택임차권, 접수 2001. 3. 23., 접수번호 제4574호, 원인 2001. 3. 15. 대전지방법원 홍성지원의 임차권등기명령(2001카기66), 임차보증금 50,000,000원, 범위 3층 123.65㎡ 전부, 임대차계약일자 1999. 11. 20., 임차권자 피고인 1"""
fraud_core,27799,2,"‘이 사건 건물’이라 한다)을 임차한 것이 아니었음에도 불구하고, 피고인이 2007. 1. 31.경 대구지방법원에서, 마치 피고인 및 위 회사가 진정한 임차인인 것처럼 위 공소외 1 및 피해자 공소외 2로부터 보증금 300만 원에 이 사건 건물을 임차하였다는 내용의 ‘"
fraud_core,27859,2,"‘이 사건 주택’이라 한다)에 관하여 임대차보증금 6,000만 원, 임대차기간 2017. 7. 14.부터 2019. 7. 13.까지로 하는 임대차계약(이하 ‘"
fraud_core,29513,2,"‘이 사건 건물’이라 한다)를 임대차보증금 8,000만원, 월차임 250만원(부가가치세 별도), 기간 2015. 6. 1.부터 2017. 5. 31.까지로 정하여 임차하는 내용의 임대차계약을 체결하고(이하 ‘"
fraud_core,29513,2,"’라 한다), 그 무렵 D에게 임대차보증금을 지급하고 이 사건 건물을 인도받은 다음 2015. 5. 27. 이 사건 건물을 사업장 소재지로 한 사업자등록을 마쳤다. 나. 원고는 2018. 10. 1.경 C의 대리인인 D에게 2018. 11. 10.을 종료일로 하여 이 사건 임대차를 해지하겠다는 의사표시를 하였고, D은 이에 동의하였다. 다. 피고는 C과 부부였던 사이로, C을 상대로 제기한 서울가정법원 2017드합31708 이혼 등 청구의 소 계속 중 2018. 10. 12. ‘"
fraud_core,29513,2,"“원고가 D으로부터 8,000만원을 차용하고, 피고로부터 이 사건 임대차보증금을 반환받는 즉시 위 차용금을 변제한다”"
fraud_core,29978,2,"’이라 한다)에 대하여 임대차보증금 6,000만 원, 임차기간 2017. 8. 10.부터 2019. 8. 9.까지로 정하여 임대차계약(이하 ‘"
fraud_core,29978,2,‘협회 공제의 손해배상책임은 협회와 공제가입자 간의 계약에 따라 공제가입자가 가입한 공제기간 중 발생한 모든 중개사고로 인하여 손해를 입은 중개의뢰인들의 수 또는 중개계약의 건수나 그 손해액에 관계없이 손해를 입은 각 중개의뢰인들이 협회로부터 보상받을 수 있는 손해배상액의 총 합계액은 공제증서에 기재된 공제가입금액 한도 내에서 배상책임이 있다’
fraud_core,30120,2,“도급조건부계약 및 일반차명계약 현황(2008. 10. 15. 기준)”
fraud_core,31515,2,"""임대차계약일자 : 1996. 12. 12., 임차보증금 : 금 7,000,000원, 주민등록일자 : 1999. 7. 27., 임차범위 : 이 사건 부동산 중 15평, 점유개시일자 : 1996. 12. 21., 확정일자 : 1999. 7. 27."""
fraud_core,31550,2,"‘명의신탁’과 관련한 언급을 한 것으로도 보이지 않는다. C는 원고에게 임대차계약의 체결․관리를 위임하였다고 증언하였고, 원고도 피고에게 C의 사위로서 임대차계약과 관련한 모든 권한을 갖고 있다는 취지로만 언급한 것으로 보인다. 만일, 피고가 원고로부터 그 과정에서 ‘"
fraud_core,32975,2,"‘2019. 4. 10. 성매매알선으로 경찰에 단속되고 같은 해 6. 1. 임대차계약서를 다시 작성하였는데 당시 피고인과 G가 참석하였으며, 본인이 그대로 마사지업소를 운영하리라는 것을 알고 있던 피고인이 계약 명의자를 바꾸고 성매매 영업은 하지 말라고 하였다.’"
fraud_core,33049,2,"‘월세 계약이 대부분이고, 전세 계약은 몇 개 남지 않았다’"
fraud_core,33049,2,"“피고인 A는 도박 관련 채무로 인해 2017. 5.경까지 사채업자들로부터 본인 외 자녀에 대한 위협까지 받아 두려움을 느끼고 있었고, 결국 위 채무를 해결하지 못한 피고인 A의 요구로 별다른 준비 없이 갑자기 가족들 모두 해외로 출국하게 되었으며, 그 과정에서 I와 O 빌라 관리를 소홀히 하게 되었다. 이로 인해 금융기관 대출금 이자 지급이 연체되어 경매절차까지 진행되었고, 감정평가액이 시가를 제대로 반영하지 못하고 유찰되는 상황까지 이르러 결국 임대차보증금 전액을 회수하지 못한 임차인이 발생하게 되었다.”"
fraud_core,33699,2,"‘이 사건 물류센터의 감정평가가격이 37,000,000,000원으로 결정되었고, 금융권 여신금액 26,000,000,000원을 제외한 남은 금액 11,000,000,000원만으로도 피고의 2,308,500,000원 상당의 임대차보증금반환채권을 담보하기에 충분하다’"
fraud_core,33699,2,"’는 취지로 답변하였다. (3) 원고는 2018. 4. 18. 10:41경 신탁계약이 근저당권설정보다 유리한 방식이라는 취지로 재차 설득하는 이메일을 발송하였고, 피고는 같은 날 11:54경 ‘"
fraud_core,33699,2,’고 답변하면서 이 사건 신탁계약서의 초안으로 보이는 문서를 첨부하였다. 위 신탁계약서 제4조(수익자 등의 처분청구의 제한)는 ‘
fraud_core,33699,2,"‘는 취지의 내용을 삭제하며, ④ 임대차보증금 중 1,154,250,000원을 반환해달라는 등의 내용으로 이메일을 보냈다. (7) 원고는 2018. 4. 25. 15:03경 피고의 위 2018. 4. 25.자 요청사항을 반영하였다는 취지의 이메일을 보냈다. 위 이메일에 첨부된 동의서 양식에도 피고는 여전히 제3순위 우선수익권자로 명시되어 있으며, 원고와 피고가 주고받은 2018. 4. 26.자 이메일에 첨부된 동의서 양식에도 피고가 제3순위 우선수익권자로 명시되어 있고, 그 하단에는 ’"
fraud_core,33699,2,"‘라는 취지로 기재되어 있다. (8) 원고는 2018. 4. 27. ① 붙임1. 부동산신탁계약서 및 신탁재산 처분에 관한 조건(abc반영안), ② 붙임2. 부동산 담보신탁 신청 및 수익증권 발급의뢰서, ③ 붙임 3. 부동산신탁계약서 및 신탁재산 처분에 관한 조건(은행안)을 각 첨부한 이메일을 발송하면서 ’"
fraud_core,33699,2,"‘고 기재하였다. (9) 위 붙임1 계약서에는 피고가 제2순위 우선수익권자로 명시되어 있고, 이 사건 우선매수권 조항은 ‘"
fraud_core,34642,2,"'이라 한다)에 관하여, 의 실 운영자인 피고인이 본건 물건의 과반수 지분권자였던 황C, 노C1로부터 위 지분을 양수하는 계약을 체결하기는 하였으나, 위 계약이 체결될 무렵 황C, 노C1은 이미 주식회사 ◆(이하 '"
fraud_core,34642,2,"""박C2로부터 내용증명을 받은 사실이 임대차계약을 해지할 만한 사유는 아니라고 생각하였습니다."""
fraud_core,34667,2,"’라 한다)를 임대차기간 2010. 9. 13.부터 2015. 9. 13.까지, 보증금 1,000,000,000원, 차임 월 10,000,000원으로 정하여 임차하였다(이하 원고와 피고 사이의 위 임대차계약을 ‘"
fraud_core,35303,2,"’라고 한다)의 신축을 도급받은 건설회사(시공사)이다. (나) 피고는 이 사건 사업에 필요한 사업비를 조달하기 위하여 2007. 12. 26. 참가인 회사로부터 95억 원을 차용하기로 하는 이 사건 차용계약을 참가인 회사와 체결하고, 2007. 12. 27. 참가인 회사 및 원고와 이 사건 차용계약과 관련하여 피고가 제공하는 담보물의 관리와 처분을 위한 참가인 회사 및 원고의 역할 등을 정하기 위하여 이 사건 합의서를 작성하였다. 그 주요 내용은 ① 피고는 주식회사 한국토지신탁(이하 ‘"
fraud_core,36467,2,"‘H은행‘이라 한다)과 2억 1,600만 원에 관한 대출거래약정을 체결하였다. 2) G은 그 무렵 위 대출금의 상환을 보증하기 위하여 피고와 보증금액을 2억 7,000만 원으로 정한 전세금안심대출 보증계약(이하 ‘"
fraud_core,36467,2,"“본인은 이 사건 부동산에 주민등록을 전입, 22층 일부를 사용 거주하고 있으나 소유자와 실제 임대차 계약관계는 없으며 따라서 향후 귀사(원고)에 대하여는 어떠한 전세권의 권리(소액 임대차관계 포함)도 주장하지 않을 것을 확인합니다”"
fraud_core,36467,2,‘주택임대차로서의 대항력을 취득한 것처럼 외관을 만들었을 뿐 실제 주택을 주거용으로 사용·수익할 목적을 갖지 아니 한 계약’
fraud_core,36467,2,"“이 사건 부동산에 전입신고를 하기는 하였으나, 실제 임대차 계약관계 없고, 향후 전세권의 권리를 주장하지 않겠다”"
fraud_core,36467,2,‘임차인과 공모하여 전세자금 대출을 받은 후 그 임차인의 권리를 일부러 상실시키는 방법으로 담보가치를 되살려 추가로 주택담보대출을 받을 목적’
fraud_core,36678,2,"'이라는 기재가 있고, 계약서 마지막 부분에 시공사 기재와 함께 피고 대우건설의 법인인감이 날인되어 있으며, 위 각 임대차계약서 제21조에는 """
fraud_core,37602,2,’라 한다). 이 사건 임대차계약의 특약사항으로 ‘
fraud_core,38355,2,"’이라 한다)을 체결하였는데, 매매계약서 특약사항에 ‘"
fraud_core,38900,2,"""임대차계약일자 1996. 12. 12., 임차보증금 7,000,000원, 주민등록일자 1999. 7. 27., 임차범위 이 사건 주택 중 15평, 점유개시일자 1996. 12. 21., 확정일자 1999. 7. 27."""
fraud_core,38900,2,"""임차권은 임차주택에 대하여 민사집행법에 의한 경매가 행하여진 경우에는 그 임차주택의 경락에 의하여 소멸한다. 다만, 보증금이 전액 변제되지 아니한 대항력이 있는 임차권은 그러하지 아니하다."""
fraud_core,38900,2,""" 저당권·전세권, 그 밖의 우선변제청구권으로서 첫 경매개시결정 등기 전에 등기되었고 매각으로 소멸하는 것을 가진 채권자"""
fraud_core,39638,2,"’이라 한다)을 보증금 470,000,000원, 월차임 없음, 임대기간 2006. 5. 10.부터 2008. 5. 9.까지로 정하여 임차하는 계약(이하 ‘"
fraud_core,39638,2,"’이라 한다)을 체결하였다. 나. 원고는 2006. 10월경 피고로부터 고등학교 3학년인 자식의 수능시험 때문에 일시 사용했으면 좋겠다는 말을 듣고, 2006. 10. 31. 피고의 자인 E과 사이에, E에게 보증금 15,000,000원, 월차임 3,000,000원, 임대기간 2006. 10. 31.부터 2006. 11. 30.까지로 정하여 임대하는 계약(이하 ‘"
fraud_core,39657,2,“임대사업자가 임대의무기간이 지난 후 …… 임대주택을 분양전환하는 경우에는 다음 각 호의 어느 하나에 해당하는 임차인에게 우선 분양전환하여야 한다. 4. 선착순의 방법으로 입주자로 선정된 경우에는 분양전환 당시까지 무주택자인 임차인”
fraud_core,44094,2,’라 한다). 사. 이 사건 신탁계약과 그 특약사항(이하 ‘
fraud_core,44094,2,’은 ‘임차인이 속한 세대의 세대주를 포함한 세대원(세대주와 동일한 세대별 주민등록표상에 등재되어 있지 아니한 세대주의 배우자 및 배우자와 동일한 세대를 이루고 있는 세대원을 포함한다) 전원이 주택을 소유하고 있지 아니한 임차인’
fraud_core,44664,2,"'선순위임차인 총 보증금 1억 3,000만 원'"
fraud_core,44664,2,"""문제가 없는 집이니 보증금 반환에 대하여는 걱정하지 않아도 된다"""
fraud_core,44664,2,'선순위 임차인 총 보증금 및 임차 기간 추후 구두로 설명하기로 함'
fraud_core,48173,2,"‘이 사건 건물’이라 한다)를 2000. 3. 31. 원고에게 임대차보증금 2,500만 원, 임대차기간 24개월로 정하여 임대한 사실, 위 임대차계약이 존속 중인 2002. 10.경 피고는 주식회사 천광건설(2003. 3. 17. 주식회사 우리성건설로 상호가 변경되었다. 이하 ‘"
fraud_core,48346,2,"’이라 한다)을 체결하였다. ⑶ 소외 1은 위와 같이 소외 2로부터 ○○○빌리지에 관한 월세계약 체결에 관한 권한만을 위임받았을 뿐 전세계약을 체결할 아무런 권한이 없었음에도, ○○○빌리지 (층호수 생략)(이하 ‘"
fraud_core,48346,2,“공제계약에 관하여 공제가입자 또는 이들의 대리인의 사기 또는 계약의 성립에 중대한 영향을 주는 행위가 있었을 때에는 무효로 한다.”
fraud_core,50337,2,"‘로 하여 부동산 임대관리업 사업자등록을 마쳤고(사업자등록번호 1 생략), 소외 회사는 2018. 2. 14. 주주총회 결의로 해산하였는데, 피고는 2018. 5. 2. F에게 다음과 같은 내용의 위임장을 작성한 후 본인이 직접 발급받은 인감증명서와 신분증 사본 등을 첨부하여 교부하였다.   마. 원고는 2017. 2. 15.경 소외 I을 대리한 소외 회사와 사이에 천안시 서북구 J아파트 K호를 임대차보증금 35,000,000원, 임대차기간 2017. 2. 25.부터 2018. 2. 24.까지로 정하여 임차하는 임대차계약(이하 ‘"
fraud_core,50337,2,“보증금 반환에 대한 책임은 E(F)에서 책임지기로 한다.”
fraud_core,50391,2,‘전세 임대차계약이 실재하며 전세 보증금을 담보로 설정하는데 협조하겠다’
fraud_core,51258,2,‘2008. 11. 25.까지 보증금 및 임대료 등에 관한 계약내용을 알려 달라’
fraud_core,51258,2,‘임차인들의 보증금 전액을 공제한 나머지만을 매매대금으로 받았으므로 모든 권리와 의무는 삼종씨엔씨에게 승계된 것으로 안다’
fraud_core,52360,2,"'이라 한다) 중 G호에 대하여 보증금 4,000만 원, 기간 2017. 11. 15.부터 2019. 11. 14.까지로 하는 임대차계약을 체결하였다(이하 '"
fraud_core,54020,2,"‘대항력 등’이라는 표제로 제1항에서 대항력의 요건을 정하고, 제2항에서 “"
fraud_core,54987,2,"‘D은 이 사건 상가 K호를 2018. 12. 31.까지 소유권이전등기를 완료할 것임을 약속하고, 만약 이행하지 못할 경우 월세보증금 및 3개월 월세금을 반환할 것을 확약한다’"
fraud_core,55050,2,"‘이 사건 건물’이라 한다)에 관하여 2020. 7. 31. 공유물분할을 위한 경매로 인한 매각을 원인으로 한 원고 명의의 소유권이전등기를 마친 다음, 같은 날 주식회사 C 앞으로 (담보)신탁계약을 원인으로 한 소유권이전등기를 마쳐 주었다. ○ 피고는 2008. 4. 5.경 전 건물주 겸 임대인 대표인 D로부터 이 사건 건물 중 1층 대중음식점 298.00㎡(이하 ‘"
fraud_core,55050,2,"’이라 한다)를 임차한 후, 2020.경까지 계약갱신을 거듭하며 위 건물부분에서 ‘"
fraud_core,55087,2,"‘이 사건 건물’이라 한다) 중 3층 G호에 대하여 임대차보증금 4,000만 원, 임대차기간 2년으로 한 임대차계약을 체결하고(이하 ‘"
fraud_core,55413,2,"’)를, 기간 2015. 10. 1.부터 2020. 9. 30.까지 60개월간, 보증금 7,000만원, 월차임 275만원(부가가치세 포함)으로 정하여 임차하여 그곳에서 식당을 경영해 왔다. 그리고 그 무렵 원고는 이 사건 점포에 관한 상가건물임대차보호법 소정의 대항력 요건을 구비하였다. 다. 피고 C 주식회사(이하 ‘"
fraud_core,55983,2,"’이 있는 경우는 아니다. 원고는 또, 피고들이 건물인도를 거부하여 원고가 임의를 이를 인도받아 철거할 수 없게 되면, 장차 원고는 도시계획시설사업의 시행자로서 수용절차를 거쳐 이 사건 건물을 인도받아 철거할 수 있을 터이므로 원고에게는 계약갱신을 거절할 수 있는 정당한 사유가 있다는 취지로도 주장한다. 그러나 원고가 그 같은 절차를 거쳐 이 사건 건물을 수용하여 철거할 수 있다고 하더라도, 장차 그 같은 가능성이 있다는 것만으로는 상가건물 임대차보호법 제10조 제1항 단서 및 제7호 다.목이 규정한 ‘"
fraud_core,56786,2,"‘이 사건 건물’이라 한다)를 임대차보증금 1억 2,000만 원에 임대한다는 내용의 2012. 4. 9.자 임대차계약서(이하 ‘"
fraud_core,56786,2,"‘피고 A가 허위 전세계약서(이 사건 임대차계약서를 의미한다), 허위 재직증명서 등을 H은행 담당자에게 제출하는 방법으로 피해자 H은행을 기망하여 대출금을 편취하였다’"
fraud_core,57522,2,’란 기재 각 차임에 임차하는 계약(이하 위 임대차계약을 통틀어 ‘
fraud_core,59431,2,“위 제4조의 충분한 협의 결과 임차인 피해자 가족은 별도의 세대구성 없이 임대인 D의 동거인으로써 전입신고를 하기로 한다”
fraud_core,59463,2,"‘라 한다)에 관하여 보증금 5,000만 원, 월 차임 143만 원(부가가치세 포함, 이하 같다)으로 정하여 임대차계약(이하 ’"
fraud_core,59463,2,"’라 한다)를 마쳤다. 나. 한편, 원고와 C는 2019. 11. 11. 별지 목록 기재 부동산 중 각 1/2지분에 관하여 소유권이전등기를 마쳤는데, 원고와 C는 2019. 11. 11. 피고와 사이에 이 사건 상가에 관하여 보증금 5,000만 원, 월 차임 143만 원, 임대차기간 2019. 11. 11.부터 2021. 6. 11.까지로 정하여 임대차계약(이하 ’"
fraud_core,59463,2,"”는 취지의 내용증명우편을 발송하였고, 위 내용증명우편은 그 무렵 원고에게 도달하였다. [인정근거] 다툼 없는 사실, 갑 제1 내지 3호증, 을 제1, 2호증의 각 기재, 변론 전체의 취지 2. 당사자의 주장 가. 원고 1) 원고는 피고에게 이 사건 임대차계약에 관하여 갱신거절의 의사표시를 하였고 피고가 상가건물 임대차보호법(이하 ’"
fraud_core,59482,2,"“㉠ 피고인의 주식 2,420주(1억 9,300만 원)를 그 대금을 지급받은 후 차기 대표이사인 공소외 5에게 일괄 양도한다. ㉡ 공소외 5, 공소외 1, 공소외 4는 피고인의 지분 2,420주에 대한 대금 1억 9,300만 원을 2012. 5. 30.까지 현금으로 지불한다. ㉢ 공소외 5, 공소외 1, 공소외 4는 2012. 3. 21.부터 피해자 회사의 임대차보증금 2억 원에 대하여 피고인에게 채권양도를 하되, 2012. 5. 30.까지 1억 9,300만 원을 지급완료 시 피고인은 임대차보증금에 대한 채권양도를 취소한다.”"
fraud_core,59532,2,"’이라 한다)을 체결하고, 같은 날 G에 신탁을 원인으로 한 소유권이전등기를 마쳐 주었다. 다. 원고는 2016. 9. 27. 공인중개사인 피고의 중개로 C과 사이에 이 사건 부동산을 임대차보증금 60,000,000원, 차임 월 400,000원, 임대차기간 2016. 10. 9.부터 2018. 10. 8.까지로 정하여 C으로부터 임차하는 내용의 임대차계약(이하 ‘"
fraud_core,59532,2,"‘신탁자가 신탁계약체결 이후 새로운 임대차계약을 체결하는 경우에는 수탁자 및 우선수익자의 서면에 의한 동의를 받아야 하고(제11조 제2항), 신탁자가 수탁자 또는 우선수익자의 동의 없이 신탁부동산을 제3자에게 임대함으로서 발생하는 모든 손해나 비용을 배상할 책임이 있다(제5조)’"
fraud_core,60279,2,"‘대물변제, 차명, 이중계약 등 주택공급에 관한 규칙에 의한 정상계약자가 아닌 경우’"
fraud_core,60541,2,"’ 운영으로 발생한 주류대금이나 비품대금, 세금 및 공과금을 모두 지급하였고, 위 주점의 매출내역도 관리하였던 점, 반면 피고인은 위 주점에 관하여 위와 같이 임대차계약서상 임차인으로 기재되어 있었을 뿐 실제 주점의 관리에 관하여 어떠한 권한을 가지고 있었다거나 권한을 행사하였음을 뒷받침하는 아무런 자료도 보이지 아니하는 점, 피해자와 피고인 사이의 2019. 3.경 및 4.경에 주고받은 카카오톡 문자메시지에는 피해자가 피고인에게 ‘"
fraud_core,61740,2,"‘이 사건 주택’이라고 한다)의 소유자인 C과 이 사건 주택에 관하여 임대차보증금 180,000,000원, 임대차기간 2019. 6. 24.부터 2021. 6. 23.까지로 정한 임대차계약(이하 ‘"
fraud_core,63985,2,"‘이 사건 건물’이라고 한다)을 보증금 1억 원, 월 차임 500만 원, 임대차기간 2015. 4. 30.부터 2019. 10. 30.까지로 정하여 임대하는 내용의 임대차계약을 체결하였고, 이후 피고 D는 이 사건 건물에서 고시원을 운영하였다. 나. 피고 D는 소외 법무법인 F을 소송대리인으로 선임하여 2018. 7. 3. 원고 B을 상대로 권리금회수방해로 인한 손해배상과 필요비 상환 등을 이유로 374,025,780원의 지급을 구하는 소(서울중앙지방법원 G, 이하 ‘"
fraud_core,63985,2,“피고는 건물을 임대한 뒤 갖은 명목으로 임차인을 내쫓은 뒤 임차인이 마련한 설비 등을 그대로 이용하여 영업을 함으로써 부를 축적한 것으로 일대에서 악명이 자자한 임대사업자였습니다.”
fraud_core,64434,2,"‘C’이라는 상호의 가게를 운영하였다. 다. 이후 위 임대차기간의 종기가 다가오자 원·피고는 임대차보증금액은 그대로 유지하고 차임은 월 160만 원으로 증액하되, 임대차기간을 2017. 1. 6.부터 2019. 1. 5.로 정한 임대차계약을 새롭게 체결하였다(이하 ‘"
fraud_core,64434,2,”고 판시하고 있다(대법원 2020. 11. 5. 선고 2020다241017 판결). 이에 따르면 존속 중인 임대차 중 계약 갱신 사유가 모두 소진된 4년 초과 임대차를 제외한 나머지 임대차에 관하여는 개정법이 적용되는 결과가 되므로(위 판시 중 ‘
fraud_core,64434,2,‘(갱신되는) 임대차는 전 임대차와 동일한 조건으로 다시 계약된 것으로 본다’
fraud_core,65094,2,"""매장을 L 쪽으로 옮겨주겠다. K점은 매출이 많은 관계로 보증금 5,000만 원을 추가로 지급해야 한다. 보증금을 더 내고 K점을 운영해보라."""
fraud_core,65094,2,"' Q역점에 대하여 가맹점계약을 체결하면서 피해자로부터 2018. 5. 12.경 계약금 명목으로 500만 원, 같은 해 5. 17.경 중도금 명목으로 4,000만 원을 피고인 명의의 S 계좌(T)로 각 송금 받았다. 이로써 피고인은 피해자를 기망하여 이에 속은 피해자로부터 합계 4,500만 원을 교부받아 편취하였다. 4. [2018고단4379] 피고인은 서울 송파구 U건물, V호에 본점을 둔 주식회사 W를 운영하면서 '"
fraud_core,65094,2,"'이라는 상호의 프랜차이즈업을 영위하는 자로서, 2017. 6.경 서울교통공사가 주식회사 AU에 AV역 AW호 점포를 임대하고 이를 지인인 AX이 운영하는 주식회사 AY이 위탁운영하기로 한 것을 기화로 자신에게 위 점포에 대한 운영 권한이 있는 것처럼 프랜차이즈 계약을 체결하고 가맹점주로부터 보증금 등을 편취하기로 마음먹었다. 피고인은 2017. 6. 29. 서울 종로구 L에 위치한 E K점에서 피해자 AZ에게 """
fraud_core,67340,2,"‘피고’라 한다)와 사이에, 공제기간을 2002. 5. 3.부터 2003. 5. 2.까지, 공제가입금액을 1억 원으로 하되, 부동산중개업자인 공제가입자가 부동산중개행위를 함에 있어서 고의 또는 과실로 인하여 거래당사자에게 재산상의 손해를 발생하게 한 경우 피고가 거래당사자에게 발생한 재산상 손해를 공제가입금액의 한도 내에서 보상하여 주기로 하는 내용의 공제계약을 체결하였고, 이후 각 공제기간이 만료되면 이를 1년씩 갱신하여 위 공제기간을 2008. 5. 2.까지로 순차 연장하였다(이하 ‘"
fraud_core,67340,2,"‘계약단위’를 규정하고 있는 사실을 인정할 수 있고, 공인중개사법 제30조 제3항 및 제38조 제2항 제8호는 중개업자로 하여금 업무를 개시하기 전에 손해배상책임을 보장하기 위하여 공제에 가입하는 등의 조치를 취하도록 강제하면서, 위와 같은 손해배상책임을 보장하기 위한 조치를 이행하지 아니하고 업무를 개시한 경우 중개사무소의 개설등록을 취소할 수 있도록 규정하고 있다. 위 인정 사실과 공제약관 및 공제업무취급예규의 관련 조항의 문언, 조문 체계나 공제제도의 취지 등에 비추어 보면, 공제약관에서 “"
fraud_core,68048,2,"’이라 한다)을 체결하였는데, 이 사건 업무협정서 및 그에 따른 부속협정서 중 이 사건에서 문제되는 주요 조항은 아래와 같다. 이후 피고는 이 사건 업무협정에 따른 위 H의 원고에 대한 보험계약상의 의무를 그대로 승계하였다.  라. 원고는 이 사건 업무협정 외에도 소외 I 주식회사(이하 ‘"
fraud_core,68959,2,"‘G’이라고 한다) 명의의 소유권이전등기가 마쳐져 있었고, 신탁원부에 위탁자 피고 B와 수탁자 G 사이의 부동산담보신탁계약이 공시되어 있었다. (3) 한편 피고 C은 이 사건 임대차계약 체결 과정에서 원고에게 ‘"
fraud_core,69953,2,"‘피고 삼종씨엔씨가 원고와의 임대차계약을 승계하였고, 2009. 12. 31.에 기존 임대차 계약기간이 만료되면 재임대는 하지 않겠다’"
fraud_core,71560,2,"’라 한다)를 상대로 임대차보증금의 반환을 구하는 외에 구 상가건물 임대차보호법(2018. 10. 16. 법률 제15791호로 개정되기 전의 것, 이하 ‘"
fraud_core,72141,2,‘피고 협회’라고 한다)는 공인중개사법에 의한 공제사업자로서 피고 B과 공동으로 원고가 입은 손해를 배상할 의무가 있다. 나. 판단 1) 인정사실 다음 각 증거에 의하면 아래 각 사실을 인정할 수 있다. ① 임대인 F은 이 사건 임대차계약 체결 이전인 2016. 7. 7. 이 사건 부동산에 관하여 주식회사 G(이하 ‘
fraud_core,72502,2,’이 사건 L호‘라고 한다) 및 M호에 대한 각 분양계약서를 지급하며 공사잔금 완납시 위 각 분양계약서는 무효로 할 것을 쌍방 합의한다’
fraud_core,72793,2,"‘Q호 AE 1차 계약금 1,000만 원은 상기금액에 포함되어 환불되었으니 AX호 원고 계약은 무효임을 확인한다’"
fraud_core,72793,2,"‘AY호 AZ의 1차 계약금 1,000만 원이 위 금액에 포함되어 환불되었으니 BA호 V 계약은 무효임을 확인한다’"
fraud_core,72793,2,"‘BB호 BC의 1차 계약금 1,000만 원이 상기금액이 포함되어 환불되었으니 BB호 W 계약은 무효임을 확인한다’"
fraud_core,72793,2,"‘BD호 BE의 1차 계약금 1,000만 원이 위 금액에 포함되어 환불되었으니 BD호 W 계약은 무효임을 확인한다’"
fraud_core,73229,2,"‘H’의 인적사항과 이름을 적고 H의 인영을 그리고, 임차인란에 피고인의 이름을 기재하고, 임차대리인란에 피고인의 부친 G 이름을 기재하여 권리의무에 관한 사문서인 H, G 명의의 부동산임대차계약서 1부를 위조하였다. 나. I 명의의 인테리어비 영수증 위조 피고인은 2020. 3. 13.경 전주시 완산구 C, D호 피고인의 주거지에서, 행사할 목적으로 컴퓨터를 이용하여 인터넷에서 다운받은 영수증 이미지파일과 한글프로그램을 이용하여 ‘"
fraud_core,75554,2,"‘이 사건 주택’이라 한다)을 임대차보증금 100,000,000원에 임차하는 임대차계약(이하 ‘"
fraud_core,76451,2,"’이라고 한다)설정등기를 마쳐주었다. 다. 피고는 서울중앙지방법원 2019카임343호로 이 사건 주택에 관한 임차권등기명령을 신청하여 2019. 11. 18. 인용결정을 받고, 이에 기하여 서울중앙지방법원 2019. 12. 30. 접수 제205823호로 임차보증금 330,000,000원, 임대차계약일자 2017. 9. 25., 주민등록일자, 점유개시일자, 확정일자 각 2017. 11. 15.인 주택임차권설정등기(이하 ‘"
fraud_core,76682,2,"’라 한다)를 피고에게 인도할 때까지 매월 700,000원씩을 지급하라. 2. 항소취지 제1심판결을 취소한다. 원고의 본소 청구를 기각하고, 반소 청구취지와 같은 판결을 구한다.  이유 본소와 반소를 함께 본다. 1. 기초사실 가. 원고는 17. 6. 4. 피고와 사이에 이 사건 아파트에 관하여 임대차보증금 20,000,000원, 월 차임 300,000원, 임대차기간 2017. 6. 18.부터 2019. 6. 17.까지로 정한 임대차계약(이하 ‘"
fraud_core,76821,2,"’라고 한다)의 임대차보증금반환채권의 부존재 주장에 관하여(상고이유 제2점) 원심판결 이유에 의하면, 원심은 그 채용 증거를 종합하여 피고 은성교회는 교회 신축공사의 수급인인 피고 다인종합건설 주식회사(이하 ‘"
fraud_core,76821,2,"‘임차인’에 해당하는지 여부 등에 관하여 심리하지 않은 채, 그 판시 사정만을 들어 피고 은성교회의 동시이행항변을 받아들이고 말았으니, 이러한 원심판단에는 이 사건 조항에 정한 ‘"
fraud_core,77619,2,"’이라 한다). 나. 원고는 C에게 이 사건 임대차보증금 3,500만 원을 지급하고, E호를 인도받아 거주하였고, 2017. 12. 11. E호로 전입신고를 하였다. 다. 이 사건 임대차계약은 기간만료로 종료하였다. 원고는 ‘"
fraud_core,77619,2,"‘는 약정을 체결하였으므로, 이 사건 건물에 관한 소유권은 H 또는 C에게 이전되어야 할 것이어서, 이러한 점에서도 피고는 이 사건 임대차보증금 반환의무가 없다.“"
fraud_core,78078,2,‘입주예정자’로 각 정하여 다음과 같은 내용의 주상복합주택 분양보증계약을 체결하였다(이는 수분양자를 제3자로 하는 제3자를 위한 계약에 해당한다. 이하 ‘
fraud_core,78078,2,’를 ‘시행자의 분양계약 이행불능의 기초가 되는 분양계약 불이행이 발생한 때’
fraud_core,79239,2,"’이라 한다)을 체결하였고, 그에 따라 위 점포에 2007. 10. 11. 피고 2회사 명의로 신탁을 원인으로 한 소유권이전등기가 마쳐졌다. (4) 이 사건 신탁계약의 주요 내용은 다음과 같다. 제1조 (신탁목적) 이 신탁은 신탁부동산의 소유권 권리와 위탁자가 부담하는 채무 내지는 책임의 이행을 보장하기 위하여 수탁자가 신탁부동산을 보전·관리하고 채무불이행시 환가·정산하는데 그 목적이 있다. 제3조 (수익자) ① 이 신탁계약에서 신탁원본의 제1순위 우선수익자는 ‘"
fraud_core,81923,2,"’이라 한다)을 체결한 후 그 무렵 각 임대주택에 입주하였고, 그 후 원고들은 2005년 12월경부터 2006년 12월경까지 사이에 평창토건과의 기존 임대차계약을 갱신하면서 평창토건에게 별지 3.의 “"
fraud_core,81923,2,”란 기재 각 임대차보증금을 지급하였다. 〈이 사건 각 임대차계약에 포함된 임대주택의 매각조건〉 제12조(임대주택의 매각) ① “
fraud_core,81923,2,"”이 임대개시 후 2년 6개월이 경과한 시점에서 매각에 합의할 시에는 그 합의 시점에 매매계약토록 한다. 단, 임차인은 무주택자인 경우에 한한다. ② “"
fraud_core,81923,2,"”은 신탁기간 또는 신탁종료 후 신탁부동산의 하자 및 그 하자를 원인으로 하여 발생한 손실에 대하여 그 책임을 진다. 제7조(신탁원본 및 신탁의 수익) ① 신탁원본은 신탁부동산과 회사가 보관하고 있는 임대보증금, 신탁부동산의 물상대위로 취득한 재산 및 기타 이에 준하는 것으로 한다. ② 신탁의 수익은 신탁부동산으로부터 발생하는 임료 및 기타 이에 준하는 것으로 한다. 제8조(수익권증서) ② 본 계약에 의한 수익권은 “"
fraud_core,81923,2,‘임대사업자의 부도 또는 파산으로 임대보증금의 반환이 곤란한 경우’
fraud_core,82049,2,"‘로 하여 부동산 임대관리업 사업자등록을 마쳤고(사업자등록번호 1 생략), 소외 회사는 2018. 2. 14. 주주총회 결의로 해산하였는데, 피고는 2018. 5. 2. F에게 다음과 같은 내용의 위임장을 작성한 후 본인이 직접 발급받은 인감증명서와 신분증 사본 등을 첨부하여 교부하였다.   마. 원고는 2017. 2. 15.경 소외 I을 대리한 소외 회사와 사이에 천안시 서북구 J아파트 K호를 임대차보증금 35,000,000원, 임대차기간 2017. 2. 25.부터 2018. 2. 24.까지로 정하여 임차하는 임대차계약(이하 ‘"
fraud_core,82049,2,“보증금 반환에 대한 책임은 E(F)에서 책임지기로 한다.”
fraud_core,82217,2,"“D아파트 H호는 회사 소유분으로, 내가 이 아파트의 소유자이자 건물주이고, 대출 문제로 소유 명의만 E으로 넘어가 있지만 아무런 문제가 없으니 나와 계약을 하면 된다, 보증금 3,000만 원에 월세 45만 원에 임대하겠다”"
fraud_core,82217,2,"“D아파트 K호는 회사 소유분으로, 내가 이 아파트의 소유자이자 건물주이므로 나와 계약을 하면 된다, 보증금 3,000만 원에 월세 42만 원, 관리비 7만 원에 임대하겠다”"
fraud_core,82265,2,"“임차권은 임차주택에 대하여 민사소송법에 의한 경매가 행하여진 경우에는 그 임차주택의 경락에 의하여 소멸한다. 다만, 보증금이 전액 변제되지 아니한 대항력이 있는 임차권은 그러하지 아니하다.”"
fraud_core,83036,2,"“2016. 5. 1.경부터 보증금 1,000만 원에 월세 100만 원을 주기로 하고 임대차계약을 하고 2. 1.경부터 인터넷을 통해 태국 여성을 고용한 후 단독으로 성매매 영업을 하고 있다.”"
fraud_core,84309,2,’이라 한다)의 일부를 각 임차하여 점유하고 있는 자들이다. 나. 이 사건 임대차계약 피고들은 당시 이 사건 건물의 소유자였던 G과 아래 [표1] 기재와 같은 내용의 각 임대차계약을 체결하였다(이하 ‘
fraud_core,85980,2,"’ 사무실에서 C가 2018. 12. 21.자로 장애인인 D을 위한 특정후견인으로 선임되었고(2019. 1. 8. 확정), 특정후견인이나 D으로부터 D 명의의 임대차계약서 작성에 대한 권한을 위임받은 사실이 없음에도 불구하고 임의로 계약자 성명 란에 ‘"
fraud_core,85980,2,’라고 기재되어 있는 임대차계약서 계약자 란에 검은색 볼펜으로 ‘
fraud_core,85980,2,"’이라고 기재하고 그 옆에 미리 새기어 가지고 있던 D 명의의 도장을 날인하였다. 이로써 피고인은 D의 대리인 자격을 모용하여 권리의무에 관한 사문서인 임대차계약서를 작성하였다. 2. 자격모용작성사문서행사 피고인은 위와 같은 일시, 장소에서 위 사무실에 있는 성명불상의 직원에게 위 임대차계약서를 제출하였다. 이로써 피고인은 자격을 모용하여 작성한 사문서를 행사하였다. 판단 ‘"
fraud_core,86396,2,"”을 개업하였다. H은 그 전인 2019. 7. 29.부터 2019. 8. 1.까지 원고 A을 비롯한 4명을 위 치과의원의 직원으로 고용한 상태였다. 2. 원고들 주장의 요지 피고는 이 사건 각 분양계약을 체결할 당시 원고들에게 이 사건 건물 F호, G호는 근린생활시설이어서 치과의원을 개업할 수 있다는 취지로 설명하였고, 이후 위 각 호실에서 개업할 치과의원의 공간을 추가로 확보하려는 원고들에게 위 각 호실에 접한 위 I호, K호에 대한 이 사건 각 임대차계약의 체결을 주선하였으나, 피고의 설명과 달리 “"
fraud_core,86396,2,"”임을 알 수 있었다. 그럼에도 원고들은 그 주장에 따르더라도 위 I호~G호에서 인테리어 공사를 시작한 2019. 6.경까지 그 용도변경에 대하여 아무런 조치를 취하지 않았다. 원고들은 2019. 1. 23. 위 F호, G호에 대한 소유권이전등기를 마쳤고, 2019. 3. 13. 위 I호, K호에 대한 임대차계약을 체결하고 같은 날 위 I호, K호를 인도받았다. 이 사건 각 임대차계약서에는 위 각 호실의 용도가 “"
fraud_core,87170,2,"‘이 사건 건물’이라 한다) 중 3층 G호에 대하여 임대차보증금 4,000만 원, 임대차기간 2년으로 한 임대차계약을 체결하고(이하 ‘"
fraud_core,89289,2,"’이라고 한다)한 후 2018. 12. 29.까지 C 등에게 임대차보증금을 모두 지급하였다. 나. 원고는 2018. 12. 29. 이 사건 아파트에 입주하여 점유를 개시한 후 2019. 1. 3. 전입신고를 마쳤다. 다. 피고는 2019. 3. 22. 이 사건 아파트에 관하여 2018. 8. 18.자 매매를 원인으로 하여 소유권이전등기를 마쳤고, 이에 원고는 2019. 5. 17. 이 사건 아파트에 관한 새로운 소유자인 피고와 사이에 종전 임대차와 주요 부분이 동일한 내용의 임대차계약서(이하 ‘"
fraud_core,90057,2,"「피고인은 2005. 11. 9.경 서울 마포구 합정동 (이하 생략) 공소외 1 법무사 사무실에서, 사실은 피해자 공소외 2로부터 인수금 명목으로 금원을 받더라도 이를 서울 영등포구 영등포동2가 (지번 생략) 소재 상가주택에 입주하여 있는 세입자들에게 임대차보증금으로 반환하여 줄 의사나 능력이 없음에도 불구하고, 피해자에게 “"
fraud_core,90237,2,"’이라고 한다]에 관하여 임대차보증금 2,000만 원, 차임 월 145만 원(매월 12일 지불, 부가가치세 포함), 관리비 45만 원, 임대차기간은 36개월로 정하여 임대차계약을 체결하였다(아래에서는 ‘"
fraud_core,90237,2,"’이라고 한다)에 관하여 임대차보증금 1,000만 원, 차임 월 88만 원, 관리비 396,000원, 임대차기간은 36개월로 하는 임대차계약을 체결하였다(아래에서는 ‘"
fraud_core,90237,2,"’는 원고가 다수의 임차인들과 계약을 체결할 때마다 사용되는 양식임을 알 수 있으므로, 위 화해조서는 약관의 규제에 관한 법률 제2조 제1호가 정하는 ‘"
fraud_core,90966,2,"“입주자모집공고에 따른 분양계약의 체결로 입주예정자가 발생하였으나, 나중에 분양계약의 무효 또는 취소 등으로 인하여 해당 주택에 입주예정자가 없는 경우, 사업주체는 그 사실을 증명하는 서면을 첨부하여 해당 주택에 관한 금지사항 부기등기의 말소를 신청할 수 있다”"
fraud_core,91063,2,"‘이 사건 건물’이라 한다)에 관하여 임대차보증금 6,000만 원으로 하는 임대차계약(이하 ‘"
fraud_core,91527,2,"‘이 사건 건물’이라 한다)를 임대차보증금 8,000만원, 월차임 250만원(부가가치세 별도), 기간 2015. 6. 1.부터 2017. 5. 31.까지로 정하여 임차하는 내용의 임대차계약을 체결하고(이하 ‘"
fraud_core,91527,2,"’라 한다), 그 무렵 D에게 임대차보증금을 지급하고 이 사건 건물을 인도받은 다음 2015. 5. 27. 이 사건 건물을 사업장 소재지로 한 사업자등록을 마쳤다. 나. 원고는 2018. 10. 1.경 C의 대리인인 D에게 2018. 11. 10.을 종료일로 하여 이 사건 임대차를 해지하겠다는 의사표시를 하였고, D은 이에 동의하였다. 다. 피고는 C과 부부였던 사이로, C을 상대로 제기한 서울가정법원 2017드합31708 이혼 등 청구의 소 계속 중 2018. 10. 12. ‘"
fraud_core,91527,2,"“원고가 D으로부터 8,000만원을 차용하고, 피고로부터 이 사건 임대차보증금을 반환받는 즉시 위 차용금을 변제한다”"
fraud_core,92012,2,"“마. 원고들은 이 사건 신탁계약 당시 우선수익자이거나(원고 2, 3, 9, 10, 12), 금융위원회의 계약 이전 결정 등에 따라 우선수익자의 지위를 이전받았거나(원고 7, 8), 우선수익자의 파산관재인(원고 1, 4, 5, 6, 11)이다.“"
fraud_core,93728,2,"‘보증금 일천오백만 원, 계약금 이백만 원, 잔금 일천삼백만 원, 월세 사십만 원’"
fraud_core,93747,2,"'라 한다)에 관하여 임대차보증금 9,000,000원, 월 임대료 75,000원, 입주예정일 2011. 11.로 정하여 임대차계약(이하 '"
fraud_core,93747,2,"'을 반환할 의무를 부담할 뿐인데, 이 사건 특약은 임대주택을 인도하여야 하는 날의 다음날부터 그 인도 완료일까지 '"
fraud_core,94593,2,"""빌딩 내의 이 사건 점포를 임대보증금 5,000만 원, 차임 월 금 100만 원에 임대받아 그 임대보증금의 일부로 금 3,900만 원을 지급하였는데도 위 점포건물에 대한 사용검사가 나오지 않아 개업이 늦어지게 되자 위 피해자를 위협하여 손해배상 명목으로 금원을 갈취할 것을 마음먹고, (1). 1993.10.27. 15:00경 이 사건 건물신축공사현장사무실내에서 위 피해자에게 """
fraud_core,94976,2,"‘이 사건 건물’이라 한다)의 소유자로서 임차인인 피고 D을 상대로 이 사건 건물을 인도하라는 소송을 제기하였고, 2020. 4. 6. 이 사건 건물을 비롯한 부지 일체를 주식회사 E 명의로 소유권이전등기를 마쳐준 이후에도 임대인의 지위에서 소송을 계속 수행하여 2020. 7. 22. 인용판결(춘천지방법원 2019가단55817 판결, 이하 ‘"
fraud_core,95290,2,"'이라고 한다)을 체결하였다. 2) 이 사건 임대차계약에는 특약사항으로 """
fraud_core,95290,2,"""는 정함이 있다. 다. 원고의 피고 B의 임차권 등 양수 1) 원고는 2017. 3. 29. 보증금 2,500만 원, 권리금 5,000만 원, 차임 160만 원으로 피고 B의 임차권과 피고 업체의 영업을 양수하는 계약(이하 '"
fraud_core,95611,2,“공제계약에 관하여 공제가입자 또는 이들의 대리인의 사기 또는 계약의 성립에 중대한 영향을 주는 행위가 있었을 때에는 무효로 합니다.”
fraud_core,95626,2,“어제 원고 A이 전화로 피고의 계약해지 통보사실을 알리며 원고 A이 권리금을 받을 수 있는지 물어보았다”
fraud_core,95626,2,"“임대보증금을 안주고 시간을 끌 수도 있었는데 그러면 담당 영업사원이 회사에서 문책을 받을까봐 제 시간에 맞추어 임대보증금을 내 주었다, 그 가게는 권리금 4억 원에 대하여 한 푼도 못 받고 나갔다”"
fraud_core,98147,2,'이라 한다)을 체결하였다. 이 사건 임대차계약 특약사항에는 '
fraud_core,98147,2,"'라고 소개하면서 이 사건 부동산의 소유자인 I로부터 모든 권한을 위임받았다고 말하였으며, 피고 협회와 사이에 체결된 공제증서 등을 보여주면서 이 사건 임대차계약서 및 중개대상물 확인설명서의 중개업자란에 임대인 I 및 피고 B 명의로 각 서명 및 날인을 하였다. 4) 그러나 사실은 피고 C이 이 사건 부동산의 소유자인 I로부터 '"
fraud_core,98147,2,'는 취지로 위임을 받은 것에 불과하여 위임내용을 초과하여 계약을 체결할 권한이 없음에도 그 권한을 벗어나 이 사건 임대차계약을 체결한 것이었다. 다. 관련 형사사건 1) 피고 B은 2017. 11.경 부산 부산진구 E에 있는 피고 C 운영의 '
fraud_core,98792,2,"“임차인을 구해 전세자금 대출을 받아 1억 4,000만 원을 마련할 수 있을 것 같으니 나머지 임대보증금 6,000만 원을 소유자인 Q에게 실제로 지급한 것처럼 거래내역을 만들어 달라.”"
fraud_core,99387,2,"’란 기재와 같다. 3. 피고 2 주식회사에 대한 제1, 2예비적( 대법원 판결의 원고 47, 48은 단순병합) 청구원인 중 기망, 착오, 이행불능, 이행지체, 하자담보책임, 계약금포기에 따른 해제, 임대차계약의 일부무효, 지체상금 및 대법원 판결의 원고 7, 8, 9, 18, 24, 26, 28의 개별적 해제 주장에 대한 판단 이 부분에 관하여 이 법원이 설시할 내용은 제1심 판결 중 “"
fraud_core,99791,2,‘Q건물 R호’라고만 한다)를 임차보증금을 승계하는 조건으로 매수하고 2018. 10. 5.경 피고인 C 명의로 소유권이전등기를 마쳤다. 1. 사문서위조 피고인들은 2018. 11월경 장소를 알 수 없는 곳에서 인쇄된 부동산임대차계약서 용지의 부동산표지란의 소재지에 ‘
fraud_core,99791,2,“명의도용을 당해서 세금문제가 발생했다. 그래서 집에 압류가 걸려 세입자를 보호하기 위해 어쩔 수 없이 보증금이 적은 월세계약서로 해놓았다(수사기록 7면).”
fraud_core,101266,2,"’라 한다)를 마쳐 주었다. 다. 원고는 2018. 6. 28. 피고 D의 중개로 피고 B과 사이에, 이 사건 부동산을 보증금 183,000,000원, 기간 2018. 7. 13.부터 2020. 7. 12.까지로 정하여 임차하는 내용의 임대차계약(이하 ‘"
fraud_core,101266,2,’라 한다)를 마쳐 주었다. 마. 이 사건 신탁계약의 주요 내용은 다음과 같다.   바. 이 사건 임대차계약서의 ‘
fraud_core,102285,2,"‘계약기간 내에 대출 및 설정이 있을 시 언제든지 계약을 파기할 수 있고, 그 경우 전세금을 즉시 돌려주겠다.’"
fraud_core,103248,2,"’이라 한다)을 체결하였는데, 이 사건 임대차계약 당시 작성된 계약서의 주요 내용은 아래와 같다.  』"
fraud_core,103991,2,"’이라 한다)을 체결하고, 피고로부터 이 사건 분양보증계약에 관한 주택분양보증서를 발급받았다. 나-2. 이 사건 분양보증계약과 일체를 이루는 주택분양보증약관(이하 ‘"
fraud_core,103991,2,"’이라고 기재되어 있고, 이 사건 분양계약서 제5조 제3항(보증이행 대상이 아닌 채무)에는 이 사건 약관 제4조와 동일한 내용의 면책사항이 기재되어 있다. 또한, 이 사건 분양계약서에는 ‘"
fraud_core,103991,2,"‘선의’를 판단하는 기준이 되어서는 안 된다. 원고들은 대물변제 채권자도, 허위분양 계약자도 아니고, 국민은행으로부터 대출을 받아 실제로 중도금을 납부한 선의의 수분양자이다. 또한, 원고들은 이 사건 분양계약 체결 당시 장훈건설이 입주자모집공고 전에 분양을 하는 것임을 알지 못했다. 따라서, 원고들이 이 사건 아파트를 사전분양 받았다 하더라도, 적어도 원고들이 입주자모집공고 이후에 납부한 중도금에 대하여는 이 사건 약관 제4조 제3호가 적용되지 않는 것으로 해석되어야 한다. (2) 판단 살피건대, 이 사건 약관 제4조 제3호는 ‘"
fraud_core,105152,2,"‘본필지에 대한 2003. 5. 29. 가처분 신청에 따른 가처분 해지를 조건으로 보상금액(1,486,726,000원)을 지급하기로 하여 재계약 작성하였음’"
fraud_core,107038,2,"‘이 사건 주택’이라 한다)을 임대차보증금 2억 1,500만 원, 기간 2016. 3. 3.부터 30개월인 2018. 9. 2.까지로 정하여 임차하는 계약(이하 ‘"
fraud_core,108004,2,"’이라 한다)를 임대차보증금 4,000만 원, 기간 2002. 1. 9.까지로 정하여 임차하는 계약(갑 제3호증, 이하 ‘"
fraud_core,108293,2,"’라 한다)를 보증금 200,000,000원, 임대기간 2017. 6. 30.부터 2019. 6. 29.까지로 정하여 임차하기로 하는 임대차계약을 체결하였다(이하 ‘"
fraud_core,108635,2,"‘파일 출력자료’( ◇◇사업소 예치보증금 현황, 수사기록 1051쪽)에 의하면, ◇◇사업소 예치보증금 현황이라는 제목으로 2006년 8월 10일 기준으로 작성된 위 문서의 현장명 란에 ‘"
fraud_core,108635,2,"’에 해당하지 아니함은 명백하고, 또한 앞서 본 바와 같이 재개발정비사업지구 내 주민은 건설공사를 도급 또는 하도급을 받을 목적으로 도급계약을 체결하기 위하여 경쟁하는 자로서 도급계약의 체결 여부에 직접적이고 법률적인 이해관계를 가진 ‘"
fraud_core,108635,2,"”에 관한 용역계약 및 공소외 6 회사와 공소외 8 회사 사이의 수도권 조사용역에 관한 용역계약이 체결된 바 없다는 점을 입증취지로 하여, 공소외 7, 5 및 피고인 5 회사 임직원, 재개발조합 관련자들의 진술 및 공소외 6 회사 법인계좌 거래내역, 공소외 8 회사 법인계좌 거래내역, 단독주택 재건축 용역보고서 검토 등의 문서를 각 제출한 바 있다. (다) 이 사건 의견서 등의 증거능력 1) 검사의 입증취지, 피고인 1, 2, 피고인 5 회사(이하 이 항에서 “"
fraud_core,109818,2,"'이라고 한다)을 8,500만 원(건물 부지 임대차보증금 1,000만 원 포함)에 매수하는 계약을 H 명의로 체결하면서 D으로부터 """
fraud_core,109818,2,"'는 취지의 설명을 하지 아니하고, 2009. 12. 하순경 본건 토지에 관한 임대차계약을 체결할 당시에도 피고소인 I는 위와 같은 약정에 대해 설명을 하지 않는 방법으로 고소인을 기망하여, 피고소인 D은 본건 건물에 대한 매매대금 8,500만 원을 교부받고, 피고소인 I는 임대차보증금 1,000만 원, 5년간 매월 110만 원의 월세를 교부받아 각각 편취하였다."""
fraud_core,111202,2,"’, 내용 : ‘위 당사자는 수원시 팔달구 …(중략)… 임차인 B이 준 중개수수료 3,000,000원 중 각각 임대인이 1,500,000원 씩 부담하기로 하고 쌍방 합의 하에 (후략)…’"
fraud_core,113887,2,"’라고 한다.)를 조성한 다음 이사건 상가를 분할하여 임대 분양하였고, 원고는 피고로부터 이 사건 상가 점포를 임차한 사람이다. 나. 임대차계약의 체결 및 임대차보증금의 지급 등 ⑴ 원고는 2000. 8. 17.경 피고로부터 이 사건 상가의 점포 1개를 임대차기간 및 월 임대료를 정하지 아니한 채 분양대금 7,900만원에 임대 분양을 받았는데, 2001. 8.경 피고의 공개추첨을 통하여 이 사건 상가의 지상 1층 제119호 점포(이하 ‘"
fraud_core,113887,2,"’라고 한다.)를 배정받았다. ⑵ 원고는 그 무렵 피고와의 사이에 원고가 이 사건 점포를 임대차보증금 5,500만원, 장기임대료 2,400만원, 월 임대료 65만원(부가가치세 별도)으로 정하여 임차하기로 하는 내용의 임대차계약(이하 ‘"
fraud_core,114251,2,"'이라고 한다)설정등기를 마쳐주었다. 한편, 피고는 이 사건 근저당권설정계약 체결 당시 이 사건 토지의 시가를 5,253,429,000원으로 평가하였다. 다. 원고는 2015. 12. 1. 피고와 사이에 이 사건 토지 및 그 지상에 원고가 신축할 예정인 마트용 건물 및 주차장 등(이하 이 사건 토지와 신축될 건물을 모두 합하여 '"
fraud_core,114251,2,"'이라고 한다)에 관하여 임대차기간은 7년, 임대차보증금은 58억 원으로 정하여 임대하는 내용의 임대차계약(이하 '"
fraud_core,116310,2,"‘이 사건 보증금 3,000만원 임대차계약’"
fraud_core,116310,2,‘이 사건 보증금 500만원 임대차계약’
fraud_core,116377,2,"“위 상가건물 전체를 내가 건물주(H)로부터 임차보증금 7,000만 원, 월세 400만 원을 주기로 하고 임차했다. 위 상가건물을 나로부터 다시 임차받으려는 사람이 많은데, 내가 급히 써야 할 돈이 필요하니 임대보증금 및 월세 일부를 선지급하면 피해자에게 위 상가건물을 임차해주겠다”"
fraud_core,118192,2,"‘위 체비지와 건물의 가액 6억 원(위 체비지와 건물 시가 6억 5,000만 원 - 전세권등기된 전세권자 공소외 19의 전세금 5,000만 원)’"
fraud_core,118311,2,“공사비 등 사업비 집행방법은 공사도급계약서 등 당해 용역계약서에 정해진 바에 따른다”
fraud_core,118394,2,‘파산 전 은행이 사해행위의 채무자인 소외 1에 대한 피보전채권에 관하여 이미 소외 1 또는 제3자 명의 부동산에 근저당권설정등기를 경료받아 피보전채권 전액에 관하여 우선변제권이 확보되어 있어 사해행위가 성립하지 않는다.’
fraud_core,119638,2,"‘이 사건 점포’라고 한다)을 임대차보증금 2,000만 원, 차임 월 210만 원(부가가치세 별도), 임대차기간 2015. 6. 12.까지로 정하여 임차하기로 하는 내용의 임대차계약(이하 ‘"
fraud_core,119821,2,"‘ 피고인 1이 대표이사 가지급금을 수목대금으로 정리해보라고 하여 회계상 수목대금이 있는 것을 전제로 가지급금과 상계처리를 하였을 뿐 실제로 공소외 8 회사( 공소외 16 회사)가 수목매매계약 체결을 위한 협의를 하거나 수목매매계약서를 작성하거나 수목을 확인한 사실은 모두 없고, 이와 관련하여 이사회결의를 한 사실도 없다.’"
fraud_core,119821,2,‘매매계약서를 직접 가지고 상피고인 3에게 가서 계약서에 도장을 받고 인감증명서도 받아 왔다.’
fraud_core,120468,2,"‘합의된 대지대금인 32평형 6,180,000원(임차인대표회의가 지급하는 대지합의금 3,910,000원과 이 사건 질권자가 지급하는 2,270,000원) 및 28평형 5,410,000원(임차인대표회의가 지급하는 대지합의금 3,420,000원과 이 사건 질권자가 지급하는 1,990,000원)을 금융기관에 예탁하여 공동관리하기로 한다’"
fraud_core,120674,2,"‘이 사건 건물’이라 한다)을 신축한 사실(종전 건물은 이 사건 지층부분만 남고, 1층 356.63㎡ 부분은 멸실되었다), 이 사건 건물이 신축된 후, 원고는 2004. 8. 31. 다시 피고와 사이에 이 사건 피고 점유부분 토지 및 이 사건 지층부분에 관하여 임대차보증금 3,500만 원, 월 차임 350만 원, 차임 지급일 매월 말일, 임대기간 2004. 8. 31.부터 2005. 8. 31.까지 12개월로 정하여 임대하는 내용의 임대차계약(이하 ‘"
fraud_core,120674,2,“피고가 원고의 승인 하에 공장을 개축 또는 변경할 수 있으나 공장반환시 원상으로 복구하여 반환한다”
fraud_core,120984,2,"‘임차인은 사용 용도에 따라 인테리어를 할 수 있으나, 계약 만료 전까지 모든 것을 처음 상태로 원상복구의 원칙으로 한다’"
fraud_core,121745,2,"‘이것이 진짜’라고 하면서 보증금 1억 5,000만 원짜리 임대차계약서를 주었다“"
fraud_core,122352,2,"'란 기재 각 돈에 대하여는 2019. 9. 11.부터 이 사건 2019. 11. 29.자 청구취지 및 청구원인 변경신청서 부본 송달일까지 연 5%, 그 다음날부터 다 갚는 날까지 연 12%의 각 비율로 계산한 돈을 각 지급하라.  이유 1. 인정사실 가. 분양형토지신탁계약 체결 1) 예비적 피고는 2016. 7. 11. 주위적 피고와, 아산시 O 외 36필지를 주위적 피고에게 신탁하여 위 토지 위에 지하2층 지상20층 규모의 아파트를 건축하고, 위 토지와 건물을 신탁재산으로 하여 이를 분양하기로 하는 내용의 분양형토지신탁계약(이하 '"
fraud_core,122352,2,'이라 한다)을 체결하였다. 2) 원고들은 이 사건 분양계약 체결 당시 이 사건 분양계약서 '
fraud_core,122352,2,'란에 서명함으로써 이 사건 분양계약에 부수하여 발코니 확장공사계약을 체결하였다. 3) 원고들은 주위적 피고에게 별표 1. '
fraud_core,122352,2,"'란 기재 해당 각 돈을 지급할 의무가 있다. 다) 주위적 피고의 주장에 관한 판단 주위적 피고는, 위 원고들의 주위적 피고에 대한 청구가 인용되더라도 주위적 피고에 대한 이 사건 청구는 신탁재산의 범위 내로 제한되어야 한다고 주장한다. 살피건대, 갑 제1호증(가지번호 포함)의 기재 및 변론 전체의 취지를 종합하면, 이 사건 분양계약 특약사항 제1조 제2항은 '"
fraud_core,122352,2,'란에 서명함으로써 이 사건 분양계약에 부수하여 발코니 확장공사계약을 체결하였다. 2) 원고 L은 주위적 피고에게 별표 1. '
fraud_core,122352,2,"'란 기재 해당 돈이다. 3) 그런데 원고 L은 주위적 피고의 공사 부진 등으로 인해 이 사건 분양계약서상 입주예정일인 2019년 2월로부터 3개월이 지난 2019. 5. 31.까지도 이 사건 아파트에 입주하지 못하였고, 이에 원고 L은 주위적 피고에게 위와 같은 입주지연을 원인으로 이 사건 분양계약을 해제하겠다는 의사표시가 담긴 내용증명을 보냈으며, 위 내용증명은 별표 1. '"
fraud_core,122374,2,’라 한다). 이 사건 임대차계약의 특약사항으로 ‘
fraud_core,122648,2,"’)에 대하여 보증금 3,000만 원, 월 차임 340만 원(도로사용료 포함)에 임대하는 임대차계약을 체결하였다. 나. 원고, 피고 C, D 간의 순차적인 채권양도 1) F는 원고 입회 아래 2016. 10. 14. 피고 C에게 ‘"
fraud_core,122812,2,"‘이 사건 주택’이라고 한다)에 대해 임대차보증금 7,000,000원, 임대차기간 3개월로 하여 임차하는 내용의 임대차계약(이하 ‘"
fraud_core,122861,2,「성립에 다툼이 없는 갑 제2호증에 의하면 오히려 단기 1958년 9월 28일 본건 계쟁부분을 포함한 본건 부동산 전체에 관하여 원고에 대하여 임대차계약을 갱신한 사실을 인정할 수 있으므로 결국 본건 부동산전체에 대한 원고의 임차권은 의연존속한다 할것이니 피고가 본건 계쟁부분을 피고보조참가인에 대하여 임대하고 차를 기초로하여 동인에게 불하한 각 처분은 이여의 쟁점에 대한 판단을 기다릴 것도없이 모두 원고의 기권익을 침해한 위법처분이라 아니할 수 없다」
fraud_core,122896,2,"’이라 한다)을 하였다. 3) F은행은 2017. 10. 23. E에게 이 사건 전세자금대출약정에 따른 대출금 2억 6,400만 원을 지급하였다. 다. 원고와 F은행 간의 보험계약 체결 원고는 2017. 10. 25. F은행과 사이에, 이 사건 전세자금대출약정과 관련하여 피보험자를 F은행, 보험가입금액을 2억 9,040만 원, 보험기간을 2017. 10. 23.부터 2019. 10. 22.까지로 정하여 전·월세 자금대출용 권리보험계약(이하 ‘"
fraud_core,123567,2,"’에 다니는 것처럼 재직증명서 등 관련서류를 작성한 후 B에게 건네주고, 허위 임대인인 피고인과 허위임차인 C은 2014. 10. 29. 안양시 동안구 G에 있는 ‘"
fraud_core,123588,2,"‘2019. 4. 10. 성매매알선으로 경찰에 단속되고 같은 해 6. 1. 임대차계약서를 다시 작성하였는데 당시 피고인과 G가 참석하였으며, 본인이 그대로 마사지업소를 운영하리라는 것을 알고 있던 피고인이 계약 명의자를 바꾸고 성매매 영업은 하지 말라고 하였다.’"
fraud_core,124256,2,"’이라 지칭한다.)를 마쳐 주었고, 아울러 소외 2와의 사이에 이 사건 건물의 1, 2층 중 단란주점과 한정식당 부분에 해당하는 [별지2] 제5항 범위란 기재 부분에 관하여 [별지2] 기재 전세권설정계약(이하, ‘"
fraud_core,124256,2,"’이라 한다.)을 체결하고 대구지방법원 2002. 2. 8. 접수 제13056호로 소외 2를 전세권자로 한 전세권설정등기(이하, ‘"
fraud_core,124256,2,"“ 소외 3과 소외 2가 허위로 이 사건 전세권설정등기를 마치고 그 전세권을 담보로 섬유신협으로부터 이 사건 대출금을 대출받았는데, 소외 3이 이 사건 대출금 전부를 사용하였다.”"
fraud_core,124256,2,"“원고가 후순위권리자에게 청산에 관한 통지를 하지 않아 청산절차가 위법하므로, 원고 명의의 소유권이전등기는 무효이고, 따라서 피고 예금보험공사에 대하여 이 사건 전세권근저당권설정등기의 말소를 청구할 권리가 없다.”"
fraud_core,124256,2,"“원고가 이 사건 대출금 채무를 비롯한 황금리조트의 채무를 인수하는 조건으로 이 사건 건물 및 대지 등에 관하여 소유권이전청구권가등기 및 소유권이전등기를 마쳤으므로, 이 사건 대출금 채무를 모두 변제하지 아니한 채 이 사건 전세권근저당권설정등기의 말소를 청구하는 것은 신의성실의 원칙이나 금반언의 원칙에 위배된다.”"
fraud_core,124294,2,"’이라 한다)에 관하여 M조합를 우선수익자로 하고(수익권증서 발행금액: 156,000,000원) 신탁기간을 신탁등기일로부터 신탁종료일까지로 하여 신탁하기로 하는 부동산 담보신탁계약을 체결하고, 같은 날 위 신탁을 원인으로 하는 소유권이전등기를 H 앞으로 마쳐주었다(이하 위 각 부동산 담보신탁계약을 합하여 ‘"
fraud_core,124294,2,‘협회 공제의 손해배상책임은 공제약관 제8조의 규정에 의거 협회와 공제가입자 간의 계약에 따라 공제가입자가 가입한 공제기간 중 발생한 모든 중개사고로 인하여 손해를 입은 중개의뢰인들의 수 또는 중개계약의 건수나 그 손해액에 관계없이 손해를 입은 각 중개의뢰인들이 협회로부터 보상받을 수 있는 손해배상액의 총 합계액은 공제증서에 기재된 공제가입금액 한도 내에서 배상책임이 있습니다.’
fraud_core,124294,2,‘협회 공제의 손해배상책임은 (중략) 협회와 공제가입자 간의 계약에 따라 공제가입자가 가입한 공제기간 중 발생한 모든 중개사고로 인하여 손해를 입은 중개의뢰인들의 수 또는 중개계약의 건수나 그 손해액에 관계없이 손해를 입은 각 중개의뢰인들이 협회로부터 보상받을 수 있는 손해배상액의 총 합계액은 공제증서에 기재된 공제가입금액 한도 내에서 배상책임이 있다.’
fraud_core,124315,2,"’이라 한다)에 관하여 이른바 채권적 전세계약 형태의 임대차계약을 체결한 사람이고, 피고 B은 이 사건 부동산의 소유자이다. 피고 C은 ‘"
fraud_core,124961,2,"""전세보증금을 지급하면 입주할 때 G조합 장산지소가 설정한 근저당을 해제해 주겠다."""
fraud_core,124961,2,"""나는 부동산이 많고, 사업을 하는 사람이라 융통할 돈이 충분하다. 전세보증금을 입금하면 입주 시 근저당설정을 해제해 주겠다."""
fraud_core,124961,2,"""전세보증금을 지급하면 입주할 때 근저당설정을 해제해 주겠다."""
fraud_core,124961,2,"""전세보증금을 지급하면 입주를 할 때 근저당권설정을 해제해 주겠다."""
fraud_core,128495,2,’ 명의로 작성된 문서라고 믿게 할 수 있는 정도의 형식과 외관을 갖추고 있다고 볼 수 있다. 이 사건 임대차계약서의 임대인 성명으로 ‘
fraud_core,129283,2,"‘ ○○’ 상가를 2006. 9. 9. 개점하겠다고 통보하였는데, 원고는 실제로 2006. 9. 22.에 위 상가를 개점한 다음 현재까지 이 사건 임차목적물을 점유·사용하고 있다. ○원고는 피고에게 위 일시불 임대료 750억 원 중 계약금은 위 계약 당일에 지급하였고, 중도금은 별지 내역표 ‘"
fraud_core,129283,2,‘이 사건 상가 분양율의 저조 및 기탁금 20억 원의 납부 등으로 어려워진 원고의 재정상황을 감안하여 조건부 보증금의 납부 대신 원고 소유의 부동산에 대하여 35억 원의 근저당권 설정으로 변경하여 줄 것’
fraud_core,129283,2,‘상기 본인은 ○○ 건으로 원고가 피고에게 5년간 예치하기로 한 현금 75억 원의 보증금을 원고의 적법한 물건으로 40억 원의 5년간 근저당권으로 대체하는 것으로 최선의 노력을 다하여 관철시키기로 원고에 약속합니다’
fraud_core,130348,2,"’이라 한다)와 이 사건 건물에 관한 신탁계약을 체결하면서 신탁기간은 2011. 6. 30.까지, 신탁원본의 우선수익자는 한국상호저축은행, 수익권증서금액 58억 8,000만 원으로 정하여 신탁하기로 하는 부동산담보신탁계약을 체결하였다(이하 ‘"
fraud_core,130969,2,"’라고 한다)에 관하여 보증금액을 38,320,000,000원, 보증채권자를 이 사건 아파트 입주예정자로 하는 주상복합주택분양보증계약(이하 ‘"
fraud_core,130969,2,"’라고 한다)를 총 공급금액 418,110,000원{계약금 41,800,000원, 중도금 292,600,000원(=41,800,000원 × 7차), 잔금 83,710,000원}에 분양받는 내용의 분양계약(이하 ‘"
fraud_core,130969,2,"‘대물변제, 차명, 이중계약 등 정상계약자가 아닌 경우’"
fraud_core,131799,2,’이라 한다)의 전 임차인인 소외 F의 임대차계약을 승계하기로 하여 2018. 7. 27. 소외 주식회사 G(이하 ‘
fraud_core,131799,2,"’라 한다)와 사이에 보증금 85,000,000원, 월차임 7,500,000원(부가세 별도), 임대차기간 2018. 8. 1.부터 2019. 11. 30.까지, 최초입주일 2013. 11. 15.로부터 승계하는 조건으로 하는 내용의 임대차계약(이하 ‘"
fraud_core,131799,2,“‘갑’(소외 회사)은 전 임차인 (F) 요청에 따라 임대차 계약자를 ‘
fraud_core,131799,2,’(피고 D)은 전 임차인의 계약을 승계하여 영업함에 따라 최초 입주일은 2013년 11월 15일자를 승계하여 적용하기로 한다”
fraud_core,131799,2,“연속적인 계약상태에서 임차인 명의를 변경하는 것”
fraud_core,132287,2,"‘피고 회사’라 한다)는 2018. 9. 5. H과 계약기간을 2018. 9. 11.부터 2021. 9. 10.까지, 경비대상을 인천 미추홀구 I에 있는 J으로 정한 경비계약(이하 ‘"
fraud_core,132669,2,"‘임대차 개시 후 2년 6개월이 지나면 분양전환을 하고, 그 분양전환의 가격은 임대인과 임차인들이 의뢰하여 감정평가가 이루어진 감정가액을 산술평균한 금액으로 하며, 양자가 감정평가를 의뢰할 수 있는 감정평가법인은 매출액 기준 상위 10위 이내의 대형 법인으로 한다’"
fraud_core,134221,2,"‘피고 B’라 한다)는 위 I과 체결한 매매계약에 따라 이 사건 각 부동산에 관하여 소유권이전등기를 마쳤던 회사이다. 나. 이 사건 각 매매계약 체결시까지의 이 사건 각 부동산에 관한 등기 관계 등 1) N 주택 및 O 상가에 관하여 가) I은 2011. 2. 28. 별지1 목록 순번 1, 2항 기재 각 부동산(이하 ‘"
fraud_core,135796,2,"’이라 한다)에 관하여 보증금 60,000,000원, 기간 2018. 1. 22.부터 2020. 1. 21.까지로 정하여 임대차계약(이하 ‘"
fraud_core,135796,2,"’이라 한다)을 체결하고, 피고 회사에게 위 보증금 60,000,000원을 지급하였다. 다. 한편, 피고 회사는 이 사건 임대차계약을 체결하기 전인 2016. 11. 2. 이 사건 부동산에 관하여 H조합을 우선수익자로 하고, 수탁자를 I 주식회사(이하 ‘"
fraud_core,138741,2,"‘E’이라고 기재한 후 그 이름 옆에 미리 소지하고 있던 E의 도장을 찍었다. 이로써 피고인은 행사할 목적으로 권리의무에 관한 사문서인 E 명의의 부동산임대차계약서 1장을 위조하였다. 2. 사기 및 위조사문서행사 피고인은 2018. 4. 24.경 대전 중구 B에 있는 C어린이집 원장실에서, 제1항 기재와 같이 위조한 부동산임대차계약서를 그 위조사실을 모르는 피해자 D에게 교부하면서 “"
fraud_core,140876,2,"’이라 한다). 4) 이 사건 대출약정 및 근질권설정계약의 체결 가) 피고 유한회사는 이 사건 양도계약에 따른 이 사건 신탁부동산에 대한 매입대금을 마련하기 위하여 2006. 12. 27. 소외 동양종합금융증권 주식회사, 하나캐피탈 주식회사, 금호종합금융 주식회사, 메리츠화재해상보험 주식회사, 제일화재해상보험 주식회사(이하 ‘"
fraud_core,140996,2,’고 전해 들었었다. ③ 위와 같은 상황에서 피고인은 I 명의로 M에 대한 임대차보증금반환청구의 소를 제기하여 소송대리인으로서 소송을 수행하였고(이하 ’
fraud_core,140996,2,’위와 같이 다시 임대차계약을 체결하면서 D가 이전에 계약금 500만 원을 몰취하였던 것을 고려하여 6개월간 월 임료를 감액해 주었다‘
fraud_core,142598,2,"')에 관하여 부동산담보신탁계약을 체결하고, 같은 날 I 앞으로 위 신탁을 원인으로 한 소유권이전등기가 마쳐졌는데, 위 신탁계약 제9조 제1, 2항, 제10조 3항에서 """
fraud_core,144034,2,‘G호 소유주가 집을 비워달라고 할 경우 H은 계약서상에 명시한 금액을 돌려주기로 한다(단 계약서상에 명시한 금액은 H이 책임진다)’
fraud_core,144034,2,"‘4. 등기부등본 제출하여 확인하였음. 이의없음을 확인하고 계약함, *특약사항 존재’"
fraud_core,144034,2,"‘D의 부동산매매계약서, 담보신탁 일부해지 요청서 등의 서류를 확인하였다’"
fraud_core,144034,2,‘G호 소유주가 집을 비워달라고 할 경우 H은 계약서상에 명시한 금액을 돌려주기로 한다(단 계약서상에 명시한 금액은 H이 책임진다)’
fraud_core,144218,2,"‘이 사건 건물’이라 한다)를 임대차보증금 3,200만 원, 임대차기간 12개월로 하여 임차하는 계약(이하 ‘"
fraud_core,144238,2,"‘보증금 일천오백만 원, 계약금 이백만 원, 잔금 일천삼백만 원, 월세 사십만 원’"
fraud_core,147636,2,"‘4개월 후 피고인은 피해자에게 3,000만 원을 지급한다. 만약 이 계약을 어길 시 피고인은 피해자에게 이 사건 부동산을 230,000,000원에 매도한다. 단, 이 경우 피해자는 피고인에게 125,000,000원(= 230,000,000원 - 보증금 7,500만 원 - 차용금 3,000만 원)을 지급한다.’"
fraud_core,147830,2,"’이라 한다) 대출 담당직원 공소외 1에게 팩스로 제출하도록 하였다. 이로써 피고인들은 공모하여, 행사할 목적으로 권한 없이 권리의무에 관한 사문서인 임대차계약서 27장을 각각 위조하고, 위조된 임대차계약서를 각각 행사하였다. 나. 특정경제범죄가중처벌등에관한법률위반(사기) 피고인 3은 2015. 8. 11.경 서울 강남구 (주소 6 생략)에 있는 피해자 △△저축은행 본점에서 담당직원 공소외 1에게 “"
fraud_core,147830,2,'는 피고인 1 진술은 믿기 어렵다. 2015. 9. 3.경 피고인 2가 가지고 있는 매매계약서를 보며 처음 보는 계약서라고 말하는 내용이 담긴 위 녹취록 역시 거짓일 가능성이 대단히 높다. (3) 게다가 위 분석자료 CD에는 동일한 명칭의 주7) 			‘
fraud_core,147830,2,"「매수자 공소외 4가 받는다고 하는 은행권 대출부분은 매도자 피고인 1과는 상관없는 부분이며, 실거래 매매계약서 외의 계약서는 매도자 피고인 1은 인정할 수 없음을 확인한다.」"
fraud_core,147830,2,"“피고인 3 이사 〈△△저축은행 대출용〉 (주소 1 생략) 42억, (주소 2 생략) 25억, 67억 매매계약서, 통합계약서, ※ ♤♤ 감정 〈내일 방문 예정〉”"
fraud_core,147943,2,"’ 2층에 있는 분양사무실에서, 행사할 목적으로 권한 없이 임차인 공소외 3과 위 오피스텔 □□□호에 대한 전세계약을 체결하면서 사무실 컴퓨터에 저장되어 있는 ‘"
fraud_core,147943,2,"‘○○오피스텔’ 2층에 있는 분양사무실에서, 행사할 목적으로 권한 없이 임차인 공소외 2와 위 오피스텔 △△△△호에 대한 전세계약을 체결하면서 사무실 컴퓨터에 저장되어 있는 ‘"
fraud_core,148469,2,“공제계약에 관하여 공제가입자 또는 이들의 대리인의 사기 또는 계약의 성립에 중대한 영향을 주는 행위가 있었을 때에는 무효로 합니다.”
fraud_core,148494,2,"’이라 한다)을 체결하면서 피고 법인과 사이에 이 사건 부동산에 관한 전세자금대출을 받은 후 그 대출금을 피고 C이 지급받기로 약정하였다. 이에 따라 피고 C은 2017. 1. 18. 피고 법인의 피용자인 피고 B에게 이 사건 부동산을 임대차보증금 250,000,000원, 존속기간 2019. 1. 31.부터 24개월로 정하여 임대하는 임대차계약(이하 ‘"
fraud_core,148746,2,"’고 진술하였는데, C의 위 진술은 아래와 같은 이유로 신빙성이 있다. ㉮ 이 사건 건물에 관한 임대차계약서에 명시적으로 이 사건 임대차목적물에 관한 전대가 금지되어 있고, 피고인이 주장하는 특약사항, 즉 ’"
fraud_core,149019,2,"“위 (선박명 1 생략)을 동 선박의 시세에 장기운송계약(COA : Contract of Affreightment) 영업이익의 현재가치를 합산한 가치가 7,100,000달러(매매계약체결일인 2007. 12. 18. 기준으로 한화 6,620,750,000원)”"
fraud_core,149019,2,"“위 (선박명 2 생략)을 동 선박의 시세에 장기운송계약(COA) 영업이익의 현재가치를 합산한 가치가 12,200,000달러(매매계약체결일인 2007. 12. 20. 기준으로 한화 11,464,340,000원)”"
fraud_core,149019,2,"‘ 공소외 8 회사의 주권 사본, 주주명부, 명의신탁계약서를 갖고 있었고, 주식 실물을 회사금고나 피고인 개인금고에 보관한 것으로 알고 있고, 신탁자가 피고인 개인으로 된 공소외 8 회사의 명의신탁계약서를 본 적이 있다’"
fraud_core,149019,2,‘선박리스계약서’ 중 특약사항 제9조에는 ‘
fraud_core,149813,2,"‘채권최고액 585,000,000원의 근저당권(채무자 피고 C), 근저당권자 J조합’"
deposit_dispute,34,2,"“피고는 양도·양수계약일 현재 거래중인 모든 공급처와 판매처를 승계하고, 사용 중인 상표, 독점수입권, 보유중인 상품과 매장전세권, 시설물, 비품장비를 원고에게 양도한다.”"
deposit_dispute,34,2,“해외공급체와의 독점계약 건은 피고가 사전 통보하고 원고와 함께 방문하여 계약 승계한다.”
deposit_dispute,153,2,"‘이 사건 주택’이라 한다)를 임대차보증금 4,500만 원, 임대차기간 2018. 11. 1.부터 2020. 10. 31.까지로 정하여 임차하는 임대차계약(이하 ‘"
deposit_dispute,153,2,"’이라 한다)을 체결하였고, 원고는 같은 날 D에게 임대차보증금 4,500만 원을 지급하였다. 나. 피고 B는 공인중개사로 이 사건 임대차계약을 중개하였고, 피고 C협회(이하 ‘"
deposit_dispute,184,2,"’). 피고는 이후 위 임대차계약에 따라 G에게 보증금 9,000만 원을 모두 지급하였고, 2018. 8. 22. 확정일자를 받았으며 2018. 10. 2. 전입신고를 하고 입주하였다. 다. C은 2018. 11. 2. 이 사건 건물을 G으로부터 매수하여 소유권이전등기를 마쳤다. 라. 원고는 2018. 11. 8. C과 아래와 같은 합의를 하였고, 이 합의에 따라 2018. 11. 9. 이 사건 건물에 ‘"
deposit_dispute,839,2,"""임대인은 근저당권 설정 1건(채권최고액 39,000,000원)은 잔금시 해제 말소하고, 1건(채권최고액 52,000,000원)은 2014. 2. 28. 해제말소한다"""
deposit_dispute,888,2,"‘이 사건 상가’라 한다)에 관하여 임대차보증금을 250,000,000원으로, 임대차기간을 2009. 2. 1.부터 2011. 1. 31.까지로 하는 임대차계약(이하 ‘"
deposit_dispute,990,2,"’라 한다)를 임대차보증금 5,000,000원, 월 차임 800,000원(매월 30일 지급), 임대차기간은 2018. 5. 30.부터 2019. 5. 30.까지로 정하여 임차하기로 하는 내용의 임대차계약(이하 ‘"
deposit_dispute,1056,2,"‘이 사건 건물’이라고 한다)에 관하여 임대차보증금 50,000,000원, 월 차임 400,000원, 차임 지급일 매월 5일, 임대차기간 2015. 12. 5.부터 2017. 12. 4.까지로 정하여 임대차계약(이하 ‘"
deposit_dispute,1398,2,‘매도자 또는 매수자가 본 계약상의 내용에 대하여 불이행이 있을 경우 그 상대방은 불이행한 자에 대하여 서면으로 최고하고 계약을 해제할 수 있다.’
deposit_dispute,1398,2,‘매도자 또는 매수자가 본 계약상의 내용에 대하여 불이행이 있을 경우 그 상대방은 불이행한 자에 대하여 서면으로 최고하고 계약을 해제할 수 있다.’
deposit_dispute,1485,2,’이라 한다)에 관하여 종전 소유자인 임대인들과 각 임대차계약(이하 ‘
deposit_dispute,2488,2,"‘G’이라고 한다) 명의의 소유권이전등기가 마쳐져 있었고, 신탁원부에 위탁자 피고 B와 수탁자 G 사이의 부동산담보신탁계약이 공시되어 있었다. (3) 한편 피고 C은 이 사건 임대차계약 체결 과정에서 원고에게 ‘"
deposit_dispute,2533,2,‘임차인이 속한 세대의 세대주를 포함한 세대원(동일한 세대별 주민등록표상에 등재되어 있지 아니한 세대주 또는 세대원의 배우자 및 배우자와 동일한 세대를 이루고 있는 세대원 등을 포함한다) 전원이 주택을 소유하고 있지 아니한 임차인’
deposit_dispute,2533,2,‘임차인 등’이라 한다)가 해당 임대주택에 임대차계약기간 개시일 무렵부터 분양전환 당시까지 계속하여 거주하여야 하고(‘
deposit_dispute,2533,2,"’), ② 임대차계약을 체결한 임차인뿐만 아니라 세대주를 포함한 세대원 전원이 거주기간 동안 주택을 소유하지 아니하여야 한다(‘"
deposit_dispute,2693,2,"“이 사건 부동산은 피고 B과 망인이 분양금을 납부하여 소유하다가 2010. 12.경 G, H에게 매도하면서 임차한 것인데 원고와 피고 C이 위 임대인들을 협박하여 망인의 의사와 달리 임대차보증금을 공탁하게 하였고, 피고 B이 뇌경색으로 치료를 받을 때 피고 D만이 부양의무를 이행하였을 뿐 원고는 이를 전혀 이행하지 않았다. 이에 망인이 유언으로 원고에게 상속을 하지 아니할 의사를 밝혔을 뿐 아니라 이 사건 공탁금은 피고 B의 치료비 등으로 사용되어야 하므로, 원고에게는 그에 관한 권리가 없다”"
deposit_dispute,3263,2,"‘이라 한다)에 관해 임대차보증금 7,000만 원, 임대차기간 2014. 1. 27.부터 2016. 1. 27.까지로 각 정하여 임대차계약(이하 ’"
deposit_dispute,3410,2,"’이라 한다)에 관하여 임대차보증금을 90,000,000원으로 정한 임대차계약(이하 ‘"
deposit_dispute,3410,2,"‘이라 하고, 그 피담보채무인 별지목록 기재 임대차보증금반환채권을 ’"
deposit_dispute,3410,2,"’라 한다)를 체결하고, 2020. 5. 1. 위 임대차보증금반환채권을 원고가 승계하였다. 라. 이후 피고는 2020. 7. 13. 피고의 소외 주식회사 C(이하 ‘"
deposit_dispute,3731,2,"’로 하여 부동산 임대관리업을 목적으로 하는 개인사업자등록(사업자등록번호 2 생략)을 마쳤다. 피고는 2018. 2. 21. 해산등기를 마쳤다. 마. 반소원고는 2018. 6. 30. 원고의 대리인이라고 자처하는 사람과 사이에, 이 사건 부동산을 보증금 30,000,000원, 차임 월 180,000원, 기간 2018. 7. 7.부터 2019. 7. 6.까지로 정하여 임차하는 계약(이하 ‘"
deposit_dispute,3731,2,’이라 한다)을 체결하였다. 이 사건 임대차계약서의 특약사항에는 ‘
deposit_dispute,3731,2,’라고 기재되어 있다. 이 사건 임대차계약서의 임대인 대리인의 성명 란에는 ‘
deposit_dispute,3789,2,"’하면서, 피고의 차임연체액이 2기의 차임액에 달할 경우 원고는 즉시 이 사건 임대차계약을 해지할 수 있는 것으로 약정‘"
deposit_dispute,4114,2,"’이라 한다) 중 10,300,000,000원을 자동채권으로 하여 피고의 원고에 대한 임대차보증금반환채권(이하 ‘"
deposit_dispute,4185,2,"‘이 사건 건물’이라 한다)에 관하여 임대차보증금 5,000,000원, 차임 월 450,000원으로 하는 내용의 임대차계약(이하 ‘"
deposit_dispute,5006,2,“또한 피고는 임대차보증금 포기약정이 피고와 같은 전차인의 권리를 부당하게 침해하는 것이므로 무효라는 취지로도 주장하나 피고가 주장하는 사정만으로 원고와 파이부투 사이의 임대차보증금 포기약정이 무효라 할 수 없으므로 피고의 주장은 이유 없다.”
deposit_dispute,5006,2,‘전대차계약 관련 특약사항’
deposit_dispute,5006,2,‘전차인들이 전대차보증금을 반환받을 수 없다’
deposit_dispute,5006,2,“전대차계약 및 부동산과 관련한 모든 민형사상의 문제는 피고와 파이부투에게 귀속되고 원고는 전대차계약과 관련한 어떠한 책임도 부담하지 아니한다”
deposit_dispute,5160,2,"‘이라 한다)에 관하여 재산분할을 원인으로 한 소유권이전등기절차를 이행하며, 원고는 피고 B으로부터 이 사건 부동산에 관한 소유권이전등기절차를 이행받음과 동시에 피고 B의 이 사건 부동산에 관한 광주지방법원 순천지원 여천등기소 2016. 7. 27. 접수 제15552호로 설정된 근저당권(채무자 피고 B, 근저당권자 E조합, 이하 ’"
deposit_dispute,5763,2,"‘피고가 원고에게 차임 연체시에 월 58,000원의 비율에 따른 지연손해금을 지급하고, 임대차 종료 후에도 새로운 임차인이 없을 경우에는 이 사건 부동산을 건물 준공 당시와 같은 형태로 만들어 반환하기’"
deposit_dispute,5882,2,"’이라 한다)에 대하여 보증금 5억 원, 월차임 4,500만 원(부가가치세 별도), 임대차기간 2011. 10. 26.부터 2016. 10. 25.까지로 하여 임대차계약을 체결하였다(이하 ‘"
deposit_dispute,5882,2,’이라 한다)에 대하여 보증금을 2억 원으로 하는 임대차계약(이하 ‘
deposit_dispute,5882,2,"’이라 한다)을 체결하였다. 2) 피고 ○○○○○은 2014. 9. 25. 피고 2와 사이에 이 사건 건물에 관하여 보증금을 3억 원, 월 차임을 4,950만 원, 임대차기간 2014. 9. 30.부터 2015. 9. 30.로 하는 임대차계약(이하 ‘"
deposit_dispute,5882,2,’이라는 상호로 현재까지 영업 중이다. 피고 3은 피고 2의 남편이자 피고 ○○○○○의 공동대표인 소외 2의 오빠이다. 다. 피고 ○○○○○의 차임 연체 및 원고의 이 사건 임대차계약 해지 1) 피고 ○○○○○은 2015. 6. 17.까지 피고 ○○○○○ 또는 ‘
deposit_dispute,6086,2,"'이라 한다).  다. 원고는 C에 대한 이혼에 따른 위자료 및 재산분할청구권을 청구채권으로 하여 2017. 5. 10. 대전가정법원 논산지원 2017즈단5025호로 C의 피고에 대한 경남 함양군 D건물 제3층 E호에 관한 임대차보증금반환채권 중 95,000,000원을 가압류하였고, 위 가압류결정은 2017. 5. 15. 제3채무자인 피고에게 송달되었다(이하 '"
deposit_dispute,7162,2,"‘매매계약이 되어서... 새 주인과의 관계이다. 매수인(원고들)이 세입자분(피고)이 안 나간다고 하니 많이 당황스러워 한다. 아까 말한 대로 계약 체결하고 저녁에 전화드릴 때 만기 전에 집을 알아보신다고 하셔서 나가시는 줄 알고 있었는데, 매수인이 꼭 이사 오셔야 하는 형편인가 보다. 다시 한번 생각해달라.’"
deposit_dispute,7162,2,‘사정은 이해하지만 저희도 사정이 아주 어렵다. 그래서 계약갱신청구권을 행사한 것이다.’
deposit_dispute,7162,2,"‘피고가 임대차기간 만기가 되면 이사할 것이라는 의사를 통지하였고, 원고들이 실제 거주할 것이므로 피고의 계약갱신청구를 거절한다.’"
deposit_dispute,7162,2,‘임대인(임대인의 직계존속ㆍ직계비속을 포함한다)이 목적 주택에 실제 거주하려는 경우’
deposit_dispute,7350,2,“보증금 연체시 보증금에서 삭제하겠읍니다”
deposit_dispute,7353,2,"‘이 사건 주택’이라 한다) 1층 D호를 임대차기간 2017. 3. 26.부터 2019. 3. 25.까지, 임대차보증금 3,000만 원, 월 차임 60만 원으로 각 정하여 임대하기로 계약하고(이하 ‘"
deposit_dispute,7534,2,"’이라 한다) 그 무렵 위 보증금을 모두 지급한 후, 이 사건 점포를 인도받아 스넥코너를 운영하면서 2003.3.22.경 이 사건 임대차계약서에 확정일자를 받고, 2003.4.1. 상호를 ‘"
deposit_dispute,8597,2,"’라 한다)를 설립하였다. 이 사건 회사는 2014. 4. 28. 원고와 사이에 이 사건 건물에 관하여 임차인을 위 회사로 하는 임대차계약을 다시 체결하고, 다음과 같은 내용의 약정서(이하 ‘"
deposit_dispute,8892,2,"‘보증금정산서’를 피고인의 입회 하에 작성하였다면서 위 각서와 정산서를 제출하였고, 원상회복공사에 대한 금액 22,880,000원(부가가치세 포함)의 G 명의의 2018. 7. 30.자 견적서도 ‘"
deposit_dispute,9477,2,’보증금 반환은 D에서 책임지기로 한다‘
deposit_dispute,9477,2,“11. 보증금 반환에 대한 책임은 D에서 책임지기로 한다.”
deposit_dispute,9838,2,"‘임대인은 입주전까지 도배를 새로 해주기로 하며, 화장실의 변기교체, 세면대 설치를 해주기로 한다. 옵션은 에어컨, 세탁기, 가스렌지이며 임차인의 부주의로 파손 및 고장시에는 수리비를 변상하기로 한다’"
deposit_dispute,9985,2,"’이라 한다) 소유자인 피고 C으로부터 이 사건 부동산을 보증금 1억 4,000만 원, 임대차기간 2018. 10. 16.부터 2020. 10. 15.까지로 정하여 임차하는 내용의 임대차계약(이하 ‘"
deposit_dispute,9985,2,"’이라 한다)하고, 그 지급 담보를 위하여 D은행에게 이 사건 임대차보증금반환채권에 1억 3,440만 원을 담보한도로 한 근질권(이하 ‘"
deposit_dispute,10079,2,“원고의 귀책에 의하여 임대차계약이 해지되는 과정임을 주지하기 바란다. 임차물건의 모든 시설 및 기계장치는 신규설치 및 가동에 문제가 없는 상태로 임대가 되었으므로 파손된 부분이 있으면 수리비를 공제하고 모든 시설 및 건물 하자시 또한 청구할 것이다. 특히 액화석유가스 보관 탱크 내 액중펌프는 가스 잔여량이 반드시 15% 이상 보유되어야 함을 알고 계시겠지만 다시 한 번 명문의 서류로 알려드리니 문제 없이 유지되어야 함을 고지한다.”
deposit_dispute,10100,2,"‘비용상환청구권’이 신탁법 제48조 제1항에 의하여 우선변제가 인정되는지에 관하여 ① 신탁법 제46조의 비용상환청구권은 신탁사무의 처리에 관하여 필요한 비용을 그 대상으로 삼고 있지만, 신탁법 제48조 제1항의 우선변제권은 그중에서도 신탁재산의 객관적 가치 증대에 기여하여 공익적인 성격을 갖고 있다고 할 수 있는 ‘"
deposit_dispute,10100,2,"’와 ‘유익비’에 한정하고 있는 점, ② 특정한 채권의 우선변제권은 위와 같이 공익적 성격을 지닌 비용에 관하여 예외적으로 우선변제권을 인정하는 것으로 담보물권자 등 다른 이해관계인의 이해관계에 중대한 영향을 미칠 수 있는 만큼 엄격하게 해석되어야 하는데, 막대한 비용이 소요되는 신탁사업의 특성상 소요비용을 쉽사리 예측하기 어렵고 소요비용의 성격 및 범위에 관하여 이해관계인들의 다툼이 있을 것이 예상되는 상황에서 수탁자가 ‘"
deposit_dispute,10100,2,"’ 전부에 관하여 우선변제권을 인정하는 것은 신탁계약의 취지에 맞지 않는 점, ③ 신탁법의 조문체계 및 문언상으로도 제48조 제1항은 ‘"
deposit_dispute,10165,2,"‘피고 D’라고만 한다)로부터 각 15,000,000원씩을 대출받으면서 원고와 피고 D에게 위 임대차보증금 반환채권을 양도(이하 ‘"
deposit_dispute,10313,2,"‘임대차기간이 2020. 7. 14. 만료됨을 인지하였으므로 향후 임대차계약 해지 통보를 하지 않아도 이의를 제기하지 않을 것이고, 임대차기간 종료 시 임대목적물에 설치한 시설물을 2주일 이내에 철거할 것이며, 철거하지 않을 경우 시설물 일체를 양도하고 그 비용 등은 청구하지 않겠다’"
deposit_dispute,10313,2,"’면서 이 사건 각 임대차계약의 상가임대차법에 따른 갱신을 내용증명우편으로 요구하였다. 타. 원고는 이 사건 1, 2 부동산 및 그 주변에 ‘"
deposit_dispute,10313,2,‘임대차계약 체결 당시 공사시기 및 소요기간 등을 포함한 철거 또는 재건축 계획을 임차인에게 구체적으로 고지하고 그 계획에 따르는 경우’
deposit_dispute,10462,2,"’이라고 한다)을 보유하고 있던 C과 사이에 이 사건 점포에 관하여 임대차보증금 30,000,000원, 월차임 2,400,000원, 임대차기간 2016. 3. 31.부터 2017. 3. 30.까지로 각 정하여 임차하는 내용의 임대차계약(이하 ‘"
deposit_dispute,10902,2,"'이라는 상호로 상업에 종사하는 자로서, 청구인의 매부인 청구외 박○수와 피고소인 사이에 토지 임대 문제로 분쟁이 생기고, 이와 관련하여 청구인이 피고소인을 상대로 횡령 혐의로 고소를 제기하였다가 혐의없음 불기소처분 결정이 있은 후, 다시 청구인이 피고소인을 상대로 광주지방법원 98가소74802 임대차보증금반환청구소송을 제기하자, 이에 앙심을 품고, 1998. 7. 1.경 """
deposit_dispute,11461,2,"‘이 사건 주택’이라 한다)에 관하여 임대차보증금 1억 4,500만 원, 임대차기간 2018. 4. 14.부터 2020. 4. 14.까지로 정한 임대차계약을 체결하고(이하 ‘"
deposit_dispute,11461,2,‘임차인은 제1항에 따른 임차권등기명령의 신청과 그에 따른 임차권등기와 관련하여 든 비용을 임대인에게 청구할 수 있다’
deposit_dispute,11996,2,"’이라 한다)한 사실, ③ 피고는 이 사건 토지 임대차계약의 임대차기간이 지난 이후 소외 1 및 원고들을 포함한 이 사건 건물의 임차인들을 상대로 의정부지방법원 2008가합372호로 토지인도 등 청구의 소를 제기하였고, 2009. 10. 22. ‘"
deposit_dispute,12073,2,‘2017. 1. 3. 근저당권 설정계약’
deposit_dispute,12073,2,‘이 사건 근저당권 설정계약’
deposit_dispute,12162,2,‘월세 계약의 임차인 F 주식회사에 제출할 용도’
deposit_dispute,12162,2,‘임대인 원고로부터 월세계약 중개 의뢰’
deposit_dispute,12225,2,‘만기시 보증금 환불은 계약대리인 C님에게 환불해 주기로 한다’
deposit_dispute,12403,2,"‘이 사건 호실’이라 한다)에 전입신고를 마치고, 2008. 1. 10. 소외 F와 혼인신고를 하였다. 한편 피고의 아들 소외 C은 F를 고용한 사람으로 위 건물에 관하여 피고와 함께 각 1/2 지분씩을 소유하고 있었다. 나. 원고와 피고는 이 사건 호실에 관하여, 피고가 2009. 3. 15. 원고에게 임대차보증금 35,000,000원, 임대차기간 24개월로 정하여 임대하였다는 내용의 임대차계약서(이하 ‘"
deposit_dispute,12512,2,"'이라 한다)을 임차보증금 4,000만 원, 월차임 60만 원, 임차기간 2013. 10. 26.부터 2015. 10. 26.까지로 정하여 임차하는 임대차계약(이하 '"
deposit_dispute,12649,2,"’이라 한다)가 적용되어 임대인인 원고가 권리금 회수 기회를 보호하여야 할 의무를 부담하는 경우이기 때문에 국가계약법 시행령 제26조 제1항 제2호(이하, ‘"
deposit_dispute,13105,2,"’이라 한다)를 임대차보증금은 6천만 원, 임대차기간은 2015. 6. 25.부터 2017. 6. 24.까지로 정하여 임차하는 내용의 계약을 체결하였다(이하 ‘"
deposit_dispute,13485,2,"’이라 한다)을 체결하고, 같은 날 G에 신탁을 원인으로 한 소유권이전등기를 마쳐 주었다. 다. 원고는 2016. 9. 27. 공인중개사인 피고의 중개로 C과 사이에 이 사건 부동산을 임대차보증금 60,000,000원, 차임 월 400,000원, 임대차기간 2016. 10. 9.부터 2018. 10. 8.까지로 정하여 C으로부터 임차하는 내용의 임대차계약(이하 ‘"
deposit_dispute,13485,2,"‘신탁자가 신탁계약체결 이후 새로운 임대차계약을 체결하는 경우에는 수탁자 및 우선수익자의 서면에 의한 동의를 받아야 하고(제11조 제2항), 신탁자가 수탁자 또는 우선수익자의 동의 없이 신탁부동산을 제3자에게 임대함으로서 발생하는 모든 손해나 비용을 배상할 책임이 있다(제5조)’"
deposit_dispute,13568,2,"‘이 사건 상가’라 한다)를 임대차보증금 70,000,000원, 월 차임 2,350,000원(부가가치세 별도, 월세는 후불로 지급), 임대차기간 2010. 10. 8.부터 2012. 10. 7.까지로 정하여 임차하는 내용의 임대차계약(이하 ‘"
deposit_dispute,13568,2,“임대인이 제1항을 위반하여 임차인에게 손해를 발생하게 한 때에는 그 손해를 배상할 책임이 있다“
deposit_dispute,13757,2,"’이라 한다)을 체결하였고, 위 임대차계약은 묵시적으로 갱신되었다. 다. 피고 B와 E는 2018. 5. 15.경 이 사건 아파트에 전입신고를 하였고, 피고 B는 그 무렵부터 현재까지 이 사건 아파트에서 계속 거주 중이다. 피고 C(예명 G, 이하 ‘"
deposit_dispute,14288,2,‘이 사건 임대차보증금반환채권’
deposit_dispute,14288,2,‘자금’을 제공하는 행위도 함께 규정하고 있다. 따라서 성매매알선 행위자인 피고인들이 자신의 성매매알선 영업에 필요한 장소인 오피스텔 각 호실을 임차하기 위해 보증금을 임대인에게 지급한 행위는 성매매처벌법 제2조 제1항 제2호 (다)목의 ‘
deposit_dispute,14467,2,"‘C가 피고의 이 사건 부동산을 임차함에 있어 피고에게 지급한 임대차(전세)보증금 반환채권 중 청구금액인 68,887,026원(2008. 5. 15.자 기업자금대출 6,000만 원 + 2011. 6. 27.까지 미수이자 8,887,026원)에 이를 때까지 금액’"
deposit_dispute,14614,2,"’ 명의로 지급되는 것에 대하여 아무런 이의를 제기한 바 없고, 소외 회사의 업무수행 과정이나 해산 여부에 대하여도 별다른 주의를 기울이지 않은 것으로 보인다. ④ 피고가 소외 회사에게 이 사건 부동산에 관한 임대 관련 업무 일체를 포괄적으로 위임한 것은 임대차계약의 체결이나 관리 등에 따른 번거로움에서 벗어나 그 목적물을 통한 고정적인 수익을 얻기 위한 것으로, 피고로서는 이 사건 위탁계약 당시 약정한 월 수익금 등을 보장받을 수 있다면 이미 해산된 상태였던 소외 회사를 대신하여 그 대표이사였던 I이 ‘"
deposit_dispute,14684,2,"‘이 사건 상가’라고 한다)에 관하여 임대차보증금 1억 원, 차임 월 470만 원(부가가치세 별도), 관리비 월 450,000원, 기간 2017. 2. 28.부터 2020. 2. 27.까지로 하는 임대차계약(이하 ‘"
deposit_dispute,15040,2,"’로 하여 부동산 임대관리업을 목적으로 하는 개인사업자등록(사업자등록번호 2 생략)을 마쳤다. ㈜C는 2018. 2. 21. 해산등기를 마쳤다. 마. 피고는 2018. 1. 24. 원고의 대리인이라고 자처하는 사람과 사이에, 이 사건 건물을 보증금 5,000만 원, 기간 2018. 2. 4.부터 2019. 2. 3.까지로 정하여 임차하는 계약(이하 ‘"
deposit_dispute,15040,2,’이라 한다)을 체결하였다. 이 사건 임대차계약서의 특약사항에는 ‘
deposit_dispute,15040,2,’라고 기재되어 있다. 이 사건 임대차계약서의 임대인 대리인의 성명 란에는 ‘
deposit_dispute,15040,2,"’라고 기재되어 있고, F 명의의 인장이 날인되어 있으며, 주소 및 사업자등록번호 란에는 개인사업자 F(G)의 주소 및 사업자등록번호가 기재되어 있다. 바. 피고는 이 사건 임대차계약서에 기재된 수협 계좌로 보증금 5,000만 원을 송금하였고, 2018. 2. 4.경 이 사건 건물을 인도받았다. 사. 피고는 이 사건 소장을 송달받은 후인 2019. 8. 14. 이 사건 건물에 관하여 수원지방법원 2019카임398호로 주택임차권등기 명령을 받았고, 2019. 9. 3. 이 사건 건물에서 퇴거하였다. 아. 원고는 ‘"
deposit_dispute,15480,2,"’이라 한다)하였다. 나. 피고가 2017. 12. 21. C로부터 이 사건 건물을 매수하여 이 사건 임대차계약에 따른 임대인지위를 승계하였다. 다. 피고는 이 사건 건물 지하 1층, 지상 1, 2층을 리모델링하면서 2018. 3. 2. 주식회사 F에게 이 사건 건물을 위한 주차타워를 신축하는 공사(이하 ‘"
deposit_dispute,15672,2,‘오늘 연락이 없으면 연장의사가 없는 것으로 알고 새로운 임차인과 계약서를 작성하겠다’
deposit_dispute,15672,2,“임차인이 임대차기간이 끝나기 1개월 전까지 갱신거절을 통지하지 아니한 경우 그 기간이 끝난 때에 전 임대차와 동일한 조건으로 다시 임대차한 것으로 본다.”
deposit_dispute,15672,2,“관리주체는 장기수선계획에 따라 공동주택의 주요 시설의 교체 및 보수에 필요한 장기수선충당금을 해당 주택의 소유자로부터 징수하여 적립하여야 한다.”
deposit_dispute,15672,2,“공동주택의 소유자는 장기수선충당금을 사용자가 대신하여 납부한 경우에는 그 금액을 반환하여야 한다.”
deposit_dispute,16622,2,“3. 임차물건의 고장 시에는 각 건당 100만 원 이하는 임차인이 부담하면 100만 원 이상은 임대인이 부담한다”
deposit_dispute,16804,2,"‘이 사건 매점’이라 한다)에 관하여 임대차보증금 2,000만 원, 차임 월 20만 원, 임대차기간 2019. 6. 15.부터 2021. 6. 14.까지로 정한 임대차계약(이하 ‘"
deposit_dispute,16820,2,"‘이 사건 아파트 소유권 이전에 관한 상황 전체에 대해 전화, 문자메시지 등으로 제기한 거부의사를 재차 표하고, 이 사건 임대차계약의 해지를 요청한다’"
deposit_dispute,16820,2,"‘이 사건 아파트 소유권 이전에 관한 상황 전체에 대해 전화, 문자메시지 등으로 제기한 거부의사를 재차 표하고, 이 사건 임대차계약의 해지를 요청한다’"
deposit_dispute,17100,2,‘[선순위보증금] 임대인 구두 서술로 작성하였으며 현건물내 전체 선순위 대략 33000만 원 정도 있음을 확인함’
deposit_dispute,17100,2,‘[선순위보증금] 임대인 구두 서술로 작성하였으며 현건물내 전체 선순위 대략 23000만 원 정도 있음을 확인함’
deposit_dispute,17100,2,‘[선순위보증금] 임대인 구두 서술로 작성하였으며 현건물내 전체 선순위 대략 33000만 원 정도 있음을 확인함’
deposit_dispute,17598,2,‘라 한다)에 관한 임대차보증금반환채권’
deposit_dispute,17606,2,"‘이 사건 토지’라고 한다)를 임대차기간 2018. 6. 1.부터 2023. 5. 31.까지, 임대차보증금 8억 원, 차임 월 5,000만 원(부가세 별도)으로 정하여 임차하기로 하는 내용의 임대차계약(이하 ‘"
deposit_dispute,18110,2,"‘이 사건 건물’이라 한다)에 관하여 임대차보증금 1,500,000원, 차임 월 150,000원(매월 12일 지급), 임대차기간 2020. 4. 12.부터 2022. 4. 12.까지로 정하여 임차하는 내용의 임대차계약(이하 ‘"
deposit_dispute,18568,2,'임차목적물이 재개발사업이 추진 중이므로 임대인이 이전을 요구하면 통지 후 아무런 조건 없이 이전하고 원상회복하여 인도한다'
deposit_dispute,18600,2,"’를 운영하는 공인중개사인 G의 중개로 D과 사이에 이 사건 건물 중 H호에 관하여 임대차보증금 60,000,000원, 임대차기간 2017. 1. 13.부터 2019. 1. 12.까지로 정한 임대차계약(이하 ‘"
deposit_dispute,18608,2,"‘피고가 원고에게 임대차보증금으로 4억 원을 지급하지는 않았으나, 피고가 원고로부터 받아야 할 대금이 있고, 원고가 지급명령 정본을 송달받고도 이의하지 않았다는 것이 상식적으로 납득하기 어려워 이 사건 임대차계약서가 위조되었다고 인정하기 부족하다’"
deposit_dispute,19014,2,"“당초 예상보다 크게 인상된 관리비가 부과되고 원고가 약속과 달리 문제를 해결하지 못하고 있으므로, 이 사건 임대차계약을 해지한다.”"
deposit_dispute,19295,2,"‘이 사건 아파트 소유권 이전에 관한 상황 전체에 대해 전화, 문자메시지 등으로 제기한 거부의사를 재차 표하고, 이 사건 임대차계약의 해지를 요청한다’"
deposit_dispute,19295,2,"‘이 사건 아파트 소유권 이전에 관한 상황 전체에 대해 전화, 문자메시지 등으로 제기한 거부의사를 재차 표하고, 이 사건 임대차계약의 해지를 요청한다’"
deposit_dispute,19377,2,"’라 한다)를 보증금 2억 7,000만 원, 기간 2019. 1. 22.부터 2021. 1. 21.까지로 정하여 임차하기로 하는 계약을 체결하였다(이하 ‘"
deposit_dispute,19423,2,"‘이 사건 건물’이라 한다)을 임대차보증금 600,000,000원, 월차임 66,000,000원(부가가치세 포함), 임대차기간 2020. 7. 1.부터 2022. 6. 30.까지로 정하여 임대하는 내용의 임대차계약(이하 ‘"
deposit_dispute,19703,2,"'라고 한다)에 관하여 임대차보증금 2,000만 원, 월 차임 240만 원(부가가치세 별도), 임대차기간 2012. 12. 1.부터 2015. 12. 1.까지로 정하여 임대차계약(이하 '"
deposit_dispute,19780,2,"’이라고 한다)에 관하여 계약기간을 개점일로부터 5년으로 정하여 가맹계약을 체결하였다. 2) C은 D와 사이에 인천 부평구 G, 1층 점포(이하 ‘"
deposit_dispute,19780,2,‘이 사건 임대차보증금반환채권’
deposit_dispute,20319,2,"‘이 사건 선박’이라 한다)에 관하여 임대차보증금은 1,000만 원, 차임 월 300만 원, 임대차 기간 2019. 11. 19.부터 2020. 11. 19.까지로 하는 임대차 계약(이하 ‘"
deposit_dispute,20931,2,"’이라고 한다)에 관하여 임대차보증금을 20억 원, 임대차기간을 2003. 11. 1.부터 2005. 10. 31.까지로 각 정하여 장례식장 시설 임대차 및 운영·관리계약(이하 ‘"
deposit_dispute,20931,2,"’라고 한다)한 다음, 그 내용이 담긴 채권양도양수계약서에 피고 1과 피고학원 사이에 2005. 11. 1. 체결된 임대차계약서를 첨부하여 공증인가 장안합동법률사무소에서 사서증서인증을 받았다. 다. 원고는 2006. 6. 28. 피고 1로부터 “"
deposit_dispute,21293,2,’으로 하는 임대차계약을 체결했다. 위 각 임대차계약의 주요 내용은 아래와 같다.    나. 원고 B는 2015. 4. 29. F과 사이에 이 사건 제2부동산에 관하여 ‘
deposit_dispute,21534,2,"’라고 한다)와 사이에 신탁계약을 체결하고, 같은 날 수탁회사에게 신탁을 원인으로 한 소유권이전등기를 경료하였다. 라. E은 2018. 8. 29. 이 사건 건물에 관하여 신탁재산의 귀속을 원인으로 한 소유권이전등기를 경료받았다가 같은 날 수탁회사와 사이에 아래와 같은 내용을 포함하는 신탁계약(이하 ‘"
deposit_dispute,21534,2,"‘제1부당이득금’이라고 한다)을 이 사건 제1임차권의 임대차보증금에서 공제하여야 한다. 또한 피고 회사는 이 사건 제2임차 계약을 체결하면서 수탁회사와 우선 수익자의 동의를 받지 아니하였으므로 수탁회사에 대하여 대항할 수 없다. 따라서 피고 회사가 그 임대차기간이 시작된 2018. 11. 23.부터 원고의 소유권 취득일인 2020. 4. 8.까지 이 사건 점포를 법률상 원인 없이 이 사건 점포를 사용 수익함으로써 부담하게 된 차임 및 관리비 상당액 6,400만 원(이하 ‘"
deposit_dispute,23408,2,"'임차인(피고)은 공장 진입로와 공장 주변 포장공사, 토지 경계 석축 공사를 우선 자비로 시공하여 사용하고 공사비는 공사 완공 후 3개월 안에 임대인(B)과 정산하기로 한다.'"
deposit_dispute,23513,2,"’이라 한다) 표시 1, 2, 3, 4, 5, 6, 7, 8, 9, 10, 1의 각 점을 차례로 연결한 선내 부분을 제외한 나머지 부분에 각기 독립한 부동산인 건물들이 들어서 있고, 각 건물마다 서로 다른 임차인들이 있었으나, 현재 이사비 등을 지급받는 조건으로 모두 퇴거하였다. 3) 이 사건 임대차계약의 목적물로 볼 수 있는 부분은 이 사건 각 토지 중 위 2)항 기재 건물들을 제외한 부분(이하 ‘"
deposit_dispute,23513,2,’당사자 중 누구라도 상대방에게 0.5~3개월분의 차임을 지급하고 임대차계약을 해지할 수 있다‘
deposit_dispute,23513,2,’임차인은 임대인의 동의 없이 위 부동산의 용도나 구조 등을 변경할 수 없다‘
deposit_dispute,23561,2,"'과 …… 확정일자를 갖춘 임차인은 …… 우선하여 보증금을 변제받을 권리가 있다."""
deposit_dispute,23833,2,“이 사건 주택의 임대차보증금이나 월세를 왜 주지 않느냐. 나도 모르게 계약이 되었느냐.”
deposit_dispute,23833,2,“이 사건 주택의 임대차보증금이나 월세를 왜 주지 않느냐. 나도 모르게 계약이 되었느냐.”
deposit_dispute,24041,2,"“임대차보증금 900만 원, 임대차계약일 2009. 8. 1., 확정일자 2009. 12. 4.”"
deposit_dispute,24041,2,"“임대차보증금 2,000만 원, 임대차계약일 2009. 8. 1., 확정일자 2009. 8. 18.”"
deposit_dispute,24726,2,"‘이 사건 건물’이라 한다)를 임대차보증금 50,000,000원, 차임 월 2,500,000원(부가세 별도, 매월 말일 지급), 관리비 월 40,000원, 임대차기간 2017. 2. 28.부터 2019. 2. 27.까지로 정하여 임차하였다(이하 C과 피고 사이의 위 임대차계약을 ‘"
deposit_dispute,24757,2,"‘밀린 월차임 등을 2007. 10. 25.까지 지급하고, 그렇지 않을 경우 이 사건 임대차계약을 해지하겠다.’"
deposit_dispute,25369,2,"”이라 하여, 다음과 같이 임대차계약을 체결한다. [목적물의 표시] 소재지: 부산 사하구 (동, 지번 생략) 지상 2층, 3층 전체 임대면적: 약 180평 (전용+공유면적) 임대보증금: 일금 사억 원정 (￦400,000,000) 월임료: 일금 육백삼십만 원정 (￦6,300,000) 임대차기간: 2003년 7월 1일부터 2008년 6월 30일까지 [제3조 목적물의 변경] “"
deposit_dispute,25369,2,”에게 제시해 주어야 한다. [제9조 임차인의 사용방법] 임차인 “
deposit_dispute,25369,2,"”에게 청구하지 못한다. 단, 구조적인 결함으로 인한 하자는 그러하지 아니하다. [제11조 재계약] 임대차 기간의 연장이 필요한 경우, 임대차 계약기간 종료 2개월 전에 “"
deposit_dispute,25457,2,"’이라고 한다)에 관하여 임대차보증금 40,000,000원, 차임 월 3,300,000원, 임대차기간 2008. 7. 1.부터 24개월로 정하여 임대차하기로 하는 내용의 임대차계약(이하 ‘"
deposit_dispute,25457,2,"’이라고 한다)을 체결하였고, 피고(반소원고)는 그 무렵 원고에게 위 임대차보증금을 지급하였다. (4) 이 사건 임대차계약 체결 이후, 피고(반소원고)는 별지 ‘"
deposit_dispute,25697,2,"'이라고 한다)을 매수하여 2017. 10. 20. 소유권이전등기를 마쳤다. 나. 원고는 2017. 11. 8. 피고 회사와 이 사건 부동산에 관하여 영업위탁계약을 체결하였고, 주요 계약 내용은 다음과 같다(이하 '"
deposit_dispute,25697,2,"'만이 등장할 뿐, 개인 D은 기재되어 있지 아니하다. 6) 피고 C이 이 사건 임대차계약 체결 당시 교부받은 위임장 등에도 수임자가 피고 회사로 기재되어 있고, 계약 체결 당시 E의 직원이나 부동산 중개인 등도 개인사업자 D에 대한 언급은 별도로 하지 아니한 것으로 보인다. 당시 공인중개사 사무보조원인 I는 이 법정에서 증인으로 출석하여 '"
deposit_dispute,25697,2,'보증금 반환에 대한 책임은 ㈜B에서 책임지기로 한다'
deposit_dispute,25833,2,"‘신청인과 재항고인은 이혼하되, 재항고인이 신청인에게 위자료 1,500만 원을 지급하고, 재산분할로서 신청인으로부터 1,250만 원을 지급받음과 동시에 임대차보증금 3,000만 원의 반환채권을 양도하며, 소송비용은 본소, 반소를 합하여 4분의 1은 신청인이, 4분의 3은 재항고인이 부담한다’"
deposit_dispute,26135,2,"‘이 사건 건물’이라 한다)에 관하여 임대차보증금 2,500만 원, 차임 월 200만 원으로 정하여 임대차계약을 체결하고 이 사건 건물에서 ‘"
deposit_dispute,26243,2,‘재산권에 관한 계약의 위약 또는 해약으로 인하여 지급받는 손해배상으로서 그 명목 여하에 불구하고 본래의 계약 내용이 되는 지급 자체에 대한 손해를 넘어 배상받는 금전 또는 물품의 가액’
deposit_dispute,27571,2,‘이 사건 임대차보증금반환채권’
deposit_dispute,27898,2,"‘이 사건 주택’이라 한다)를 보증금 6,000만 원, 임대차기간 2017. 3. 1.부터 2019. 3. 1.까지로 정하여 임차하기로 하는 계약(이하 ‘"
deposit_dispute,28171,2,'이 사건 임대차보증금의 반환채무를 원고가 인수하는 것으로 잔금 지급을 갈음하기로 하는 내용의 약정'
deposit_dispute,28384,2,"’이라 한다)은 원고가 단독으로 소유하고 있었다. 나. 이 사건 1토지 중 소외 3 및 원고의 지분과 이 사건 2토지 및 2건물에 관하여 1995. 12. 30. 채권최고액 6억 5,000만원, 채무자 마타로종합건설, 근저당권자 주식회사 한일은행으로 된 근저당권설정등기(이하 ‘"
deposit_dispute,28384,2,"’이라 한다)가 경료되었는데, 실제 피담보채무액은 5억원이었고, 이 사건 1토지 중 마타로종합건설의 지분과 이 사건 1건물에 관하여 1996. 9. 11. 채권최고액 6억 5,000만원, 채무자 마타로종합건설, 근저당권자 주식회사 한일은행으로 된 근저당권설정등기(이하 ‘"
deposit_dispute,28458,2,‘C’ 옆에는 C과 원고의 도장이 각 날인되어 있다. ② 이 사건 임대차계약서에는 특약사항으로 “
deposit_dispute,28458,2,"”이라고 기재되어 있다. ③ D는 피고의 요청을 받고 피고 명의의 계좌로 이 사건 임대차보증금 전액을 송금하여 반환하였는데, 그 중 2011. 7. 29. 송금한 7,000만 원에 관하여는 ‘"
deposit_dispute,28967,2,"’이라 한다)을 양도하고, 원고는 이즈웨딩으로부터 양도통지 권한을 위임받아 2011. 1. 5. 내용증명우편으로 피고에게 위 채권양도의 통지를 하여 그 통지가 2011. 1. 6. 피고에게 도달하였다. 다. 피고는 2011. 6. 16. 이즈웨딩을 상대로 부산지방법원 2011가단63242호로 건물명도 등의 소를 제기하여 2011. 10. 28. 위 임대차계약이 피고의 해지로 종료되었다는 이유로 ‘"
deposit_dispute,29445,2,"’이라 한다)을 체결하였다. 이 사건 임대차계약에는 다음과 같은 특약사항이 포함되었다.  다. 원고와 피고는 2015. 9.경 임대차 목적물을 별지1 기재 부동산 중 도면 표시 1, 2, 3, 4, 1의 각 점을 차례로 연결한 지하 2층 선내 (가) 부분 D호 점포 33.75㎡(이하 ‘"
deposit_dispute,29445,2,“상가설치공사로 발생하는 제반 비용은 임차인이 부담하며 이를 임대인에게 청구할 수 없다.“
deposit_dispute,29513,2,"‘이 사건 건물’이라 한다)를 임대차보증금 8,000만원, 월차임 250만원(부가가치세 별도), 기간 2015. 6. 1.부터 2017. 5. 31.까지로 정하여 임차하는 내용의 임대차계약을 체결하고(이하 ‘"
deposit_dispute,29513,2,"’라 한다), 그 무렵 D에게 임대차보증금을 지급하고 이 사건 건물을 인도받은 다음 2015. 5. 27. 이 사건 건물을 사업장 소재지로 한 사업자등록을 마쳤다. 나. 원고는 2018. 10. 1.경 C의 대리인인 D에게 2018. 11. 10.을 종료일로 하여 이 사건 임대차를 해지하겠다는 의사표시를 하였고, D은 이에 동의하였다. 다. 피고는 C과 부부였던 사이로, C을 상대로 제기한 서울가정법원 2017드합31708 이혼 등 청구의 소 계속 중 2018. 10. 12. ‘"
deposit_dispute,29513,2,"“원고가 D으로부터 8,000만원을 차용하고, 피고로부터 이 사건 임대차보증금을 반환받는 즉시 위 차용금을 변제한다”"
deposit_dispute,29564,2,"’이라 한다)을 부가한 사실, ③ 동윤개발은 원고들과 사이에 이 사건 지하상가에 대한 임대차계약을 체결하면서 이 사건 협약 및 이 사건 허가조건에 따라 임대차보증금의 환불적립금이 현금으로 예치될 예정이라고 설명한 사실, ④ 그런데 동윤개발은 피고에게 매년 일정액의 환불적립금을 예치하는 대신 10년간 예치할 환불적립금 상당의 약속어음을 발행하고 그 지급기일에 유예된 환불적립금을 전액 예치하겠다고 요청하였고, 피고는 이를 승낙한 사실, ⑤ 이에 동윤개발은 피고에게 액면금을 ‘"
deposit_dispute,29581,2,"'이라 한다)을 보증금 5천만 원, 차임 월 374만 원, 임대기간 2016. 12. 2.부터 2018. 2. 5.까지로 정하여 임대하는 계약(이하 '"
deposit_dispute,29978,2,"’이라 한다)에 대하여 임대차보증금 6,000만 원, 임차기간 2017. 8. 10.부터 2019. 8. 9.까지로 정하여 임대차계약(이하 ‘"
deposit_dispute,29978,2,‘협회 공제의 손해배상책임은 협회와 공제가입자 간의 계약에 따라 공제가입자가 가입한 공제기간 중 발생한 모든 중개사고로 인하여 손해를 입은 중개의뢰인들의 수 또는 중개계약의 건수나 그 손해액에 관계없이 손해를 입은 각 중개의뢰인들이 협회로부터 보상받을 수 있는 손해배상액의 총 합계액은 공제증서에 기재된 공제가입금액 한도 내에서 배상책임이 있다’
deposit_dispute,31215,2,“전세권을 목적으로 저당권을 설정한 자는 저당권자의 동의 없이 전세권을 소멸하게 하는 행위를 하지 못한다.”
deposit_dispute,31338,2,"‘대항력 등’이라는 표제로 제1항에서 대항력의 요건을 정하고, 제2항에서 “"
deposit_dispute,31757,2,"‘이 사건 상가’라 한다)에 관하여 그 소유자 D와 사이에 임대차기간 2016. 7. 4.부터 2018. 7. 3.까지, 임대차보증금 합계 105,000,000원(1층 80,000,000원+2층 25,000,000원), 차임 합계 4,600,000원(1층 2,200,000원+2층 2,400,000원)으로 하는 내용의 임대차계약(이하 ‘"
deposit_dispute,32012,2,"’이라 한다)와 사이에 이 사건 건물에 관하여 임대차보증금 41,000,000원, 임대차기간 2011. 4. 23.부터 2013. 4. 22.까지로 정하여 임대차계약을 체결하였고(이하 ‘"
deposit_dispute,32190,2,"'이라 한다)에 관하여 임대차보증금을 1,500만 원으로, 임대차기간을 2016. 3. 13.부터 2019. 3. 12.까지로 각 정하여 임차하기로 하는 내용의 임대차계약을 체결하였다. 나. 원고는 망 E(이하 '"
deposit_dispute,32258,2,"’으로 인정될 정도로 원고들과 피고 사이의 신뢰관계가 훼손되었다고 할 수 없는바, 피고는 원고들에게 투자금을 반환하여야 할 의무가 없다. 3. 판단 가. 약정 해지권의 행사가 인정되는 ‘"
deposit_dispute,33049,2,"‘월세 계약이 대부분이고, 전세 계약은 몇 개 남지 않았다’"
deposit_dispute,33049,2,"“피고인 A는 도박 관련 채무로 인해 2017. 5.경까지 사채업자들로부터 본인 외 자녀에 대한 위협까지 받아 두려움을 느끼고 있었고, 결국 위 채무를 해결하지 못한 피고인 A의 요구로 별다른 준비 없이 갑자기 가족들 모두 해외로 출국하게 되었으며, 그 과정에서 I와 O 빌라 관리를 소홀히 하게 되었다. 이로 인해 금융기관 대출금 이자 지급이 연체되어 경매절차까지 진행되었고, 감정평가액이 시가를 제대로 반영하지 못하고 유찰되는 상황까지 이르러 결국 임대차보증금 전액을 회수하지 못한 임차인이 발생하게 되었다.”"
deposit_dispute,33307,2,“1억 원을 무안군 E 커피숍 보증금으로 정히 보관함(반환기 : 2020. 3. 19.)”
deposit_dispute,33499,2,"”를 추가한다. ○ 5쪽 4∼7행을 다음과 같이 수정한다. 『3) 이에 피고와 속초시가 중재에 나섰다. 그러나 이 사건 활어판매장 임차인 중 한 명이 2016. 10. 25. 이 사건 건물 옥상에서 자살을 기도하였고, 원고가 피고에게 외식사업소의 임대보증금 5억 원, 월 임대료를 활어판매장 4개소와 외부 활어저장소를 포함하여 600만 원으로 한 조정희망 제안서, 탄원서, 운용계획을 제출하자 피고는 원고에게 ‘"
deposit_dispute,33499,2,"『2) 원고는 피고에게 이 사건 포기각서를 제출한 후 2016. 12. 31.경 이 사건 활어판매장 9개소 중 8개소를 피고에게 반환하였으나, 이 사건 활어판매장 임차인 대표 등과 협의하여 나머지 1개소는 영업을 계속하였다.』"
deposit_dispute,33499,2,"” 다음에 아래 내용을 추가한다. 『, ⑤ 원고가 이 사건 임대제안요청서 및 이 사건 임대제안서에 포함되어 있지 않은 활어회를 이 사건 외식사업소에서 직접 판매한 사실은 있으나, 이 사건 임대차계약서에는 활어회의 직접 판매를 금지하는 취지가 명시되어 있지 않고, 위와 같은 사정만으로 물회 등에 대한 원고의 직접 판매행위 전체가 이 사건 임대차계약상 허용되지 않는 것으로 보기는 어려운 점』"
deposit_dispute,33499,2,"”부터 3행까지를 다음과 같이 수정한다. 『피고가 앞서 본 바와 같이 이 사건 제1임대차계약에 따라 이 사건 외식사업소의 사용․수익 상태 유지의무를 불이행하여 원고에 대하여 손해배상의무를 부담함은 별론으로 하더라도, 이 사건에 제출된 증거만으로는 피고의 위 의무위반 정도가 이 사건 제1임대차계약의 목적을 달성할 수 없는 정도에 이르렀다고 인정하기에 부족하고, 달리 이를 인정할 증거가 없다.』"
deposit_dispute,33499,2,"’이라는 용어를 사용하여서는 아니 됨에도 설치하려던 간판에 이를 사용한 것이 이 사건 임대차계약에 따른 채무를 불이행한 것이라고 주장한다. 그러나 피고의 위 주장은 원고가 이 사건 외식사업소에서 직접 수산물을 이용한 식사류 등을 판매할 수 없음을 전제로 하는 것인데, 앞서 본 바와 같이 원고가 이 사건 임대차계약에 따라 이 사건 외식사업소에서 수산물을 이용한 식사류 및 안주류를 직접 판매할 수 있다고 봄이 타당한 이상, 원고가 간판에 ‘"
deposit_dispute,33699,2,"‘이 사건 물류센터의 감정평가가격이 37,000,000,000원으로 결정되었고, 금융권 여신금액 26,000,000,000원을 제외한 남은 금액 11,000,000,000원만으로도 피고의 2,308,500,000원 상당의 임대차보증금반환채권을 담보하기에 충분하다’"
deposit_dispute,33699,2,"’는 취지로 답변하였다. (3) 원고는 2018. 4. 18. 10:41경 신탁계약이 근저당권설정보다 유리한 방식이라는 취지로 재차 설득하는 이메일을 발송하였고, 피고는 같은 날 11:54경 ‘"
deposit_dispute,33699,2,’고 답변하면서 이 사건 신탁계약서의 초안으로 보이는 문서를 첨부하였다. 위 신탁계약서 제4조(수익자 등의 처분청구의 제한)는 ‘
deposit_dispute,33699,2,"‘는 취지의 내용을 삭제하며, ④ 임대차보증금 중 1,154,250,000원을 반환해달라는 등의 내용으로 이메일을 보냈다. (7) 원고는 2018. 4. 25. 15:03경 피고의 위 2018. 4. 25.자 요청사항을 반영하였다는 취지의 이메일을 보냈다. 위 이메일에 첨부된 동의서 양식에도 피고는 여전히 제3순위 우선수익권자로 명시되어 있으며, 원고와 피고가 주고받은 2018. 4. 26.자 이메일에 첨부된 동의서 양식에도 피고가 제3순위 우선수익권자로 명시되어 있고, 그 하단에는 ’"
deposit_dispute,33699,2,"‘라는 취지로 기재되어 있다. (8) 원고는 2018. 4. 27. ① 붙임1. 부동산신탁계약서 및 신탁재산 처분에 관한 조건(abc반영안), ② 붙임2. 부동산 담보신탁 신청 및 수익증권 발급의뢰서, ③ 붙임 3. 부동산신탁계약서 및 신탁재산 처분에 관한 조건(은행안)을 각 첨부한 이메일을 발송하면서 ’"
deposit_dispute,33699,2,"‘고 기재하였다. (9) 위 붙임1 계약서에는 피고가 제2순위 우선수익권자로 명시되어 있고, 이 사건 우선매수권 조항은 ‘"
deposit_dispute,33770,2,"‘이 사건 상가’라고 한다)를 조성한 다음 2000년경부터 이 사건 상가를 분할하여 분양·임대하였고, 원고는 2000. 8. 17.경 피고로부터 이 사건 상가의 점포 1구좌를 분양받은 다음 피고의 공개추첨을 통하여 이 사건 상가의 지상 1층 제119호 점포를 배정받고, 2001. 8.경 피고와 임대차기간을 5년, 임대차보증금을 5,500만 원, 장기임대료를 2,400만 원, 월 임대료를 65만 원으로 정하여 임대차계약(이하 ‘"
deposit_dispute,34588,2,'본건 토지에 건축은 임대인이 건축하여 임차인에게 임대한다.'
deposit_dispute,34641,2,"‘이 사건 토지’라 한다)에 관하여 매매대금 2억 1,952만 원으로 정한 매매계약을 체결하고, 2018. 4. 10. 이 사건 토지에 관하여 소유권이전등기를 마쳤다. 마. 원고는 2018. 12. 26. 피고와 사이에, ① 이 사건 아파트에 관하여 매매대금을 1억 3,000만 원으로 하는, ② 이 사건 토지 중 472/1481 지분에 관하여 매매대금을 1억 10만 원으로 하는 각 매매계약(이하 ‘"
deposit_dispute,34667,2,"’라 한다)를 임대차기간 2010. 9. 13.부터 2015. 9. 13.까지, 보증금 1,000,000,000원, 차임 월 10,000,000원으로 정하여 임차하였다(이하 원고와 피고 사이의 위 임대차계약을 ‘"
deposit_dispute,34919,2,"’)을 체결하였다.  다. 피고들의 권리금 및 보증금 일부 지급 피고들은 2019. 4. 1. 이 사건 병원의 원무과장인 I 명의 계좌로 권리금 1억 원과 보증금 중 일부인 2,000만 원을 입금하는 방법으로 원고에게 지급하였다. 라. 피고들의 이 사건 병원에 관한 의료기관 개설신고 및 폐업신고 피고들은 2019. 4. 4. 피고 B의 명의로 이 사건 병원에 관하여 의료기관 개설신고를 하고, 의료기관 명칭을 ‘"
deposit_dispute,35570,2,"“공인중개사랑 이 사건 아파트를 처음 볼 때 G가 나와 있었다. 처음에는 G를 피고로 잘못 알고 있었다. 계약기간 2년이 끝나 재계약을 하려는 시점에 G가 내게 연락하였는데, G는 자신이 실질적인 주인이라고 하였다.”"
deposit_dispute,35570,2,“어제 12월 말일까지 세금납부 유예가 결정되었습니다. 피고 명의로 되어 있는 D 아파트도 일단은 근저당 설정이 될 예정입니다. 세금 납부 후 바로 해지를 해드리겠습니다. 양해하여 주신 점 감사드리겠습니다.”
deposit_dispute,36467,2,"‘H은행‘이라 한다)과 2억 1,600만 원에 관한 대출거래약정을 체결하였다. 2) G은 그 무렵 위 대출금의 상환을 보증하기 위하여 피고와 보증금액을 2억 7,000만 원으로 정한 전세금안심대출 보증계약(이하 ‘"
deposit_dispute,36467,2,"“본인은 이 사건 부동산에 주민등록을 전입, 22층 일부를 사용 거주하고 있으나 소유자와 실제 임대차 계약관계는 없으며 따라서 향후 귀사(원고)에 대하여는 어떠한 전세권의 권리(소액 임대차관계 포함)도 주장하지 않을 것을 확인합니다”"
deposit_dispute,36467,2,‘주택임대차로서의 대항력을 취득한 것처럼 외관을 만들었을 뿐 실제 주택을 주거용으로 사용·수익할 목적을 갖지 아니 한 계약’
deposit_dispute,36467,2,"“이 사건 부동산에 전입신고를 하기는 하였으나, 실제 임대차 계약관계 없고, 향후 전세권의 권리를 주장하지 않겠다”"
deposit_dispute,36467,2,‘임차인과 공모하여 전세자금 대출을 받은 후 그 임차인의 권리를 일부러 상실시키는 방법으로 담보가치를 되살려 추가로 주택담보대출을 받을 목적’
deposit_dispute,36482,2,‘1억 원’을 채무금액으로 하고 위 채무의 지급을 담보하기 위하여 피고가 임차하고 있는 2개의 매장에 관한 임대차보증금 반환채권을 담보로 제공하는 내용의 공정증서(이하 ‘
deposit_dispute,36807,2,‘D유치원 공동운영해지 계약서’
deposit_dispute,37089,2,‘라 한다)에 대한 각 임대차보증금 반환청구채권(이하 ’
deposit_dispute,37283,2,"‘이 사건 건물’이라고 한다)를 임대차보증금 55,000,000원, 임대차기간 2021. 1. 1.까지로 정하여 임차하기로 하는 내용의 임대차계약(이하 ‘"
deposit_dispute,37336,2,"'이라 한다) F호에 관하여 임대차보증금 120,000,000원, 임대차기간 2017. 8. 17.부터 2019. 8. 16.까지로 정하여 임대차계약(이하 '"
deposit_dispute,37395,2,"’는 취지의 내용증명우편을 발송하였고, 위 내용증명우편은 그 무렵 피고 회사에 각 도달하였다. 라. 한편 원고는 이 사건 종전 임대차계약 체결 당시 피고 또는 제3자(편의점 가맹점주)가 이 사건 점포에서 편의점을 운영하는 것에 대하여 동의하였는데, 피고 회사는 이 사건 종전 임대차계약 체결 이후 피고 2에게 이 사건 점포를 인도하여 ‘"
deposit_dispute,37441,2,'임대차가 종료한 경우에도 임차인이 보증금을 돌려받을 때까지는 임대차 관계는 존속하는 것으로 본다.'
deposit_dispute,37840,2,"‘이 사건 상가’라 한다)을 임대차보증금 20,000,000원, 차임 월 1,870,000원(매월 말일 지불, 부가가치세 포함, 이하 같다), 임대차기간 2017. 11. 15.부터 2019. 11. 14.까지로 정하여 임대하는 계약(이하 ‘"
deposit_dispute,37915,2,"‘이 사건 점포’라 한다)의 소유자인 원고로부터 이 사건 점포를 보증금 1억 원, 차임 월 480만 원, 임대차기간 2016. 11. 11.부터 2018. 11. 10.까지로 정하여 임차하기로 하는 임대차계약(이하 ‘"
deposit_dispute,38355,2,"’이라 한다)을 체결하였는데, 매매계약서 특약사항에 ‘"
deposit_dispute,38833,2,"‘이 사건 주택’이라 한다)에 대하여 원고에게 근저당권을 설정해 주고 2억 원을 차용한 자이며, 피고 C은 변호사로서 등기사무 직원을 고용하여 이 사건 주택에 대한 원고의 근저당권설정등기(이하 ‘"
deposit_dispute,39439,2,"'에 대한 낙찰기일 이후부터 배당기일까지의 중가산금 324,930원을 확장하여 다시 교부청구를 하였으므로, 위 중가산금 부분도 피고의 위 임대차보증금반환채권보다 우선하는데도 이를 원고의 배당액에서 제외한 것은 부당하므로 청구취지와 같은 배당표의 경정을 구한다는 취지로 주장한다. 살피건대, 지방세법에서 규정하고 있는 '"
deposit_dispute,39439,2,"'과 교육세 및 각 그 가산금에 대하여 교부청구를 한 이상 그 이후 배당기일까지 발생되는 중가산금을 확장하여 다시 교부청구를 하면 이를 위 지방세 및 교육세에 대항하지 못하는 임차보증금 반환채권에 우선하여 배당을 하여야 한다고 해석할 여지가 있다. 그러나 이는 다음과 같은 이유에서 타당한 해석이라고 할 수 없다. 즉, (1) 중가산금은 단순히 지연배상금의 성질만을 가지고 있는 것은 아니고, 조세의 체납자들에 대한 제재의 성질을 띤 금전적 행정벌이라고도 볼 수 있는 점, (2) 지방세법 제31조 제2항의 규정에 비추어 보면 '"
deposit_dispute,39636,2,"’이라고 한다)가, L 소유의 광주시 M 토지 및 지상 공장건물에 관하여 채무자 D, 채권최고액 960,000,000원, 근저당권자 K으로 하는 근저당권설정등기(이하 ‘"
deposit_dispute,39636,2,’이 보증금 반환을 담보하기 위하여 ‘
deposit_dispute,39636,2,’에게 J호를 담보로 제공(근저당권 설정을 의미한다)하기로 하는 내용의 계약(이하 ‘
deposit_dispute,39636,2,"’이라고 한다). 그에 따라 피고 C는 2018. 4. 11. 자신의 모친 R와 매제인 S이 공유하는 이 사건 건물 중 Q호[Q호에는 이미 2016. 12. 8. 이 사건 건물 중 T호와 공동담보로 하여 채무자 R, 채권최고액 360,000,000원, 근저당권자 K으로 하는 선순위근저당권설정등기(이하 ‘"
deposit_dispute,39895,2,"”로 정하여 임대하였다. 나. 망인과 피고 사이의 위 임대차계약이 묵시적으로 갱신되던 중, 원고 C은 망인이 사망한 이후인 2017. 12. 28. 피고에게 이 사건 토지를 “"
deposit_dispute,40057,2,’이라 한다) 각 마쳐주었다. 나. 이 사건 계약의 체결 및 경과  원고들은 2013. 12. 11.경 피고 D과 아래와 같은 내용의 부동산매매 및 사업경영권 이전 계약을 체결하였다(이하 ‘
deposit_dispute,40619,2,"‘이 사건 건물’이라 한다) 3층 전체 86.6㎡에 관하여, 임대차보증금 20,000,000원, 월차임 1,000,000원(후불), 임대차기간 2018. 6. 22.부터 2020. 6. 22.까지로 하여 임차하는 내용의 임대차계약(이하 ‘"
deposit_dispute,40619,2,"‘임차인은 계약기간 동안 사용하는 임차 공간의 건물유지관리에 대해 책임지기로 하며, 미관상 청결 유지에 최선을 다하기로 한다(옥상 공간 포함)’"
deposit_dispute,40677,2,"‘D’라는 상호로 고시원을 운영하고 있다. 나. 이후 원고는 2019. 11. 29. 피고와 위 임대차계약 중 월차임을 600만 원(부가가치세 별도)으로, 임대차기간을 2019. 12. 21.부터 2021. 12. 21.까지로 각각 변경하는 계약을 체결하였다(이하 이를 통틀어 ‘"
deposit_dispute,40677,2,"‘권리금은 인정하지 않고 임대기간 만료 후 임대인이 건물매매, 신축 등 명도 요청 시 임차인은 45일 이내 아무 조건 없이 명도해야 한다’"
deposit_dispute,40845,2,’이라 한다)에 관한 임대차보증금반환채권(이하 ‘
deposit_dispute,40864,2,"'이라 한다) F호에 관하여 임대차보증금 70,000,000원, 임대차기간 2016. 12. 4.부터 2018. 12. 3.까지로 정하여 임대차계약(다음부터 '"
deposit_dispute,40864,2,"'으로 기재하였다. 이 사건 임대차계약 체결 당시 이 사건 건물 및 대지에 관하여 채권최고액 합계 910,000,000원의 근저당권이 설정되어 있었다. 라. 이 사건 건물 및 대지에 관하여 2019. 8. 16. 대구지방법원 서부지원 H로 임의경매절차가 개시되었고(다음부터 '"
deposit_dispute,41300,2,‘임대인 E(개인사업자)의 동의하에 ㈜H에서 대리 계약함’
deposit_dispute,41820,2,"’이라 한다)을 제기하였는데, 2012. 6. 15. 위 사건의 조정기일에 다음과 같은 내용의 조정이 성립되었다.  마. 이후 이 사건 임대차계약은 계속하여 묵시적으로 갱신되었고, F는 이 사건 토지 지상에 2층 건물(이하 ‘"
deposit_dispute,41936,2,"“이 사건 임대차계약을 체결할 권한이 있었거나 적어도 원고로서는 피고 B이 체결한 이 사건 임대차계약을 추인하였다고 보이고, 나아가”"
deposit_dispute,42182,2,"’이라 한다), E는 D의 이 사건 각 대여금채무를 연대보증하였다. 다. 원고는 2012. 3. 13. 이 사건 각 대여금채무를 담보하기 위하여, 원고 소유의 서울 용산구 H 지상 I건물 제4층 J호에 관하여 서울서부지방법원 2012. 3. 13. 접수 제7426호로 채권최고액을 150,000,000원, 채무자를 원고, 근저당권자를 피고로 하는 근저당권설정등기를, 원고 소유의 서울 용산구 K 지상 제4층 J호(위 I건물 제4층 J호와 통칭하여 이하 ‘"
deposit_dispute,42182,2,"’이라 한다)에 관하여 서울서부지방법원 2012. 3. 13. 접수 제7425호로 채권최고액을 150,000,000원, 채무자를 원고, 근저당권자를 피고로 하는 근저당권설정등기를 각 마쳐주었다(이하 ‘"
deposit_dispute,42196,2,"’이라 한다), E는 D의 이 사건 각 대여금채무를 연대보증하였다. 다. 원고는 2012. 3. 13. 이 사건 각 대여금채무를 담보하기 위하여, 원고 소유의 서울 용산구 H 지상 I건물 제4층 J호에 관하여 서울서부지방법원 2012. 3. 13. 접수 제7426호로 채권최고액을 150,000,000원, 채무자를 원고, 근저당권자를 피고로 하는 근저당권설정등기를, 원고 소유의 서울 용산구 K 지상 제4층 J호(위 I건물 제4층 J호와 통칭하여 이하 ‘"
deposit_dispute,42196,2,"’이라 한다)에 관하여 서울서부지방법원 2012. 3. 13. 접수 제7425호로 채권최고액을 150,000,000원, 채무자를 원고, 근저당권자를 피고로 하는 근저당권설정등기를 각 마쳐주었다(이하 ‘"
deposit_dispute,42621,2,‘임대인 대리로 아들( 소외 3)의 대리 계약으로 잔금시 상면키로 한다’
deposit_dispute,42670,2,‘어머니 K의 병원비 문제로 임대차보증금 반환받는 것이 급하다.’
deposit_dispute,42857,2,"""라고 한다)는 피고 B 및 C 앞으로 공제금액 1억 원인 공제증서를 발행하였다. 이 사건 임대차계약도 공제대상이다. 다. 피고 B은 이 사건 임대차계약에 관한 중개대상물 확인 설명서에 '"
deposit_dispute,43293,2,"’이라 한다)에 대하여 임대보증금 65,000,000원, 임대차기간 2016. 2. 27.까지로 하는 임대차계약(이하 ‘"
deposit_dispute,43293,2,"“① 을구1번 G조합 채권최고액 금 234,000,000원 근저당설정은 매수인이 그대로 승계한다. ② 임대보증금은 매수인이 전부 승계한다.”"
deposit_dispute,43293,2,“2020. 7. 15.까지 중도금 및 잔급을 지급하지 않으면 2020. 7. 16.자로 계약을 해지하겠다”
deposit_dispute,44318,2,"’이라 한다)을 공유하던 사이이다. 나. 망인은 2008. 1. 22. 피고를 상대로 I리 각 건물의 차임에 관한 부당이득 반환청구의 소를 제기하였고(수원지방법원 성남지원 2008가합11296), 이에 대하여 피고는 I리 각 건물의 건축비 등에 관한 부당이득 반환청구의 반소를 제기하였다(위 법원 2008가합11456, 이하 본소, 반소를 합하여 ‘"
deposit_dispute,44407,2,"'이라 한다)에 대하여 채무자 김승준, 근저당권자 농협, 채권최고액 금 3억 6천만 원의 근저당권설정등기를 경료하였다. 마.한편, 김승준의 어머니인 소외 김숙의는 1990.경 경남 고성읍 수남동 528-1 토지를 매입하여 이를 사회복지법인 샛별어린이집(이하 '"
deposit_dispute,44664,2,"'선순위임차인 총 보증금 1억 3,000만 원'"
deposit_dispute,44664,2,"""문제가 없는 집이니 보증금 반환에 대하여는 걱정하지 않아도 된다"""
deposit_dispute,44664,2,'선순위 임차인 총 보증금 및 임차 기간 추후 구두로 설명하기로 함'
deposit_dispute,45042,2,"'이라 한다)을 체결하였고, 같은 날 피고로부터 400만 원의 가계약금을 지급받았다. 라. 원고는 2015. 3. 4. 피고와 사이에 이 사건 부동산에 관한 매매계약(이하 '"
deposit_dispute,45608,2,’라 한다)에게 위 임대차보증금반환채권을 양도하였으므로 그 채권양도는 피고들(반소원고 포함)(이하 ‘
deposit_dispute,45616,2,"‘이 사건 점포’라 한다)에 관하여 임대차기간을 2016. 10.경부터 2018. 10.경까지, 임대차보증금을 50,000,000원으로 정한 임대차계약(이하 ‘"
deposit_dispute,45864,2,"’이라 한다)에 관하여 전세권을 설정받은 사실, 한편 원고는 2006. 5. 24. 두영건설로부터 이 사건 부동산에 관하여 채권최고액 25,000,000원의 근저당권을 설정받은 사실, 그 후 2006. 9. 20. 부산지방법원 2006타경45533호로 이 사건 부동산을 비롯하여 두영오피스텔 504호, 505호, 603호, 703호, 704호, 707호에 대한 임의경매절차(이하 ‘"
deposit_dispute,46256,2,"'라 한다)를 임대차보증금 6,500만 원, 월차임 5만 원, 임대차기간 2019. 10. 15.부터 2021. 10. 14.까지로 각 정하여 임차하는 내용으로 임대차계약(이하 '"
deposit_dispute,46256,2,"'이라 한다)을 체결한 후, 다음 날 임대차계약서에 확정일자를 받고 전입신고를 마쳤다. 2) 이 사건 임대차계약 체결 당시 피고 B가 작성하여 원고에게 교부한 중개대상물확인·설명서의 '"
deposit_dispute,46341,2,'이 사건 임대차보증금 반환채권'
deposit_dispute,46586,2,"’이라 한다)을 체결하였다. 다. 원고는 D을 상대로 임대차보증금반환을, C를 상대로 중개대상물에 관한 확인․설명의무 위반에 따른 손해배상을 각 구하는 소를 제기하여, “"
deposit_dispute,46813,2,“공동주택의 소유자는 장기수선충당금을 사용자가 대신하여 납부한 경우에는 그 금액을 반환하여야 한다.”
deposit_dispute,47186,2,"’라 한다)를 임대차보증금 50,000,000원, 임대차기간 2016. 8. 13.부터 2018. 8. 12.까지로 정하여 임차하는 임대차계약(이하 ‘"
deposit_dispute,47214,2,"‘계약서 작성 당시 피고 B가 동석했는지 정확히 기억나지 않으나, 소유자 본인이 계약서 작성 당시 동석하지 않으면 위임장을 첨부하게 하므로 피고 B가 동석하지 않았다면 의뢰인인 피고 C가 위임장을 갖고 왔을 것입니다. 피고 C가 위임장을 첨부했을 것이며, 증인은 소유자 본인 확인 없이 중개한 사실이 전혀 없습니다.’"
deposit_dispute,47274,2,"'이라 한다)와 사이에, 원고가 이 사건 각 피고 토지를 임대차보증금 40,000,000원, 차임 월 1,000,000원, 임대차기간 2017. 8. 9.부터 2020. 8. 8.까지로 정하여 임차하는 내용의 임대차계약(이하 '"
deposit_dispute,47274,2,'피고보조참가인은 이 사건 임대차계약에 대해 피고로부터 위임을 받아 계약을 체결하였다'
deposit_dispute,48173,2,"‘이 사건 건물’이라 한다)를 2000. 3. 31. 원고에게 임대차보증금 2,500만 원, 임대차기간 24개월로 정하여 임대한 사실, 위 임대차계약이 존속 중인 2002. 10.경 피고는 주식회사 천광건설(2003. 3. 17. 주식회사 우리성건설로 상호가 변경되었다. 이하 ‘"
deposit_dispute,48773,2,‘호실 15개 계약일 현재 입주한 임차인 없음. 건물 미등기 상태임’
deposit_dispute,48826,2,"’이라 한다)로부터 서울 강남구 (이하 생략)을 임대차보증금 300,000, 000원, 차임 월 13,000,000원(매월 말일 지급), 임대차기간 2007. 7. 12.부터 2011. 7. 11.까지로 약정하여 임차하였고(이하 위 임대차계약을 ‘"
deposit_dispute,48826,2,"’이라 하고, 위 임대차보증금에 대한 반환채권을 ‘"
deposit_dispute,48826,2,‘임대차보증금반환채권을 담보로 제공할 수 없다’
deposit_dispute,48826,2,‘임대차보증금반환채권을 담보로 제공하지 못한다’
deposit_dispute,48826,2,‘임대차보증금반환채권을 담보로 제공할 수 없다’
deposit_dispute,49682,2,“승낙하였거나 피고들에 대한 임대차보증금반환채권을 포기 또는 면제하였다고”
deposit_dispute,49857,2,"‘이 사건 주택’이라 한다)에 관하여 보증금 300만원, 월차임 55만원(매월 26일 선지급), 임차기간 2019. 7. 26.부터 2021. 7. 31.까지로 정하여 임대차계약(‘"
deposit_dispute,49857,2,’피고가 2기 이상의 월차임을 연체하였으므로 이 사건 임대차계약을 해지한다‘
deposit_dispute,49918,2,"”로 정하여 임대하였다. 나. 망인과 피고 사이의 위 임대차계약이 묵시적으로 갱신되던 중, 원고 C은 망인이 사망한 이후인 2017. 12. 28. 피고에게 이 사건 토지를 “"
deposit_dispute,49985,2,"’이라 한다)를 임대차보증금 2,500만 원, 차임 월 240만 원(부가가치세 별도, 매월 말일 후불)으로 정하여 임차하는 내용의 임대차계약을 체결하였다(이하 ‘"
deposit_dispute,49985,2,’이라 한다). 원고와 피고들은 이 사건 임대차계약 체결 당시 특약사항 중 하나로 ‘
deposit_dispute,50158,2,"‘이 사건 상가’라고 한다)를 임대차보증금 30,000,000원, 차임 월 1,320,000원(부가가치세 포함), 임대차기간 2019. 1. 19.부터 2021. 1. 18.까지로 정하여 임차하기로 하는 계약(이하 ‘"
deposit_dispute,50215,2,"‘이 사건 주택’이라 한다)를 임대차보증금 85,000,000원, 임대차기간 2016. 12. 30.부터 2018. 12. 29.까지로 정하여 임차하는 내용의 임대차계약(이하 ‘"
deposit_dispute,50294,2,"'이라 한다)과 이 사건 상가의 점포에 관한 분양계약을 체결하였는데, 당시 Y은 피해자들에게 분양계약자가 원하는 경우 오픈일로부터 1년 동안 임대를 책임질 것을 확약하였고, 이에 따라 피해자들은 Y과 이 사건 상가의 관리주체와 관리지침은 Y이 별도로 정하는 관리규정에 의하기로 약정하였다. ② 위 약정에 따라 Y이 제정한 관리규약(이하, '"
deposit_dispute,50337,2,"‘로 하여 부동산 임대관리업 사업자등록을 마쳤고(사업자등록번호 1 생략), 소외 회사는 2018. 2. 14. 주주총회 결의로 해산하였는데, 피고는 2018. 5. 2. F에게 다음과 같은 내용의 위임장을 작성한 후 본인이 직접 발급받은 인감증명서와 신분증 사본 등을 첨부하여 교부하였다.   마. 원고는 2017. 2. 15.경 소외 I을 대리한 소외 회사와 사이에 천안시 서북구 J아파트 K호를 임대차보증금 35,000,000원, 임대차기간 2017. 2. 25.부터 2018. 2. 24.까지로 정하여 임차하는 임대차계약(이하 ‘"
deposit_dispute,50337,2,“보증금 반환에 대한 책임은 E(F)에서 책임지기로 한다.”
deposit_dispute,50391,2,‘전세 임대차계약이 실재하며 전세 보증금을 담보로 설정하는데 협조하겠다’
deposit_dispute,50757,2,‘임대인(임대인의 직계존속ㆍ직계비속을 포함한다)이 목적 주택에 실제 거주하려는 경우’
deposit_dispute,50757,2,‘임대인(임대인의 직계존속ㆍ직계비속을 포함한다)이 목적 주택에 실제 거주하려는 경우’
deposit_dispute,50877,2,"'(갑 제4호증의 2)를 제출받았다. ① 원고는 2010. 7. 21. 홍GG을 상대로 대구지방법원 서부지원 2010가단18205호로 위 KK동 다가구주택에 관한 2007. 10. 1.자 증여계약에 대하여 사해행위 취소 및 원상회복을 구하는 소를 제기하여, 2010. 11. 4. 위 법원으로부터 청구를 인용하는 판결을 선고받았고, 위 판결은 그 무렵 확정되었다. 3) 판단 위 인정사실에 의하면, 원고가 위 대구지방법원 서부지원 2010가단18205호 판결을 선고받은 2010. 11. 4.경 '"
deposit_dispute,51258,2,‘2008. 11. 25.까지 보증금 및 임대료 등에 관한 계약내용을 알려 달라’
deposit_dispute,51258,2,‘임차인들의 보증금 전액을 공제한 나머지만을 매매대금으로 받았으므로 모든 권리와 의무는 삼종씨엔씨에게 승계된 것으로 안다’
deposit_dispute,51522,2,"'2014. 7. 2.자 채무자 망인, 채권최고액 1억 2,000만 원, 근저당권자 F로 한 근저당권설정등기'"
deposit_dispute,51522,2,"'2014. 10. 16.자 채무자 망인, 채권최고액 5,000만 원, 근저당권자 F로 한 근저당권설정등기'"
deposit_dispute,51522,2,"'2015. 7. 24.자 채무자 망인, 채권최고액 6,000만 원, 근저당권자 F로 한 근저당권설정등기'"
deposit_dispute,51522,2,"'2016. 5. 2.자 채무자 망인, 채권최고액 5억 2,000만 원, 근저당권자 G조합로 한 근저당권설정등기'"
deposit_dispute,51522,2,"'2016. 9. 5.자 채무자 망인, 채권최고액 3억 9,000만 원, 근저당권자 G조합로 한 근저당권설정등기'"
deposit_dispute,51522,2,"'2017. 1. 20.자 채무자 망인, 채권최고액 2억 800만 원, 근저당권자 G조합로 한 근저당권설정등기'"
deposit_dispute,51922,2,"'이라 한다)으로부터 지급받을 환불금채권 금 160,640,500원이 있음을 이유로 이 법원에 항고인의 별지 임차권 목록 기재 임차권 및 그에 기한 임대차보증금반환청구채권에 관하여 가압류를 신청하였는데, 제1심 법원은 2003. 3. 13. """
deposit_dispute,52003,2,“(임대인이) 그 밖에 이 임대차계약서상의 의무를 위반한 경우”
deposit_dispute,52003,2,“계약해지 20일 전에 상대방에게 서면으로 그 내용을 통보하여야 한다”
deposit_dispute,52360,2,"'이라 한다) 중 G호에 대하여 보증금 4,000만 원, 기간 2017. 11. 15.부터 2019. 11. 14.까지로 하는 임대차계약을 체결하였다(이하 '"
deposit_dispute,53004,2,‘임차인이 속한 세대의 세대주를 포함한 세대원(세대주와 동일한 세대별 주민등록표상에 등재되어 있지 아니한 세대주의 배우자 및 배우자와 동일한 세대를 이루고 있는 세대원을 포함한다) 전원이 주택을 소유하고 있지 아니한 임차인’
deposit_dispute,53371,2,"""사장님하고 나하고 계약서 하나 쓰고요. 언제까지 나가겠다는 계약서 써주이소. """
deposit_dispute,53656,2,‘칠천만원정은 계약시에 임대인에게 지불하고’
deposit_dispute,53656,2,"‘E이 원고에게 임대차보증금 70,000,000원을 반환하지 않은 사실’"
deposit_dispute,54020,2,"‘대항력 등’이라는 표제로 제1항에서 대항력의 요건을 정하고, 제2항에서 “"
deposit_dispute,54022,2,"‘이 사건 건물’이라 한다)를 임대차보증금 50,000,000원(30개월 후 2,000만 원 증액), 월차임 3,850,000원(부가가치세 포함), 임대차기간 2014. 1. 6.부터 2019. 1. 6.까지로 정하여 임차하는 임대차계약(이하 ‘"
deposit_dispute,54022,2,‘이 사건 임대차계약 기간이 만료되면 계약을 종료하고자 하니 이 사건 건물을 명도하여 달라’
deposit_dispute,54022,2,"‘이 사건 약국 내의 모든 영업시설 및 비품 등의 유형의 재산과 반소원고가 이 사건 약국을 운영하면서 획득한 거래처, 신용, 영업상의 노하우, 위치에 따른 영업상의 이점 등의 무형의 재산을 권리금 310,000,000원에 양도하되, 반소원고가 F을 신규임차인으로서 반소피고에게 주선하여 임대차계약이 체결되도록 최대한 협력한다’"
deposit_dispute,54130,2,"‘라고 질문하자 등기부등본을 보고 적었다고 증언한 점, ② 위 매매계약서상 계약일은 ‘"
deposit_dispute,54270,2,"‘이 사건 상가’라고 한다)을 인도하고, 2020. 6. 16.부터 인도완료일까지 월 180만 원의 비율에 의한 돈을 지급하고, 2,880,000원 및 이에 대하여 본 청구취지 및 청구원인 정정 신청서 송달 다음날부터 다 갚는 날까지 연 12%의 비율에 따른 돈을 지급하라.  이유 1. 기초사실 가. 원고들은 2017. 7. 11. 피고와 이 사건 상가에 관하여 임대차보증금 3천만 원, 월차임 180만 원, 존속기간 2019. 7. 10.로 하는 상가임대차계약(이하 ‘"
deposit_dispute,54478,2,"‘이 사건 부동산을 피고에게 매도할 당시 정확한 매매금액을 정하지 않고 근저당권부채무 2억 4천만 원, 당시 임대차보증금 1억 8천만 원을 피고가 인수하고 2천만 원을 지급하는 것으로 약정하였다.’"
deposit_dispute,54608,2,"”고 하여, 실제 양도계약 없이 D에게 위 C 식당을 양수하는 내용의 권리 양수·양도 계약서를 작성한 사실이 있다. 1. 위증교사 피고인은 2019. 12.경 인천 중구 B 1층 ‘"
deposit_dispute,54608,2,"”고 부탁하여 D으로 하여금 허위 증언하게 할 것을 마음먹게 하였다. 이에 따라 D은 2019. 12. 11. 16:20경 인천 미추홀구 소성로163번길 17에 있는 인천지방법원 제419호 법정에서, 위 법원 2019가단241928호 임대차보증금반환 등 소송(원고 A, 피고 E 등)의 증인으로 출석하여 선서한 후 위 사건을 심리중인 민사 제10단독 재판장 앞에서, 원고 소송대리인의 “"
deposit_dispute,54608,2,"‘본건 임대차 대상물인 인천 중구 B 1층 상가와 관련하여, 2019. 5. 28,경 위 상가내에서 임차인인 피고인(위 소송의 원고)을 직접 만나 피고인으로부터 위 상가에 대한 권리를 권리금 5,000만 원에 양수받는 내용의 권리 양수·양도계약을 체결하였다’"
deposit_dispute,54608,2,"‘2019. 5.경 D과 사이에 인천 중구 B 1층 상가에 대하여 권리금 5,000만 원으로 정한 권리양수양도계약을 체결하였는데, 이후 D이 이 사건 상가에 불법증축부분이 존재한다는 이유로 이 사건 권리양수양도계약을 해제하였고, 건물주 E는 불법증축부분이 존재한다는 사실을 알면서도 이를 고지하지 않았는 바, 이는 상가건물임대차보호법에 위반되는 행위이므로, E는 권리금 상당의 손해 5,000만 원을 배상하라’"
deposit_dispute,54660,2,‘소외 회사’라 한다)가 이 사건 보증금반환채권을 양도받은 뒤 이를 가압류(이하 ‘
deposit_dispute,54660,2,"’라 한다)하였고, 채무자를 원고로 하여 이 사건 보증금반환채권에 대한 채권추심 및 처분금지가처분결정(이하 ‘"
deposit_dispute,54834,2,"‘이 사건 점포’라 한다)에 관하여 임대보증금을 280,000,000원, 월 임대료를 400만 원, 임대차기간을 2012. 10. 1.부터 2013. 10. 1.까지로 정해 임차하는 내용의 임대차계약(이하 ‘"
deposit_dispute,54887,2,’으로 정하여 임대차갱신 계약을 체결하였다. 나. 주식회사 I(이하 ‘
deposit_dispute,54887,2,"’라고 한다)은 2019. 4. 16. D, E, F과 사이에, 이 사건 건물과 그 부지를 매수하기로 하는 계약을 체결한 후 2019. 5. 23. 이 사건 건물과 그 부지에 관하여 소유권이전등기를 마쳤다. 다. 소외 회사는 2019. 5. 22. 원고와 사이에, 이 사건 건물과 그 부지 및 장차 그 지상에 건축될 집합건물의 소유권을 원고에게 신탁하고, 원고는 위 토지 및 집합건물을 제3자에게 분양하여 취득한 신탁이익을 우선수익자에게 교부하기로 하는 내용의 관리형 토지신탁계약(이하 ‘"
deposit_dispute,55087,2,"‘이 사건 건물’이라 한다) 중 3층 G호에 대하여 임대차보증금 4,000만 원, 임대차기간 2년으로 한 임대차계약을 체결하고(이하 ‘"
deposit_dispute,55468,2,"’라 한다)에 관하여 임대보증금을 34,230,000원, 임대차기간을 2018. 12. 18.부터 2020. 12. 31.까지로 하는 임대차계약(이하 ‘"
deposit_dispute,55799,2,"’라 한다). 나. 원고는 2013. 12. 11. 피고로부터 이 사건 정비업체 내에 있는 판금․도색 전용작업장을 임대차보증금 1억 3,000만 원, 차임 월 600만 원, 임대차기간 2014. 2. 1. ~ 2019. 1. 31.까지로 정하여 임차함과 아울러, 피고의 사업자등록 명의로 원고가 자동차판금․도색 영업을 하고 원고의 판금 영업으로 발생한 매출금에서 차임․비용 등을 공제하여 정산한 돈을 피고로부터 지급받기로 하는 내용의 계약을 체결하였다(이하 ‘"
deposit_dispute,56366,2,"‘이 사건 건물’이라 한다)에 대하여 임대차보증금 5,000만 원, 계약기간 2년으로 정하여 임대차(이하 ‘"
deposit_dispute,56366,2,"’이라 한다) 영업을 시작하였고, 이 사건 임대차계약은 계속 갱신되어 왔다. 나. 원고는 2016. 4. 7. E로부터 이 사건 건물을 매수하였고(이하 ‘"
deposit_dispute,56366,2,"‘이 사건 합의’라 한다)가 이루어졌다. 마. 피고 B은 원고와 사이에 이 사건 합의가 이루어짐에 따라 2016. 8. 8. E를 상대로 제기했던 서울중앙지방법원 2016가합7963호 소를 취하하였고, E는 소의 취하에 동의하였다. 바. 피고 B은 2016. 9. 5.까지 원고로부터 이 사건 임대차보증금 5,000만 원을 반환받았다. 사. 원고는 피고 B이 이 사건 합의에서 정한 바와 달리 2016. 9. 이후에도 이 사건 건물을 인도하지 않자 2016. 10. 12. 피고 B에게 ‘"
deposit_dispute,56389,2,"“매매대금은 이 사건 슈퍼마켓을 담보로 대출을 받아서 주겠다는 말은 저희(D 또는 양도회사)가 계속 돈을 독촉할 때 하였고 이 사건 양수도계약 체결 이후에 (피고인이) 이야기했다. 계약 체결을 할 당시에는 피고인이 대출받아서 준다고 이야기한 적이 없고 저희가 돈을 독촉하니까 받아서 준다고 했다. 대금을 지급받기 전에 이 사건 슈퍼마켓의 점유와 사업자명의를 먼저 넘겨준 이유는 (피고인이) 이 사건 슈퍼마켓 안에서 같이 영업하던 분이고 처음 본 사람이 아니며, 임대회사 회장이라는 G이 보증을 해서였기 때문이다.”"
deposit_dispute,56389,2,’G이 이 사건 계약상의 매매대금을 책임지겠다고 하였고 피고인은 연대보증인으로서 이 사건 계약서에 날인하였다‘
deposit_dispute,56580,2,"’이라고 한다)에 대하여 임대차보증금을 190,000,000원, 임대차기간을 2018. 5. 12.부터 2019. 5. 11.까지로 정한 임대차계약을 체결하였다(이하 ‘"
deposit_dispute,56646,2,‘매도인은 매수인이 중도금(중도금이 없을 때에는 잔금)을 지불하기 전까지 계약금의 배액을 상환하고 계약을 해제할 수 있다’
deposit_dispute,56738,2,"“이 사건 주택의 임차인 J이 2012. 11.부터 현재까지 임대차보증금 6,500만 원, 전입일자 2013. 1. 14.로 하여 점유하고 있다”"
deposit_dispute,56810,2,"'이라 한다)를 보증금 6,500만 원, 계약기간 2014. 3. 14.부터 2016. 3. 13.까지로 정하여 원고에게 임대한 사실(이하 '"
deposit_dispute,57378,2,‘이 사건 임대차보증금반환채권’
deposit_dispute,58099,2,"‘이 사건 건물’이라 한다)를 임대차보증금 50,000,000원, 차임 월 2,600,000원, 임대차기간 2016. 4. 18.부터 2018. 4. 17.까지로 정하여 임차하는 내용의 임대차계약(이하 ‘"
deposit_dispute,58397,2,“임차인은 임대인의 동의 없이 임차권 양도 또는 담보제공을 하지 못한다.”
deposit_dispute,59296,2,"‘이 사건 주택’이라 한다)을 임대차보증금 235,000,000원, 임대차기간 2020. 6. 19.부터 2022. 6. 18.까지로 정하여 임차하기로 하는 임대차계약(이하 ‘"
deposit_dispute,59296,2,‘(계속 거주하기로)합의한 적 없고 계약은 해지되었다’
deposit_dispute,59431,2,“위 제4조의 충분한 협의 결과 임차인 피해자 가족은 별도의 세대구성 없이 임대인 D의 동거인으로써 전입신고를 하기로 한다”
deposit_dispute,59463,2,"‘라 한다)에 관하여 보증금 5,000만 원, 월 차임 143만 원(부가가치세 포함, 이하 같다)으로 정하여 임대차계약(이하 ’"
deposit_dispute,59463,2,"’라 한다)를 마쳤다. 나. 한편, 원고와 C는 2019. 11. 11. 별지 목록 기재 부동산 중 각 1/2지분에 관하여 소유권이전등기를 마쳤는데, 원고와 C는 2019. 11. 11. 피고와 사이에 이 사건 상가에 관하여 보증금 5,000만 원, 월 차임 143만 원, 임대차기간 2019. 11. 11.부터 2021. 6. 11.까지로 정하여 임대차계약(이하 ’"
deposit_dispute,59463,2,"”는 취지의 내용증명우편을 발송하였고, 위 내용증명우편은 그 무렵 원고에게 도달하였다. [인정근거] 다툼 없는 사실, 갑 제1 내지 3호증, 을 제1, 2호증의 각 기재, 변론 전체의 취지 2. 당사자의 주장 가. 원고 1) 원고는 피고에게 이 사건 임대차계약에 관하여 갱신거절의 의사표시를 하였고 피고가 상가건물 임대차보호법(이하 ’"
deposit_dispute,59532,2,"’이라 한다)을 체결하고, 같은 날 G에 신탁을 원인으로 한 소유권이전등기를 마쳐 주었다. 다. 원고는 2016. 9. 27. 공인중개사인 피고의 중개로 C과 사이에 이 사건 부동산을 임대차보증금 60,000,000원, 차임 월 400,000원, 임대차기간 2016. 10. 9.부터 2018. 10. 8.까지로 정하여 C으로부터 임차하는 내용의 임대차계약(이하 ‘"
deposit_dispute,59532,2,"‘신탁자가 신탁계약체결 이후 새로운 임대차계약을 체결하는 경우에는 수탁자 및 우선수익자의 서면에 의한 동의를 받아야 하고(제11조 제2항), 신탁자가 수탁자 또는 우선수익자의 동의 없이 신탁부동산을 제3자에게 임대함으로서 발생하는 모든 손해나 비용을 배상할 책임이 있다(제5조)’"
deposit_dispute,59723,2,"’라 한다)를 작성해 주었고, F는 D의 채무를 연대보증하였다. 나. D이 위의 채무를 변제하지 않자, 원고는 집행력 있는 위 공정증서에 기초하여 2020. 12. 2. 대구지방법원 2020타채10933호로 F가 피고들에 대하여 가지는 1억 원의 임대차보증금 반환채권에 대하여 채권압류 및 추심명령을 받았고(이하 ‘"
deposit_dispute,59723,2,"‘이 사건 주택’이라 한다) 중 1층을 2015. 12. 1.경 F에게 보증금은 1억 원, 임대차 기간은 2017. 12. 9.까지로 정하여 임대하는 내용의 임대차계약(이하 ‘"
deposit_dispute,59760,2,"’이라 한다). 이어 소외 회사는 2015. 8. 11. 원고에 대한 위 대여금 중 잔액인 587,740,757원의 채권과 2,000만 원의 임대차보증금반환채권을 피보전권리로 하여 원고를 상대로 같은 법원 2015카단3379호로 또 다른 채권가압류를 신청하였고, 위 법원의 담보제공명령에 따라 2015. 8. 18. 원고를 피공탁자로 하여 위 법원에 담보로 1억 2,500만 원을 공탁한 다음(이하 ‘"
deposit_dispute,60131,2,"'이라 한다). 그 내역은 아래와 같다.  8) 그 후 중소기업청장은 B가 납부고지일까지 보조금정산잔액을 반납하지 아니 하자, 2010. 1. 5. B의 한국벤처투자 주식회사에 대한 서울 서초구 F빌딩 3층에 관한 임대차보증금 반환채권 중 위 반납금액에 해당하는 금액을 압류하였다(이하 '"
deposit_dispute,60928,2,"‘담보 제공하고’라는 문구만으로는 피고인의 이 사건 아파트 담보제공약정이 즉각적인 근저당권설정약정의 취지인지, 향후 근저당권설정의 예약완결권 행사를 유보하는 대물변제예약의 취지인지 명확하지 않다. ⑵ 그런데 피해자는 수사기관에서부터 원심법정에 이르기까지 ‘"
deposit_dispute,60928,2,‘공소외 1 회사는 2016. 6. 14. 총 19억 원 규모의 전환사채 발행과 관련되어 피고인 명의의 이 사건 아파트를 전환사채권자에게 담보로서 설정할 것이라는 점 및 이를 위하여 각 질권설정계약을 따로 체결할 것이라는 점을 확약한 바 있다. 본 담보설정은 제5차 전환사채계약에 대한 담보제공뿐만 아니라 본 별도합의서의 준수를 위해서도 담보제공됨을 상호 확인한다’
deposit_dispute,60928,2,"’고 진술하였는데(증거기록 1490면), 실제로 피해자는 공소외 3으로부터 근저당권설정에 필요한 서류를 요구하는 이메일을 받고, 2016. 9. 12.과 2016. 9. 13. 피해자의 주민등록초본을 발급받은 사실이 인정되는 점(증거기록 1509, 1518) 등에 비추어, 피해자가 필요한 서류 등을 구비하지 않았다거나, 그 때문에 근저당권의 설정이 이루어지지 않았을 것으로 보기는 어렵다. ㈑ 피고인은 검찰에서 ‘"
deposit_dispute,60928,2,"‘이 사건 아파트의 시세가 약 45억 원 정도였고, 다른 채권자들의 근저당권설정액이 30억 원 정도 되었기 때문에 시세에서 근저당권설정금액을 제하고 나면, 피해자가 매입한 전환사채 비용과 비슷했던 것 같다’"
deposit_dispute,61048,2,"“근저당설정 채권최고액 2억 8,600만 원, 전세권설정 1건 3,500만 원”"
deposit_dispute,61048,2,“선순위 임차인 다수 있음. 선순위 보증금 합계 1억 원정 있음”
deposit_dispute,61048,2,"‘권리관계’란에는 이 사건 건물 및 그 부지에 설정된 근저당권설정등기와 전세권등기에 관하여 기재되어 있으며, ‘"
deposit_dispute,61048,2,"“현재 총보증금 및 현재 총월세 내역을 임대인의 확인, 서명 후 별첨함”"
deposit_dispute,61048,2,“선순위 임차인 다수 있음. 선순위 보증금 합계 1억 원 있음”
deposit_dispute,61048,2,"“현재 총보증금 및 현재 총월세 내역을 임대인의 확인, 서명 후 별첨함.”"
deposit_dispute,61238,2,"’라 한다), 채권자 피고 C인 근저당권설정계약(이하 ‘"
deposit_dispute,61685,2,"’라 한다). 다. 원고는 2007. 12. 3. F에게 이 사건 전체 부동산에 관하여 채권최고액 3억 5천만 원, 채무자 원고, 근저당권자 F로 하는 근저당권(이하 ‘"
deposit_dispute,61685,2,"’이라 한다)설정등기를 마쳐 주었다. 라. 원고는 2008. 10. 7. G와 사이에 이 사건 건물 중 1층 전부, 2층 일부(면적을 26.44㎡로 기재)를 임대차보증금 4천만 원, 월 차임 2백만 원에 임대하는 임대차계약을 체결하였다. 마. 원고는 2008. 12. 31. F과 사이에 별지 약정서 기재와 같은 약정(이하 ‘"
deposit_dispute,61691,2,‘질권 설정 승낙서 및 임차보증금 반환 확약서’
deposit_dispute,61691,2,"“임대차 목적물의 매매로 인하여 주택의 소유자(임대인)가 변경될 경우에 매매계약서에 귀사에서 전세자금대출이 취급되었고, 질권 설정 내용과 새로운 소유자에게 적용된다는 사실을 명기하고 동 내용을 귀사에 통보하기로 합니다.”"
deposit_dispute,61740,2,"‘이 사건 주택’이라고 한다)의 소유자인 C과 이 사건 주택에 관하여 임대차보증금 180,000,000원, 임대차기간 2019. 6. 24.부터 2021. 6. 23.까지로 정한 임대차계약(이하 ‘"
deposit_dispute,61764,2,"‘P, Q은 의령군 개발행위허가부서 등에 제기한 민원을 철회하고, 이 사건 발전사업의 부지 내에서는 그 소유자와 체결한 2011. 7. 6.자 임대차계약서에 기재된 8,000평의 토지에 관한 주장 및 산림경영계획, 작업로 개설, 간벌 등에 관한 권리를 주장하지 않기로 하며, 원고는 P, Q에게 간벌 비용 명목으로 계약 시 10,000,000원, 개발행위허가 시 10,000,000원을 지급하고, 벌목비용 명목으로 평당 9,000원 이상 받도록 적극 협조한다’"
deposit_dispute,61853,2,"’라고 한다)와 사이에 각각 신용보증계약을 체결하였는데 그때마다 소외 3이 위 각 회사들이 위 각 신용보증계약에 기하여 원고에 대하여 부담하게 될 구상금채무를 연대보증한 사실, 제1회사는 소외 3이 대주주였고 주주 대부분이 소외 3과 가까운 친척관계에 있었고, 제2회사는 임원 및 주주 대부분이 소외 3과 가까운 친척관계에 있었던 사실, 소외 3은 2005. 9. 26. 처남인 원심공동피고 3에게 서울 강동구 천호동 (이하 생략) ○○플라자(오피스텔) 3층 제5호 45.99㎡(이하 ‘"
deposit_dispute,61960,2,"‘이 사건 건물’이라 한다)을 임대차보증금 4,000만 원, 차임 월 528만 원(부가세 포함), 임대차기간 인도일에서 2023. 2. 21.까지로 정하여 임대하는 계약(이하 ‘"
deposit_dispute,62165,2,"“이 사건 공정증서상 원고의 피고에 대한 총 7억 3,800만 원의 채무 중 피고가 강제집행절차에서 잔존하고 있다고 주장하는 2억 4,800만 원은 이 사건 합의서의 내용 및 이행에 의하여 이미 정산 완료되어 소멸하였고, 원고가 추가로 피고에게 1억 원을 더 지급하기로 약정한 부분은 2008. 9. 30. 피고의 처 소외 2를 근저당권자로 하여 설정된 채권최고액 1억 1,000만 원의 근저당권에 의하여 담보되고 있다.”"
deposit_dispute,63399,2,’는 내용의 문자메시지를 보냈다. 이는 실제 위탁관리계약서를 기준으로 월수익금을 산정하도록 하고 있는 등 위 ①의 계약 내용과 일치하는 것으로 보인다. ③ K가 2018. 9. 3.경 J에게 제공한 위탁현황(을 제18호증)에는 부동문자로 인쇄된 ‘
deposit_dispute,63505,2,"’이라 한다)을 피고에게 임대차보증금 1,000만 원, 차임 300만 원으로 정하여 임대하였다. 당시 피고는 원고에게 이 사건 건물을 곤충사육농장 용도로 사용할 것을 고지하였고, 이에 따라 특약사항으로 ‘"
deposit_dispute,63505,2,‘원고가 수도 시설은 바로 해주겠다고 했다. 농업회사법인 ㈜E이 인근에 건물을 지으면서 상수도를 연결한다는 말은 임대차계약 이후에 들었다. 임대차계약 후 1~2달 뒤에 피고로부터 해제 의사를 듣고 원고에게 전화로 전달했다’
deposit_dispute,64428,2,"’이라고 하고, 종전계약과 변경계약을 통칭하여 ‘"
deposit_dispute,64469,2,“원고의 귀책에 의하여 임대차계약이 해지되는 과정임을 주지하기 바란다. 임차물건의 모든 시설 및 기계장치는 신규설치 및 가동에 문제가 없는 상태로 임대가 되었으므로 파손된 부분이 있으면 수리비를 공제하고 모든 시설 및 건물 하자시 또한 청구할 것이다. 특히 액화석유가스 보관 탱크 내 액중펌프는 가스 잔여량이 반드시 15% 이상 보유되어야 함을 알고 계시겠지만 다시 한 번 명문의 서류로 알려드리니 문제 없이 유지되어야 함을 고지한다.”
deposit_dispute,65014,2,"’이라 한다)을 운영하고, 3층은 원고의 가족 등을 위한 주거 공간으로 사용하였다. 피고들은 각 내과 전문의, 정형외과 전문의로 이 사건 병원의 양수인이다. 나. 원고는 2019. 3. 31. 피고들과 사이에, 원고가 피고들에게 이 사건 병원을 권리금 1억 원, 보증금 1억 5,000만 원에 양도하기로 하는 아래와 같은 내용의 양도양수계약(이하 ‘"
deposit_dispute,65285,2,"""E는 여러 상가 건물을 분양하여 현재 막대한 수익을 올리고 있다. 위 회사에서 시행, 분양하는 Y 건물에 대하여 1억 원을 투자하면 2019. 1. 31.까지 수익률을 연 40%로 하여 투자원금 및 수익금 합계 1억 4,000만 원을 반환해 주겠다. E는 투자자들에게 수익금 등을 반환해 줌으로써 세금감면의 혜택을 받을 수 있어 이번에 특별히 투자자들에게 돈을 불릴 수 있는 기회를 준 것이다, 투자금과 수익금은 안정적으로 보장이 되니 걱정하지 말고 투자를 하라"""
deposit_dispute,65285,2,"'이라 한다) 제6조 제1항, 제3조에 근거하여 피고인 A 명의 및 AD 등 명의로 된 임대차보증금 채권 18건, CE 등 명의로 된 부동산 11건, 피고인 A 명의 오피스텔 분양권 1건, CE 등 명의로 체결한 신탁계약상 신탁수익채권 16건이 특정경제범죄가중처벌등에관한법률위반(배임)죄 범죄피해재산임을 전제로 이에 대한 몰수를 청구하였다. 나. 판단 1) 특정경제범죄가중처벌등에관한법률위반(배임)죄로 인한 범죄피해재산 해당 여부 아래 '"
deposit_dispute,65328,2,"‘이 사건 토지’라 한다)를 피고 C에게 대금 590,000,000원에 매도하면서, 계약금 40,000,000원은 계약 당일에, 잔금 550,000,000원은 피고 C이 이 사건 토지 위에 공동주택(이하 ‘"
deposit_dispute,65393,2,"’이라 한다)에 관하여, 임대차보증금을 10,000,000원으로, 차임을 월 750,000원(매월 7일 후불, 이후 2018. 7.경 월 차임을 1,000,000원으로 증액하였다)으로, 임대차기간을 2014. 5. 7.부터 2016. 5. 6.까지(24개월)로 정하여 임대차계약(이하 ‘"
deposit_dispute,66426,2,"‘매매계약서’(이 사건 매매계약)가, 325평에 대하여는 ‘"
deposit_dispute,66816,2,‘와이푸드가 피고에게 지급하여야 할 채무를 변제하기 위하여 이 사건 임대차보증금 반환채권을 피고에게 양도한다’
deposit_dispute,67411,2,"‘임대인은 입주전까지 도배를 새로 해주기로 하며, 화장실의 변기교체, 세면대 설치를 해주기로 한다. 옵션은 에어컨, 세탁기, 가스렌지이며 임차인의 부주의로 파손 및 고장시에는 수리비를 변상하기로 한다’"
deposit_dispute,67611,2,’는 내용의 문자메시지를 보냈다. 이는 실제 위탁관리계약서를 기준으로 월수익금을 산정하도록 하고 있는 등 위 ①의 계약 내용과 일치하는 것으로 보인다. ③ K가 2018. 9. 3.경 J에게 제공한 위탁현황(을 제18호증)에는 부동문자로 인쇄된 ‘
deposit_dispute,67686,2,"’라고 한다)에 관하여 임대차보증금 100,000,000원, 월 차임 5,000,000원(부가가치세 별도), 임대기간 2014. 4. 11.부터 2016. 4. 10.까지로 하여 임대차계약(이하 ‘"
deposit_dispute,67983,2,’로 하여 개인사업자등록을 마쳤다. 3) 원고는 2015. 12. 29. 소외 회사와 사이에 이 사건 건물에 관하여 다음과 같은 내용의 영업위탁계약을 체결하였다(아래 계약에서 ‘
deposit_dispute,68076,2,‘이 사건 주택’이라 한다)에 관하여 임대차보증금을 1억 원으로 한 임대차계약서(이하 ‘
deposit_dispute,68606,2,"‘원고와 피고는 2018. 12. 15.자로 동업계약을 해지하고, 피고는 원고에게 업무에 대한 인수인계를 성실히 한다’"
deposit_dispute,68625,2,"‘이 사건 아파트의 소유자인 피고 B 본인은 현재 전세권자인 원고의 전세금 160,000,000원을 이 사건 아파트를 본인이 분양을 받고(2019. 10. ~ 2019. 12. 예정) 정산하여 전세금액을 반환하겠다’"
deposit_dispute,68865,2,"' 부동산 월세계약서 사본 첨부, 피의자 B 명의 W은행 계좌거래내역서 첨부, 피의자 B의 휴대전화에서 발췌한 음성녹음파일 및 사진 첨부) 1. 메시지 사진, 메시지 사진 등, 영업장부, 일지, X와의 계약서, 사진, 각 계좌내역, 출입국관리법위반사범 고발 요청 회신, CD 1장, 메시지, 전자정보확인서, 전자정보 상세 목록 1. 추징액 산정 관련, 추징액 재산정 『2020고단5411』"
deposit_dispute,68959,2,"‘G’이라고 한다) 명의의 소유권이전등기가 마쳐져 있었고, 신탁원부에 위탁자 피고 B와 수탁자 G 사이의 부동산담보신탁계약이 공시되어 있었다. (3) 한편 피고 C은 이 사건 임대차계약 체결 과정에서 원고에게 ‘"
deposit_dispute,69012,2,"’는 내용의 매매계약서, 부동산거래계약신고서 및 이 사건 토지에 관한 소유권이전등기절차에 관한 위임장에 그의 인감도장을 날인하여 교부하였으며, 그와 함께 직접 발급받은 인감증명서(부동산매수자 란에 원고가 기재되어 있음)와 이 사건 토지의 등기권리증도 교부하였다. (4) 그런데 피고 C는 2006. 9. 7. 피고 B에게 이 사건 토지에 관하여 2006. 9. 6. 매매예약을 원인으로 한 소유권이전청구권가등기를 마쳐 주었다. (5) 한편, 이 사건 토지 위에 신축된 4층 규모의 다가구주택(이하 “"
deposit_dispute,69091,2,"‘청주위니아’라 한다)와 사이에 2005. 10. 27. 청주위니아가 중소기업은행으로부터 대출을 받는 데 대한 신용보증으로 보증금액을 1억 7,000만 원, 보증기한을 2006. 10. 26.까지로 정하여 신용보증계약(이하 ‘"
deposit_dispute,69091,2,"’이라 한다)을 체결한 것을 시작으로, 2008. 1. 28. 청주위니아가 국민은행으로부터 대출을 받는 데 대한 신용보증으로 보증금액을 5,600만 원, 보증기한을 2013. 1. 25.까지로 정하여 신용보증계약(이하 ‘"
deposit_dispute,69091,2,‘이 사건 임대차보증금 반환채권’
deposit_dispute,69248,2,"’이라 한다)를 임대차보증금 22억 원, 임대차기간 입주 후 영업개시일로부터 2년으로 정하여 임대하기로 하는 임대차계약(이하 ‘"
deposit_dispute,69248,2,"’고 정하였다. 2) 안흥개발과 하나은행은 2002. 12. 31. 이 사건 부동산에 관하여 근저당권설정계약서를 작성하였는데, 그 주된 내용은 아래와 같다(다만 진하게 표시된 [포괄근담보]의 ‘"
deposit_dispute,69248,2,’ 부분과 ‘마. 임대차보증금반환채무 등’
deposit_dispute,69248,2,’이라고 자필로 추가 기재하였다[원고가 원용하는 서울고등법원 1999. 3. 3. 선고 97나13733 판결의 사안은 해당 근저당권설정계약서의 표지에 ‘
deposit_dispute,69248,2,“자산유동화계획에 의하여 양도 또는 신탁하고자 하는 유동화자산이 근저당권에 의하여 담보된 채권인 경우에는 자산보유자가 채무자에게 근저당권에 의하여 담보된 채권의 금액을 정하여 추가로 채권을 발생시키지 아니하고 그 채권의 전부를 양도 또는 신탁하겠다는 의사를 기재한 통지서를 내용증명우편으로 발송한 때에는 통지서를 발송한 날의 다음 날에 당해 채권은 확정된 것으로 본다. 다만 채무자가 10일 이내에 이의를 제기한 때에는 그러하지 아니하다.”
deposit_dispute,69293,2,"‘이 사건 임대차보증금 6,000,000원에서 6월분 미지급 차임 660,000원, 전기요금 중 일부 950,000원, 부동산 중개수수료 500,000원 합계 2,110,000원을 공제한 나머지 3,890,000원을 반환하겠다’"
deposit_dispute,69794,2,"‘이 사건 주택’이라 한다)에 관하여 임대차보증금 1억 원, 차임 20만 원, 임대차기간 2020. 9. 18.부터 2022. 9. 17.까지로 정하여 임대차계약(이하 ‘"
deposit_dispute,69953,2,"‘피고 삼종씨엔씨가 원고와의 임대차계약을 승계하였고, 2009. 12. 31.에 기존 임대차 계약기간이 만료되면 재임대는 하지 않겠다’"
deposit_dispute,70051,2,"‘광화문점의 임대차보증금 5억 원 중 2억 원은 지인으로부터 빌려서 마련하였으며, 광화문점의 입점자들로부터 받은 가맹보증금 12억 원 중 2억 7,000만 원은 인테리어비용으로 사용하고, 남은 금액은 사후면세점을 확장하는데 사용하였다.’"
deposit_dispute,70537,2,"‘제소전 화해’).   4) 2018. 3. 17.부터 2020. 2. 7.까지 사이에 피고 D은 월 차임 총 28,825,000원을 연체하였고, 위 화해조항에서 정한 피고 B의 연체차임 대납의무도 이행하지 않았다. 5) 한편, 피고 B은 2019. 11. 9. 피고 F에게 지하 G호 및 지하 R호, 지하 S호를 임차보증금 260,000,000원에 임대하면서 ‘"
deposit_dispute,70537,2,"’고 특약하였고, 피고 B과 피고 F 사이에 위 임대차계약 관련 분쟁이 생기자 피고 F과 피고 B은 2020. 7. 13. ‘"
deposit_dispute,70695,2,"’과 동일하게 평가할 수 없다. 또한 재건축사업의 임차인이든 재개발사업의 임차인이든 정비사업의 시행으로 인하여 자신의 의사와는 무관하게 일방적으로 임차권을 상실하게 된다는 점에서는 본질적으로 동일하고, 임차권은 ‘"
deposit_dispute,71126,2,"'라고 한다)를 운영하였다. 나. 소외 1(대판:소외인) 및 피고는 동업하여 이 사건 마트를 운영하기로 하고 2004. 7. 30. 소외 2로부터 소외 2의 소외 3에 대한 1억 원의 임대차보증금반환채권을 포함하여 이 사건 마트와 관련한 영업을 7억 7,000만 원에 양수하였고, 2004. 8. 5. 상호를 “"
deposit_dispute,71126,2,"“피고가 2011. 7. 15. 소외 3과 사이에 이 사건 마트 부지에 관하여 임대차보증금 2억 원, 월세 200만 원으로 정하여 새로운 임대차계약을 체결하였다(기록 제42면 참조)”"
deposit_dispute,71126,2,“위 을 제8호증의 1은 이른바 다운계약서이고 소외 3과의 비밀약정준수의무가 있어 임대차보증금 및 월세의 금액을 정확히 밝힐 수 없다(기록 제205면 참조)”
deposit_dispute,71297,2,"’이라 한다)를 임대차보증금 100,000,000원, 차임 월 4,500,000원, 임대차기간 2011. 8. 30.부터 2014. 8. 29.까지로 정하여 임차하는 계약(이하 ‘"
deposit_dispute,71297,2,"’이라 한다)를 전대차보증금 50,000,000원, 차임 월 2,400,000원(부가가치세 별도), 전대차기간 2011. 7. 15.부터 2014. 7. 15.까지로 정하여 전차하는 계약(이하 ‘"
deposit_dispute,71444,2,"‘이 사건 경매’라 한다]. 라. 피고는 2018. 4. 4.경 피고의 원고에 대한 2017. 9. 30.자 임대차보증금 반환채권 100,000,000원을 청구채권 및 청구금액으로 하여 이 사건 각 부동산에 관한 부동산 가압류 신청을 하였고(수원지방법원 성남지원 2018카단61132), 2018. 4. 9. 부동산 가압류 결정을 받았다(이하 ‘"
deposit_dispute,71444,2,"’라 한다). 마. 피고는 원고를 상대로 위 임대차보증금 등의 반환을 구하는 소를 제기하였고(수원지방법원 성남지원 2018가단222470), 위 법원은 2019. 4. 23. ‘"
deposit_dispute,71463,2,"’이라 한다)을 체결하였다. 3) D은 2018. 12. 7. 이 사건 대출 원리금을 담보하기 위하여 피고 B의 C에 대한 이 사건 임대차보증금반환채권에 담보한도액을 4억 6,800만 원으로 하는 질권(이하 ‘"
deposit_dispute,71463,2,"’이라 한다)을 설정하였다. 피고 B으로부터 통지대리권을 수여받은 D은 2018. 12. 11. C에게 질권 설정 통지를 보냈고, 위 통지는 2018. 12. 12. C에게 도달하였다. 4) 피고 B과 원고는 2018. 12. 19.경 보험금액 4억 2,900만 원, 피보험자 D으로 하여 피고 B의 D에 대한 이 사건 대출금 반환채무를 보증하는 전세자금보증보험계약(이하 ‘"
deposit_dispute,71472,2,’이라 한다) 각 마쳐주었다. 나. 이 사건 계약의 체결 및 경과  원고들은 2013. 12. 11.경 피고 D과 아래와 같은 내용의 부동산매매 및 사업경영권 이전 계약을 체결하였다(이하 ‘
deposit_dispute,71484,2,"’이라 한다)를 임대차기간 2009. 2. 25.부터 2014. 2. 24.까지, 임대차보증금 500,000,000원, 월 차임 21,000,000원(부가가치세 별도), 관리비 4,400,000원으로 정하여 임차하는 내용의 임대차계약을 체결하고(이하 ‘"
deposit_dispute,71484,2,‘임대차목적물 명도 후 임대차보증금을 임대인에 대한 채무 변제에 충당한다’
deposit_dispute,71551,2,"'라고 한다)를 공사기간 2016. 6. 30.부터 2016. 11. 30.까지, 공사대금 17억 원으로 정하여 도급주기로 하는 도급계약을 체결하였다(을사 제6호증). 한편, 위 도급계약서 말미에는 '"
deposit_dispute,71560,2,"’라 한다)를 상대로 임대차보증금의 반환을 구하는 외에 구 상가건물 임대차보호법(2018. 10. 16. 법률 제15791호로 개정되기 전의 것, 이하 ‘"
deposit_dispute,71809,2,"’이라고 명시하고 있지 않은 점, 동산집행에 있어서의 이중압류는 우선변제청구권이 없는 일반 채권자가 배당에 참가할 수 있는 유일한 방법이므로 위 조항에서 정한 ‘"
deposit_dispute,71809,2,"’으로 하는 내용의 임대차계약서를 작성하였고, 2004. 10. 6. 소외 1과 피고 2 명의로 합계 150,000,000원을 입금하는 등 그때로부터 2004. 11. 26.까지 총 21회에 걸쳐 피고 등과 소외 3의 명의로 하나마트에 합계 494,000,000원을 위 임대차보증금으로 지급하고, 그 이후 2006. 5. 11.까지 하나마트에게 월차임을 지급하였다. (2) 피고 등은 2004. 10. 14.부터 2007. 1. 5.까지 하나마트에게 별지 표 기재(다만, 소외 1이 2004. 11. 1. 입금한 ‘"
deposit_dispute,72083,2,"’이라 한다)에 대하여 임대보증금 65,000,000원, 임대차기간 2016. 2. 27.까지로 하는 임대차계약(이하 ‘"
deposit_dispute,72083,2,"“① 을구1번 G조합 채권최고액 금 234,000,000원 근저당설정은 매수인이 그대로 승계한다. ② 임대보증금은 매수인이 전부 승계한다.”"
deposit_dispute,72083,2,“2020. 7. 15.까지 중도금 및 잔급을 지급하지 않으면 2020. 7. 16.자로 계약을 해지하겠다”
deposit_dispute,72141,2,‘피고 협회’라고 한다)는 공인중개사법에 의한 공제사업자로서 피고 B과 공동으로 원고가 입은 손해를 배상할 의무가 있다. 나. 판단 1) 인정사실 다음 각 증거에 의하면 아래 각 사실을 인정할 수 있다. ① 임대인 F은 이 사건 임대차계약 체결 이전인 2016. 7. 7. 이 사건 부동산에 관하여 주식회사 G(이하 ‘
deposit_dispute,72589,2,"’이라 한다)에 관하여 보증금 2,500만 원, 월차임 28만 원, 임대차기간 2007. 1. 12.부터 2009. 1. 12.까지로 정하여 임대차계약(이하 ‘"
deposit_dispute,72632,2,“임차인은 퇴실시 대종빌딩 10층 도면상태로 원상회복하기로 한다.”
deposit_dispute,73323,2,"‘이 사건 점포’라 한다)에 관하여 임대차기간 2년, 임대차보증금 8,000만 원, 차임 월 400만 원(부가가치세 별도)으로 정하여 임대차계약(이하 ‘"
deposit_dispute,73323,2,“임차인이 권리금을 찾을 수 있는 기회는 주어야 하는거 아닙니까. 저도 다 날리기에는 너무 억울해서요. 양도계약을 체결해 주시길 간절히 요청합니다”
deposit_dispute,73323,2,“계약이 만료되면 저희도 당연히 권리금을 주는 업체에 양도할 겁니다. 이를 인정하는 것이 임대인의 의무이며 법인 것입니다. 저도 이런 일로 사장님과 다투고 싶지 않습니다.”
deposit_dispute,73323,2,“누님과 새로운 계약서를 써주지 않으시고 이행각 서로 대체한다고 하니 수용을 못하겠습니다. 임대차계약을 종료하기로 하시죠.”
deposit_dispute,73425,2,"‘이 사건 건물’이라 한다)를 임대차보증금 50,000,000원, 차임 월 2,600,000원, 임대차기간 2016. 4. 18.부터 2018. 4. 17.까지로 정하여 임차하는 내용의 임대차계약(이하 ‘"
deposit_dispute,73525,2,"‘N호’라고 한다)에 관하여 임대차보증금을 50,000,000원, 임대차기간을 2019. 3. 19.부터 2020. 3. 18.까지로 정하여 N호를 임차하는 내용의 임대차계약을 체결하였다. 피고 C은 2019. 3. 20. N호로 전입신고를 마쳤다. 피고 C의 사위인 O은 2015. 9. 30.경 이 사건 부동산의 소유자이던 P(이후 2015. 12. 31. F으로 소유자가 변경되었음)과 사이에, 이 사건 부동산 중 Q호(이하 ‘"
deposit_dispute,73902,2,“당사자의 일방 또는 쌍방이 수인인 경우에는 계약의 해지나 해제는 그 전원으로부터 또는 전원에 대하여 하여야 한다.”
deposit_dispute,73952,2,"’이라 한다)을 체결하였다. 나. 원고는 이 사건 임대차계약 체결 이후 피고에게 임대차보증금 30,000,000원을 지급하고, 이 사건 상가를 인도받아 위 상가에서 ‘"
deposit_dispute,74250,2,‘K의 실질적인 사주로서 법령과 정관에 의한 절차를 거치지 아니하고 이 사건 근저당권설정등기를 임의로 해지하여 말소하였다’
deposit_dispute,74250,2,‘K 명의의 근저당권말소등기에 필요한 관련 서류를 위조하여 이 사건 근저당권설정등기를 말소하였다’
deposit_dispute,74250,2,‘위 임대차보증금반환채권은 2009. 10. 1. 변제로 소멸되었다’
deposit_dispute,74546,2,"’, ‘임대차보증금반환청구’"
deposit_dispute,74899,2,‘위 무주택자인 임차인은 임차인 본인만 무주택자이면 충분하다’
deposit_dispute,74899,2,‘임대사업자와 임차인 간의 불필요한 분쟁을 예방하고 임차인을 보호하기 위하여 우선 분양전환 등 관련 제도를 보완하려는 것’
deposit_dispute,74899,2,"‘국토교통부는 선착순 방법으로 입주자로 선정된 경우에는 분양전환 당시까지 거주한 임차인만 무주택자인 경우에도 우선 분양전환 자격이 있다고 보아왔고, 이는 선착순 모집의 경우 입주시 요건을 신뢰하여 입주한 임차인을 보호하기 위하여 세대원 전원이 무주택자일 필요가 없다고 본 것이며, 개정법 역시 이러한 취지를 반영한 것입니다’"
deposit_dispute,75169,2,"""주택재건축사업의 임차권자들이 손실보상을 받지 못하게 되는 것은 도시정비법 제38조가 주택재건축사업 시행자에게 수용 또는 사용의 권한을 부여하지 않음으로 인한 부수적 결과이지, 위 조항이 직접 임차권자의 재산권을 제한하는 것은 아니므로, 위 조항이 피고들의 재산권을 정당한 보상 없이 침해하였거나, 재산권의 본질적인 내용을 침해하였다고 볼 수도 없다. """
deposit_dispute,75377,2,‘전 임차인’이라 한다)는 2016. 2. 20. 임대인 F(이하 ‘
deposit_dispute,75397,2,"’을 이용하는 손님들로 인하여 주간에 주차 문제가 발생할 것이 예상되는 상황이었다. 이에 따라 피고는 H과의 임대차계약서에 대리주차서비스를 이용하여야 하고 그렇지 않은 경우 제재수단을 둔다는 내용의 특약사항을 포함시키려 하였고, 이는 ‘"
deposit_dispute,75397,2,"’의 매니저로 근무하다가 영업을 양수하여 피고와 사이에 이 사건 임대차계약을 체결하였는바, 원고는 전임차인이 ‘"
deposit_dispute,75397,2,"‘를 운영하기로 하고, 피고와 이 사건 임대차계약을 체결하였던 것으로 보이는 점, ② 위 전기콘센트의 경우 전임차인이 설치하였던 ’"
deposit_dispute,75506,2,"‘이 사건 상가’라 한다)에 관하여 보증금 10,000,000원, 월 차임 300,000원, 임대차기간은 원고에게 부동산을 명도한 날부터 36개월까지로 정하여 임대차계약(이하 ‘"
deposit_dispute,75554,2,"‘이 사건 주택’이라 한다)을 임대차보증금 100,000,000원에 임차하는 임대차계약(이하 ‘"
deposit_dispute,75818,2,"’이라 한다)와 사이에 이 사건 건물에 관하여 임대차보증금 47,000,000원, 임대차기간 2017. 7. 1.부터 2019. 6. 30.까지로 정하여 임대차계약을 체결하였고(이하 ‘"
deposit_dispute,76211,2,"’이라고 한다)을 체결하였다. 나. 피고는 2018. 11. 14. 원고의 대리인으로 현명한 D과 사이에, 이 사건 부동산을 보증금 80,000,000원, 기간 2018. 12. 1.부터 2019. 11. 30.까지로 정하여 임차하는 내용의 계약서(을 제1호증, 이하 ‘"
deposit_dispute,76211,2,"’라고 하고, 이 사건 계약서에 따른 계약을 ‘"
deposit_dispute,76211,2,“보증금 반환에 대한 책임은 C에서 책임지기로 한다.”
deposit_dispute,76211,2,“보증금 반환에 대한 책임은 C에서 책임지기로 한다.”
deposit_dispute,76314,2,"‘이 사건 토지’라 한다)를 보증금 1,500만 원(계약금 300만 원, 잔금 1,200만 원), 월 차임 90만 원, 임대차기간 2010. 4. 1.부터 2015. 4. 1.까지 60개월로 각 정하여 임대하였다(이하 ‘"
deposit_dispute,76676,2,‘)의 주요 내용은 아래와 같다. 〈 2003. 5. 20.자 임대차 계약 〉 ○임대인을 “
deposit_dispute,76676,2,"”이라 하여, 다음과 같이 임대차계약을 체결한다. [ 목적물의 표시 ] ○소재지: 부산 사하구 하단동 (지번 생략) 지상 2층, 3층 전체 ○임대면적: 약 180평 (전용+공유면적) ˚임대보증금: 일금 사억원정 (￦400,000,000) ˚월임료: 일금 육백삼십만원정 (￦6,300,000) ˚임대차기간 : 2003년 7월 1일부터 2008년 6월 30일까지 [ 제3조 목적물의 변경 ] ○“"
deposit_dispute,76676,2,”에게 제시해주어야 한다. [ 제9조 임차인의 사용방법 ] ○임차인 “
deposit_dispute,76676,2,"”에게 청구하지 못한다. 단, 구조적인 결함으로 인한 하자는 그러하지 아니하다. [ 제11조 재계약 ] ○임대차 기간의 연장이 필요한 경우, 임대차 계약기간 종료 2개월 전에 “"
deposit_dispute,76676,2,"”은 주차장 2기는 항상 사용할 수 있고, 나머지 차량은 30분에 500원씩 부담한다. 8) 2003년 5월 2일자 세무서 제출용 사억원짜리 계약서는 무효화한다. (3) 이 사건 임대차계약 당시 위 건물은 신축중(공정률 약 95%)이었고, 건축물 대장에 등재되어 있지 않은 상태였는데, 피고들은 원고에게 위 건물의 설계도면을 보여주며 위 건물의 구조 및 임차면적에 관하여, “"
deposit_dispute,76676,2,"”이라는 내용의 2003. 5. 16.자 각서(을27호증)를 작성하여 피고들에게 교부하였다. 나. 원고의 영업 및 이 사건 임차목적물의 관리 (1) 원고는 위 임대차계약에 따라 피고들에게 임차보증금 400,000,000원을 지급하고 피고들로부터 이 사건 임차목적물을 인도받은 후 ‘"
deposit_dispute,76676,2,“임대차계약 기간 만료시 재계약을 원하지 않는다”
deposit_dispute,76682,2,"’라 한다)를 피고에게 인도할 때까지 매월 700,000원씩을 지급하라. 2. 항소취지 제1심판결을 취소한다. 원고의 본소 청구를 기각하고, 반소 청구취지와 같은 판결을 구한다.  이유 본소와 반소를 함께 본다. 1. 기초사실 가. 원고는 17. 6. 4. 피고와 사이에 이 사건 아파트에 관하여 임대차보증금 20,000,000원, 월 차임 300,000원, 임대차기간 2017. 6. 18.부터 2019. 6. 17.까지로 정한 임대차계약(이하 ‘"
deposit_dispute,76821,2,"’라고 한다)의 임대차보증금반환채권의 부존재 주장에 관하여(상고이유 제2점) 원심판결 이유에 의하면, 원심은 그 채용 증거를 종합하여 피고 은성교회는 교회 신축공사의 수급인인 피고 다인종합건설 주식회사(이하 ‘"
deposit_dispute,76821,2,"‘임차인’에 해당하는지 여부 등에 관하여 심리하지 않은 채, 그 판시 사정만을 들어 피고 은성교회의 동시이행항변을 받아들이고 말았으니, 이러한 원심판단에는 이 사건 조항에 정한 ‘"
deposit_dispute,76878,2,"’이라 한다) I호를 임대차보증금 150,000,000원에 임대하기로 하는 계약(다음부터 ‘"
deposit_dispute,76933,2,"’라는 상호로 유흥주점을 운영하던 중인 2018. 12.경 피고와 C 사이에 2018. 12. 20. 이 사건 점포에 관하여 보증금 7,000만 원에 차임 200만 원(재산세 증가분 월 100만 원 별도), 기간 2018. 12. 30.부터 2019. 12. 30.까지로 하는 임대차계약이 체결되었다(이하 ‘"
deposit_dispute,76933,2,"’에서 ‘G’으로 변경되었고, 그 무렵 영업자도 원고에서 피고로 변경되었다가 2019. 6. 19. 다시 피고에서 원고로 변경되었다. 이후 원고는 2019. 9. 8. 이 사건 점포에 대하여 유흥주점업 개업신고를 하고 영업하다가 2019. 12. 31. 폐업하였다. 마. 원고는 C를 상대로 대전지방법원 서산지원 2020가단55256호로 이 사건 임대차계약의 보증금 7,000만 원에서 차임, 관리비 등을 공제한 28,805,800원과 이에 대한 지연손해금의 지급을 구하는 소를 제기하였고(이하 ‘"
deposit_dispute,77177,2,"‘이 사건 점포’라 한다)를 임대차보증금 2,000만 원, 월 차임 120만 원(부가세 별도 금액, 매월 12일 후불 지급), 임대차기간 2017. 4. 12.부터 2019. 4. 11.까지로 정하여 임대하기로 하는 임대차계약을 체결하고(이하 ‘"
deposit_dispute,77619,2,"’이라 한다). 나. 원고는 C에게 이 사건 임대차보증금 3,500만 원을 지급하고, E호를 인도받아 거주하였고, 2017. 12. 11. E호로 전입신고를 하였다. 다. 이 사건 임대차계약은 기간만료로 종료하였다. 원고는 ‘"
deposit_dispute,77619,2,"‘는 약정을 체결하였으므로, 이 사건 건물에 관한 소유권은 H 또는 C에게 이전되어야 할 것이어서, 이러한 점에서도 피고는 이 사건 임대차보증금 반환의무가 없다.“"
deposit_dispute,77816,2,"‘이 사건 건물’이라 한다)의 공유자인 피고들과 이 사건 건물에 관하여 임대차보증금 150,000,000원, 임대차기간 2017. 8. 31.부터 2019. 8. 30.까지로 정하여 임차하는 내용의 임대차계약(이하 ‘"
deposit_dispute,77889,2,"’는 판결을 선고하였다. 나. 그 무렵 원고는 2015. 3.경 이오개발을 상대로 임대차보증금 반환을 구하는 소를 제기하였고(서울동부지방법원 2015차전5810), 위 법원은 원금 81,620,000원, 이자 1,771,040원, 비용 61,800원, 합계 83,452,840원에 대한 지급명령을 하였으며 위 지급명령은 그 무렵 확정되었다. 다. 원고는 2015. 5. 4.경 채권압류 및 추심명령을 받았는데(서울동부지방법원 2015타채6427, 이하 ‘"
deposit_dispute,78051,2,"'라 한다)에 관하여 임대차보증금 13,964,000원, 월차임 145,670원, 임대차기간 2008. 12. 31.까지로 하는 내용의 임대차계약(이하 '"
deposit_dispute,78340,2,“3. 임차물건의 고장 시에는 각 건당 100만 원 이하는 임차인이 부담하면 100만 원 이상은 임대인이 부담한다”
deposit_dispute,78728,2,’라 함). 나. 이 사건 임대차계약 체결 당시 작성된 임대차계약서(이하 ‘
deposit_dispute,78728,2,"’이라는 상호로 음식점 영업을 하였다. 다. 그 후 이 사건 임대차계약은 거듭하여 묵시 갱신되었는데, 원고는 2018. 11.경까지 ① 2017. 9.분, 2017. 10.분, 2017. 12.분, 2018. 3.분 차임 및 관리비(이하 ‘"
deposit_dispute,78797,2,"’이라 한다)에 관하여 임대기간 24개월, 임차보증금 60,000,000원, 차임 월 2,300,000원, 관리비 월 400,000원으로 정하여 임대차계약(이하 ‘"
deposit_dispute,79844,2,"‘이 사건 공장’이라 한다)에 관하여 보증금 50,000,000원, 임대차기간 2018. 2. 1.부터 2020. 1. 31.까지, 월 차임 5,000,000원(매월 30일 후불)으로 정한 임대차계약(이하 ‘"
deposit_dispute,79844,2,"’이라 한다)을 체결하였다. 나. 한편, 원고 대표이사 E은 이 사건 임대차계약 이전에도 개인 명의로 이 사건 공장에 관하여 피고와 임대차계약(이하 ‘"
deposit_dispute,79883,2,"’라고 하고, 위 각 임대차계약서에 의한 계약을 ‘"
deposit_dispute,80020,2,"「임대의뢰인에게 이 사건 주택에 이미 거주하고 있는 다른 임차인들의 임대차계약 내역에 관한 자료를 요구하여 이를 확인한 다음 임차의뢰인인 원고에게 설명하고 자료를 제시하고, 중개대상물 확인·설명서의 '"
deposit_dispute,80338,2,’라 한다)에 관하여 채권최고액 1억 2천만 원으로 하는 근저당권설정계약을 체결하고(이하 ‘
deposit_dispute,80338,2,"’라 한다). 4) B은 2019. 5. 24.경 피고와 사이에 이 사건 토지에 관하여 매매대금 6,500만 원으로 하는 내용의 매매계약을 체결하고(이하 &apos이 사건 매매계약‘"
deposit_dispute,80338,2,"‘D주유소’를 운영하면서 R 주식회사로부터 구매한 유류대금을 결제하는 용도로 사용되는 것으로 추측되는데, 이 사건 채권양도계약 후 1개월 만에 위 주식회사 E에 대한 채무가 237,299,175원으로 급격하게 증가하는 것(갑 제7호증)을 볼 때 이 사건 채권양도계약을 통한 피고에 대한 채무의 변제가 B이 ‘"
deposit_dispute,80647,2,"’ F과 사이에, 원고가 피고로부터 이 사건 부동산을 임대차보증금 50,000,000원, 임대차기간 2018. 11. 6.부터 2019. 11. 5.까지로 정하여 임차하는 임대차계약(이하 ‘"
deposit_dispute,80647,2,‘보증금 반환에 대한 책임은 G에서 책임지기로 한다’
deposit_dispute,80647,2,“보증금 반환에 대한 책임은 G에서 책임지기로 한다”
deposit_dispute,80647,2,‘보증금 반환에 대한 책임은 G에서 진다’
deposit_dispute,81125,2,"‘피고 은성교회’라고 한다)가 주장하는 임대차보증금은 이 사건 건물의 매매대금 잔금에 불과할 뿐 실제로 임차보증금은 존재하지 않는다고 주장한다. 살피건대, 갑26 내지 28호증, 을5호증의 3, 을17호증의 각 기재에 변론 전체의 취지를 종합하면, 피고 은성교회는 교회 신축공사의 수급인인 피고 다인종합건설 주식회사(이하 ‘"
deposit_dispute,81534,2,"’라 한다)를 임대차 보증금 350,000,000원, 임대차 기간 2016. 2. 19.부터 2018. 2. 19.까지로 정하여 임차하는 내용의 임대차계약(이하 ‘"
deposit_dispute,81534,2,"’는 판결을 선고하였고, 위 판결은 그대로 확정되었다. ○ 원고는 위 판결에 기초하여 수원지방법원 안산지원 2018타채106858호로 E을 채무자, 피고를 제3채무자, E이 피고에 대하여 가지는 이 사건 아파트에 대한 임대차보증금 반환채권 중 75,746,573원을 청구금액으로 한 채권압류 및 추심명령 신청을 하여, 위 법원으로부터 2018. 7. 16. 위 신청을 인용하는 채권압류 및 추심명령 결정(이하 ’"
deposit_dispute,81916,2,"‘자신이 동서의 동생인 피고 명의로 이 사건 주택을 낙찰받았고, 이 사건 임대차계약을 체결할 당시 원고에게 그러한 사정을 말하였으며, 피고는 이 사건 임대차계약 체결 사실을 알지 못하였다.’"
deposit_dispute,81923,2,"’이라 한다)을 체결한 후 그 무렵 각 임대주택에 입주하였고, 그 후 원고들은 2005년 12월경부터 2006년 12월경까지 사이에 평창토건과의 기존 임대차계약을 갱신하면서 평창토건에게 별지 3.의 “"
deposit_dispute,81923,2,”란 기재 각 임대차보증금을 지급하였다. 〈이 사건 각 임대차계약에 포함된 임대주택의 매각조건〉 제12조(임대주택의 매각) ① “
deposit_dispute,81923,2,"”이 임대개시 후 2년 6개월이 경과한 시점에서 매각에 합의할 시에는 그 합의 시점에 매매계약토록 한다. 단, 임차인은 무주택자인 경우에 한한다. ② “"
deposit_dispute,81923,2,"”은 신탁기간 또는 신탁종료 후 신탁부동산의 하자 및 그 하자를 원인으로 하여 발생한 손실에 대하여 그 책임을 진다. 제7조(신탁원본 및 신탁의 수익) ① 신탁원본은 신탁부동산과 회사가 보관하고 있는 임대보증금, 신탁부동산의 물상대위로 취득한 재산 및 기타 이에 준하는 것으로 한다. ② 신탁의 수익은 신탁부동산으로부터 발생하는 임료 및 기타 이에 준하는 것으로 한다. 제8조(수익권증서) ② 본 계약에 의한 수익권은 “"
deposit_dispute,81923,2,‘임대사업자의 부도 또는 파산으로 임대보증금의 반환이 곤란한 경우’
deposit_dispute,82049,2,"‘로 하여 부동산 임대관리업 사업자등록을 마쳤고(사업자등록번호 1 생략), 소외 회사는 2018. 2. 14. 주주총회 결의로 해산하였는데, 피고는 2018. 5. 2. F에게 다음과 같은 내용의 위임장을 작성한 후 본인이 직접 발급받은 인감증명서와 신분증 사본 등을 첨부하여 교부하였다.   마. 원고는 2017. 2. 15.경 소외 I을 대리한 소외 회사와 사이에 천안시 서북구 J아파트 K호를 임대차보증금 35,000,000원, 임대차기간 2017. 2. 25.부터 2018. 2. 24.까지로 정하여 임차하는 임대차계약(이하 ‘"
deposit_dispute,82049,2,“보증금 반환에 대한 책임은 E(F)에서 책임지기로 한다.”
deposit_dispute,82211,2,"‘이 사건 계약’이라 하고, 계약서를 지칭할 때에는 ‘"
deposit_dispute,82211,2,"’라고 한다). 다) 피고인은 H에게 이 사건 계약서가 유효함을 전제로 그 이행을 약속하는 내용의 확인서 및 이행각서를 작성하여 교부하였다. 이는 피고인이 이 사건 계약서에 따른 법적 효과가 본인에게 귀속된다는 점을 자인하는 것일 뿐만 아니라, 이 사건 의료재단이 기본재산을 유지하여 그 설립허가가 취소되지 않도록 하는 본질적인 기여행위이다(이하 ‘"
deposit_dispute,82211,2,"‘위 대출 당시 이 사건 의료재단 명의의 근저당권설정계약서가 작성되었고, E, D이 2013. 3. 15. 피고인과 함께 L은행에 방문하여 이 사건 의료재단 이사장 인감을 날인하거나 기명날인하였다’"
deposit_dispute,82250,2,‘임대인이 제1항을 위반하여 임차인에게 손해를 발생하게 한 때에는 그 손해를 배상할 책임이 있다’
deposit_dispute,82958,2,"'라 한다)는 2016. 5. 30. 피고 C와 사이에 공제기간 2016. 5. 31.부터 2017. 5. 30.까지로 하여 피고 C가 부동산중개행위를 함에 있어 거래당사자에게 손해를 입힌 경우 그 손해를 공제금액인 100,000,000원의 한도에서 이를 보상해 주기로 하는 내용의 공제계약을 체결한 공제사업자이다. 나. 임대차계약의 체결 1) 원고는 창원시 성산구 K 건물에서 위 체력단련시설 '"
deposit_dispute,82958,2,"'이라 한다)에 관하여 임대차보증금 20,000,000원, 차임 월 1,200,000원, 임대차기간 2017. 5. 24.부터 2020. 5. 23.까지로 하는 임대차계약(이하 '"
deposit_dispute,83091,2,"‘이 사건 매장’이라고 한다)에 관하여 임대차보증금은 250,000,000원, 임대차기간은 영업 개시 시점으로부터 2년으로 정하여 임대차계약을 체결하였다(이하 ‘"
deposit_dispute,84557,2,‘인정되던 계약 갱신 사유’
deposit_dispute,84713,2,‘임차인에 대한 권리는 본 계약서 작성 이후 매수인에게 있음을 확인한다.’
deposit_dispute,84919,2,"’이라 한다)에 관하여 임대차보증금 2,500만 원, 임대차기간 2015. 2. 25.부터 2017. 2. 24.까지로 정한 임대차계약을 체결하고(이하 ‘"
deposit_dispute,85054,2,"‘임차인은 본 계약서 제1조에 의거한 월세의 지불 약정일을 이행하지 못할 경우 약정 금액에 대하여 첫 1개월은 10%의 연체이자율을 적용하고, 그 이후에는 매 1개월마다 연체이자 포함한 금액에 10%를 가산하여 지불하여야 한다’"
deposit_dispute,85559,2,"'에 관하여, 원고들이 유류분 반환청구의 의사를 표시한 이 사건 소장부본이 송달된 날인 2009. 9. 29. 유류분 반환을 원인으로 하는 각 소유권이전등기절차를 이행하고, E 주식 5,433주 중 [표4] 기재 각 '"
deposit_dispute,85713,2,"’라 한다)를 건설하였다. 나. 평창토건은 임대사업자로서 임대의무기간을 5년으로 정하여 이 사건 아파트의 임차인을 모집하였는데, 임차인모집공고 당시 ‘"
deposit_dispute,85713,2,’ 제21조에 따라 건설임대주택인 2차 아파트의 임차인대표회의가 2008. 7. 4. 직접 울산 북구청장에 임차인에 대한 우선 분양전환에 관한 승인(이하 ‘
deposit_dispute,85774,2,"‘이 사건 건물’이라 한다)에 관하여 전세금 600,000,000원, 존속기간 2004. 8. 12.부터 2008. 8. 31.로 정한 전세권설정계약(이하 ‘"
deposit_dispute,85774,2,"’, 이 사건 전세권이 담보하는 전세금반환청구권을 ‘"
deposit_dispute,85774,2,"’이라 한다)은 2007. 1. 10. 소외 4로부터 이 사건 전세권을 양도받고, 이를 원인으로 하여 같은 등기소 2007. 1. 10. 접수 제1749호로 전세권이전등기를 경료하였다(이하 ‘"
deposit_dispute,85774,2,"’이라 한다)을 받았고 위 결정은 그 무렵 소외 4에게 송달되었다. 이후 소외 1은 다시 이 사건 근저당권부채권의 추심채권자로서 같은 법원 2010타채38417호로 이 사건 전세권부채권 압류 및 추심명령을 신청하여, 2010. 10. 18. 이를 인용하는 결정(채권자 원고, 채무자 교육지존, 제3채무자 피고, 이하 ‘"
deposit_dispute,85980,2,"’ 사무실에서 C가 2018. 12. 21.자로 장애인인 D을 위한 특정후견인으로 선임되었고(2019. 1. 8. 확정), 특정후견인이나 D으로부터 D 명의의 임대차계약서 작성에 대한 권한을 위임받은 사실이 없음에도 불구하고 임의로 계약자 성명 란에 ‘"
deposit_dispute,85980,2,’라고 기재되어 있는 임대차계약서 계약자 란에 검은색 볼펜으로 ‘
deposit_dispute,85980,2,"’이라고 기재하고 그 옆에 미리 새기어 가지고 있던 D 명의의 도장을 날인하였다. 이로써 피고인은 D의 대리인 자격을 모용하여 권리의무에 관한 사문서인 임대차계약서를 작성하였다. 2. 자격모용작성사문서행사 피고인은 위와 같은 일시, 장소에서 위 사무실에 있는 성명불상의 직원에게 위 임대차계약서를 제출하였다. 이로써 피고인은 자격을 모용하여 작성한 사문서를 행사하였다. 판단 ‘"
deposit_dispute,86200,2,"’라고만 한다), 같은 날 D에게 그 채권양도를 통지하였다. 위 통지는 그 무렵 D에게 도달하였다. 마. 원고는 이 사건 임대차보증금 반환채권에 대하여도 채권압류 및 추심명령을 신청하여 2019. 11. 4. 인용결정을 받았고(서울중앙지방법원 2019타채13258), 그 결정은 2019. 12. 18. D에게 송달되었다. 이에 D는 2019. 12. 24. ‘"
deposit_dispute,86200,2,‘발신인(= C)이 D에 대하여 가지고 있는 이 사건 임대차보증금 반환채권을 피고에게 양도한다’
deposit_dispute,86551,2,"’이라 한다)가 각 설치되어 있었다. 나. 원고의 이 사건 부동산 매수 및 임대 1) 원고와 피고는 2019. 11. 6. 원고가 피고로부터 이 사건 부동산을 5,486,000,000원(계약금 550,000,000원, 잔금 4,936,000,000원)에 매수하는 계약을 체결하였다(이하, ‘"
deposit_dispute,86551,2,"’이라 한다). 이 사건 매매계약서에는 별지(갑 제2호증의 2)가 첨부되어 있고, 그 주요 내용은 다음과 같다.   2) 원고는 이 사건 매매계약서 별지 제7항(이하, ‘"
deposit_dispute,86704,2,‘임차인은 임대인의 동의 없이는 임차권을 양도 또는 담보제공 하지 못한다.’
deposit_dispute,86704,2,"‘참가인’이라고 한다)과 사이에, 피고 소유의 이 사건 아파트에 관하여 임대차보증금 8,000만 원, 차임 월 35만 원, 기간 2003. 11. 20.부터 2년간으로 정하여 이 사건 임대차계약을 체결하면서, ‘"
deposit_dispute,86797,2,"‘이 사건 주택’이라 한다)에 관하여 임차보증금 55,000,000원, 임대차기간 2018. 8. 15.부터 2020. 8. 14.까지로 정하여 피고들로부터 이를 임차하는 내용의 임대차계약(이하 ‘"
deposit_dispute,86984,2,"‘이 사건 매매’라 한다)하면서 계약금 7,000만 원 중 2019. 11. 29. 미리 지급한 1,000만 원을 제외한 나머지 6,000만 원은 계약 시, 잔금 6억 3,000만 원은 2019. 12. 26. 지급하기로 하되, ‘"
deposit_dispute,86984,2,‘2019. 11. 26. 체결된 보증금 4억 원의 전세계약’
deposit_dispute,87125,2,"‘피고인의 2018. 10. 30.까지 임대차보증금 5,000만 원 반환과 피해자 측의 그 소유의 각종 집기류에 대한 2019. 4. 30.까지의 철거(수거)’"
deposit_dispute,87170,2,"‘이 사건 건물’이라 한다) 중 3층 G호에 대하여 임대차보증금 4,000만 원, 임대차기간 2년으로 한 임대차계약을 체결하고(이하 ‘"
deposit_dispute,87894,2,‘C’의 보험에 가입하면서 선택계약으로 민사소송법률비용손해를 보장하는 보험계약(이하 ‘
deposit_dispute,88508,2,"‘피고 C’라고만 한다)는 2020. 8. 19. 이 사건 부동산에 관하여 임대차기간 2020. 11. 1.부터 2022. 10. 31.까지, 보증금 5,000만 원, 월 차임 589만 원(부가세 별도, 익월 5일 후납)으로 정하여 임대차계약(이하 ‘"
deposit_dispute,88508,2,’이라 한다)을 체결하였다. 다. 원고들은 2020. 10. 8.경 피고 C로부터 이 사건 임대차계약상 임대차보증금을 지급받고 피고 C에게 이 사건 부동산을 인도하였다. 한편 피고 주식회사 E(이하 ‘
deposit_dispute,88672,2,"’라 한다)를 임대차보증금 45,000,000원, 임대차기간 2017. 11. 30.부터 2019. 11. 29.까지로 정하여 임차하는 계약(이하 ‘"
deposit_dispute,88994,2,"‘이 사건 임대차계약이 2020. 10. 31.에 종료되므로, 계약 종료일에 이 사건 건물을 원상으로 회복하여 인도해 달라’"
deposit_dispute,89289,2,"’이라고 한다)한 후 2018. 12. 29.까지 C 등에게 임대차보증금을 모두 지급하였다. 나. 원고는 2018. 12. 29. 이 사건 아파트에 입주하여 점유를 개시한 후 2019. 1. 3. 전입신고를 마쳤다. 다. 피고는 2019. 3. 22. 이 사건 아파트에 관하여 2018. 8. 18.자 매매를 원인으로 하여 소유권이전등기를 마쳤고, 이에 원고는 2019. 5. 17. 이 사건 아파트에 관한 새로운 소유자인 피고와 사이에 종전 임대차와 주요 부분이 동일한 내용의 임대차계약서(이하 ‘"
deposit_dispute,89438,2,"‘이 사건 상가’라고 한다)를 임대차보증금 30,000,000원, 차임 월 1,320,000원(부가가치세 포함), 임대차기간 2019. 1. 19.부터 2021. 1. 18.까지로 정하여 임차하기로 하는 계약(이하 ‘"
deposit_dispute,90057,2,"「피고인은 2005. 11. 9.경 서울 마포구 합정동 (이하 생략) 공소외 1 법무사 사무실에서, 사실은 피해자 공소외 2로부터 인수금 명목으로 금원을 받더라도 이를 서울 영등포구 영등포동2가 (지번 생략) 소재 상가주택에 입주하여 있는 세입자들에게 임대차보증금으로 반환하여 줄 의사나 능력이 없음에도 불구하고, 피해자에게 “"
deposit_dispute,90071,2,"'라 한다)을 임대차보증금 30,000,000원, 월 임료 500,000원으로 정하여 임대(위 임대차계약을 이하 '"
deposit_dispute,90658,2,"’이라 한다)은 이 사건 주택의 각 세대에 관하여 체결된 임대차계약을 중개한 공인중개사들이며, 피고 L단체는 나머지 피고들의 중개사고에 대하여 공제사업자로서 연대책임을 지는 자이다. 나. 나머지 피고들이 이 사건 주택의 각 세대에 관하여 중개한 임대차계약(이하 ‘"
deposit_dispute,91063,2,"‘이 사건 건물’이라 한다)에 관하여 임대차보증금 6,000만 원으로 하는 임대차계약(이하 ‘"
deposit_dispute,91278,2,"’이라 한다)을 체결하였다. 원고들과 피고는 각 20,000,000원씩을 투자하여 H에게 잔금을 지급하고 2008. 4. 29. 이 사건 아파트에 관하여 G 명의로 소유권이전등기를 마쳤다. 다. 피고는 원고들과의 묵시적 협의로 이 사건 아파트를 관리하여 오다가 G 명의로 2012년 5월경 I과 사이에 이 사건 아파트에 관하여 임대차보증금을 145,000,000원으로 하는 임대차계약(이하 ‘"
deposit_dispute,91420,2,’라는 내용의 시말서(을가 제12호증)를 작성하여 교부하였다. 바. 피고는 2017. 10. 20. 이 사건 약속어음 공정증서에 기초하여 원고의 G에 대한 임대차보증금반환채권에 관하여 이 법원 2017타채16568호로 채권압류 및 추심명령을 받았다. 사. 피고의 대표이사 H과 피고의 실질대표자인 피고보조참가인(이하 ‘
deposit_dispute,91527,2,"‘이 사건 건물’이라 한다)를 임대차보증금 8,000만원, 월차임 250만원(부가가치세 별도), 기간 2015. 6. 1.부터 2017. 5. 31.까지로 정하여 임차하는 내용의 임대차계약을 체결하고(이하 ‘"
deposit_dispute,91527,2,"’라 한다), 그 무렵 D에게 임대차보증금을 지급하고 이 사건 건물을 인도받은 다음 2015. 5. 27. 이 사건 건물을 사업장 소재지로 한 사업자등록을 마쳤다. 나. 원고는 2018. 10. 1.경 C의 대리인인 D에게 2018. 11. 10.을 종료일로 하여 이 사건 임대차를 해지하겠다는 의사표시를 하였고, D은 이에 동의하였다. 다. 피고는 C과 부부였던 사이로, C을 상대로 제기한 서울가정법원 2017드합31708 이혼 등 청구의 소 계속 중 2018. 10. 12. ‘"
deposit_dispute,91527,2,"“원고가 D으로부터 8,000만원을 차용하고, 피고로부터 이 사건 임대차보증금을 반환받는 즉시 위 차용금을 변제한다”"
deposit_dispute,91688,2,"’는 내용의 합의각서를 작성해 주었다. ○ 이 사건 건물에 관하여 2005. 6. 4. 소외 1의 채권자인 주식회사 한마음상호저축은행의 촉탁에 따라 소외 1 명의로 소유권보존등기가 마쳐진 뒤 2005. 6. 14. 피고 앞으로 채권최고액 합계 8억 원의 각 근저당권설정등기가 마쳐졌다. ○ 2005. 7. 27. 이후 소외 1이 실종되자, 피고는 이 사건 매도담보계약을 체결하면서 소외 1로부터 미리 받아두었던 ‘"
deposit_dispute,91891,2,"’이라 한다), 토피아 도봉어학원은 소외 1에게 위 임대차보증금 18억 원을 지급하였다. 그리고 이 사건 임대차 계약은 2012. 7.경 종료되었다. 나. 원고의 주식회사 에듀언스 발행 신주인수권부 사채 인수 1) 원고는 2009. 10. 29. 주식회사 에듀언스(이하 ‘"
deposit_dispute,92060,2,'다액의 임대차보증금이 있는 임차인은 없다'
deposit_dispute,92975,2,"‘대여금’이라고 기재되어 있다. 이를 종합하면, K 명의 계좌에서 D에 송금된 돈을 피고가 D에 임대차보증금으로 지급한 것으로 보기 어렵다. ③ D의 대차대조표에서도 피고로부터 임대차보증금을 지급받은 내역을 전혀 찾아볼 수 없다. ④ 피고가 이 사건 건물에서 한방티테라피 체험장을 운영 중인 사실은 인정된다. 그러나 다음의 각 사정, 즉 위 ①항에서 살핀 바와 같이 피고와 D는 그 임원들이 동일하며 그들은 가족관계인 점, D가 피고의 상호명인 ‘"
deposit_dispute,93022,2,"’이라 하고, 2010. 9. 10. 임대차보증금을 증액한 임대차계약을 ‘"
deposit_dispute,93112,2,"’라 한다)를 작성하였다. 원고는 위 임대차계약서의 임차인란 하단에 직접 자신의 서명을 기재하고 지장을 날인하였으며, 피고는 원고의 서명 앞에 수기로 ‘"
deposit_dispute,93285,2,"""2016. 12. 1. 임대차기간 만료와 동시에 임대차계약을 해지한다"""
deposit_dispute,93285,2,"""임대차계약 종료일인 2016. 12. 1.까지 미남 임대료 등을 납부하지 않으면 임대차보증금에서 이를 공제한다"""
deposit_dispute,93747,2,"'라 한다)에 관하여 임대차보증금 9,000,000원, 월 임대료 75,000원, 입주예정일 2011. 11.로 정하여 임대차계약(이하 '"
deposit_dispute,93747,2,"'을 반환할 의무를 부담할 뿐인데, 이 사건 특약은 임대주택을 인도하여야 하는 날의 다음날부터 그 인도 완료일까지 '"
deposit_dispute,93805,2,"‘이 사건 건물’이라 한다)에 관하여 피고 및 E과 임대차보증금을 60,000,000원으로, 임대차기간을 2010. 10. 2.부터 2012. 10. 2.까지로 하는 임대차계약(이하 ‘"
deposit_dispute,93839,2,"'이라고 한다) G호에 관하여 보증금 79,000,000원, 임대차기간 2018. 4. 10.부터 2020. 4. 9.까지로 정한 임대차계약(이하 '"
deposit_dispute,94000,2,"‘이 사건 점포’라 한다)을 인도하고, 2,991,910원 및 2020. 12. 3.부터 위 각 부동산의 인도완료일까지 월 7,700,000원의 비율로 계산한 돈을 지급하라.  이유 1. 인정사실 ○ 원고는 2019. 8. 1. 피고와 사이에 이 사건 점포에 관하여 임대차기간 2019. 8. 3.부터 2021. 8. 2.까지, 임대차보증금 100,000,000원, 차임 월 7,700,000원(부가가치세 포함)으로 정한 임대차계약(이하 ‘"
deposit_dispute,94785,2,"'의 ㉡ 부분을 판넬 벽체로 구분한 후 이 사건 주차장 부분을 사무실 용도로 사용하여 왔다. 3) 원고는 2019. 11. 14. 피고 B와 사이에, 이 사건 건물 중 1층 G호 전부 72.16m²에 관하여 임대차기간 2019. 11. 25.부터 2021. 11. 24.까지, 임대차보증금 1,000만 원, 차임 월 70만 원으로 한 임대차계약(이하 '"
deposit_dispute,94976,2,"‘이 사건 건물’이라 한다)의 소유자로서 임차인인 피고 D을 상대로 이 사건 건물을 인도하라는 소송을 제기하였고, 2020. 4. 6. 이 사건 건물을 비롯한 부지 일체를 주식회사 E 명의로 소유권이전등기를 마쳐준 이후에도 임대인의 지위에서 소송을 계속 수행하여 2020. 7. 22. 인용판결(춘천지방법원 2019가단55817 판결, 이하 ‘"
deposit_dispute,95426,2,"’이라 한다)를 소외 C으로부터 전대차보증금을 20,000,000원으로, 월차임을 3,000,000원으로, 전대차기간을 2018. 1. 8.부터 2020. 4. 26.까지로 하여 전대차계약(이하 ‘"
deposit_dispute,95623,2,"‘이 사건 건물’이라 한다)을 각 1/2 지분으로 공유하고 있었다. 나. 원고는 2019. 7. 20. 피고, C과 사이에, 피고와 C으로부터 이 사건 건물 중 E호에 관하여 임대차기간 2019. 9. 5.부터 2021. 9. 4.까지, 임대차보증금 160,000,000원으로 하여 임차하기로 하는 임대차계약(이하 ‘"
deposit_dispute,95862,2,‘현 계약일 임대인은 공동소유자인 원고들의 위임장 및 인감증명서를 첨부하였다’
deposit_dispute,96942,2,‘이 사건 임대차보증금반환채권’
deposit_dispute,97716,2,"’라 한다)에 관하여 소유권이전등기를 마쳤다. 이후 2010. 11. 26. 이 사건 F호에 관하여 채무자 G, 근저당권자 주식회사 H, 채권최고액 81,900,000원의 근저당권설정등기가 마쳐졌다. 나. 원고는 2014. 1. 28. D과 사이에 주거용으로 개조된 이 사건 F호의 일부인 59.5㎡(이하 ‘"
deposit_dispute,97716,2,"’이라 한다)에 관하여 보증금 6,000만 원, 임대차기간 2014. 2. 28.부터 2016. 2. 28.까지로 정하여 임차하는 내용의 임대차계약(이하 ‘"
deposit_dispute,98334,2,’이라 한다). 그 주요 내용은 다음과 같다.   3) 원고는 C 및 피고와 이 사건 임대차계약을 체결함과 동시에 조건 변경 합의계약서를 작성하여 분양전환에 따른 확정 임대가를 정하고 추후 분양전환에 대해 합의하였다(이하 ‘
deposit_dispute,98334,2,"‘분양전환 자격대상자의 범위(합의계약 제7조, 이 사건 임대차계약 제12조)’"
deposit_dispute,98494,2,"'라 한다)와 사이에 피고에게 이 사건 상가에 관한 임대차보증금반환채권 중 3억 원과 이 사건 상가의 운영권, 상품, 시설 및 설비 일체를 대금 4억 9,500만 원(대금의 지급은 피고가 이 사건 상가와 관련한 각종 채무를 인수하는 것으로 갈음하였다)에 매도하는 내용의 양도양수 및 물품매매계 약을 체결하였다. 피고의 사위인 선정자 C(이하 '"
deposit_dispute,98710,2,"’에 해당하여 부인권의 행사대상이라는 이유로 이를 모두 부인하였다. (3) 원고는 2007. 1. 31. 피고를 상대로 부산지방법원 2007회확7호로 이 사건 연대보증계약 등에 따른 11억 원의 구상금채권에 관하여 이 사건 신청을 하였으나, 같은 법원은 2007. 4. 5. 소외 2와 소외 1 의료법인이 특수관계인에 해당하고, 이 사건 연대보증계약 등이 회생절차 개시신청 전 1년 이내에 한 무상행위에 해당한다는 이유로 “"
deposit_dispute,98792,2,"“임차인을 구해 전세자금 대출을 받아 1억 4,000만 원을 마련할 수 있을 것 같으니 나머지 임대보증금 6,000만 원을 소유자인 Q에게 실제로 지급한 것처럼 거래내역을 만들어 달라.”"
deposit_dispute,99180,2,"”는 매매계약서를 작성하였으나, 실제로 피고인 1에게 가계약금을 지급하지 않았다. 피고인 2는 곧바로 2015. 8. 11. 19:05 피고인 3에게 “"
deposit_dispute,99180,2,"' 파일이 마지막으로 주2) 			수정되었다. 그 다음 날인 2015. 8. 14.에는 이 사건 부동산에 관하여 피고인 1, 피고인 2와 공소외 8 이름으로 합계 67억 원짜리 계약서가 작성되었고(공판기록 763면), ♤♤감정원에서 이 사건 부동산에 대한 현장실사를 하였다(증거기록 217면). 공소외 7은 2015. 8. 16. 10:07 피고인 3에게 이 사건 부동산의 임대차보증금이 합계 3억 7,500만 원으로 정리된 “"
deposit_dispute,99180,2,"“지하 (호수 1 생략)·보증금 삼백·월25만 (전화번호 1 생략), (호수 2 생략) 보증금 2백만 월5십 (전화번호 2 생략) 은행 전화 오면 □□□하우스”"
deposit_dispute,99439,2,"‘이 사건 건물’이라 한다)에 관하여 채무자 피고 B, 채권최고액 8,450만원인 F조합 명의의 근저당권설정등기가 마쳐졌다(이하 위 근저당권을 ‘"
deposit_dispute,99439,2,"’이라 한다). 나. 원고는 2018. 3. 17. 피고 B으로부터 이 사건 건물을 임대차보증금 5,200만 원, 임대차기간 2018. 4. 14.부터 2020. 4. 14.까지로 정하여 임차하면서 다음과 같이 특약하였고(이하 ‘"
deposit_dispute,100324,2,"‘중개사인 C는 B이 분양자격이 있는 것처럼 하여 B의 말만 믿고 중개를 하였습니다. 조합에는 미처 분양자격여부를 확인 못했습니다. 만약 분양자격이 없는 물건이라는 것을 알았더라면 계약을 진행하지 않았을 것이며, 매수인도 계약하지 않았을 것입니다’"
deposit_dispute,100363,2,"‘이 사건 주택’이라 한다)를 임대차보증금 2,000만 원, 임대차기간 2018. 10. 2.부터 24개월로 정하여 임차하기로 하는 임대차계약(이하 ‘"
deposit_dispute,100530,2,"‘보증금’이라 한다) 400,000,000원, 임대차기간 2018. 6. 16.부터 2020. 6. 15.까지로 정하여 임차(이하 위 임차한 계약을 ‘"
deposit_dispute,100756,2,"”을 체결하고 피고 C에게 권리금 70,000,000원을 지급하였다. 원고는 2017. 10. 16. 피고 B과 사이에, 피고 B으로부터 이 사건 건물을 보증금 30,000,000원, 월차임 2,500,000원, 기간 2019. 10. 15.까지로 하여 임차하는 내용의 부동산임대차계약을 체결하였다. 원고는 그 무렵부터 이 사건 건물에서 “"
deposit_dispute,100790,2,"‘피고 D’이라 한다) 사이의 근저당권 설정계약 (1) B은 2014. 4. 10. 피고 D과 사이에 별지 목록 제1 내지 20, 25, 26, 74, 120항 기재 각 부동산(이하 별지 목록 기재 각 부동산을 지칭할 경우 그 순번에 따라 ‘"
deposit_dispute,100790,2,"’이라 한다)에 관하여 채권최고액은 585,000,000원, 채무자는 B으로 하는 근저당권 설정계약(이하 ‘"
deposit_dispute,101074,2,"’이라 한다)이 소외 D으로부터 별지 목록 기재 부동산을 명도받음과 동시에 원고에게 220,710,000원에서 별지 목록 기재 부동산의 명도완료일까지 피고 회사와 D 사이의 임대차계약에 의하여 피고 회사가 D에 대하여 갖는 일체의 채권을 공제한 나머지 돈을 지급하라.  이유 1. 기초 사실 가. D과 E공사의 임대차계약 D은 2015. 12. 24. E공사(변경 후 F공사)로부터 공공임대주택인 별지 목록 기재 부동산(이하 ‘"
deposit_dispute,101074,2,"’이라 한다)을 임대차보증금 220,710,000원, 임대차기간 2017. 12. 31.까지로 정하여 임차하였다. 나. 원고와 D의 여신거래약정 및 채권양도계약 1) 원고는 2016. 7. 12. D과 사이에, 원고가 D에게 198,600,000원을 이자율 연 3.7%(이자 매달 지급), 지연손해금율 연 15.7%, 대출기간 2016. 7. 15.부터 2017. 12. 31.까지로 정하여 대출하기로 하는 여신거래약정(이하 ‘"
deposit_dispute,101074,2,’이라 한다)을 체결하였다. 2) D은 같은 날 원고에게 E공사에 대한 이 사건 주택 관련 임대차보증금반환청구권(이하 ‘
deposit_dispute,101074,2,‘이 사건 임대차 갱신계약’
deposit_dispute,101266,2,"’라 한다)를 마쳐 주었다. 다. 원고는 2018. 6. 28. 피고 D의 중개로 피고 B과 사이에, 이 사건 부동산을 보증금 183,000,000원, 기간 2018. 7. 13.부터 2020. 7. 12.까지로 정하여 임차하는 내용의 임대차계약(이하 ‘"
deposit_dispute,101266,2,’라 한다)를 마쳐 주었다. 마. 이 사건 신탁계약의 주요 내용은 다음과 같다.   바. 이 사건 임대차계약서의 ‘
deposit_dispute,101416,2,"’)에서, 위 법원은 2020. 12. 22. 배당기일을 열고 피고에게 소액임차인으로서 1순위로 32,000,000원을, 소외 은행에게 근저당권자로서 2순위로 105,783,042원을 각 배당하고, 원고에게는 인정되는 채권금액 151,945,205원(= 원금 100,000,000원 + 이자 51,945,205원) 중 일부인 59,425,374원을(담보)가등기권자로서 3순위로 배당하는 내용으로 된 배당표(이하 ‘"
deposit_dispute,101752,2,‘양도인(D)이 대출금 연체발생 및 기한의 이익 상실 등의 사유로 임대차보증금 반환청구권 행사를 위해 양수인이 양도인을 대리하여 양도통지서를 발송할 수 있음을 합의한다’
deposit_dispute,101752,2,‘양도인(D)이 이 사건 각 대출금 연체발생 및 기한의 이익 상실 등의 사유로 임대차보증금 반환청구권 행사를 위해 양수인이 양도인을 대리하여 양도통지서를 발송할 수 있음을 합의한다’
deposit_dispute,101993,2,‘C’ 법원점의 가맹회사인 C 법인에 투자하면 월 3%의 고수익을 안정적으로 올릴 수 있다. 투자는 가맹점주들만 할 수 있는데 이미 나는 5천만 원을 투자한 터라 여력이 없다. 돈을 빌려주면 본사에서 받는 수익금 전액을 모두 주겠다. 가맹점별로 회사에서 미리 받아 둔 보증금이 있는데 이를 회사가 관리하기 때문에 만약 폐업 등의 문제가 생겨도 보증금으로 받으면 되기에 전혀 위험은 없다.”
deposit_dispute,101993,2,‘가맹점별로 회사에서 미리 받아 둔 보증금이 있는데 이를 회사가 관리하기 때문에 만약 폐업 등의 문제가 생겨도 보증금으로 받으면 되기에 전혀 위험은 없다.’
deposit_dispute,102059,2,"‘이라 한다)에 관하여 임대차보증금은 25,000,000원, 월차임은 2,500,000원(매월 1일 지급), 임대차기간은 2018. 2. 1.부터 2020. 1. 31.까지로 정하여 상가임대차계약(이하 ’"
deposit_dispute,102551,2,"‘이 사건 건물’이라고 한다)를 임대차보증금 100,000,000원에 임차하여(이하 위 임대차보증금을 ‘"
deposit_dispute,103089,2,"' 중 6층 Q호에 대하여 2014. 9. 11.부터 2016. 9. 10.까지 2년간 임대차보증금 10,000,000원, 월 차임 500,000원(부가가치세 별도)으로 하는 임대차계약(이하 '"
deposit_dispute,103172,2,"‘망인’이라 한다)은 캄보디아 국적으로 2008. 1. 21. 원고와 혼인한 후 2013. 11. 6. 대한민국 국적을 취득하였다가 2014. 8. 23. 교통사고로 사망한 자이고, 원고는 망인의 남편이다. 2) 피고는 보험업법 및 관계 법령에 의한 보험업 등을 영위하는 회사이다. 나. 이 사건 각 보험계약의 체결 원고는 피고와 사이에, 피보험자를 망인으로, 사망보험금 수익자를 원고로 하여 다음과 같은 내용의 각 보험계약(이하 ‘"
deposit_dispute,103172,2,"’이라고 한다) 가) 계약일자 : 2011. 9. 16. 나) 보험료 : 월 500,000원 다) 보험기간: 종신 라) 이 사건과 관련된 보장내용 : 65세 계약 해당일 이전 사망시 ‘"
deposit_dispute,103172,2,"‘2008. 6.경 망인을 피보험자로 하는 보험계약을 체결하면서 당시 망인이 한국말을 못해서 보험계약에 대해 설명해주지 못하였고, 자신이 망인의 손을 붙잡고 망인의 서명을 하였다’"
deposit_dispute,103248,2,"’이라 한다)을 체결하였는데, 이 사건 임대차계약 당시 작성된 계약서의 주요 내용은 아래와 같다.  』"
deposit_dispute,103297,2,"’란에 이 사건 토지에 관하여 신한은행의 위 근저당권설정등기와 주식회사 내외종합건축사무소의 가압류기입등기 등 별도등기가 있다는 취지가 부기되었다가, 2004. 5. 4. 위 별도등기가 일부 말소되었다는 취지가 부기되었다. 나. 이 사건 아파트에 관한 임대차계약의 체결 (1) 피고 한국공인중개사협회(이하 ‘"
deposit_dispute,103439,2,"‘C’라는 상호의 업체를 운영하였다. 이후 이 사건 임대차계약은 갱신되었는데, 월세는 2019. 2.경부터 매월 말일에 지급되는 것으로 변경되었고, 2020. 5.경부터 280만 원(부가가치세 별도)으로 감액되었다. 피고는 2020. 6. 26.경 원고에게 이 사건 부동산을 매수하라고 권유하면서 ‘"
deposit_dispute,103669,2,"‘원고’라 한다)와 B(C 생) 사이에 체결된 별지 채권 목록 기재 채권에 관한 채권양도양수계약을 취소한다. 원고는 주식회사 D에 대하여 위 채권양도양수계약 취소의 통지를 하라.  이유 본소, 반소를 함께 본다. 1. 기초사실 가. B(C 생, 이하 ‘"
deposit_dispute,103669,2,"’이라 한다)을 임대차보증금은 123,300,000원, 차임은 월 651,000원, 임대차기간은 추후지정하여 임차하는 내용의 임대차계약을 체결하였다. 나. 소외인은 2017. 1. 10. 원고와 대출과목을 가계전세자금으로 한 대출거래약정을 체결하고(이하 위 약정에 따른 대출을 ‘"
deposit_dispute,103859,2,"’이라 한다)을 체결하였고, 같은 날 소외 회사에 피고의 인감증명서와 신분증 사본을 교부하였다.   ○ 원고는 2019. 4. 29. 피고를 대리한 소외 회사와 사이에 이 사건 부동산에 관하여 임대차보증금 35,000,000원, 차임 월 250,000원, 임대차기간 2019. 5. 20.부터 2020. 5. 19.까지로 정한 임대차계약(이하 ‘"
deposit_dispute,103859,2,‘보증금 반환에 대한 책임은 소외 회사가 진다’
deposit_dispute,104312,2,'라 한다)   나) 이 사건 최초 계약서와 동시에 작성된 임대차조건 변경 합의(계약)서(이하 '
deposit_dispute,104312,2,"'는 내용의 이 사건 각 임대차계약을 체결하였는데, 위 각 임대차계약은 구 임대주택법 시행령 제13조 제2항 제3호가 규정한 '"
deposit_dispute,104376,2,’이라 한다)을 체결하였다. 라. J은 부산지방법원에 원고를 상대로 임대차보증금 반환 소송을 제기하여 위 법원은 2019. 8. 13. 2018가소608976호(이하 ‘
deposit_dispute,104708,2,'임대차가 종료한 경우에도 임차인이 보증금을 돌려받을 때까지는 임대차 관계는 존속하는 것으로 본다.'
deposit_dispute,104779,2,"‘임대차보증금’란에는 임대차보증금 4,000만 원의 지급에 대해 원·피고 사이에 별도의 약정이 있는 것처럼 기재되어 있으면서도 ‘"
deposit_dispute,104806,2,‘이 사건 임대차보증금반환채권’
deposit_dispute,106084,2,"“계약서 내용대로 민법상 관례에 따라 원상복구 후 열쇠를 보낼 테니 열쇠 수령 후 보증금 8,416만 원(밀린 월차임 4개월분을 공제한 금액)을 지급해달라는 내용증명을 보냈다. 2) 피고는 2020. 4. 1. 원고에게 ”"
deposit_dispute,106084,2,"‘K’이라는 문구가 들어간 양식을 사용한 이유를 구체적으로 확인해주고 있고(갑 제12호증), ② 피고의 인영이 약간 뭉개져 있기는 하나 2016. 4. 7.자 임대차계약서 상의 피고의 인영과 그 형태에 있어서는 유사하며, ③ 2019. 4. 2. 원고가 피고에게 위 임대차계약서를 첨부하여 내용증명을 보낸바도 있는데(갑 제7호증의 4), 피고가 이에 대하여 별다른 이의 없이 2019. 5. 27. “"
deposit_dispute,106700,2,'피해자와의 동업을 그만두기로 하였으니 임대차보증금을 반환하여 달라'
deposit_dispute,106726,2,‘소외 회사’라고 한다)를 제3채무자로 하여 소외 1이 소외 회사에 대하여 가지고 있는 별지 목록 기재 임대차보증금반환채권(이하 ‘
deposit_dispute,106754,2,"’이라고 한다)을 체결하였다. 나. 피고는 2018. 11. 14. 원고의 대리인으로 현명한 D과 사이에, 이 사건 부동산을 보증금 80,000,000원, 기간 2018. 12. 1.부터 2019. 11. 30.까지로 정하여 임차하는 내용의 계약서(을 제1호증, 이하 ‘"
deposit_dispute,106754,2,"’라고 하고, 이 사건 계약서에 따른 계약을 ‘"
deposit_dispute,106754,2,“보증금 반환에 대한 책임은 C에서 책임지기로 한다.”
deposit_dispute,106754,2,“보증금 반환에 대한 책임은 C에서 책임지기로 한다.”
deposit_dispute,107086,2,"'라 한다)를 보증금 5,000만 원, 차임 월 210만 원으로 정하여 임차한 데 이어, 이 사건 건물의 소유권이 2018. 5. 30. 반소피고에게 이전되자 2018. 6. 1. 반소피고로부터 이 사건 점포를 보증금 5,000만 원, 차임 월 220만 원, 임대차기간 2년으로 정하여 재차 임차하였고(이하 통틀어 '"
deposit_dispute,107086,2,"'이 사건 임대차는 2020. 5. 31.자로 기간이 만료되는바, 이미 수개월 전에 통지한 바와 같이 반소 피고는 계약갱신을 원하지 않는다. 이 사건 건물은 50년이나 된 노후건물로서 그 전부 또는 대부분을 철거하거나 재건축해야만 한다'"
deposit_dispute,107339,2,"'이라고 한다)을 보증금 1억 원, 임대차기간 2012. 1. 10.부터 2017. 1. 9.까지(60개월), 차임 월 310만 원(매월 10일 지급)으로 정하여 임차하기로 하는 내용의 임대차계약을 체결하였고(이하 '"
deposit_dispute,107339,2,"'이라고 한다). 라. 피고 C의 임대차계약 해지 통고 1) 피고 C은 2016. 11. 18. 원고에게 """
deposit_dispute,107549,2,"‘이 사건 건물’이라고 한다)를 임대차보증금 100,000,000원에 임차하여(이하 위 임대차보증금을 ‘"
deposit_dispute,107624,2,"’라 한다). 다. 원고는 2007. 12. 3. F에게 이 사건 전체 부동산에 관하여 채권최고액 3억 5천만 원, 채무자 원고, 근저당권자 F로 하는 근저당권(이하 ‘"
deposit_dispute,107624,2,"’이라 한다)설정등기를 마쳐 주었다. 라. 원고는 2008. 10. 7. G와 사이에 이 사건 건물 중 1층 전부, 2층 일부(면적을 26.44㎡로 기재)를 임대차보증금 4천만 원, 월 차임 2백만 원에 임대하는 임대차계약을 체결하였다. 마. 원고는 2008. 12. 31. F과 사이에 별지 약정서 기재와 같은 약정(이하 ‘"
deposit_dispute,107761,2,"""양도인이 채무자에게 가지고 있는 전세보증금 반환청구 채권 중 금 3,000만 원 부분을 양수인에게 양도한다."""
deposit_dispute,107950,2,"’라 한다)를 임대차보증금 8,600만 원, 임대차기간 2017. 7. 10.부터 2019. 7. 31.까지로 정하여 임대하기로 하는 내용의 각 임대차계약을 체결하였다(이하 통칭하여 ‘"
deposit_dispute,107950,2,‘전 소유자로부터 임차주택을 양수한 귀하께서는 주택임대차보호법 제3조 제4항에 따라 주택임대차보증금 반환채무도 승계하였다’
deposit_dispute,108004,2,"’이라 한다)를 임대차보증금 4,000만 원, 기간 2002. 1. 9.까지로 정하여 임차하는 계약(갑 제3호증, 이하 ‘"
deposit_dispute,108245,2,"’와 사이에, 피고가 원고로부터 이 사건 건물을 임대차보증금 1,000만 원, 월차임 35만 원, 계약기간 2019. 2. 18.부터 2020. 2. 17.까지로 정하여 임차하되 “"
deposit_dispute,108245,2,"’를 수임인으로 하여 작성된 것인 점, ② 이 사건 임대차계약의 특약사항에도 ‘"
deposit_dispute,108379,2,“임대인은 이 사건 목적물을 임대차 목적대로 사용할 수 있는 상태로 임차인에게 인도한다”
deposit_dispute,108379,2,‘수리’는 임대인의 수선의무에서 말하는 ‘
deposit_dispute,108379,2,“임대인은 임대물의 사용 및 수익에 필요한 수선을 할 의무를 부담한다”
deposit_dispute,108420,2,"‘피고가 이 사건 임대차보증금을 반환하지 아니하여 원고가 부득이하게 2016. 2. 18. ㈜우리은행으로부터 4,400만 원의 전세자금을 대출받아야 했으므로, 피고는 원고에게 손해배상으로 위 대출금의 이자 상당액 역시 지급할 책임이 있다’"
deposit_dispute,108420,2,"‘이 사건 임대차계약에 따른 차임(임대차보증금: 5,000만 원, 월 임료: 600만 원)’"
deposit_dispute,108420,2,"’라는 상호로 커피숍을 운영한 사실, ③ 원고가 소외 2와 피고 사이의 임대차계약에 정해진 임대차기간이 종료하기 전인 2014. 6. 13. 피고와 이 사건 임대차계약을 체결하고 이 사건 점포에서 ‘"
deposit_dispute,108448,2,"’이라 한다)에 관하여 임대차보증금 14,073,000원, 월 임료 99,680원, 임대기간 2년으로 정한 임대차계약을 체결하고(이하 ‘"
deposit_dispute,108448,2,"’이라 한다), 피고 B으로부터 보증금을 받음과 동시에 피고 B으로 하여금 이 사건 주택을 점유․사용하도록 하였다. 이 사건 임대차계약은 ‘"
deposit_dispute,108864,2,“본 전세 계약서는 양수인의 대표자 변경을 위한 임의계약서 임을 확인함”
deposit_dispute,110123,2,‘이 사건 임대차보증금반환채권’
deposit_dispute,110138,2,"’). 피고는 이후 위 임대차계약에 따라 G에게 보증금 9,000만 원을 모두 지급하였고, 2018. 8. 22. 확정일자를 받았으며 2018. 10. 2. 전입신고를 하고 입주하였다. 다. C은 2018. 11. 2. 이 사건 건물을 G으로부터 매수하여 소유권이전등기를 마쳤다. 라. 원고는 2018. 11. 8. C과 아래와 같은 합의를 하였고, 이 합의에 따라 2018. 11. 9. 이 사건 건물에 ‘"
deposit_dispute,110267,2,"’이라는 상호의 병원을 경영하다가 퇴거한 사람이다. 나. 원고는 I의 소개로 이 사건 점포를 매수하여 2017. 9. 22. 원고 앞으로 소유권이전등기를 마쳤다. 다. 원고는 2017. 9. 28.경 위 I이 소개한 J과 사이에, 이 사건 점포를 임대보증금 100,000,000원, 월 임대료 6,800,000원(부가가치세 680,000원 별도. 단 2017. 9. 28.부터의 1개월분 월 임대료는 면제)으로 정하여 임대하는 계약(이하 ‘"
deposit_dispute,110383,2,"‘이 사건 양도양수계약서에 기재된 원고에 대한 채무액은 가변금액인 금융권채무부담액을 확정하는 과정에서 원고에게 전혀 알리지 아니한 점, 매매계약 시점 또는 소유권이전등기 시점 전후로 3년이 지나도록 원고의 이의제기나 이행청구가 전혀 없었던 점 등에 비추어 통정허위표시로서 무효’"
deposit_dispute,110616,2,"‘임대차계약일 2007. 5. 31., 임차보증금 15,000,000원, 월 차임 350,000원, 임대차기간 2007. 6. 15.부터 24개월, 전입신고 2007. 6. 21., 확정일자 2007. 7. 9.’"
deposit_dispute,111708,2,‘이 사건 근저당권설정계약’
deposit_dispute,111763,2,"‘이 사건 계약’이라 한다)을 갱신한 다음, 이 사건 부동산에서 계속 거주해 왔고, 피고 D은 2018. 2. 19. 이 사건 부동산의 소재지로 전입신고를 마치고 피고 C와 함께 거주해 왔다. 나. F과 G(이하 ‘"
deposit_dispute,111818,2,"‘이 사건 건물’이라고 한다) 1층에 관하여 임대차보증금 3,000만 원, 차임 월 110만 원으로 한 임대차계약서가 작성되었고, 원고는 위 건물 1층에서 ‘"
deposit_dispute,112169,2,"’ F과 사이에, 원고가 피고로부터 이 사건 부동산을 임대차보증금 50,000,000원, 임대차기간 2018. 11. 6.부터 2019. 11. 5.까지로 정하여 임차하는 임대차계약(이하 ‘"
deposit_dispute,112169,2,‘보증금 반환에 대한 책임은 G에서 책임지기로 한다’
deposit_dispute,112169,2,“보증금 반환에 대한 책임은 G에서 책임지기로 한다”
deposit_dispute,112169,2,‘보증금 반환에 대한 책임은 G에서 진다’
deposit_dispute,112759,2,"’라 한다).  나. 원고의 직원 L은 2017. 4. 11. 피고 C과 함께 D의 직원인 M을 만나 M에게 수표금 합계 2억 원을 지급하였다. 다. 피고 B은 2017. 4. 11. D에 이 사건 각 임대차계약에서 정한 보증금의 합계액인 5억 원(= 무통장 입금으로 265,649,650원 + 자기앞수표로 234,350,400원)을 지급하였다. 라. E공사는 2017. 4. 7. N역, O역, P역의 일부 지하철 역사 내 상가 9동(이하 ‘"
deposit_dispute,112759,2,"”고 거짓말하였다. 그러나 사실은, 입찰보증금은 6억 원이 아닌 3억 원이었을 뿐만 아니라 피해자로부터 3억 원을 지급받더라도 이를 입찰보증금으로 사용할 의사나 능력이 없었다. 그럼에도 불구하고 피고 C과 M은 원고를 기망하여 이에 속은 원고로부터 2017. 5. 11. 3억 원을 M의 위 S 명의의 신한은행 계좌로 송금받아 이를 편취하였다」"
deposit_dispute,113306,2,‘이 사건 근저당권설정계약’
deposit_dispute,113887,2,"’라고 한다.)를 조성한 다음 이사건 상가를 분할하여 임대 분양하였고, 원고는 피고로부터 이 사건 상가 점포를 임차한 사람이다. 나. 임대차계약의 체결 및 임대차보증금의 지급 등 ⑴ 원고는 2000. 8. 17.경 피고로부터 이 사건 상가의 점포 1개를 임대차기간 및 월 임대료를 정하지 아니한 채 분양대금 7,900만원에 임대 분양을 받았는데, 2001. 8.경 피고의 공개추첨을 통하여 이 사건 상가의 지상 1층 제119호 점포(이하 ‘"
deposit_dispute,113887,2,"’라고 한다.)를 배정받았다. ⑵ 원고는 그 무렵 피고와의 사이에 원고가 이 사건 점포를 임대차보증금 5,500만원, 장기임대료 2,400만원, 월 임대료 65만원(부가가치세 별도)으로 정하여 임차하기로 하는 내용의 임대차계약(이하 ‘"
deposit_dispute,114142,2,"‘G호’라 한다)에 관하여 서울동부지방법원 등기국 2016. 7. 6. 접수 제42932호로 채무자 E, 근저당권자 피고 D, 채권최고액 1억 5,000만 원의 근저당권설정등기가, 같은 목록 제2항 기재 부동산(이하 ‘"
deposit_dispute,114142,2,"’라 한다)에 관하여 서울동부지방법원 등기국 2016. 7. 6. 접수 제42935호로 채무자 E, 저당권자 피고 D, 채권최고액 1억 5,000만 원의 근저당권설정등기가 각 마쳐쳤다(이하 위 각 근저당권설정등기를 ‘"
deposit_dispute,114749,2,‘피고들은 원고들로부터 위 분양계약에서 정한 약정 분양대금에서 기존의 임대차보증금을 공제한 돈을 지급받음과 동시에 원고들에게 이 사건 임대아파트에 관한 소유권이전등기절차를 이행하라’
deposit_dispute,115247,2,"‘이 사건 건물’이라고 한다) H호를 보증금 35,000,000원, 임대차기간 2015. 2. 25.부터 2017. 2. 25.까지로 정하여 전세 임차하는 계약을 체결하였다(이하 ‘"
deposit_dispute,115247,2,’이라고 한다). 위 임대차계약 특약사항에는 제3조로 “
deposit_dispute,116067,2,‘임차인은 임대인의 동의 없이 이 사건 모텔의 용도나 구조를 변경할 수 없다’
deposit_dispute,116067,2,’ 본 계약을 ‘해지해야 하는’
deposit_dispute,116237,2,"’이라 한다). 나. 이 사건 임대차계약은 피고가 이 사건 상가의 차임 및 관리비를 매월 10일 원고의 계좌에 납부하여야 하고, 이를 연체할 경우 월 2%의 연체료를 가산하여 지급하도록 정하고 있다(제4조). 다. 피고는 2014. 9. 1.경 원고에게 임대차보증금 240,000,000원을 지급하고 그 무렵부터 현재까지 이 사건 상가에서 ‘"
deposit_dispute,116343,2,"‘이 사건 건물’이라 한다)을 임대차보증금 3,000,000원, 차임 월 200,000원(매월 11일 후불), 기간 2019. 6. 11.부터 2021. 6. 10.까지 24개월로 정하여 임차하기로 하는 임대차계약(이하 ‘"
deposit_dispute,116367,2,"’이라고 한다)을 임대차보증금 45,000,000원, 차임 월 4,050,000원, 임대차기간 2013. 12. 10.부터 2015. 12. 9.까지로 정하여 임대하기로 하는 임대차계약(이하 ‘"
deposit_dispute,116893,2,‘에듀언스가 물상보증인인 피고에게 지게 될 구상금채무와 피고의 토피아도봉어학원에 대한 전세보증금반환채무를 상계하였다’
deposit_dispute,116893,2,‘피고의 에듀언스에 대한 구상금채권과 토피아도봉어학원의 피고에 대한 18억 원의 전세보증금반환채권을 상계함’
deposit_dispute,116992,2,"‘I빌딩’이라 한다)의 공유자로서 원고들과 임대차계약을 체결한 임대인이고, 원고 A은 ‘"
deposit_dispute,117019,2,"’이라 한다)을 임대차보증금 10,000,000원, 월 차임 1,500,000원, 임대차기간 2020. 6. 1.부터 2022. 5. 31.까지 24개월로 정하여 임차하는 내용의 임대차계약(다음부터 ‘"
deposit_dispute,117685,2,"’이라 한다), 차임 월 100만 원, 임대차기간은 2016. 9. 27.부터 24개월까지로 정하여 임대차계약을 체결하였고, 임대차보증금은 C가 이 사건 점포에서 ‘"
deposit_dispute,117685,2,’이라 한다)와 피고 사이의 종전 임대차계약과 동일한 내용의 임대차계약(이하 ‘
deposit_dispute,117685,2,’이라 한다)을 체결하고 임대차보증금은 종전에 지급된 임대차보증금으로 갈음하였다. 원고 측은 계속하여 위 점포에서 동일한 상호로 식당을 운영하였다. 다. 2019. 7.경 이 사건 점포의 주방 배수구가 막혀 수리를 하는 과정에서 원고 측과 피고를 대리하여 이 사건 건물을 실질적으로 관리하였던 피고의 부 H(이하 ‘
deposit_dispute,117685,2,“임차인은 임대인의 승인 하에 개축 또는 변조할 수 있으나 부동산의 변환기일 전에 임대차인의 부담으로 원상 복구키로 함”
deposit_dispute,118192,2,"‘위 체비지와 건물의 가액 6억 원(위 체비지와 건물 시가 6억 5,000만 원 - 전세권등기된 전세권자 공소외 19의 전세금 5,000만 원)’"
deposit_dispute,118394,2,‘파산 전 은행이 사해행위의 채무자인 소외 1에 대한 피보전채권에 관하여 이미 소외 1 또는 제3자 명의 부동산에 근저당권설정등기를 경료받아 피보전채권 전액에 관하여 우선변제권이 확보되어 있어 사해행위가 성립하지 않는다.’
deposit_dispute,118411,2,‘공사대금을 지급하지 못하면 임대차보증금반환청구권과 시설물을 피해 회사에 인도하여 주겠다.’
deposit_dispute,118557,2,"’)에서, 위 법원은 2020. 12. 22. 배당기일을 열고 피고에게 소액임차인으로서 1순위로 32,000,000원을, 소외 은행에게 근저당권자로서 2순위로 105,783,042원을 각 배당하고, 원고에게는 인정되는 채권금액 151,945,205원(= 원금 100,000,000원 + 이자 51,945,205원) 중 일부인 59,425,374원을(담보)가등기권자로서 3순위로 배당하는 내용으로 된 배당표(이하 ‘"
deposit_dispute,119442,2,"’이라 한다). 나. 피고는 2016. 7. 1.부터 2016 12. 31.까지 6개월분의 차임을 연체하였고, 2017년에 이르러는 2017. 4. 1.부터의 차임을 연체하였다. 다. D은 2017년 8월경 피고에게 이 사건 임대차계약의 갱신을 거절한다고 통지하였다. 라. D은 2017. 10. 11. 사망하였고(이하 ‘"
deposit_dispute,120867,2,‘이 사건 지층에 곰팡이로 인한 누수 등 하자가 심하여 도저히 거주할 수 없으니 이 사건 임대차계약의 해지를 원한다’
deposit_dispute,120931,2,’은 ‘임차인이 속한 세대의 세대주를 포함한 세대원(세대주와 동일한 세대별 주민등록표상에 등재되어 있지 아니한 세대주의 배우자 및 배우자와 동일한 세대를 이루고 있는 세대원을 포함한다) 전원이 주택을 소유하고 있지 아니한 임차인’
deposit_dispute,120931,2,"’이란 임대주택을 임대사업자가 아닌 자에게 매각하는 것이라고 정의하고 있는 점, 임대주택법에는 임차인의 매수 청구의 의사 표시만으로 임대주택에 관하여 매매계약이 체결되었다고 인정하는 규정이 없는 점 등에 비추어 보면, 제1호 또는 제4호의 ‘"
deposit_dispute,120984,2,"‘임차인은 사용 용도에 따라 인테리어를 할 수 있으나, 계약 만료 전까지 모든 것을 처음 상태로 원상복구의 원칙으로 한다’"
deposit_dispute,121559,2,"‘이 사건 토지’라 한다)에 관하여 매매대금 2억 1,952만 원으로 정한 매매계약을 체결하고, 2018. 4. 10. 이 사건 토지에 관하여 소유권이전등기를 마쳤다. 마. 원고는 2018. 12. 26. 피고와 사이에, ① 이 사건 아파트에 관하여 매매대금을 1억 3,000만 원으로 하는, ② 이 사건 토지 중 472/1481 지분에 관하여 매매대금을 1억 10만 원으로 하는 각 매매계약(이하 ‘"
deposit_dispute,121578,2,"‘이 사건 상가’라고 한다)을 임대차보증금 3억 원, 월 차임 1,650만 원, 기간 2020. 2. 1.부터 2026. 1. 31.까지로 정하여 임차하는 내용의 임대차계약을 체결하였다(이하 ‘"
deposit_dispute,121578,2,"’이라 한다). 그 주요 내용은 다음과 같다.  나. 원고는 2020. 2. 1. 피고에게 임대차보증금 3억 원을 지급한 다음 이 사건 상가에서 마트를 운영하여 왔다. [인정근거] 다툼 없는 사실, 갑 제1 내지 3호증(가지번호 있는 것은 가지번호 포함)의 각 기재, 변론 전체의 취지 2. 당사자들의 주장 가. 원고 원고는 코로나19 전염병으로 인하여 적자가 누적되어 이 사건 상가에서 더 이상 마트 운영을 할 수 없어 폐업하고 피고에게 이 사건 상가를 인도하였는바, 기간을 정한 임대차계약에서 민법 제636조의 ‘"
deposit_dispute,121610,2,"’라 한다)에 관하여 임대차보증금 2,500만 원, 월 차임 187만 원(매월 말일 지급, 부가가치세 별도), 관리비 164,800원(부가가치세 별도), 임대차기간 2010. 4. 29.부터 2011. 4. 30.{임대차계약서(갑 제3호증)에 기재된 ‘"
deposit_dispute,121718,2,"’라 한다) 계약을 체결하였다. 2) 피고 C은 이 사건 임대차 계약서 보증인 란에 자필로 서명하고 날인하였다. [인정근거] 다툼 없는 사실, 갑 제1, 2호증의 각 기재, 변론 전체의 취지 나. 원고의 주장 피고 회사는 ‘"
deposit_dispute,121718,2,"’피고 C 본인이 2020. 11. 27.경 원고에게 이 사건 임대차 계약해지 등 조치를 취할 것을 요구하였음에도 뒤늦게 이 사건 소를 제기하였으므로, 민법 제438조 등에 따라 일정 기간에 대하여는 보증인인 피고 C에게 이 사건 청구를 할 수 없다.‘"
deposit_dispute,122496,2,"‘이 사건 주택’이라 한다)을 보증금 500만원, 기간 2017. 9. 30.부터 2019. 2. 29.까지 정하여 임차하기로 임대차계약(이하 ‘"
deposit_dispute,122648,2,"’)에 대하여 보증금 3,000만 원, 월 차임 340만 원(도로사용료 포함)에 임대하는 임대차계약을 체결하였다. 나. 원고, 피고 C, D 간의 순차적인 채권양도 1) F는 원고 입회 아래 2016. 10. 14. 피고 C에게 ‘"
deposit_dispute,122812,2,"‘이 사건 주택’이라고 한다)에 대해 임대차보증금 7,000,000원, 임대차기간 3개월로 하여 임차하는 내용의 임대차계약(이하 ‘"
deposit_dispute,122896,2,"’이라 한다)을 하였다. 3) F은행은 2017. 10. 23. E에게 이 사건 전세자금대출약정에 따른 대출금 2억 6,400만 원을 지급하였다. 다. 원고와 F은행 간의 보험계약 체결 원고는 2017. 10. 25. F은행과 사이에, 이 사건 전세자금대출약정과 관련하여 피보험자를 F은행, 보험가입금액을 2억 9,040만 원, 보험기간을 2017. 10. 23.부터 2019. 10. 22.까지로 정하여 전·월세 자금대출용 권리보험계약(이하 ‘"
deposit_dispute,122983,2,"’이라 한다)의 소유자인데, 2018. 10. 16. 피고와 이 사건 건물에 관하여 임대차기간을 2018. 10. 31.부터 2020. 10. 30.까지로, 임대차보증금을 10,000,000원으로, 월차임을 550,000원으로 하는 임대차계약을 체결하였다(이하 ‘"
deposit_dispute,123314,2,"‘이 사건 공장’이라 한다)을 계약금 600,000,000원, 잔금 145,000,000원 매매대금 205,000,000원, 잔금 지급기일 2014. 1. 29.로 정하여 매도하였다. 2) 원고는 2014. 1. 29. 피고에게 이 사건 공장에 대한 매매대금으로 100,000,000원을 지급하였다. 라. 원고의 이 사건 창고 임대차계약 승계 1) 피고는 2011. 12. 1. H과 사이에 별지 2 목록 기재 부동산(이하 ‘"
deposit_dispute,123701,2,"‘귀사는 이 사건 집합건물 9층의 공용부분 중 일부를 무단으로 변경, 사용하고 있는바, 그동안 임차인이 사용 중인 관계로 공용부분의 원상복구가 사실상 어려웠으나 9층 H호, 9층 I호 및 F호 일부를 임차하여 공용부분의 일부를 전용 사용하던 임차인이 최근 퇴점하였으므로 무단으로 변경 사용하던 공용부분을 즉시 원상복구하여 주시기 바랍니다’"
deposit_dispute,123855,2,'는 상호간에 어떠한 청구도 하지 않는다는 의미로 사용되는 법률용어로서(이 사건 조정 조항 6항도 그러한 의미이다) 이 사건 조정 조항 4항에서 의 '
deposit_dispute,123871,2,‘이 사건 근저당권설정계약’
deposit_dispute,124151,2,"’라 한다). [인정근거] 다툼 없는 사실, 갑 1, 2, 6호증, 갑 5호증의 1 내지 6, 갑 9호증의 9, 10, 갑 10호증의 2, 12, 을가 1호증의 1, 2, 을가 2호증의 1, 2, 3의 각 기재 또는 영상, 변론 전체의 취지 2. 당사자의 주장 요지 가. 원고의 주장 요지 1) 피고 B에 대한 임대차보증금 반환청구 이 사건 각 사고가 반복해서 발생함에 따라 정상적인 식당 운영이 불가능해짐에 따라 원고와 피고 B 사이에 ‘"
deposit_dispute,124151,2,‘원고의 차임 미지급을 이유로 이 사건 임대차계약을 해지한다’
deposit_dispute,124151,2,‘원고와 피고 B 사이에 이 사건 임대차계약을 2019. 1. 9. 해지하는 합의가 이루어졌다’
deposit_dispute,124256,2,"’이라 지칭한다.)를 마쳐 주었고, 아울러 소외 2와의 사이에 이 사건 건물의 1, 2층 중 단란주점과 한정식당 부분에 해당하는 [별지2] 제5항 범위란 기재 부분에 관하여 [별지2] 기재 전세권설정계약(이하, ‘"
deposit_dispute,124256,2,"’이라 한다.)을 체결하고 대구지방법원 2002. 2. 8. 접수 제13056호로 소외 2를 전세권자로 한 전세권설정등기(이하, ‘"
deposit_dispute,124256,2,"“ 소외 3과 소외 2가 허위로 이 사건 전세권설정등기를 마치고 그 전세권을 담보로 섬유신협으로부터 이 사건 대출금을 대출받았는데, 소외 3이 이 사건 대출금 전부를 사용하였다.”"
deposit_dispute,124256,2,"“원고가 후순위권리자에게 청산에 관한 통지를 하지 않아 청산절차가 위법하므로, 원고 명의의 소유권이전등기는 무효이고, 따라서 피고 예금보험공사에 대하여 이 사건 전세권근저당권설정등기의 말소를 청구할 권리가 없다.”"
deposit_dispute,124256,2,"“원고가 이 사건 대출금 채무를 비롯한 황금리조트의 채무를 인수하는 조건으로 이 사건 건물 및 대지 등에 관하여 소유권이전청구권가등기 및 소유권이전등기를 마쳤으므로, 이 사건 대출금 채무를 모두 변제하지 아니한 채 이 사건 전세권근저당권설정등기의 말소를 청구하는 것은 신의성실의 원칙이나 금반언의 원칙에 위배된다.”"
deposit_dispute,124294,2,"’이라 한다)에 관하여 M조합를 우선수익자로 하고(수익권증서 발행금액: 156,000,000원) 신탁기간을 신탁등기일로부터 신탁종료일까지로 하여 신탁하기로 하는 부동산 담보신탁계약을 체결하고, 같은 날 위 신탁을 원인으로 하는 소유권이전등기를 H 앞으로 마쳐주었다(이하 위 각 부동산 담보신탁계약을 합하여 ‘"
deposit_dispute,124294,2,‘협회 공제의 손해배상책임은 공제약관 제8조의 규정에 의거 협회와 공제가입자 간의 계약에 따라 공제가입자가 가입한 공제기간 중 발생한 모든 중개사고로 인하여 손해를 입은 중개의뢰인들의 수 또는 중개계약의 건수나 그 손해액에 관계없이 손해를 입은 각 중개의뢰인들이 협회로부터 보상받을 수 있는 손해배상액의 총 합계액은 공제증서에 기재된 공제가입금액 한도 내에서 배상책임이 있습니다.’
deposit_dispute,124294,2,‘협회 공제의 손해배상책임은 (중략) 협회와 공제가입자 간의 계약에 따라 공제가입자가 가입한 공제기간 중 발생한 모든 중개사고로 인하여 손해를 입은 중개의뢰인들의 수 또는 중개계약의 건수나 그 손해액에 관계없이 손해를 입은 각 중개의뢰인들이 협회로부터 보상받을 수 있는 손해배상액의 총 합계액은 공제증서에 기재된 공제가입금액 한도 내에서 배상책임이 있다.’
deposit_dispute,124315,2,"’이라 한다)에 관하여 이른바 채권적 전세계약 형태의 임대차계약을 체결한 사람이고, 피고 B은 이 사건 부동산의 소유자이다. 피고 C은 ‘"
deposit_dispute,124396,2,“선순위 보증금 합계 : 삼억원(임대인확인함)”
deposit_dispute,124396,2,“선순위보증금 합계 : 삼억원(임대인확인함)”
deposit_dispute,124615,2,"‘원고측’이라 한다)은 2010. 8. 14. 피고 2의 중개사무소에서 피고 2, 1의 공동 중개로 소외 5의 대리인으로 자처하는 소외 3과 이 사건 주택 3층에 관하여 임차보증금 5,000만 원, 월 차임 10만 원, 기간 같은 달 30.부터 2012. 8. 30.까지로 정하여 임대차계약(이하 ‘"
deposit_dispute,124615,2,“임대인 대리로 아들 소외 3의 대리 계약으로 잔금시에 상면키로 한다”
deposit_dispute,124615,2,"‘피고 협회’라 한다)는 부동산중개업자인 공제가입자가 부동산중개행위를 하면서 고의 또는 과실로 거래당사자에게 재산상 손해를 입게 하여 거래당사자에게 부담하게 될 손해배상책임을 보장하기 위하여 설립된 공제사업자로서, 피고 1과 공제금액 1억 원, 공제기간 2010. 7. 10.부터 2011. 7. 9.까지로 하는 공제계약을, 2009. 9. 7. 피고 2와 공제금액 1억 원, 공제기간 2009. 9. 9.부터 2010. 9. 8.까지로 하는 공제계약(이하 ‘"
deposit_dispute,124628,2,"’이라 한다)에 관하여 임대차보증금 5,500만 원, 임대차기간 2016. 2. 27부터 2018. 2. 26.까지로 정하여 임대차계약을 체결하였다(이하 ‘"
deposit_dispute,124956,2,‘이 사건 계약’이라 한다)을 체결하였다. 피고 4는 이 사건 계약서의 ‘
deposit_dispute,124956,2,‘이번에도 이 사건 임대차계약의 임차인 명의만 친척인 원고로 변경해 달라’
deposit_dispute,124956,2,‘임차권양도계약과 권리금계약이 불가분하게 결합된 것’
deposit_dispute,124956,2,’는 의사로 임차인 명의를 바꿨다. 이후 피고 1은 원고 명의 임대차계약서를 작성할 때에도 소외 1에게 ‘
deposit_dispute,124956,2,"’는 의사로 원고 명의 임대차계약서에 서명날인하였다. 결국, 원고 명의 임대차계약서 작성 당시 피고 1과 소외 1 사이에 ‘"
deposit_dispute,124956,2,‘이 사건 계약은 임대차계약에 준한다’
deposit_dispute,125013,2,"‘유지해왔던 점, 피고의 주장에 의하더라도 피고는 2006. 11.경부터 주식회사 와이푸드와 거래하면서 별다른 담보 없이 수차례에 걸쳐 외상물품거래 및 금전거래를 해왔으나 2008. 11.경에 이르러서는 주식회사 와이푸드의 유일한 재산인 이 사건 임대차보증금 반환채권을 담보로 제공받는 등 주식회사 와이푸드의 변제자력에 관하여 의심을 품었던 것으로 보이는 점 등 제반 사정에’"
deposit_dispute,125600,2,"‘이 사건 건물’이라 한다)에 관하여 임대차보증금 3억 원, 차임 월 400만 원(부가가치세 별도), 임대차기간 2016. 10. 1.부터 2018. 9. 30.까지 24개월로 정하여 임차하는 내용의 임대차계약(이하 ‘"
deposit_dispute,126026,2,"‘이 사건 G호’이라 한다)를 임대차보증금 3,500만 원, 기간 2018. 12. 11.부터 2020. 12. 10.까지로 정하여 임차하는 내용의 임대차계약(이하 ‘"
deposit_dispute,126026,2,"’라 한다)를 임대차보증금 4,500만 원, 기간 2017. 3. 2.부터 2019. 3. 1.까지로 정하여 임차하는 내용의 임대차계약(이하 ‘"
deposit_dispute,126388,2,“피고인이 정산서를 작성하는 과정에서 임차인 H에게 890만 원을 반환하여야 한다고 실수로 잘못 기재한 것에 불과하다.”
deposit_dispute,126421,2,’라고 한다)을 분양받은 회사이다. 나. 분양계약의 체결 및 계약금의 지급 1) 원고는 2017. 12. 20. 이 사건 상가 내에 위치한 분양사무실에서 이 사건 상가의 분양대행업무를 하던 E(F)으로부터 이 사건 점포에 ‘
deposit_dispute,126421,2,"’을 운영하려고 한 E에게 이 사건 점포를 임대차보증금 1억 원, 월차임 1,000만 원으로 정하여 임대하였고, 이후 E은 2018. 1.중순경부터 이 사건 점포에서 인테리어공사를 시작하였다. 2) 원고는 2018. 1. 16. 주식회사 K 앞으로 채권최고액 1,032,000,000원으로 된 근저당권(이하 ‘"
deposit_dispute,126421,2,’이 입점 되면 안정적인 임대수익이 발생할 것이라는 기대 하에 이 사건 분양계약을 체결한 것으로 보인다. 나. 분양계약서 체결 과정에서 E이 작성해준 확인서(갑3호증)에는 ‘
deposit_dispute,126421,2,"‘G’이 입점될 것인지 여부는 계약 체결에 있어 매우 중요한 동기이고, 적어도 계약체결 시점으로부터 60일 이내에 ‘"
deposit_dispute,126764,2,"’이라 한다)을 체결하여 위 빌라를 임차하였고, 2017. 11. 24.까지 이 사건 임대차계약에 따른 임대차보증금(이하 ‘"
deposit_dispute,126764,2,“원고는 이 사건 임대차계약을 체결하여 이 사건 임대차보증금을 지급한 후”
deposit_dispute,126764,2,‘이 사건 빌라의 실소유자인 H가 이 사건 확인서를 작성해주면 임대차보증금을 반환해주겠다고 하여 이를 믿고 이 사건 확인서를 작성해준 것뿐이다’
deposit_dispute,127181,2,"‘이 사건 G호’이라 한다)를 임대차보증금 4,500만 원, 기간 2018. 11. 24.부터 2020. 11. 23.까지로 정하여 임차하는 내용의 임대차계약(이하 ‘"
deposit_dispute,127181,2,"’라 한다)를 임대차보증금 3,000만 원, 기간 2018. 9. 20.부터 2020. 9. 19..까지로 정하여 임차하는 내용의 임대차계약(이하 ‘"
deposit_dispute,127248,2,“임차인의 귀책사유 또는 사정 때문에 임의로 임대차계약의 해약을 통보하고 퇴거한 경우”
deposit_dispute,127327,2,"’이라 한다)이 있다. 피고는 원고 등을 상대로 인천지방법원 2018가단27972호로 임대차보증금의 반환을 구하는 소를 제기하였고, 위 법원은 2019. 4. 2. ‘"
deposit_dispute,127350,2,'를 피해야 하는 입장이었다. 나) 원고는 이 사건 각 계약의 명칭을 임대차계약이 아닌 '
deposit_dispute,127350,2,"'로 정하였고, 계약서 제1조에서 이 사건 계약의 목적을 """
deposit_dispute,127480,2,‘피고가 현재에도 원고가 주선하는 신규임차인이 되려는 자와 임대차계약 체결을 거절하는지 여부와 그렇다면 원고의 권리금을 회수하는 방안에 대하여 어떠한 의사를 가지고 있는지’
deposit_dispute,127480,2,"‘피고는 원고가 체결하였다는 권리금계약과 아무런 관련이 없고, 가사 원고의 권리금계약이 사실이라 하더라도 피고가 책임질 일은 아니며, 피고는 향후 이 사건 부동산을 임대할 생각이 없으므로 임대차기간 만료시점인 2020. 3. 30.까지 명도하여 달라’"
deposit_dispute,127537,2,‘이 사건 임대차보증금반환채권’
deposit_dispute,127537,2,‘소외 2는 이 사건 임대차보증금반환채권을 소외 1에게 양도한다’
deposit_dispute,127537,2,‘피고와 소외 2 사이의 이 사건 임대차보증금반환채권은 소외 3에게 있음을 확인한다’
deposit_dispute,127537,2,’에 해당함을 전제로 하는 원고의 이 부분 주장은 이유 없다. 3) 피고가 이의를 유보하지 아니한 채 채권양도 승낙을 하였기 때문에 소외 1에게 이 사건 임대차보증금반환채권의 양도가 통정허위표시이므로 무효임을 대항하지 못하는지 여부 채권양도에서의 ‘
deposit_dispute,128035,2,‘임대인(임대인의 직계존속ㆍ직계비속을 포함한다)이 목적 주택에 실제 거주하려는 경우’
deposit_dispute,128035,2,‘임대인(임대인의 직계존속ㆍ직계비속을 포함한다)이 목적 주택에 실제 거주하려는 경우’
deposit_dispute,128035,2,‘이 사건 아파트에 실제 거주할 것이므로 피고의 계약갱신 요구를 거절한다’
deposit_dispute,128126,2,"’라 한다)에 대하여, 임대기간 2006. 7. 1.부터 2007. 6. 30.까지, 임대보증금 270,000,000원, 월 차임 7,312,800원(부가가치세 별도), 지연손해금율 연 10%로 정한 임대차계약(이하 ‘"
deposit_dispute,128126,2,"’라 한다)에 대하여, 임대기간 2007. 12. 1.부터 2008. 11. 30.까지, 임대보증금 250,000,000원, 월 차임 9,200,000원(부가가치세 포함), 지연손해금율 연 10%로 정한 임대차계약(이하 ‘"
deposit_dispute,128126,2,"“임차인의 사정 또는 소송에 따른 집행기간의 지연에 따라 임차인의 소유물 및 재산을 반출하지 못하거나, 임대차물건을 원상복구하여 명도하지 못하는 경우”"
deposit_dispute,128126,2,“임차인의 귀책사유 또는 사정 때문에 일방적으로 임대차계약의 해약을 통보하고 퇴거한 경우”
deposit_dispute,128167,2,"’이라 한다)을 체결하였는데, 그 주요 내용은 아래와 같다.   나. 이 사건 인수계약의 체결과 동시에 피고 1 및 소외 1은 원고와, 이 사건 인수계약에 따라 이 사건 회사가 원고에게 부담하는 일체의 채무를 연대보증하기로 하는연대보증약정(이하 ‘"
deposit_dispute,128393,2,‘위 무주택자인 임차인은 임차인 본인만 무주택자이면 충분하다’
deposit_dispute,128393,2,‘임대사업자와 임차인 간의 불필요한 분쟁을 예방하고 임차인을 보호하기 위하여 우선 분양전환 등 관련 제도를 보완하려는 것’
deposit_dispute,128393,2,"‘국토교통부는 선착순 방법으로 입주자로 선정된 경우에는 분양전환 당시까지 거주한 임차인만 무주택자인 경우에도 우선 분양전환 자격이 있다고 보아왔고, 이는 선착순 모집의 경우 입주시 요건을 신뢰하여 입주한 임차인을 보호하기 위하여 세대원 전원이 무주택자일 필요가 없다고 본 것이며, 개정법 역시 이러한 취지를 반영한 것입니다’"
deposit_dispute,128437,2,‘현 계약일 임대인은 공동소유자인 원고들의 위임장 및 인감증명서를 첨부하였다’
deposit_dispute,128712,2,"‘이 사건 공장’이라 한다)에 관하여 보증금 50,000,000원, 임대차기간 2018. 2. 1.부터 2020. 1. 31.까지, 월 차임 5,000,000원(매월 30일 후불)으로 정한 임대차계약(이하 ‘"
deposit_dispute,128712,2,"’이라 한다)을 체결하였다. 나. 한편, 원고 대표이사 E은 이 사건 임대차계약 이전에도 개인 명의로 이 사건 공장에 관하여 피고와 임대차계약(이하 ‘"
deposit_dispute,128827,2,"’이라는 상호의 병원을 경영하다가 퇴거한 사람이다. 나. 원고는 I의 소개로 이 사건 점포를 매수하여 2017. 9. 22. 원고 앞으로 소유권이전등기를 마쳤다. 다. 원고는 2017. 9. 28.경 위 I이 소개한 J과 사이에, 이 사건 점포를 임대보증금 100,000,000원, 월 임대료 6,800,000원(부가가치세 680,000원 별도. 단 2017. 9. 28.부터의 1개월분 월 임대료는 면제)으로 정하여 임대하는 계약(이하 ‘"
deposit_dispute,129264,2,"'이라 한다)는 2012. 2. 10.경 C로부터 이 사건 건물 4층을 기간 2012. 4. 1.부터 2016. 3. 31.까지, 임대차보증금 100,000,000원, 월 차임 6,500,000원으로 정하여 임차하는 임대차계약(이하 '"
deposit_dispute,129451,2,"‘이 사건 건물’이라 한다)를 건축하여 소유권보존등기를 하였다. 이 사건 건물은 건물 내부 중앙 계단을 중심으로 1, 2층 각 좌우측 총 4칸으로 나뉘어져 있었다. 나. 원고는 2014. 4. 10. 피고와 이 사건 건물 1, 2층 전부를 보증금 5,000만 원, 차임 월 550만 원(매월 30일 선불), 임대차 기간 2014. 4. 30.부터 2016. 4. 30.까지로 정하여 임차하기로 하는 계약(이하 ‘"
deposit_dispute,129561,2,‘F산업단지’라고 부른다. 여기에 있는 건물들은 대부분 무허가 건축물로 등기부나 대장이 존재하지 않는다. 나. 임대차계약의 체결 1) 피고는 2001. 9. 19. G과 사이에 이 사건 건물에 관하여(임대차계약서에는 ‘
deposit_dispute,129561,2,“임대료 납부를 3회 이상 연체한 경우 임대차계약 해지의 사유가 된다.”
deposit_dispute,130268,2,"’라고 한다)는 2017. 3. 10. 피고 E과 사이에, 공제금액 100,000,000원, 공제기간 2017. 3. 25.부터 2018. 3. 24.까지로 정하여 위 피고가 부동산 중개행위를 함에 있어 고의 또는 과실로 인하여 거래당사자에게 재산상의 손해를 발생하게 한 경우 거래당사자가 입은 손해를 보상해주는 내용의 공제계약을 체결한 공제사업자이다. 나. 원고들은 피고 E의 중개에 따라 G 등으로부터 이 사건 각 건물 중 일부 호실을 임차하는 내용의 다음 표 기재와 같은 임대차계약을 체결하고(이하 ‘"
deposit_dispute,130980,2,"‘이 사건 아파트의 소유자인 피고 B 본인은 현재 전세권자인 원고의 전세금 160,000,000원을 이 사건 아파트를 본인이 분양을 받고(2019. 10. ~ 2019. 12. 예정) 정산하여 전세금액을 반환하겠다’"
deposit_dispute,132162,2,"’)에 관하여 임대차보증금 2억 5,500만 원, 임대차기간 2018. 8. 1.부터 2020. 7. 31.까지로 정하여 이를 망인으로부터 임차하는 임대차계약(이하 ‘"
deposit_dispute,132494,2,’이라 한다). 이 사건 임대차계약에는 다음과 같은 내용이 포함되었다.  2) 피고들은 이 사건 임대차계약에 따라 2016. 3. 20.부터 이 사건 건물을 인도받아 공사를 마친 다음 2016. 3. 25.부터 ‘
deposit_dispute,132494,2,‘임대인은 임차기간 중 6개월 단위로 총 지출 내용을 정산하고 임대보증금에 대해서 월 1.5부를 보장하기로 한다’
deposit_dispute,132494,2,‘임대인은 임차기간 중 6개월 단위로 총 지출 내용을 정산하고 임대보증금에 대해서 월 1.5부를 보장하기로 한다’
deposit_dispute,132494,2,‘임대인이 수리비조로 2억 원을 지원한 부분 중 1억 원에 대해서는 임차인이 임대료와 별개로 1.5부로 계산하여 매월 20일 날에 지불한다’
deposit_dispute,132494,2,‘임대인(원고 B)이 수리비조로 2억 원을 지원한 부분 중 1억 원에 대해서는 임차인(피고들)이 임대료와 별개로 1.5부로 계산하여 매월 20일 날에 지불’
deposit_dispute,132669,2,"‘임대차 개시 후 2년 6개월이 지나면 분양전환을 하고, 그 분양전환의 가격은 임대인과 임차인들이 의뢰하여 감정평가가 이루어진 감정가액을 산술평균한 금액으로 하며, 양자가 감정평가를 의뢰할 수 있는 감정평가법인은 매출액 기준 상위 10위 이내의 대형 법인으로 한다’"
deposit_dispute,133190,2,‘2020. 3. 14.까지 보증기간이 연장된 보증보험증권을 제공하지 않으면 이 사건 임대차계약을 해지하겠다.’
deposit_dispute,133190,2,‘양 당사자 중 일방이 다음 각 호 중 하나에 해당하는 경우 상대방은 15일의 최고기간을 거쳐 서면통보로 이 계약을 해제·해지할 수 있으며’
deposit_dispute,133428,2,"’ D과 사이에, 원고가 피고로부터 이 사건 부동산을 임대차보증금 55,000,000원, 임대차기간 2018. 12. 8.부터 2020. 12. 7.까지로 정하여 임차하는 임대차계약(이하 ‘"
deposit_dispute,133428,2,‘보증금 반환에 대한 책임은 E에서 책임지기로 한다’
deposit_dispute,134076,2,“피고 회사가 3기 이상의 차임을 연체하여 이 사건 임대차계약을 해지한다.”
deposit_dispute,134275,2,"‘약관규제법’이라 한다)에 따라 무효인지 여부에 대한 판단 (1) 먼저 이 사건 임대차계약서 및 손해배상금 조항이 약관에 해당하는지에 관하여 본다. 약관규제법에서의 """
deposit_dispute,134461,2,"‘피고인은 공소외인에게 이 사건 주택의 임대차보증금으로 950만 원을 지급하였는데, 공소외인은 900만 원만 받았다고 주장하면서 임대차보증금 전액을 돌려주지 않기 위해 중국 국적의 피고인을 불법체류자로 고발하였다’"
deposit_dispute,134665,2,"'라 한다)를 보증금 65,000,000원, 기간 2017. 4. 3.부터 2019. 4. 2.까지로 정하여 임차하는 계약을 체결하였다(이하 '"
deposit_dispute,134665,2,"'피고 E의 망인에 대한 대여금채권은 5,600만 원으로 하고, 망인의 이 사건 임차보증금반환청구권을 피고 E에게 양도하는 것으로 변제에 갈음하기로 한다.'"
deposit_dispute,134819,2,"'이라 함. 1층 93.62m² 및 13.44m², 2, 3층 각 129.02m², 4층 96.18m²) 중 2층 H호 49m²를 임대차보증금 85,000,000원, 임차기간 2017. 1. 6.부터 2019. 1. 5.까지(24개월)로 정하여 전세임차하는 계약(이하 '"
deposit_dispute,134819,2,"""임차인들의 선순위 보증금은 대략 4~5억원 정도 된다."""
deposit_dispute,134958,2,"’라 한다) 중 약 495㎡(150평)를 피고로부터 임차하기로 하고, 임대차보증금은 1,000만 원, 월차임은 60만 원, 임대기간은 2013. 5. 31.부터 24개월간으로 정하여 피고와 임대차계약(이하 ‘"
deposit_dispute,134958,2,"’이라 한다)을 발령받았고, 피고도 위와 같은 사정을 알면서 원고에게 이 사건 토지를 임대하여 주었다는 이유로 농지법위반죄의 공범으로 함께 처벌받았다. 마. 원고는 2016. 5.경 사업장을 다른 장소로 이전한 후 2017. 10. 10. 피고에게 제2 임대차계약을 해지한다고 통보(이하 ‘"
deposit_dispute,135796,2,"’이라 한다)에 관하여 보증금 60,000,000원, 기간 2018. 1. 22.부터 2020. 1. 21.까지로 정하여 임대차계약(이하 ‘"
deposit_dispute,135796,2,"’이라 한다)을 체결하고, 피고 회사에게 위 보증금 60,000,000원을 지급하였다. 다. 한편, 피고 회사는 이 사건 임대차계약을 체결하기 전인 2016. 11. 2. 이 사건 부동산에 관하여 H조합을 우선수익자로 하고, 수탁자를 I 주식회사(이하 ‘"
deposit_dispute,136488,2,"‘이 사건 건물’이라 한다)를 임대차보증금 1억 7,000만 원, 임대차기간 2015. 11. 11.부터 2017. 11. 11.까지로 정하여 임차하였고, 그 무렵 피고에게 위 임대차보증금을 지급하였다(이하 ‘"
deposit_dispute,136580,2,"'란은 아래와 같이 공란으로 비워두었다.  마. 원고는 2016. 7.경 피고와 사이에 이 사건 건물 1층에 관하여 임대차보증금 50,000,000원, 월 차임 2,000,000원으로 정한 임대차계약(이하 '"
deposit_dispute,136817,2,"‘이 사건 건물’이라고 한다)에 관하여 임대차보증금 5억 5,000만 원, 차임 월 1,870만 원(부가가치세 포함), 임대차기간 2015. 9. 11.부터 2020. 9. 10.까지로 하는 부동산임대차계약을 체결하고(이하 ‘"
deposit_dispute,136817,2,"’을 기재 정산금 합계 99,915,612원의 지급을 청구하는 한편 위 정산금 입금 및 철거가 완료되어야 임대차보증금을 반환하겠다는 의사를 통지하였다. 라. 원고는 2020. 9. 11. ‘"
deposit_dispute,137070,2,"’라고 한다)와 사이에, 원고가 파이부투에게 1504호를 포함한 이 사건 건물 중 구분소유 부분인 아파트 51세대와 오피스텔 11세대를, 임대차기간 2014. 5. 14.까지, 임대차보증금은 9억 원, 월차임은 아파트는 1세대 당 3,500만 원, 오피스텔은 1세대 당 500만 원으로 정하여 임대하는 내용의 임대차계약(갑 3-1, 이하 ‘"
deposit_dispute,137070,2,‘원고와의 임차기간 종료시 파이부투의 책임으로 전대차보증금을 전차인에게 반환하여야 한다’
deposit_dispute,137221,2,‘상기 지번의 건축물은 계약일 현재 미준공인바 여기에 따른 모든 책임은 전적으로 임대인이 진다’
deposit_dispute,137337,2,‘2020. 3. 14.까지 보증기간이 연장된 보증보험증권을 제공하지 않으면 이 사건 임대차계약을 해지하겠다.’
deposit_dispute,137337,2,‘양 당사자 중 일방이 다음 각 호 중 하나에 해당하는 경우 상대방은 15일의 최고기간을 거쳐 서면통보로 이 계약을 해제·해지할 수 있으며’
deposit_dispute,137361,2,"‘이 사건 건물’이라고 한다)를 매수하여 2003. 9. 3. 위 건물 중 각 1/2 지분에 관하여 소유권이전등기를 마쳤다. (2) 소외 3은 2003. 9.경 소외 1의 연대보증 하에 주식회사 부산은행으로부터 이 사건 건물 매수자금으로 220,000,000원을 대출받았고, 소외 1과 소외 3은 위 은행에 대한 대출금채무 내지 연대보증채무를 담보하기 위하여 2003. 9. 3. 위 건물에 관하여 근저당권자를 위 은행, 채무자를 소외 3, 소외 1, 채권최고액을 264,000,000원으로 하는 근저당권등기(이하 ‘"
deposit_dispute,137361,2,"’이라고 한다)를 마쳐주었으며, 2013. 9. 4. 위 근저당권의 채권최고액이 186,000,000원으로 변경되었다. (3) 소외 1과 소외 3은 2013. 8. 28. 소외 4에게 이 사건 건물을 임대차보증금 40,000,000원(이하 ‘"
deposit_dispute,137387,2,‘이 사건 건물 및 그 토지에 대한 경매절차에서 임대차보증금 반환채권자로서’
deposit_dispute,137388,2,"’이라 한다)를 보증금 50,000,000원, 월차임 2,300,000원, 임대차기간 2014년 건물준공일 부터 2021년 2월 말까지로 정하여 임차하는 내용의 2014. 3. 27.자 임대차계약(이 하 ‘"
deposit_dispute,137388,2,"’이라 한다) 제3조 1항 소정의 대항력을 취득하였다. 다. 원고와 피고는 2017년 2월 말경 이 사건 임대차에 따른 차임을 2017. 3. 1.부터 2019. 2. 29.까지의 기간 동안 월 2,500,000원(부가가치세는 별도)으로 합의하였다. 라. 원고는 2018. 6. 23. F과 이 사건 건물을 470,000,000원에 매도하고 이 사건 임대차는 F이 승계하기로 하는 내용의 부동산 매매계약(이하 ‘"
deposit_dispute,137388,2,"’이라 한다)을 보냈고, 그 무렵 이 사건 내용증명우편은 원고 및 F에게 각 도달하였다. 바. 피고는 F을 상대로 임대차보증금 47,250,000원(미지급한 2018년 7월분의 차임 2,750,000원 공제)의 반환을 구하는 소를 수원지방법원에 제기하였으나 위 법원은 ‘"
deposit_dispute,137397,2,"”는 취지로 이해된다. 먼저 차고지 임대차보증금이 잔금 정산의 대상이 되는 것인지 여부에 관하여 보건대, 택시회사에 있어 차고지는 영업에 필수적인 시설인 점, 이 사건 계약은 ‘"
deposit_dispute,137397,2,“임대차보증금은 2004. 10. 31. 소외 3으로부터 반환받았다”
deposit_dispute,137680,2,“임대차가 종료한 경우에도 임차인이 보증금을 돌려받을 때까지는 임대차 관계는 존속하는 것으로 본다.”
deposit_dispute,137698,2,"‘이 사건 건물’이라 한다)의 F호에 관하여 임대차보증금 70,000,000원, 월 차임 100,000원, 임대차기간 2018. 3. 27.부터 2020. 3. 26.까지로 각 정하여 임차하기로 하는 내용의 임대차계약(이하 ‘"
deposit_dispute,137982,2,’이라 한다)을 선고하여 위 판결이 그 무렵 확정되었다. 다. 피고는 이 사건 판결정본을 집행권원으로 하여 2020. 4. 6. 울산지방법원 2020타채2038호로 원고의 청구취지 기재 임대차보증금 반환채권에 관한 채권압류 및 추심명령(이하 ‘
deposit_dispute,138264,2,‘이 사건 임대차계약이 2021. 2. 28. 종료되며 재계약을 진행할 의사가 없다’
deposit_dispute,139276,2,"’이라 한다)에 관하여 당시 소유자와 사이에 임대차기간 2014. 10. 27.부터 2017. 10. 26.까지, 보증금 65,000,000원, 차임월 6,000,000원(부가가치세 별도)으로 정하여 임차하는 임대차계약(이하 ‘"
deposit_dispute,139276,2,"’는 내용의 통지를 하였고, 피고가 2017. 9. 18. 원고에게 임대차기간 만료일(2017. 10. 26.) 다음 날부터 보증금 및 차임을 각 5%씩 인상하겠다고 통보하자, 원고는 2017. 10. 25. 피고에게 이를 수용하여 임대차보증금 인상분 3,250,000원과 인상된 월 차임에 부가가치세와 관리비를 포함한 총 임대료 7,230,000원을 지급하겠다는 내용의 답장을 보냈다. 마. 원고는 관련소송 제1심(서울북부지방법원 2017가단10302)이 진행 중이던 2018. 8. 6. 피고에게 ‘"
deposit_dispute,139276,2,"’는 내용의 통지를 하였고, 2018. 8. 9.에는 피고에게 2018. 10. 26. 임대차기간이 만료되므로 법 제10조에 따라 이 사건 임대차계약의 갱신을 요구한다는 내용의 통지를 하였다. 이에 대하여 피고는 2018. 8. 10. 원고에게 ‘"
deposit_dispute,139403,2,"’이라 한다).  마. 이 사건 최초 동업계약에 따른 투자금 명목으로, 원고는 4억 원을, 피고는 2억 5,000만 원을 각 출자하였다. 이 사건 추가 동업계약에 따른 투자금 명목으로, 피고는 79,229,491원(부가가치세 별도)을 출자하였다. 바. 피고는 이 사건 음식점에 관한 사업자등록증 및 영업허가증을 모두 피고 명의로 발급받았다. 피고는 주식회사 D(이하 ‘"
deposit_dispute,139403,2,"‘H’으로 변경되고 그에 따른 위 음식점의 개축 또는 개조가 이루어졌는데, 이는 피고의 일방적인 결정이 아니라 원·피고 상호간의 합의에 따른 것이고, 그 비용부담에 관하여 원·피고 사이에 이 사건 추가 동업계약이 체결된 바 있다. (5) 이 사건 최초 동업계약 제6조 제2항은 ‘"
deposit_dispute,139767,2,"’라 한다)하였으나, 이 사건 차용금채무를 그 변제기한이었던 2012. 4. 30.까지 변제하지 못하자, 피고인은 처인 G을 대리하여 2012. 7. 5.경 H와 이 사건 차용금 채무의 변제를 담보하기 위하여 G의 E에 대한 임대차보증금 반환채권(이하 ‘"
deposit_dispute,140029,2,‘임대차보증금 없는 완전한 월세계약을 체결할 권한’
deposit_dispute,140029,2,‘갑이 수익구조 등의 이유로 임차인과 임대차계약시 위 보장금과 금액이 상이할 수 있다’
deposit_dispute,140168,2,"'이라 한다)받고, 같은 날 그 담보로 F은행에 이 사건 임대차보증금 반환채권에 관하여 348,000,000원을 담보한도액으로 하여 근질권(이하 '"
deposit_dispute,140364,2,"“보증금 4,000만 원이 모두 공제될 때까지 월세 150만 원씩을 주지 않고 끝내버리겠다, D와 매매계약을 했으니까 피고가 세입자이다”"
deposit_dispute,140364,2,“세무소용 전세계약서 작성을 승낙한다 임대인 A”
deposit_dispute,140421,2,“반환의 청구권은 유류분권리자가 상속의 개시와 반환하여야 할 증여 또는 유증을 한 사실을 안 때로부터 1년내에 하지 아니하면 시효에 의하여 소멸한다.”
deposit_dispute,140547,2,"‘이 사건 건물’이라 한다)을 소외 D에게 대금 185,000,000원에 매도하였다. 이 사건 건물에는 2012. 3. 5. 근저당권자 E조합, 채권최고액 201,500,000원, 채무자 원고의 근저당권(이하 ‘"
deposit_dispute,140547,2,"’라 한다)를 마쳐주었다. 나. 이 사건 임대차계약 피고는 2017. 3. 3. D으로부터 이 사건 건물을 보증금 1억 2,000만 원, 기간 2019. 3. 19.까지로 하여 임차하였고(이하 ‘"
deposit_dispute,140876,2,"’이라 한다). 4) 이 사건 대출약정 및 근질권설정계약의 체결 가) 피고 유한회사는 이 사건 양도계약에 따른 이 사건 신탁부동산에 대한 매입대금을 마련하기 위하여 2006. 12. 27. 소외 동양종합금융증권 주식회사, 하나캐피탈 주식회사, 금호종합금융 주식회사, 메리츠화재해상보험 주식회사, 제일화재해상보험 주식회사(이하 ‘"
deposit_dispute,140996,2,’고 전해 들었었다. ③ 위와 같은 상황에서 피고인은 I 명의로 M에 대한 임대차보증금반환청구의 소를 제기하여 소송대리인으로서 소송을 수행하였고(이하 ’
deposit_dispute,140996,2,’위와 같이 다시 임대차계약을 체결하면서 D가 이전에 계약금 500만 원을 몰취하였던 것을 고려하여 6개월간 월 임료를 감액해 주었다‘
deposit_dispute,142140,2,"‘이 사건 호실’이라 한다)를 임차한 사실이 없음에도, 마치 피고인이 D으로부터 이를 정상적으로 임차한 것처럼 가장하고 허위의 전세자금 대출을 받기로 공모하였다. 위와 같은 공모에 따라 피고인은 B, C과 2014. 3. 28.경 부산 부산진구 G에 있는 H 공인중개사무소에서 피고인이 D으로부터 이 사건 호실을 보증금 7,000만 원에 임차하였다는 취지가 기재된 허위의 부동산 전세 계약서 및 대출신청서 등 서류를 작성하였다. 계속하여 피고인은 B과 2014. 4. 11.경 부산 부산진구 I에있는 피해자 J(이하 ‘"
deposit_dispute,142243,2,"'이 사건 임대차계약이 2011. 3. 17. 기간 만료로 종료되었으므로 원고는 위 피고로부터 이 사건 부동산을 인도받음과 동시에 위 피고에게 기 지급 임대차보증금 80,500,000원을 지급하라.'"
deposit_dispute,142765,2,"‘D건물’라고 한다) E호에 관한 임대차계약이 종료되자 임대인인 F로부터 피고 명의의 G은행 계좌((계좌번호 1 생략), 이하 ‘"
deposit_dispute,142765,2,"’라고 한다)로 임대차보증금 10,000,000원을 반환받았다. 다. 피고는 2020. 1.경 원고의 1인 주주인 H로부터 회사 매각을 이유로 사임을 권유받고 인수인계 절차를 진행하던 과정에서 H와 갈등이 발생하자, 2020. 2. 28. 원고의 I은행 계좌((계좌번호 2 생략), 이하 ‘"
deposit_dispute,142765,2,"‘주식회사 J에서 원고로 입금한 증빙서류를 확인하였고, 임대차보증금에 대하여는 반환에 관한 문제가 종결되었음을 알려드린다’"
deposit_dispute,143097,2,’이 사건 임대차보증금반환채권‘
deposit_dispute,143203,2,‘이 사건 임대차보증금반환채권’
deposit_dispute,143532,2,"’라는 상호로 식당을 운영해 오다가, 2018. 7. 27. 임대차보증금을 50,000,000원, 월 차임을 3,630,000원(부가가치세 별도), 임대차기간을 2018. 7. 31.부터 2020. 7. 31.까지로 정하여 임대차계약(이하 ‘"
deposit_dispute,143606,2,‘이 사건 임대차보증금반환채권’
deposit_dispute,143835,2,"‘이 사건 점포’라 한다)를 임대차기간은 2013. 8. 15.까지, 임대차보증금은 500만 원, 월 차임은 33만 원(매월 16일 지불)으로 정하여 임차하였다. 나. 피고는 그 무렵 C에게 위 임대차보증금을 지급한 후 이 사건 점포를 인도받아 ‘"
deposit_dispute,144218,2,"‘이 사건 건물’이라 한다)를 임대차보증금 3,200만 원, 임대차기간 12개월로 하여 임차하는 계약(이하 ‘"
deposit_dispute,144395,2,‘계약기간 이전에 어느 일방이 계약을 파기’
deposit_dispute,144503,2,"‘월세계약’이라 한다)을 체결하거나 갱신할 권한만을 위임받았다. 다. E은 2016. 7. 22. 위 오피스텔 관리사무소에서 원고와 별지 목록 기재 부동산(위 오피스텔 G호, 이하 ‘"
deposit_dispute,145812,2,"’이라 한다)을 완공한 후 2019. 5. 8. 위 건물의 각 1/2 지분에 관하여 소유권보존등기를 마쳤다. 나. 원고와 피고 사이의 임대차계약서, 합의서 작성 등 1) C은 2017. 10. 18. 피고와 D를 상대로 이 사건 사업과 관련하여 조합 탈퇴로 인한 지분 반환을 구하는 등의 소를 제기하였다가, 2019. 11. 14. C 일부 승소판결을 받았다(서울서부지방법원 2017가합38242 판결, 이하 ‘"
deposit_dispute,145812,2,"’라고 한다).  4) 피고와 D는 2020. 2. 10. 원고에게 서울 서대문구 E(이 사건 건물 중 G호)를 보증금 1억 6,000만 원에 임대하되, 특약으로 “"
deposit_dispute,145836,2,"‘이 사건 공사’라고만 한다)와 사이에 이 사건 임대주택에 관하여 임대보증금을 61,088,000원, 월 임대료를 339,000원으로 하는 임대차계약(이하 ‘"
deposit_dispute,145836,2,“위 제4조의 충분한 협의 결과 임차인 피해자 가족은 별도의 세대구성 없이 임대인 D의 동거인으로써 전입신고를 하기로 한다.”
deposit_dispute,146263,2,"‘피고인의 E에 대한 임대차보증금반환채권 중 일부인 1,000만 원을 양도한다.’"
deposit_dispute,146302,2,"'로 정하여 피고 C에게 임대하기로 하는 상가 전세계약을 체결하였는데, 그 특약사항에서 '"
deposit_dispute,146302,2,"'L는 소유주 K과 2019. 5. 21. 매매계약을 체결하고 2019. 7. 1. 잔금을 지급한 실질적인 소유자이고, J은 소유주인 K과의 임대차계약이 체결되지 않은 불법점유자'"
deposit_dispute,146449,2,‘[선순위보증금] 임대인 구두 서술로 작성하였으며 현건물내 전체 선순위 대략 33000만 원 정도 있음을 확인함’
deposit_dispute,146449,2,‘[선순위보증금] 임대인 구두 서술로 작성하였으며 현건물내 전체 선순위 대략 23000만 원 정도 있음을 확인함’
deposit_dispute,146449,2,‘[선순위보증금] 임대인 구두 서술로 작성하였으며 현건물내 전체 선순위 대략 33000만 원 정도 있음을 확인함’
deposit_dispute,146505,2,"’라는 상호로 커피숍이 운영되어 왔고, 원고도 이 사건 임대차계약 체결 당시 이 사건 점포의 당시 임차인으로부터 ○○○○ 커피숍 영업(이하 ‘"
deposit_dispute,146505,2,"“주변 시세 등을 반영하여 재산정한 이 사건 점포의 신규 임대차계약의 임대차보증금은 109,200,000원(= 평당 130만 원 × 84평), 월 차임은 10,920,000원(= 평당 13만 원 × 84평)인데(이하 ‘"
deposit_dispute,146505,2,"’이라 한다), 실제 계약 체결 금액은 신규 임차인과 협의하여 정하겠다”"
deposit_dispute,146505,2,"‘감정인’이라 한다)의 감정결과에 변론 전체의 취지를 종합하면, 이 사건 임대차계약이 정한 차임 등의 주1) 			환산보증금은 704,545,454원[= 50,000,000원 + (6,000,000원 × 12개월 ÷ 11%), 이하 ‘"
deposit_dispute,146505,2,‘신규 임차인이 기존 임차인에게 지급하기로 한 권리금’
deposit_dispute,146505,2,“환산보증금 = 임대차보증금 + (월 차임 × 12개월 ÷ 전환이율 11%)”
deposit_dispute,146913,2,"“최aa과 피고가 aaaaa에 이 사건 토지와 건물을 매매대금 24억 원에 매도하되, 계약금 2억 4,000만 원을 계약 시에, 중도금 12억 원을 2016. 9. 22., 잔금 9억 6,000만 원을 2016. 9. 29. 각 지급하기로 한다.”"
deposit_dispute,146997,2,"’라는 상호로 부동산중개업을 영위하고 있었다. 나. 원고는 2016. 2. 5. 피고 C의 중개로 피고 B과 사이에 이 사건 빌라에 관하여 임대차보증금 1억 2,000만 원, 임대차기간 2016. 4. 15.부터 2018. 4. 14.까지로 하는 임대차계약(이하 ‘"
deposit_dispute,147088,2,"’이라 한다)에 관하여 임대차보증금 100,000,000원, 연간차임 250,000, 000원(부가가치세 별도), 임대차기간 2017. 4. 15.부터 2018. 4. 14.까지로 정하여 임대차계약(이하 ‘"
deposit_dispute,147088,2,"’라 한다) 추진위원장 F과 사이에 임대차보증금 100,000,000원, 연간차임 250,000,000원(부가가치세 별도), 임대차기간 20 17. 4. 15.부터 2018. 4. 14.까지로 정하여 전대차계약(이하 ‘"
deposit_dispute,147285,2,"“원고가 2019. 2. 17.까지 원상복구를 하지 않으면, 공사업체 3곳을 선정하여 중간 견적 업체에 공사를 의뢰하고, 보증금에서 공사대금 및 미납 공과금 등을 공제한 나머지 보증금을 원고에게 지급하겠다”"
deposit_dispute,147285,2,"“2019. 2. 25.까지 임대차보증금 100,000,000원을 반환하지 않으면 소송을 제기하겠다”"
deposit_dispute,147310,2,"‘이 사건 건물’이라고 한다)에 관하여 임대차보증금 50,000,000원, 월 차임 400,000원, 차임 지급일 매월 5일, 임대차기간 2015. 12. 5.부터 2017. 12. 4.까지로 정하여 임대차계약(이하 ‘"
deposit_dispute,147311,2,‘원고가 2017. 4. 29. 위 임대차계약에 따른 임대차보증금 잔금을 모두 지급하였다’
deposit_dispute,147859,2,"’라고 한다)로 구분되어 있다. 나. 이 사건 주택의 소유자인 피고 B으로부터 임대권한을 위임받은 피고 C는 피고 B을 대리하여 2015. 3. 13. 원고와 이 사건 주택 중 현황 I호 부분을 임대차보증금 45,000,000원, 임대차기간 2015. 4. 10.부터 2017. 4. 10.로 정하여 임대하는 임대차계약(이하 ‘"
deposit_dispute,147916,2,"‘이 사건 점포’라 한다)을 인도하고, 2,991,910원 및 2020. 12. 3.부터 위 각 부동산의 인도완료일까지 월 7,700,000원의 비율로 계산한 돈을 지급하라.  이유 1. 인정사실 ○ 원고는 2019. 8. 1. 피고와 사이에 이 사건 점포에 관하여 임대차기간 2019. 8. 3.부터 2021. 8. 2.까지, 임대차보증금 100,000,000원, 차임 월 7,700,000원(부가가치세 포함)으로 정한 임대차계약(이하 ‘"
deposit_dispute,148132,2,"‘이 사건 건물’이라 한다)을 증여하였다. 라. 2015. 6. 9. 이 사건 토지에 관하여 채권최고액 250,000,000원, 채무자 D, 근저당권자 피고로 하는 근저당권설정등기(이하 ‘"
deposit_dispute,148159,2,"‘, 점유기간 2015. 1. 21.부터 2017. 1. 21.까지, 확정일자 2017. 1. 24., 임차권·전세권등기 2017. 1. 24., 계약일 2017. 1. 6., 입주한 날(주택인도일) 2015. 1. 25.’"
deposit_dispute,148276,2,"'이라 한다)를 상대로 임대차보증금 반환을 구하는 소를 제기하였고(서울동부지방법원 2015차전5810), 위 법원은 원금 81,620,000원, 이자 1,771,040원, 비용 61,800원, 합계 83,452,840원에 대한 지급명령을 하였으며 위 명령은 그 무렵 확정되었다. 나. 원고는 2015. 5. 4.경 채권압류 및 추심명령을 받았는데(서울동부지방법원 2015타채6427, 이하 '"
deposit_dispute,148403,2,"’라 한다)를 보증금 130,000,000원, 차임 월 8,800,000원(부가가치세 포함, 매월 14일 후불지급), 임대차기간 2018. 8. 23.부터 2020. 9. 14.까지로 각 정하여 임차하는 내용의 임대차계약(이하 ‘"
deposit_dispute,148494,2,"’이라 한다)을 체결하면서 피고 법인과 사이에 이 사건 부동산에 관한 전세자금대출을 받은 후 그 대출금을 피고 C이 지급받기로 약정하였다. 이에 따라 피고 C은 2017. 1. 18. 피고 법인의 피용자인 피고 B에게 이 사건 부동산을 임대차보증금 250,000,000원, 존속기간 2019. 1. 31.부터 24개월로 정하여 임대하는 임대차계약(이하 ‘"
deposit_dispute,149017,2,"‘이 사건 건물’이라고 한다) 1층 전부 191.9㎡(약 58평)에 관하여 임대차보증금 3,000만 원, 월차임 200만 원, 기간 2016. 6. 15.부터 2018. 6. 14.까지로 정하여 임대차 계약(이하 ‘"
deposit_dispute,149017,2,"’ 부분에 관하여 임대차보증금 1,500만 원, 차임 월 100만 원, 임대차기간 2018. 11. 30.부터 2019. 6. 29.까지로 정하여 임대차계약을 체결하였다. ○ 피고 E는 2019. 4.경 ‘"
deposit_dispute,149255,2,"‘이 사건 건물’이라 한다)에 관하여, 임대차보증금 50,000,000원, 차임 월 4,000,000원(부가가치세 400,000원 별도), 임대차기간 2019. 7. 29.부터 2020. 7. 28.까지로 각 정한 임대차계약(이하 ‘"
deposit_dispute,149255,2,"’이라 한다)을 체결하였다. 나. 피고 B은 이 사건 임대차계약 체결 당일 원고에게 임대차보증금 명목으로 30,000,000원을 지급하고, 2019. 10. 21. 원고에게 1,000,000원을 추가로 지급하였다. 다. 한편, 피고 B은 2019. 7. 29.경 이 사건 건물을 인도받아 위 건물을 사업장으로 하여 피고 C 명의로 ‘"
deposit_dispute,149813,2,"‘채권최고액 585,000,000원의 근저당권(채무자 피고 C), 근저당권자 J조합’"
protection_mechanism,545,2,"’라 한다)가 개시되었다. 나. 경매법원은 2018. 8. 7. 배당기일을 열어 실제 배당할 금액 3,796,816,773원 중 이 사건 건물에 관한 근저당권자 내지 근저당권부질권자들에게 배당하고 남은 1,342,066,590원을 별지 배당표 기재와 같이 원고와 피고, H 등에게 각 배당하는 내용의 배당표를 작성하고, 이에 따라 배당을 실시하였다. 다. 한편, 이 사건 건물 2층 중 ‘"
protection_mechanism,875,2,"'라고 한다)들이 주택임대차보호법 소정의 대항력 있는 임차인임을 전제로 임차주택의 양수인인 피고(반소원고, 이하 '"
protection_mechanism,875,2,'라고 한다)들에게 임차주택의 명도와 동시에 임차보증금의 반환을 구하는 이 사건 본소청구에 대하여 그 채용 증거에 의하여 원고 1은 소외 1을 대리한 소외 2와 사이에 1997. 8. 14. 위 소외 1이 건축주로 되어 있는 그 판시 미등기의 다가구용 단독주택(이하 '
protection_mechanism,1434,2,"’라고 한다)에 관하여 D을 근저당권자로 한 채권최고액 13억 2,000만 원의 근저당권설정등기를 마쳐주었다(이하 ‘"
protection_mechanism,1485,2,’이라 한다)에 관하여 종전 소유자인 임대인들과 각 임대차계약(이하 ‘
protection_mechanism,2205,2,“갱신되는 임대차는 전 임대차와 동일한 조건으로 다시 계약된 것으로 본다”
protection_mechanism,2606,2,"’이라 한다)에 이 사건 부동산을 매매대금 3,801,000,000원(계약금 1,000,000,000원)에 매도하였고(이하 &apos이 사건 매매계약‘"
protection_mechanism,3263,2,"‘이라 한다)에 관해 임대차보증금 7,000만 원, 임대차기간 2014. 1. 27.부터 2016. 1. 27.까지로 각 정하여 임대차계약(이하 ’"
protection_mechanism,6928,2,"’으로 하는 임대차계약을 체결한 사실은 위 기초사실에서 본 바와 같고, 아래 나.항에서 보는 바와 같이 원고가 이 사건 각 부동산 중 임차부분을 특정하지 못하고, 단지 사업자등록 및 임대차계약서에 ‘"
protection_mechanism,7162,2,"‘매매계약이 되어서... 새 주인과의 관계이다. 매수인(원고들)이 세입자분(피고)이 안 나간다고 하니 많이 당황스러워 한다. 아까 말한 대로 계약 체결하고 저녁에 전화드릴 때 만기 전에 집을 알아보신다고 하셔서 나가시는 줄 알고 있었는데, 매수인이 꼭 이사 오셔야 하는 형편인가 보다. 다시 한번 생각해달라.’"
protection_mechanism,7162,2,‘사정은 이해하지만 저희도 사정이 아주 어렵다. 그래서 계약갱신청구권을 행사한 것이다.’
protection_mechanism,7162,2,"‘피고가 임대차기간 만기가 되면 이사할 것이라는 의사를 통지하였고, 원고들이 실제 거주할 것이므로 피고의 계약갱신청구를 거절한다.’"
protection_mechanism,7162,2,‘임대인(임대인의 직계존속ㆍ직계비속을 포함한다)이 목적 주택에 실제 거주하려는 경우’
protection_mechanism,7534,2,"’이라 한다) 그 무렵 위 보증금을 모두 지급한 후, 이 사건 점포를 인도받아 스넥코너를 운영하면서 2003.3.22.경 이 사건 임대차계약서에 확정일자를 받고, 2003.4.1. 상호를 ‘"
protection_mechanism,7569,2,"“임차보증금 4,800만 원, 임대차계약일 2005. 3. 31., 주민등록전입일 2003. 4. 1., 주택인도일 2003. 3. 31., 확정일자 2005. 4. 11.”"
protection_mechanism,9761,2,‘법인이 주택임대차보호법에 따른 실거주를 할 수 있는 대상으로 보기 어렵기 때문에 법인이 임대인인 경우 직접 거주를 이유로 갱신거절은 불가능하다’
protection_mechanism,9985,2,"’이라 한다) 소유자인 피고 C으로부터 이 사건 부동산을 보증금 1억 4,000만 원, 임대차기간 2018. 10. 16.부터 2020. 10. 15.까지로 정하여 임차하는 내용의 임대차계약(이하 ‘"
protection_mechanism,9985,2,"’이라 한다)하고, 그 지급 담보를 위하여 D은행에게 이 사건 임대차보증금반환채권에 1억 3,440만 원을 담보한도로 한 근질권(이하 ‘"
protection_mechanism,10100,2,"‘비용상환청구권’이 신탁법 제48조 제1항에 의하여 우선변제가 인정되는지에 관하여 ① 신탁법 제46조의 비용상환청구권은 신탁사무의 처리에 관하여 필요한 비용을 그 대상으로 삼고 있지만, 신탁법 제48조 제1항의 우선변제권은 그중에서도 신탁재산의 객관적 가치 증대에 기여하여 공익적인 성격을 갖고 있다고 할 수 있는 ‘"
protection_mechanism,10100,2,"’와 ‘유익비’에 한정하고 있는 점, ② 특정한 채권의 우선변제권은 위와 같이 공익적 성격을 지닌 비용에 관하여 예외적으로 우선변제권을 인정하는 것으로 담보물권자 등 다른 이해관계인의 이해관계에 중대한 영향을 미칠 수 있는 만큼 엄격하게 해석되어야 하는데, 막대한 비용이 소요되는 신탁사업의 특성상 소요비용을 쉽사리 예측하기 어렵고 소요비용의 성격 및 범위에 관하여 이해관계인들의 다툼이 있을 것이 예상되는 상황에서 수탁자가 ‘"
protection_mechanism,10100,2,"’ 전부에 관하여 우선변제권을 인정하는 것은 신탁계약의 취지에 맞지 않는 점, ③ 신탁법의 조문체계 및 문언상으로도 제48조 제1항은 ‘"
protection_mechanism,12513,2,"’이라 한다)의 1순위 근저당권자이다. 나. 근로복지공단은 근로기준법 및 임금채권보장법에 따라 최우선변제권이 인정되는 최종 3개월분의 임금과 최종 3년분의 퇴직금 중 일부로서, 소외 회사의 근로자 중 소외 1 외 95명(이하 ‘"
protection_mechanism,12977,2,"’이라 하고, 이 사건 A그룹 근저당권, 이 사건 B그룹 근저당권과 통틀어 ‘"
protection_mechanism,12977,2,‘쓰리엠모터스’라 한다)와 아래와 같은 내용으로 근저당권부 채권 양도양수계약(이하 ‘
protection_mechanism,13485,2,"’이라 한다)을 체결하고, 같은 날 G에 신탁을 원인으로 한 소유권이전등기를 마쳐 주었다. 다. 원고는 2016. 9. 27. 공인중개사인 피고의 중개로 C과 사이에 이 사건 부동산을 임대차보증금 60,000,000원, 차임 월 400,000원, 임대차기간 2016. 10. 9.부터 2018. 10. 8.까지로 정하여 C으로부터 임차하는 내용의 임대차계약(이하 ‘"
protection_mechanism,13485,2,"‘신탁자가 신탁계약체결 이후 새로운 임대차계약을 체결하는 경우에는 수탁자 및 우선수익자의 서면에 의한 동의를 받아야 하고(제11조 제2항), 신탁자가 수탁자 또는 우선수익자의 동의 없이 신탁부동산을 제3자에게 임대함으로서 발생하는 모든 손해나 비용을 배상할 책임이 있다(제5조)’"
protection_mechanism,13493,2,"‘○○종합건설’이라 한다)은 이 사건 제1 내지 제12 부동산을 소유하고 있었는데, 원고는 이 사건 제1 부동산에 관하여 2007. 5. 25. 채권최고액 450,000,000원의 근저당권을 설정하였고, 이 사건 제2 부동산에 관하여 2007. 4. 20. 채권최고액 910,000,000원의 근저당권을 설정하였다. 나. 피고 산하 성남세무서(이하 ‘"
protection_mechanism,13899,2,"’이라 한다]와, 채권최고액 1,050,000,000원, 채무자 K, 근저당권자 원고로 된 근저당권설정등기 [거제등기소 2014. 5. 19. 접수 제26734호, 이하 ‘"
protection_mechanism,13899,2,‘이 사건 제2근저당권설정계약’
protection_mechanism,13899,2,‘이 사건 각 근저당권설정계약’
protection_mechanism,14048,2,"’이라 한다)에 대하여 채권자취소권을 행사하는 이 사건에서, 그 판시와 같이 원고의 소외 회사에 대한 공사대금채권 150,000,000원 중 이 사건 매매계약 당시 이 사건 건물 2, 3층에 관한 판시 근저당권(이하 ‘"
protection_mechanism,16770,2,"'이라 한다)에 관하여 의정부지방법원 의정부등기소 2011. 5. 18. 접수 제45553호로 채권최고액을 104,000,000원, 근저당권자를 원고, 채무자를 B으로 정한 근저당권설정등기(이하 '"
protection_mechanism,17063,2,"‘김제수협’이라고 한다) 앞으로 채권최고액 1억 3,000만 원의 근저당권설정등기를 경료하였다. (2) 이후 이 사건 아파트에 관하여 위 근저당권자인 김제수협의 임의경매신청에 따라 2007. 10. 2. 같은 법원 2007타경20506호로 임의경매개시결정이 있었고, 원고는 2008. 9. 12. 그에 따른 경매절차(이하 ‘"
protection_mechanism,17291,2,"‘제이비에스’라고 한다)로부터 이 사건 상가를 임차하였다가, 2009. 5. 1. 보증금 4,000만 원, 차임 월 20만 원, 임대차기간 2009. 5. 1.부터 2011. 4. 30.까지로 임대차 내용을 변경하여 다시 임대차계약(이하 ‘"
protection_mechanism,18587,2,"“재직중인 계약직공무원에 대하여는 지방공무원보수규정 개정에 따라 계약직공무원의 봉급을 조정하되, 이 경우 전체 공무원의 봉급인상률을 감안하여 그 인상률 범위 내에서 시장이 따로 정할 수 있다. 다만, 영 [별표] 채용구분 ‘"
protection_mechanism,18600,2,"’를 운영하는 공인중개사인 G의 중개로 D과 사이에 이 사건 건물 중 H호에 관하여 임대차보증금 60,000,000원, 임대차기간 2017. 1. 13.부터 2019. 1. 12.까지로 정한 임대차계약(이하 ‘"
protection_mechanism,19153,2,"‘이 사건 주택’이라 한다)를 임차보증금 20,000,000원, 임대차기간 2011. 12. 13.부터 2013. 12. 13.까지로 정하여 임대차계약(이하 ‘"
protection_mechanism,19153,2,“임차인은 만약 경매 등으로 인하여 전액 보장하지 못하더라도 임대인에 대하여 구상권을 행사하지 않기로 한다”
protection_mechanism,20564,2,"‘근저당권설정자는 대출금융기관이 요구하는 근저당권의 설정에 필요한 절차를 밟아야 하고, 그 절차에 드는 비용은 채무자와 설정자가 연대하여 부담한다’"
protection_mechanism,20564,2,"‘이 사건 표준약관 중 대출거래약정서Ⅰ(가계용) 제3조 제1항 등 6종의 은행여신거래 관련 부분이 구 약관규제법 제19조의2 제3항에서 규정한 불공정 약관조항에 해당하는지 여부를 심사함에 있어서는 문제되는 조항만을 따로 떼어서 볼 것이 아니라 전체 약관내용을 종합적으로 고찰한 후에 판단하여야 하고, 그 약관이 사용되는 거래분야의 통상적인 거래관행, 거래대상인 상품이나 용역의 특성 등을 함께 고려하여 판단하여야 한다’"
protection_mechanism,20564,2,"’은 약관작성자가 계약 상대방의 정당한 이익과 합리적인 기대에 반하지 않고 형평에 맞게끔 약관조항을 작성하여야 한다는 행위원칙을 가리키고, ‘"
protection_mechanism,20931,2,"’이라고 한다)에 관하여 임대차보증금을 20억 원, 임대차기간을 2003. 11. 1.부터 2005. 10. 31.까지로 각 정하여 장례식장 시설 임대차 및 운영·관리계약(이하 ‘"
protection_mechanism,20931,2,"’라고 한다)한 다음, 그 내용이 담긴 채권양도양수계약서에 피고 1과 피고학원 사이에 2005. 11. 1. 체결된 임대차계약서를 첨부하여 공증인가 장안합동법률사무소에서 사서증서인증을 받았다. 다. 원고는 2006. 6. 28. 피고 1로부터 “"
protection_mechanism,21534,2,"’라고 한다)와 사이에 신탁계약을 체결하고, 같은 날 수탁회사에게 신탁을 원인으로 한 소유권이전등기를 경료하였다. 라. E은 2018. 8. 29. 이 사건 건물에 관하여 신탁재산의 귀속을 원인으로 한 소유권이전등기를 경료받았다가 같은 날 수탁회사와 사이에 아래와 같은 내용을 포함하는 신탁계약(이하 ‘"
protection_mechanism,21534,2,"‘제1부당이득금’이라고 한다)을 이 사건 제1임차권의 임대차보증금에서 공제하여야 한다. 또한 피고 회사는 이 사건 제2임차 계약을 체결하면서 수탁회사와 우선 수익자의 동의를 받지 아니하였으므로 수탁회사에 대하여 대항할 수 없다. 따라서 피고 회사가 그 임대차기간이 시작된 2018. 11. 23.부터 원고의 소유권 취득일인 2020. 4. 8.까지 이 사건 점포를 법률상 원인 없이 이 사건 점포를 사용 수익함으로써 부담하게 된 차임 및 관리비 상당액 6,400만 원(이하 ‘"
protection_mechanism,22318,2,’이라 한다)을 다시 체결하였다. 이 사건 2 계약에서 피고와 씨오비트레이드는 특약사항으로 “
protection_mechanism,23209,2,"’이라 한다)에 30억 원을 대출하였는데, 그에 앞서 담보로 2009. 2. 26. 채무자 우양주택 소유 부동산들과 물상보증인 소외인 소유 부동산들에 채권최고액 65억 원의 공동근저당권을 설정받았다가, 그 후 채권최고액을 39억 원으로 변경하였다(이하 위 대출채권과 공동근저당권을 ‘"
protection_mechanism,23209,2,"’이라 한다). 3) 피고 부림은 2010. 12. 23. 우양주택에 4억 원을 대출하였는데, 그에 앞서 2010. 12. 22. 위 우양주택 소유 부동산들에 채권최고액 5억 2천만 원의 공동근저당권을 설정받았다(이하 위 대출채권과 근저당권을 ‘"
protection_mechanism,23561,2,"'과 …… 확정일자를 갖춘 임차인은 …… 우선하여 보증금을 변제받을 권리가 있다."""
protection_mechanism,23784,2,’란 ‘임차인과 임대사업자 사이에 분양전환을 위한 매매계약이 성립된 것’
protection_mechanism,23941,2,"""이 사건 건물의 소재지에 피고의 주민등록이 마쳐져 있으나 실제로는 거주하지 아니할 뿐더러 임대차계약을 체결한 바가 없으며 향후 원고 금고가 담보권을 실행할 때 임차보증금에 관한 권리를 주장하지 않겠다."""
protection_mechanism,24041,2,"“임대차보증금 900만 원, 임대차계약일 2009. 8. 1., 확정일자 2009. 12. 4.”"
protection_mechanism,24041,2,"“임대차보증금 2,000만 원, 임대차계약일 2009. 8. 1., 확정일자 2009. 8. 18.”"
protection_mechanism,25532,2,"‘한국씨티은행’이라고 한다)에 대한 대출금을 담보하기 위하여 이 사건 부동산에 관한 근저당권을 설정하여 주었고(같은 날 선순위 근저당권설정등기는 모두 말소되었다), 피고 1과 동거인 피고 2는 그 무렵 소외 1의 부탁으로 위 은행에 ‘"
protection_mechanism,25532,2,"‘피고들은 소외 1과 사이에 임대차계약으로 인한 채권채무관계가 없음을 확인하고, 위 은행에 대하여 임대차계약에 관한 일체의 권리를 주장하지 않겠다’"
protection_mechanism,25697,2,"'이라고 한다)을 매수하여 2017. 10. 20. 소유권이전등기를 마쳤다. 나. 원고는 2017. 11. 8. 피고 회사와 이 사건 부동산에 관하여 영업위탁계약을 체결하였고, 주요 계약 내용은 다음과 같다(이하 '"
protection_mechanism,25697,2,"'만이 등장할 뿐, 개인 D은 기재되어 있지 아니하다. 6) 피고 C이 이 사건 임대차계약 체결 당시 교부받은 위임장 등에도 수임자가 피고 회사로 기재되어 있고, 계약 체결 당시 E의 직원이나 부동산 중개인 등도 개인사업자 D에 대한 언급은 별도로 하지 아니한 것으로 보인다. 당시 공인중개사 사무보조원인 I는 이 법정에서 증인으로 출석하여 '"
protection_mechanism,25697,2,'보증금 반환에 대한 책임은 ㈜B에서 책임지기로 한다'
protection_mechanism,26770,2,"‘가평 논’이라 한다)에 관하여 채권최고액 4억 5,000만 원으로 하는 공동근저당권(이하에서 이 사건 부동산에 경료된 공동근저당권만을 ‘"
protection_mechanism,26912,2,"‘매각으로 소멸되지 않는 전세권은 매수인이 인수부담하는 조건이며, 전세권자 배분요구시 말소되는 것이므로 사전조사 후 입찰바람’"
protection_mechanism,27799,2,"‘이 사건 건물’이라 한다)을 임차한 것이 아니었음에도 불구하고, 피고인이 2007. 1. 31.경 대구지방법원에서, 마치 피고인 및 위 회사가 진정한 임차인인 것처럼 위 공소외 1 및 피해자 공소외 2로부터 보증금 300만 원에 이 사건 건물을 임차하였다는 내용의 ‘"
protection_mechanism,28171,2,'이 사건 임대차보증금의 반환채무를 원고가 인수하는 것으로 잔금 지급을 갈음하기로 하는 내용의 약정'
protection_mechanism,29513,2,"‘이 사건 건물’이라 한다)를 임대차보증금 8,000만원, 월차임 250만원(부가가치세 별도), 기간 2015. 6. 1.부터 2017. 5. 31.까지로 정하여 임차하는 내용의 임대차계약을 체결하고(이하 ‘"
protection_mechanism,29513,2,"’라 한다), 그 무렵 D에게 임대차보증금을 지급하고 이 사건 건물을 인도받은 다음 2015. 5. 27. 이 사건 건물을 사업장 소재지로 한 사업자등록을 마쳤다. 나. 원고는 2018. 10. 1.경 C의 대리인인 D에게 2018. 11. 10.을 종료일로 하여 이 사건 임대차를 해지하겠다는 의사표시를 하였고, D은 이에 동의하였다. 다. 피고는 C과 부부였던 사이로, C을 상대로 제기한 서울가정법원 2017드합31708 이혼 등 청구의 소 계속 중 2018. 10. 12. ‘"
protection_mechanism,29513,2,"“원고가 D으로부터 8,000만원을 차용하고, 피고로부터 이 사건 임대차보증금을 반환받는 즉시 위 차용금을 변제한다”"
protection_mechanism,30198,2,"‘이 사건 주택’이라고 한다)에 관하여 임차보증금 240,000,000원으로 정한 임대차계약(이하 ‘"
protection_mechanism,30198,2,"’이라고 한다)을 체결하고 소외 1에게 위 임차보증금을 지급한 다음, 2008. 8. 8. 동거인인 피고 2와 함께 이 사건 주택에 입주하여 전입신고를 하고 임대차계약서에 확정일자를 받았다. 2) 주식회사 한국씨티은행(이하 ‘"
protection_mechanism,31338,2,"‘대항력 등’이라는 표제로 제1항에서 대항력의 요건을 정하고, 제2항에서 “"
protection_mechanism,31515,2,"""임대차계약일자 : 1996. 12. 12., 임차보증금 : 금 7,000,000원, 주민등록일자 : 1999. 7. 27., 임차범위 : 이 사건 부동산 중 15평, 점유개시일자 : 1996. 12. 21., 확정일자 : 1999. 7. 27."""
protection_mechanism,31869,2,"'이라고 한다)을 임차보증금 18,000,000원에 임차한 사실, 원고의 주민등록은 위 임대차계약 이전인 1994. 12. 6.에 이미 '"
protection_mechanism,32061,2,"'라 한다)에 관하여 1997. 11. 3.에 1997. 10. 29. 설정계약을 원인으로 하여 채권최고액 3억 원의 근저당권설정등기 및 지상권설정등기를, 1998. 3. 16.에 1997. 10. 29. 매매예약을 원인으로 한 지분이전청구권 가등기를 각 경료하고, 그 소유의 같은 목록 제1 기재 아파트(이하 '"
protection_mechanism,32110,2,"‘피고 회사’라고만 한다)가 2차 신용보증약정에 기한 모든 채무에 관하여 전인건설을 위한 연대보증을 하였다. ○원고는 1999. 11. 9. 국민은행에게 보증금액 5억 7,000만 원의 신용보증 승인확인서를 송부하고, 1999. 11. 10.부터 1999. 12. 28.까지 사이에 국민은행에게 피보증인을 전인건설로 하는 보증금액 3억 1,000만 원, 8,900만 원, 5,700만 원, 5,700만 원 합계 5억 1,300만 원의 신용보증서를 각 발행하였다(이하 ‘"
protection_mechanism,32110,2,"‘우선해지 특약’에 의하여 피고 회사는 면책되어야 한다. 나. 판단 (1) 위에서 든 증거들에 의하면, 1차 및 2차 신용보증에서는 ‘"
protection_mechanism,32110,2,“국민주택 건설자금의 호당 융자액은 순담보 가격(주택가격에서 주택임대차보호법 제8조 제1항의 규정에 의한 우선변제권이 있는 보증금 중 일정액을 공제한 금액을 말한다)에서 제5항의 담보물에 대한 대출비율로 산정한 금액(이하 ’
protection_mechanism,32651,2,"‘이 사건 건물의 1층 전세보증금 640,000,000원과 3층 임대보증금 200,000,000원의 합계 840,000,000원(이하 이를 포괄하여 ’"
protection_mechanism,32651,2,"‘이 사건 임대차보증금 840,000,000원은 이 사건 건물에 담보된 채무이다. 따라서 증여재산가액 883,333,333원에서 이 사건 임대차보증금 840,000,000원 중 원고의 이 사건 건물에 대한 1/3 지분에 상응하는 금액을 공제함이 타당하다.’"
protection_mechanism,33049,2,"‘월세 계약이 대부분이고, 전세 계약은 몇 개 남지 않았다’"
protection_mechanism,33049,2,"“피고인 A는 도박 관련 채무로 인해 2017. 5.경까지 사채업자들로부터 본인 외 자녀에 대한 위협까지 받아 두려움을 느끼고 있었고, 결국 위 채무를 해결하지 못한 피고인 A의 요구로 별다른 준비 없이 갑자기 가족들 모두 해외로 출국하게 되었으며, 그 과정에서 I와 O 빌라 관리를 소홀히 하게 되었다. 이로 인해 금융기관 대출금 이자 지급이 연체되어 경매절차까지 진행되었고, 감정평가액이 시가를 제대로 반영하지 못하고 유찰되는 상황까지 이르러 결국 임대차보증금 전액을 회수하지 못한 임차인이 발생하게 되었다.”"
protection_mechanism,33699,2,"‘이 사건 물류센터의 감정평가가격이 37,000,000,000원으로 결정되었고, 금융권 여신금액 26,000,000,000원을 제외한 남은 금액 11,000,000,000원만으로도 피고의 2,308,500,000원 상당의 임대차보증금반환채권을 담보하기에 충분하다’"
protection_mechanism,33699,2,"’는 취지로 답변하였다. (3) 원고는 2018. 4. 18. 10:41경 신탁계약이 근저당권설정보다 유리한 방식이라는 취지로 재차 설득하는 이메일을 발송하였고, 피고는 같은 날 11:54경 ‘"
protection_mechanism,33699,2,’고 답변하면서 이 사건 신탁계약서의 초안으로 보이는 문서를 첨부하였다. 위 신탁계약서 제4조(수익자 등의 처분청구의 제한)는 ‘
protection_mechanism,33699,2,"‘는 취지의 내용을 삭제하며, ④ 임대차보증금 중 1,154,250,000원을 반환해달라는 등의 내용으로 이메일을 보냈다. (7) 원고는 2018. 4. 25. 15:03경 피고의 위 2018. 4. 25.자 요청사항을 반영하였다는 취지의 이메일을 보냈다. 위 이메일에 첨부된 동의서 양식에도 피고는 여전히 제3순위 우선수익권자로 명시되어 있으며, 원고와 피고가 주고받은 2018. 4. 26.자 이메일에 첨부된 동의서 양식에도 피고가 제3순위 우선수익권자로 명시되어 있고, 그 하단에는 ’"
protection_mechanism,33699,2,"‘라는 취지로 기재되어 있다. (8) 원고는 2018. 4. 27. ① 붙임1. 부동산신탁계약서 및 신탁재산 처분에 관한 조건(abc반영안), ② 붙임2. 부동산 담보신탁 신청 및 수익증권 발급의뢰서, ③ 붙임 3. 부동산신탁계약서 및 신탁재산 처분에 관한 조건(은행안)을 각 첨부한 이메일을 발송하면서 ’"
protection_mechanism,33699,2,"‘고 기재하였다. (9) 위 붙임1 계약서에는 피고가 제2순위 우선수익권자로 명시되어 있고, 이 사건 우선매수권 조항은 ‘"
protection_mechanism,34501,2,"’라고 한다)가 개시되었다. 이 사건 경매절차의 배당요구 종기일은 2019. 9. 20.이었고, 배당기일은 2020. 1. 21.이었다. 위 배당기일에서 소액임차인인 원고에게 1순위로 20,000,000원을, 신청채권자(근저당권자)인 원고에게 3순위로 462,564,994원을 각 배당하는 내용의 배당표(이하 ‘"
protection_mechanism,34697,2,’이라 한다)에 관하여 근저당권설정계약을 체결하고(이하 ‘
protection_mechanism,35194,2,"” 다음에 아래 기재를 추가한다. 처분문서는 그 성립의 진정함이 인정되는 이상 법원은 그 기재 내용을 부인할 만한 분명하고도 수긍할 수 있는 반증이 없으면 처분문서에 기재된 문언대로 의사표시의 존재와 내용을 인정하여야 하는바(대법원 2021. 4. 29. 선고 2021다202309 판결 등 참조), 앞서 본 바와 같이 피고와 F가 작성한 이 사건 임대차계약서가 존재함에도 불구하고 그 임대차계약이 부존재하거나 무효라는 점을 증명할 책임은 원고에게 있는 점,  ○ 제1심판결문 3면 8행의 “"
protection_mechanism,36467,2,"‘H은행‘이라 한다)과 2억 1,600만 원에 관한 대출거래약정을 체결하였다. 2) G은 그 무렵 위 대출금의 상환을 보증하기 위하여 피고와 보증금액을 2억 7,000만 원으로 정한 전세금안심대출 보증계약(이하 ‘"
protection_mechanism,36467,2,"“본인은 이 사건 부동산에 주민등록을 전입, 22층 일부를 사용 거주하고 있으나 소유자와 실제 임대차 계약관계는 없으며 따라서 향후 귀사(원고)에 대하여는 어떠한 전세권의 권리(소액 임대차관계 포함)도 주장하지 않을 것을 확인합니다”"
protection_mechanism,36467,2,‘주택임대차로서의 대항력을 취득한 것처럼 외관을 만들었을 뿐 실제 주택을 주거용으로 사용·수익할 목적을 갖지 아니 한 계약’
protection_mechanism,36467,2,"“이 사건 부동산에 전입신고를 하기는 하였으나, 실제 임대차 계약관계 없고, 향후 전세권의 권리를 주장하지 않겠다”"
protection_mechanism,36467,2,‘임차인과 공모하여 전세자금 대출을 받은 후 그 임차인의 권리를 일부러 상실시키는 방법으로 담보가치를 되살려 추가로 주택담보대출을 받을 목적’
protection_mechanism,37283,2,"‘이 사건 건물’이라고 한다)를 임대차보증금 55,000,000원, 임대차기간 2021. 1. 1.까지로 정하여 임차하기로 하는 내용의 임대차계약(이하 ‘"
protection_mechanism,37336,2,"'이라 한다) F호에 관하여 임대차보증금 120,000,000원, 임대차기간 2017. 8. 17.부터 2019. 8. 16.까지로 정하여 임대차계약(이하 '"
protection_mechanism,37977,2,’에 대해서만 위 조항이 적용된다고 해석하는 것이 자연스럽다. 만일 채권자가 배당기일에 이의하였는지 여부를 묻지 않고 부당이득반환 청구를 할 수 있도록 하려는 입법의도가 있었다면 입법기술상 그러한 의도를 반영한 입법이 얼마든지 가능하다. 그런데도 ‘
protection_mechanism,37977,2,"’만을 명시함으로써 이의한 채권자에 대해서만 위 조항을 적용하려는 입법의도를 분명하게 표명하고 있으므로, 위 조항을 함부로 확인적이거나 예시적인 규정으로 해석할 수는 없다. (2) 민사집행법이 제정되기 이전의 구 민사소송법(2002. 1. 26. 법률 제6626호로 전부 개정되기 전의 것, 이하 같다)은 다수의 경합하는 채권자들 사이의 배당순위에 관하여 프랑스 등이 채택하고 있던 이른바 ‘"
protection_mechanism,38120,2,’이라 한다)을 체결하였다. 위 계약의 특약사항에는 ‘
protection_mechanism,38120,2,’이라 한다)을 체결하였다. 위 계약의 특약사항에는 ‘
protection_mechanism,38120,2,‘원고는 현재 소유자 G에 대하여 대항력을 갖추지 못하였으므로 우선변제권이 없다’
protection_mechanism,38120,2,"‘피고는 이 사건 주택에 계약일로부터 잔금익일까지 추가근저당설정, 가압류, 가등기 등 권리관계의 변동이 없도록 할 것’"
protection_mechanism,38236,2,"'는 말을 들었던 것을 기억하고 피고인을 찾아가 전세보증금을 반환받을 수 있도록 도와달라고 부탁한 사실, 이에 피고인은 당초 공소외 1에게 이 사건 민사소송과 관련하여 법률적인 지원을 하는 조건으로 자신과 성관계를 가질 것을 요구하였으나, 피고인과의 성관계는 거절하면서도 계속하여 다른 조건하에 법률적인 지원을 해달라고 부탁하는 공소외 1에게 착수금 200만 원, 제1심 승소시 사례금 300만 원을 지급할 것을 요구한 사실, 이에 피고인과 공소외 1은 이 사건 공소사실 기재 범행 일시·장소에서 공소사실 기재와 같은 약정(이하 '"
protection_mechanism,38833,2,"‘이 사건 주택’이라 한다)에 대하여 원고에게 근저당권을 설정해 주고 2억 원을 차용한 자이며, 피고 C은 변호사로서 등기사무 직원을 고용하여 이 사건 주택에 대한 원고의 근저당권설정등기(이하 ‘"
protection_mechanism,38900,2,"""임대차계약일자 1996. 12. 12., 임차보증금 7,000,000원, 주민등록일자 1999. 7. 27., 임차범위 이 사건 주택 중 15평, 점유개시일자 1996. 12. 21., 확정일자 1999. 7. 27."""
protection_mechanism,38900,2,"""임차권은 임차주택에 대하여 민사집행법에 의한 경매가 행하여진 경우에는 그 임차주택의 경락에 의하여 소멸한다. 다만, 보증금이 전액 변제되지 아니한 대항력이 있는 임차권은 그러하지 아니하다."""
protection_mechanism,38900,2,""" 저당권·전세권, 그 밖의 우선변제청구권으로서 첫 경매개시결정 등기 전에 등기되었고 매각으로 소멸하는 것을 가진 채권자"""
protection_mechanism,40057,2,’이라 한다) 각 마쳐주었다. 나. 이 사건 계약의 체결 및 경과  원고들은 2013. 12. 11.경 피고 D과 아래와 같은 내용의 부동산매매 및 사업경영권 이전 계약을 체결하였다(이하 ‘
protection_mechanism,41101,2,‘공매부동산의 매각에 의하여도 소멸하지 아니하는 지상권·전세권·대항력 있는 임차권 또는 가등기 등’
protection_mechanism,41437,2,"‘이 사건 상가’라 한다)에 대하여 보증금 200만 원, 월세 40만 원, 임대차기간 2019. 12. 12.부터 2년으로 하는 임대차계약을 체결하고, 2019. 12. 14. ‘"
protection_mechanism,41437,2,"’이라는 상호로 사업자등록을 하고 2020. 10. 29. 폐업을 할 때까지 이 사건 상가를 점유하면서 영업을 해왔는바, 원고는 상가건물 임대차보호법에서 정한 우선변제권을 갖는 소액임차인이다. 그럼에도 피고의 신청으로 개시된 전주지방법원 군산지원 C 부동산임의경매 사건(이하 ‘"
protection_mechanism,42426,2,’란 ‘임차인과 임대사업자 사이에 분양전환을 위한 매매계약이 성립된 것’
protection_mechanism,42501,2,"'이라 한다)과 사이에, 이 사건 건물을 전대차보증금 2억 원, 전대차기간 10년, 차임 월 500만 원으로 정하여 전차하기로 하는 내용의 전대차계약(이하 '"
protection_mechanism,42758,2,"’이라고 한다). 다. 원고가 전세권설정등기를 마칠 당시에는 이 사건 부동산에 관하여 선순위 저당권·가압류·압류등기가 없었으나, 2006. 9. 5. 채권자 신용보증기금, 채무자 원형토건, 채권최고액 2억 1,000만 원으로 된 근저당권설정등기가 마쳐졌다. 라. 근로복지공단은 2007. 5. 21. 이 사건 부동산에 관하여 서울중앙지방법원 2007타경15036호로 강제경매를 신청하였고, 위 법원이 2007. 5. 22. 강제경매개시결정을 함으로써 이 사건 부동산에 관하여 강제경매(이하, ‘"
protection_mechanism,42758,2,’라고 한다)절차가 진행되었다. 마. 소외인은 이 사건 경매절차에서 배당요구종기일 이전인 2007. 7. 20. 임대차계약서와 주민등록표등본을 첨부하여 임차인으로서 “
protection_mechanism,42857,2,"""라고 한다)는 피고 B 및 C 앞으로 공제금액 1억 원인 공제증서를 발행하였다. 이 사건 임대차계약도 공제대상이다. 다. 피고 B은 이 사건 임대차계약에 관한 중개대상물 확인 설명서에 '"
protection_mechanism,47127,2,"'라 한다)는 골재 도·소매업 등을 영위하는 회사이고, 피고 D은 피고 회사 대표이사로서 피고 회사의 주식 40,000주를 소유하고 있다. 피고 E은 피고 D의 동생으로서 별지2 목록 기재 부동산을 소유하고 있다. 나. 이 사건 투자계약의 체결 원고 회사는 2018. 2. 14. 피고 회사와 사이에 아래와 같은 내용의 투자계약(갑 제1호증의 1, 이하 '"
protection_mechanism,48360,2,‘본 계약은 임대차계약에 준한다.’
protection_mechanism,48826,2,"’이라 한다)로부터 서울 강남구 (이하 생략)을 임대차보증금 300,000, 000원, 차임 월 13,000,000원(매월 말일 지급), 임대차기간 2007. 7. 12.부터 2011. 7. 11.까지로 약정하여 임차하였고(이하 위 임대차계약을 ‘"
protection_mechanism,48826,2,"’이라 하고, 위 임대차보증금에 대한 반환채권을 ‘"
protection_mechanism,48826,2,‘임대차보증금반환채권을 담보로 제공할 수 없다’
protection_mechanism,48826,2,‘임대차보증금반환채권을 담보로 제공하지 못한다’
protection_mechanism,48826,2,‘임대차보증금반환채권을 담보로 제공할 수 없다’
protection_mechanism,50215,2,"‘이 사건 주택’이라 한다)를 임대차보증금 85,000,000원, 임대차기간 2016. 12. 30.부터 2018. 12. 29.까지로 정하여 임차하는 내용의 임대차계약(이하 ‘"
protection_mechanism,50475,2,‘우선회수특약’이라 한다)을 하였다면 그 우선회수특약에 따라 변제의 순위가 정해진다. 그런데 변제로 채권자를 대위하는 경우에 ‘
protection_mechanism,50475,2,"’에는 채권자와 채무자 사이에 채무의 이행을 확보하기 위한 특약이 있는 경우에 그 특약에 기하여 채권자가 가지는 권리도 포함된다고 할 것이나, 채권자와 일부 대위변제자 사이의 약정에 지나지 아니하는 ‘"
protection_mechanism,50475,2,"’이라 한다) 채무의 일부를 대위변제하여 그 일부 대출 채권과 함께 담보인 원심 판시 5건의 근저당권(원심판결 [별지 3] 순번 2, 3, 5, 6, 7 기재 근저당권으로서, 이하 ‘"
protection_mechanism,50475,2,"’이라 한다)에 관하여 대위변제액에 상응하는 비율로 근저당권 일부를 이전받으면서, 중소기업은행과 배당·회수금의 충당순서를 정하는 특약(이하 ‘"
protection_mechanism,51537,2,'이 사건 근저당권설정계약'
protection_mechanism,51857,2,"’이라고 한다)는 한림시티앤지의 근로자들로서 한림시티앤지에 대하여 총 49,989,793원의 우선변제 대상 임금채권을 가지고 있는데, 한림시티앤지는 2013. 7. 4.경 공증인가 법무법인 우리하나로 작성 증서 2013년 제446호로 피고 등이 선정당사자로 선정한 피고를 채권자로 하여 위 49,989,793원을 2013. 7. 10.까지 변제(지연이율 연 20%)하기로 하는 내용의 채무변제계약 공정증서(이하 ‘"
protection_mechanism,52360,2,"'이라 한다) 중 G호에 대하여 보증금 4,000만 원, 기간 2017. 11. 15.부터 2019. 11. 14.까지로 하는 임대차계약을 체결하였다(이하 '"
protection_mechanism,52662,2,"’이라고 한다)을 원고에게 양도하는 계약을 체결하였다. 다. 위 양도계약에 따라 원고와 동희개발은 2통의 채권양도 통지 및 승낙서를 작성하여 원고의 팩시밀리를 통해 한국토지공사 전북지사에 송부하였고, 한국토지공사 전북지사장은 그 채권양도를 승낙하는 취지의 승낙서를 각 작성한 후 이를 우편으로 원고에게 발송하였는데, 1통의 승낙서(갑 제13호증의 1, 이하 ‘"
protection_mechanism,52681,2,"‘동희개발’이라고만 한다)에게 여신기간 만료일을 2007. 3. 29.로 정하여 제1대출금인 9억 원을 대출함과 아울러, 제1대출금채무의 담보로서 동희개발이 한국토지공사에 대하여 가지는 매매대금반환청구권 중 11억 7,000만 원 상당인 제1담보채권을 양도받은 사실, ② 그런데 원고(탈퇴)가 2004. 3. 29. 제1담보채권의 대항력을 갖추기 위해서 한국토지공사에 보낸 ‘"
protection_mechanism,53097,2,"‘E’라 한다)와 사이에 이 사건 주택에 관하여 보증금 4,500만 원으로 하는 임대차계약서(이하 ‘"
protection_mechanism,53437,2,"'이라 한다)을 임차보증금 1,500만 원, 월 차임 35만 원, 임대기간 2017. 3. 22.부터 2019. 3. 21.까지로 정하여 임차한 후, C에 임차보증금을 지급하고 이 사건 부동산을 인도받아 현재까지 이를 점유·사용하고 있으며, 2017. 3. 22. 전입신고를 마쳤다. 나. 한편, C는 2015. 9. 30. 이 사건 부동산을 매수하여 2015. 11. 12. 위 매매를 원인으로 한 소유권이전등기를 마친 다음 같은 날 D 주식회사(이하 '"
protection_mechanism,53656,2,‘칠천만원정은 계약시에 임대인에게 지불하고’
protection_mechanism,53656,2,"‘E이 원고에게 임대차보증금 70,000,000원을 반환하지 않은 사실’"
protection_mechanism,54020,2,"‘대항력 등’이라는 표제로 제1항에서 대항력의 요건을 정하고, 제2항에서 “"
protection_mechanism,54216,2,"’이라 한다)을 매매대금 15억 5,000만 원에 매수하되, 위 매매대금의 지급은 당시 이 사건 각 부동산에 설정된 중소기업은행 및 소외 D의 각 근저당권에 관한 피담보채무액(합계 약 15억 4,000만 원)을 피고 C가 그대로 인수하고, 나머지 잔금 약 1,000만 원은 그 무렵 피고 C의 피고 A에 대한 물품대금 채권과 상계하는 내용의 매매계약(이하 ‘"
protection_mechanism,54478,2,"‘이 사건 부동산을 피고에게 매도할 당시 정확한 매매금액을 정하지 않고 근저당권부채무 2억 4천만 원, 당시 임대차보증금 1억 8천만 원을 피고가 인수하고 2천만 원을 지급하는 것으로 약정하였다.’"
protection_mechanism,54513,2,"'이라 한다)을 추진한 회사이고, 피고 Q은 R로부터 이 사건 사업의 시행을 위탁받은 신탁회사이며, 피고 S은 이 사건 숙박시설의 수분양자들에게 중도금 대출을 실행한 은행이다. 나. 원고들과 R 사이의 분양계약의 체결 등 1) 원고들은 2016.경 R와 사이에 별지2 분양계약 내용표의 '"
protection_mechanism,54513,2,'란 기재 해당 계약금을 R가 지정한 피고 Q 명의의 계좌로 지급하였다. 2) 최초 분양계약서에는 입주예정일이 '
protection_mechanism,54513,2,"'이라 한다)을 체결하였는데, 이 사건 종전 신탁계약서의 주요 내용은 다음과 같다.   라. 원고들과 R, 피고 Q 사이의 분양계약의 체결 1) 피고 Q과 R(이하 '"
protection_mechanism,54513,2,'이라 한다)는 이 사건 종전 신탁계약에 따라 원고들과 사이에 별지2 분양계약 내용표의 '
protection_mechanism,54513,2,'으로 각 기재되어 있었다. 이 사건 분양계약서의 주요 내용은 다음과 같다.    마. 원고들의 확약서 작성 원고들은 이 사건 분양계약 체결 당시 피고 Q 등에게 '
protection_mechanism,54513,2,"'이라 한다)을 체결하고 이를 피고 Q에 통지하였으며, 피고 Q은 위 양도통지에 대하여 승낙하였다. 사. R와 피고 Q 사이의 차입형토지신탁계약의 체결 R와 V이 사업비 조달에 어려움을 겪으면서 이 사건 숙박시설에 관한 공사가 2018. 3. 초경 중단되자, R와 V은 2018. 3.경 피고 Q과 사이에 피고 Q이 이 사건 사업의 추진을 위하여 사업비를 조달하는 내용의 차입형토지신탁계약을 체결하였는데(이하 '"
protection_mechanism,54513,2,"'원고들은 이 사건 분양계약과 관련한 임대수익률 보장 등 분양목적물과 관련하여 피고 Q이 일체의 수익보장이나 이용혜택의 책임을 부담하지 아니하는 것에 관하여 동의하며, 이에 따라 임대수익률 보장 및 각종 이용혜택 등이 이행되지 아니한 것을 이유로 피고 Q에게 매매대금의 감액 청구, 본 계약의 무효, 취소 또는 해제의 주장, 손해배상청구 등을 하지 아니할 것을 확인한다'"
protection_mechanism,54513,2,"'이 사건 분양계약과 이 사건 대출약정은 별개이고, 원고들은 이 사건 분양계약이 해제 등 사유로 효력이 상실되는 경우 우선적으로 이 사건 대출약정에 기한 대출금채무를 상환하겠다'"
protection_mechanism,55050,2,"‘이 사건 건물’이라 한다)에 관하여 2020. 7. 31. 공유물분할을 위한 경매로 인한 매각을 원인으로 한 원고 명의의 소유권이전등기를 마친 다음, 같은 날 주식회사 C 앞으로 (담보)신탁계약을 원인으로 한 소유권이전등기를 마쳐 주었다. ○ 피고는 2008. 4. 5.경 전 건물주 겸 임대인 대표인 D로부터 이 사건 건물 중 1층 대중음식점 298.00㎡(이하 ‘"
protection_mechanism,55050,2,"’이라 한다)를 임차한 후, 2020.경까지 계약갱신을 거듭하며 위 건물부분에서 ‘"
protection_mechanism,55087,2,"‘이 사건 건물’이라 한다) 중 3층 G호에 대하여 임대차보증금 4,000만 원, 임대차기간 2년으로 한 임대차계약을 체결하고(이하 ‘"
protection_mechanism,55413,2,"’)를, 기간 2015. 10. 1.부터 2020. 9. 30.까지 60개월간, 보증금 7,000만원, 월차임 275만원(부가가치세 포함)으로 정하여 임차하여 그곳에서 식당을 경영해 왔다. 그리고 그 무렵 원고는 이 사건 점포에 관한 상가건물임대차보호법 소정의 대항력 요건을 구비하였다. 다. 피고 C 주식회사(이하 ‘"
protection_mechanism,55521,2,‘이 사건 근저당권설정계약’
protection_mechanism,55647,2,‘이 사건 근저당권설정계약’
protection_mechanism,55654,2,"’근저당권자 주식회사 X, 채무자 D, 채권최고액 57억 2,000만 원의 근저당권설정등기‘"
protection_mechanism,56252,2,"'이라 한다) 중 지층 F호, 지층 G호를 임대차보증금 150,000,000원, 월차임 4,500,000원에 임대하는 내용의 임대차계약(이하 '"
protection_mechanism,56738,2,"“이 사건 주택의 임차인 J이 2012. 11.부터 현재까지 임대차보증금 6,500만 원, 전입일자 2013. 1. 14.로 하여 점유하고 있다”"
protection_mechanism,57899,2,"‘이 사건 건물’이라 한다)을 인도하고, 2020. 10. 19.부터 위 건물의 인도 완료일까지 월 2,900,000원의 비율로 계산한 돈을 지급하라.  이유 1. 인정사실 가. 피고는 2014. 1. 16.경 C과 이 사건 건물에 관하여 임대차보증금 40,000,000원, 차임 월 2,800,000원, 임대차기간 2014. 1. 16.부터 24개월로 정하여 임대차계약(이하 ‘"
protection_mechanism,57899,2,‘그 밖에 임차인이 임차인으로서의 의무를 현저히 위반하거나 임대차를 계속하기 어려운 중대한 사유가 있는 경우’
protection_mechanism,58618,2,"’이라 한다)를 임차하여 약국을 운영하는 사람이다. 나. 이 사건 건물의 소유자이던 소외 1은 2008. 7. 31. 피고와 이 사건 약국에 관하여 임대차 보증금 100,000,000원, 차임 월 2,500,000원, 임대차기간 2008. 8. 1.부터 2년으로 하는 내용의 임대차계약(이하 ‘"
protection_mechanism,58618,2,"‘권리금계약서 원본, 약사자격증사본, 약사경력증명서, 2014년도 부가가치세 납부증명서, 2015년도 소득세납부증명서, 2014년도 재산세 납부실적, 가족관계증명부, 국세 및 지방세 완납증명서, 새로운 임차인 명의의 예금잔고 증명서 원본, 약국 운영 단기 계획서 및 장기계획서’"
protection_mechanism,58618,2,"‘소외 2는 ① 보증금 및 차임을 지급할 자력이 부족하다고 판단되고(예금잔고증명 미제출, 전적으로 부모의 자금에 의존), ② 임차인으로서의 의무를 이행할 의사 및 능력이 부족하다고 판단됩니다(약국 운영 단기계획 및 장기계획서 미제출, 약국 개업에 대한 본인의 소견 또는 장래 포부, 미래 비전 등등에 대한 언급이 전혀 없었음)’"
protection_mechanism,59431,2,“위 제4조의 충분한 협의 결과 임차인 피해자 가족은 별도의 세대구성 없이 임대인 D의 동거인으로써 전입신고를 하기로 한다”
protection_mechanism,59532,2,"’이라 한다)을 체결하고, 같은 날 G에 신탁을 원인으로 한 소유권이전등기를 마쳐 주었다. 다. 원고는 2016. 9. 27. 공인중개사인 피고의 중개로 C과 사이에 이 사건 부동산을 임대차보증금 60,000,000원, 차임 월 400,000원, 임대차기간 2016. 10. 9.부터 2018. 10. 8.까지로 정하여 C으로부터 임차하는 내용의 임대차계약(이하 ‘"
protection_mechanism,59532,2,"‘신탁자가 신탁계약체결 이후 새로운 임대차계약을 체결하는 경우에는 수탁자 및 우선수익자의 서면에 의한 동의를 받아야 하고(제11조 제2항), 신탁자가 수탁자 또는 우선수익자의 동의 없이 신탁부동산을 제3자에게 임대함으로서 발생하는 모든 손해나 비용을 배상할 책임이 있다(제5조)’"
protection_mechanism,59732,2,"'라 한다)에 관하여 서울남부지방법원 등기국 2015. 7. 24. 접수 제40472호로 채권최고액 288,000,000원, 근저당권자 원고로 하는 근저당권설정등기(아래에서 '"
protection_mechanism,60439,2,"'이라고만 한다)은 소외인의 소유로 있을 당시인 1993. 9. 6. 이 사건 각 부동산 중 토지에 대하여 채무자를 소외인으로 하여 채권최고액 7억 8천만 원의 근저당권설정등기를, 1994. 10. 4. 이 사건 각 부동산 중 건물에 대하여 추가근저당권설정등기를 각 마쳤다. (4) 피고 주식회사 서울은행(1995. 6. 1. 서울신탁은행에서 현 상호로 변경되었다. 다음부터 '"
protection_mechanism,60455,2,"‘우양주택건설’이라 한다)에 30억 원을 이자 연 9%, 연체이자 최고 연 19%로 약정하여 대출하였다. 피고 부림저축은행은 위 채권 등의 담보로서 소외 1과 소외 2 및 우양주택건설 소유의 별지 부동산의 표시 기재 부동산 전부에 관하여 2009. 2. 26. 채권최고액 65억 원의 근저당권을 설정받았다가 위 30억 원의 채권만이 남게 되자 2009. 10. 19. 채권최고액을 39억 원으로 변경하였다(이하 변경된 근저당권을 ‘"
protection_mechanism,60455,2,’이라 한다). (2) 원고는 2009. 10. 14. 소외 1에 대한 채권을 피담보채권으로 하여 소외 1 소유의 별지 부동산의 표시 기재 부동산 중 1에서 9번 부동산에 관하여 채권최고액 9억 1천만 원의 근저당권을 설정받았다(이하 위 근저당권을 ‘
protection_mechanism,60455,2,"’이라 한다). (3) 피고 부림저축은행은 2010. 5. 19. 우양주택건설에게 5억 원을 이자 연 10%, 연체이자 기간에 따라 연 10%에서 연 12%로 정하여 대출하면서 2010. 5. 18. 별지 부동산의 표시 기재 부동산 중 우양주택건설 소유의 부동산 전부에 관하여 채권최고액 6억 5천만 원의 근저당권을 설정받았다(이하 위 근저당권을 ‘"
protection_mechanism,60455,2,"’이라 한다). (4) 피고 부림저축은행은 2010. 12. 23. 우양주택건설에게 4억 원을 이자 연 10%, 연체이자 기간에 따라 연 10%에서 연 12%로 정하여 대출하면서 2010. 12. 22. 별지 부동산의 표시 기재 부동산 중 우양주택건설 소유의 14에서 18번 부동산에 관하여 채권최고액 5억 2천만 원의 근저당권을 설정받았다(이하 위 근저당권을 ‘"
protection_mechanism,61691,2,‘질권 설정 승낙서 및 임차보증금 반환 확약서’
protection_mechanism,61691,2,"“임대차 목적물의 매매로 인하여 주택의 소유자(임대인)가 변경될 경우에 매매계약서에 귀사에서 전세자금대출이 취급되었고, 질권 설정 내용과 새로운 소유자에게 적용된다는 사실을 명기하고 동 내용을 귀사에 통보하기로 합니다.”"
protection_mechanism,62950,2,"’이라 한다)을 체결하고 같은 날 이 사건 각 부동산에 관하여 피고 명의로 소유권이전등기를 경료하여 주었다. 2) 이 사건 매매계약이 체결되기에 앞서 이 사건 각 부동산 및 제대기에 관하여는 2010. 1. 29. 수원지방법원 용인등기소 (접수번호 생략)로 채권최고액 18억 원, 채무자 엘에스산업, 채권자 중소기업은행으로 한 공동근저당권(이하 이 사건 ‘"
protection_mechanism,63014,2,"“피고인이 ‘대항력이 있어 전세보증금을 내줘야 하는 사람이 있었는데, 그 사람을 잘 설득해 가지고 300만 원만 주고 590만 원을 안 내줬다’"
protection_mechanism,63014,2,‘현재 관리하고 있는 자금에서 위 890만 원을 임차보증금 반환에 사용한 것처럼 거짓으로 꾸며 동액 상당을 횡령할 의도’
protection_mechanism,63014,2,“임차인 I으로부터 임차보증금 및 차임으로 현금 435만 원을 수령한 후 40만 원은 부동산 중개수수료로 지급하였다.”
protection_mechanism,64705,2,"‘△△△’라는 상호로 사업자등록을 마치고, 2009. 6. 29. 피고와 사이에 이 사건 회생지원보증계약을 체결하였는데, 원고는 이 사건 회생지원보증계약 당시 위와 같이 이미 사업자등록을 마침으로써 신용보증기금법 제2조 제1호에 따른 ‘"
protection_mechanism,64770,2,"’라 하고, 이 사건 근저당권설정등기에 따른 근저당권을 ‘"
protection_mechanism,66256,2,"""입찰기일 후 낙찰기일 전 대항력 있는 임차인이 배당요구를 한"""
protection_mechanism,66256,2,"""입찰기일 후 낙찰기일 전 대항력 있는 임차인이 배당요구를 한"""
protection_mechanism,68764,2,‘이 사건 근저당권설정계약’
protection_mechanism,69051,2,‘이 사건 근저당권설정계약’
protection_mechanism,70196,2,"’고 규정함으로써, 상가임대차법의 일부 조항은 대통령령으로 정한 보증금액을 초과하는 임대차에 대하여도 적용되도록 개정하였다. 그리고 그 후 상가임대차법은 2015. 5. 13. 법률 제13284호로 개정되어 같은 날 시행되면서 제10조의4(권리금 회수기회 보호 등)의 규정을 신설하고, 제2조 제3항의 ‘"
protection_mechanism,70758,2,‘피고와 C 사이에 이 사건 부동산에 관하여 체결된 위 각 근저당권설정계약을 취소한다’
protection_mechanism,71463,2,"’이라 한다)을 체결하였다. 3) D은 2018. 12. 7. 이 사건 대출 원리금을 담보하기 위하여 피고 B의 C에 대한 이 사건 임대차보증금반환채권에 담보한도액을 4억 6,800만 원으로 하는 질권(이하 ‘"
protection_mechanism,71463,2,"’이라 한다)을 설정하였다. 피고 B으로부터 통지대리권을 수여받은 D은 2018. 12. 11. C에게 질권 설정 통지를 보냈고, 위 통지는 2018. 12. 12. C에게 도달하였다. 4) 피고 B과 원고는 2018. 12. 19.경 보험금액 4억 2,900만 원, 피보험자 D으로 하여 피고 B의 D에 대한 이 사건 대출금 반환채무를 보증하는 전세자금보증보험계약(이하 ‘"
protection_mechanism,71472,2,’이라 한다) 각 마쳐주었다. 나. 이 사건 계약의 체결 및 경과  원고들은 2013. 12. 11.경 피고 D과 아래와 같은 내용의 부동산매매 및 사업경영권 이전 계약을 체결하였다(이하 ‘
protection_mechanism,72769,2,"‘원고의 채권매수청구에 대한 협의회의 매수방안이 현재까지 확정되지 않고 있어 원고가 보유한 이 사건 파생계약에 대해 현상유지 차원에서 관리 중에 있으나, 매수가 완료될 때까지의 위 파생계약 관리에 따른 비용발생과 손익변동이 계속되고 있으므로 채권매수가격 결정 및 매수 절차를 조속히 진행해 줄 것을 요청한다’"
protection_mechanism,72769,2,"‘원고는 2011. 9. 7. 채권매수청구권을 행사하였으므로 채권매수청구권 행사 이후에는 이 사건 파생계약 상의 권리와 의무가 모두 협의회에 귀속되었다. 원고는 수차례 이 사건 파생계약을 현상유지 차원에서 관리하되, 채권매수절차의 지연으로 발생되는 일체의 손실에 대해서 협의회가 부담해야 함을 통지한 바 있다’"
protection_mechanism,73238,2,‘피고 텍스원’이라 한다)에 대하여 주문 제2항과 같다(원고는 사해행위취소에 따른 원상회복으로 제1심에서 근저당권설정등기의 말소를 구하다가 당심에서 채권양도의사표시 및 통지를 구하는 것으로 이 부분 소를 교환적으로 변경하였다). 나. 피고 주식회사 광진섬유(이하 ‘
protection_mechanism,73238,2,"’라 한다)에서 제1부동산이 매각됨에 따라 제1근저당권설정등기는 모두 말소되었고, 2009. 5. 29. 피고 텍스원 앞으로 127,667,180원을 배당하는 내용의 배당표가 작성되었는데, 위 배당기일 이전인 2009. 5. 21. 의정부지방법원 2009카합364호로 채권자 원고, 채무자 피고 텍스원, 제3채무자 대한민국으로 하여 피고 텍스원이 이 사건 경매절차에서 제1근저당권에 기하여 배당받을 채권(별지 채권 목록 기재 채권이다. 이하 ‘"
protection_mechanism,73525,2,"‘N호’라고 한다)에 관하여 임대차보증금을 50,000,000원, 임대차기간을 2019. 3. 19.부터 2020. 3. 18.까지로 정하여 N호를 임차하는 내용의 임대차계약을 체결하였다. 피고 C은 2019. 3. 20. N호로 전입신고를 마쳤다. 피고 C의 사위인 O은 2015. 9. 30.경 이 사건 부동산의 소유자이던 P(이후 2015. 12. 31. F으로 소유자가 변경되었음)과 사이에, 이 사건 부동산 중 Q호(이하 ‘"
protection_mechanism,73766,2,“임차인은 만약 경매 등으로 인하여 전액 보장하지 못하더라도 임대인에 대하여 구상권을 행사하지 않기로 한다”
protection_mechanism,76374,2,'란 기재 해당 계약금을 C가 지정한 피고 B 명의의 계좌로 지급하였다. 2) 최초 분양계약서에는 입주예정일이 '
protection_mechanism,76374,2,"'이라 한다)을 체결하였는데, 이 사건 종전 신탁계약서의 주요 내용은 다음과 같다.   라. 원고들과 C, 피고 B 사이의 분양계약의 체결 1) 피고 B과 C(이하 '"
protection_mechanism,76374,2,'으로 각 기재되어 있었다. 이 사건 분양계약서의 주요 내용은 다음과 같다.    마. 원고들의 확약서 작성 원고들은 이 사건 분양계약의 체결 당시 피고 B 등에게 '
protection_mechanism,76374,2,"'이라 한다)을 체결한 다음, 피고 B에게 대출받은 이 사건 중도금을 납부하였다. 사. C와 피고 B 사이의 차입형토지신탁계약의 체결 C와 G이 사업비 조달에 어려움을 겪으면서 이 사건 숙박시설에 관한 공사가 2018. 3. 초경 중단되자, C와 G은 2018. 3. 19.경 피고 B과 사이에 피고 B이 이 사건 사업의 추진을 위하여 사업비를 조달하는 내용의 차입형토지신탁계약을 체결하였는데(이하 '"
protection_mechanism,76374,2,"'원고들은 이 사건 분양계약에 관련한 임대수익률보장 등 분양목적물과 관련하여 피고 B이 일체의 수익보장이나 이용혜택의 책임을 부담하지 아니하는 것에 관하여 동의하며, 이에 따라 임대수익률 보장 및 각종 이용혜택 등이 이행되지 아니한 것을 이유로 피고 B에게 매매대금의 감액 청구, 본 계약의 무효, 취소 또는 해제의 주장, 손해배상청구 등을 하지 아니할 것을 확인한다'"
protection_mechanism,76374,2,"'이 사건 분양계약과 이 사건 대출약정은 별개이고, 원고들은 이 사건 분양계약이 해제 등 사유로 효력이 상실되는 경우 우선적으로 이 사건 대출약정에 기한 대출금채무를 상환하겠다'"
protection_mechanism,76550,2,‘아이티건설’이라 한다)와 피고 사이에 이 사건 각 건물에 관하여 2002. 11. 1. 체결한 근저당권설정계약(이하 ‘
protection_mechanism,76856,2,"'저당권자는 배당요구의 종기가 아니라 배당기일 전까지 물상대위권을 행사하면 우선변제를 받을 수 있고, 적어도 원고가 이 사건 배당요구의 종기인 공탁사유신고일 이전에 채권압류 및 전부명령을 신청하여 구 민사소송법 제733조에 의한 권리를 행사한 이상 위 채권압류 및 전부명령의 송달에 관계없이 물상대위권자로서 우선변제 받아야 한다.'"
protection_mechanism,76878,2,"’이라 한다) I호를 임대차보증금 150,000,000원에 임대하기로 하는 계약(다음부터 ‘"
protection_mechanism,77816,2,"‘이 사건 건물’이라 한다)의 공유자인 피고들과 이 사건 건물에 관하여 임대차보증금 150,000,000원, 임대차기간 2017. 8. 31.부터 2019. 8. 30.까지로 정하여 임차하는 내용의 임대차계약(이하 ‘"
protection_mechanism,79680,2,"'이라 한다)을 체결하였다.  라. 원고는 2005. 9. 3. C과 사이에 이 사건 분양계약을 합의해제하면서, 이미 납부한 분양대금 중 계약금과 개발비 합계 101,400,000원은 포기하고 중도금 중 본인 부담분 1억 3,200만 원(이하 '"
protection_mechanism,79878,2,"'이라고만 한다) 제8조 제3항이 대통령령에 위임한 것은 보증금의 범위이지 보증금의 보호개시일자까지 위임한 것은 아니라고 볼 것인 점, 구 주택임대차보호법시행령(1990. 2. 19. 대통령령 제12930호로 개정되기 전의 것, 이하 '"
protection_mechanism,79974,2,"‘G’라 한다)와 사이에 임대인 G, 임차인 F, 임대차 목적물 순천시 H아파트 I호(이하 ‘"
protection_mechanism,79974,2,"’라 한다), 임대보증금 7,000만 원, 기간 2011. 12. 6.부터 2013. 12. 5.까지로 하는 임대차계약(이하 ‘"
protection_mechanism,80338,2,’라 한다)에 관하여 채권최고액 1억 2천만 원으로 하는 근저당권설정계약을 체결하고(이하 ‘
protection_mechanism,80338,2,"’라 한다). 4) B은 2019. 5. 24.경 피고와 사이에 이 사건 토지에 관하여 매매대금 6,500만 원으로 하는 내용의 매매계약을 체결하고(이하 &apos이 사건 매매계약‘"
protection_mechanism,80338,2,"‘D주유소’를 운영하면서 R 주식회사로부터 구매한 유류대금을 결제하는 용도로 사용되는 것으로 추측되는데, 이 사건 채권양도계약 후 1개월 만에 위 주식회사 E에 대한 채무가 237,299,175원으로 급격하게 증가하는 것(갑 제7호증)을 볼 때 이 사건 채권양도계약을 통한 피고에 대한 채무의 변제가 B이 ‘"
protection_mechanism,82123,2,’이라 한다)에 관하여 다른 담보물권자보다 우선하여 변제받을 권리를 인정하는 한편 같은 조 제3항은 우선변제를 받을 임차인(이하 ‘
protection_mechanism,82249,2,"‘이 사건 주택’이라 한다)에 관한 소유권이전등기를 마친 소유자였는데, 2016. 10. 10.경 동생인 피고에게 이 사건 주택을 임대차보증금 45,000,000원, 임대차기간 2018. 10. 30.까지로 정하여 임대하기로 하는 임대차계약(이하 ‘"
protection_mechanism,82265,2,"“임차권은 임차주택에 대하여 민사소송법에 의한 경매가 행하여진 경우에는 그 임차주택의 경락에 의하여 소멸한다. 다만, 보증금이 전액 변제되지 아니한 대항력이 있는 임차권은 그러하지 아니하다.”"
protection_mechanism,83305,2,"‘대항력 등’이라는 표제로 제1항에서 대항력의 요건을 정하고, 제4항에서 “"
protection_mechanism,83445,2,"'이라 한다)로 하여금 양수하도록 하고, 분양수입금과 상가임대보증금, 리파이낸싱 등을 통하여 J이 대출원리금을 회수하면 이를 투자자들에게 분배하는 구조이다. 3) 이 사건 펀드 설정일은 2006. 8. 8., 모집금액은 총 695억 원, 투자기간은 3년, 제시수익률은 연 7.63%로 설정되었다. 다. 원고들의 이 사건 펀드에 대한 투자계약 체결 피고 A는 K 주식회사(이하 '"
protection_mechanism,83538,2,"""H 상가 AA호 강제경매 취소를 위한 항고보증금, 경매신청권자 Z에 대한 채무변제금, 향후 대주단의 사전동의 하에 불가피하게 지출되는 신탁사무처리비용에 관하여 우선변제를 인정한다. 다만, 이는 신탁재산 가치 유지 및 사업정상화를 위해 부득이하게 인정되는 것이다."""
protection_mechanism,84376,2,"‘이 사건 건물’이라 한다)을 임차보증금은 6,000만원, 임차기간은 2004. 4. 30.부터 2009. 4. 29.까지로 정하여 임차하였다가 2009. 7. 1. 임차보증금은 6,000만원, 차임은 월 250만원, 임차기간은 2009. 7. 1.부터 2014. 6. 30.까지로 변경하였다(이하 ‘"
protection_mechanism,85713,2,"’라 한다)를 건설하였다. 나. 평창토건은 임대사업자로서 임대의무기간을 5년으로 정하여 이 사건 아파트의 임차인을 모집하였는데, 임차인모집공고 당시 ‘"
protection_mechanism,85713,2,’ 제21조에 따라 건설임대주택인 2차 아파트의 임차인대표회의가 2008. 7. 4. 직접 울산 북구청장에 임차인에 대한 우선 분양전환에 관한 승인(이하 ‘
protection_mechanism,86440,2,‘이 사건 근저당권설정계약’
protection_mechanism,86927,2,"’이라 한다. 이 사건 주식 이외의 나머지 3,455주는 1,000주권 3장, 100주권 4장, 50주권 및 5주권 각 1장으로 보호예수되었고, 2002. 7. 26. 1주당 액면가가 500원으로 액면분할되어 이를 기준으로 하면 13,634,550주가 되는데, 액면분할에 따라 1주당 액면가 500원인 신주에 대한 새로운 주권이 재보호예수되지는 아니하였다)의 주권에 관하여 반환제한기간을 2002. 6. 24.부터 2003. 6. 23.까지로 정하여 보호예수 및 반환제한에 관한 약정(이하 ‘"
protection_mechanism,86927,2,’이라 한다)의 주권에 관하여 반환제한기간을 2002. 6. 24.부터 2002. 9. 23.까지로 정하여 보호예수 및 반환제한에 관한 약정(이하 ‘
protection_mechanism,86927,2,"‘질권설정을 승낙하며, 보호예수기간이 지나 상기 유가증권을 반환할 경우 질권자 또는 질권자가 지정하는 자에게 반환할 것’"
protection_mechanism,87170,2,"‘이 사건 건물’이라 한다) 중 3층 G호에 대하여 임대차보증금 4,000만 원, 임대차기간 2년으로 한 임대차계약을 체결하고(이하 ‘"
protection_mechanism,90057,2,"「피고인은 2005. 11. 9.경 서울 마포구 합정동 (이하 생략) 공소외 1 법무사 사무실에서, 사실은 피해자 공소외 2로부터 인수금 명목으로 금원을 받더라도 이를 서울 영등포구 영등포동2가 (지번 생략) 소재 상가주택에 입주하여 있는 세입자들에게 임대차보증금으로 반환하여 줄 의사나 능력이 없음에도 불구하고, 피해자에게 “"
protection_mechanism,90071,2,"'라 한다)을 임대차보증금 30,000,000원, 월 임료 500,000원으로 정하여 임대(위 임대차계약을 이하 '"
protection_mechanism,90207,2,"’이라 한다)을 소유하고 있었는데, 자신의 피고 안중농협에 대한 채무를 담보하기 위하여 2006. 9. 1. 이 사건 제1 부동산에 관하여 채권최고액 1억 3,000만 원의 제1순위 근저당권을, 2009. 12. 8. 이 사건 제2 내지 7 부동산에 관하여 채권최고액 15억 1,000만 원의 제1순위 근저당권을 각 피고 안중농협 앞으로 설정해 주었다(이하 통칭하여 ‘"
protection_mechanism,90298,2,‘보험계약자가 계약체결후에 보험수익자를 지정 또는 변경할 때에는 보험자에 대하여 그 통지를 하지 아니하면 이로써 보험자에게 대항하지 못한다’
protection_mechanism,91174,2,"’)가 진행되었다. 나. 원고는 2019. 12. 19. 이 사건 경매절차에 이 사건 부동산 중 25㎡를 보증금 20,000,000원에 임차하였다는 내용의 권리신고 및 배당요구신청서를 제출하였다. 다. 그러나 위 경매법원은 원고가 진정한 임차인이 아니라고 판단하여 2020. 6. 30. 아래와 같은 내용의 배당표(이하 ‘"
protection_mechanism,91527,2,"‘이 사건 건물’이라 한다)를 임대차보증금 8,000만원, 월차임 250만원(부가가치세 별도), 기간 2015. 6. 1.부터 2017. 5. 31.까지로 정하여 임차하는 내용의 임대차계약을 체결하고(이하 ‘"
protection_mechanism,91527,2,"’라 한다), 그 무렵 D에게 임대차보증금을 지급하고 이 사건 건물을 인도받은 다음 2015. 5. 27. 이 사건 건물을 사업장 소재지로 한 사업자등록을 마쳤다. 나. 원고는 2018. 10. 1.경 C의 대리인인 D에게 2018. 11. 10.을 종료일로 하여 이 사건 임대차를 해지하겠다는 의사표시를 하였고, D은 이에 동의하였다. 다. 피고는 C과 부부였던 사이로, C을 상대로 제기한 서울가정법원 2017드합31708 이혼 등 청구의 소 계속 중 2018. 10. 12. ‘"
protection_mechanism,91527,2,"“원고가 D으로부터 8,000만원을 차용하고, 피고로부터 이 사건 임대차보증금을 반환받는 즉시 위 차용금을 변제한다”"
protection_mechanism,91687,2,"’이라 함)을 공동담보로 하여 채권최고액 2,616,000,000원으로 하는 근저당권 설정등기를 마쳐주었다. 원고는 C의 물상보증인으로서 같은 날 D에게 그 소유의 별지 목록 기재 부동산(이하 이 사건 부동산이라 함)을 공동담보로 하여 대구지방법원 등기국 2016. 10. 31. 접수 제174922호로 채권최고액 2,616,000,000원, 채무자 의료법인 C으로 된 근저당권설정등기(이하, ‘"
protection_mechanism,91688,2,"’는 내용의 합의각서를 작성해 주었다. ○ 이 사건 건물에 관하여 2005. 6. 4. 소외 1의 채권자인 주식회사 한마음상호저축은행의 촉탁에 따라 소외 1 명의로 소유권보존등기가 마쳐진 뒤 2005. 6. 14. 피고 앞으로 채권최고액 합계 8억 원의 각 근저당권설정등기가 마쳐졌다. ○ 2005. 7. 27. 이후 소외 1이 실종되자, 피고는 이 사건 매도담보계약을 체결하면서 소외 1로부터 미리 받아두었던 ‘"
protection_mechanism,92012,2,"“마. 원고들은 이 사건 신탁계약 당시 우선수익자이거나(원고 2, 3, 9, 10, 12), 금융위원회의 계약 이전 결정 등에 따라 우선수익자의 지위를 이전받았거나(원고 7, 8), 우선수익자의 파산관재인(원고 1, 4, 5, 6, 11)이다.“"
protection_mechanism,92045,2,"’이라 한다)와 사이에 별지 목록 순번 32번 기재 부동산에 관하여 신탁계약을 체결하였고, 2016. 6. 8. 피고 G에게 소유권이전등기를 마쳐주었다. 라. I는, 2016. 9. 29. 피고 C으로부터 1억 3,500만 원을 차용하고 그 담보로 피고 C에게 별지 목록 순번 7 내지 9번 기재 각 부동산에 관하여 각 채권최고액 2억 2,500만 원인 근저당권(이하 ‘"
protection_mechanism,93138,2,"‘등기원인: 2010. 7. 19. 설정계약, 채무자: 망인, 근저당권자: 원고, 채권최고액: 1억 원’"
protection_mechanism,94107,2,‘근저당권 설정 당시는 주택이 아니던 건물 부분이 근저당권 설정 후에 주택으로 용도변경된 경우’
protection_mechanism,94114,2,"’이라 한다)에는 피고가 이 사건 빌라를 보증금 2,000만 원, 차임 30만 원에 임차하되, 보증금은 피고의 딸인 “"
protection_mechanism,94818,2,"’이라 한다)를 임차하여 약국을 운영하는 사람이다. 나. 이 사건 건물의 소유자이던 소외 1은 2008. 7. 31. 피고와 이 사건 약국에 관하여 임대차 보증금 100,000,000원, 월 차임 2,500,000원, 임대차기간 2008. 8. 1.부터 2년으로 하는 내용의 임대차계약(이하 ‘"
protection_mechanism,94818,2,"‘상가임대차법’이라 한다) 소정의 대항력을 원용할 수도 없으므로, 피고는 임대차계약이 존속 중임을 전제로 같은 법 제10조의4에서 정한 권리금 회수 기회 보호규정(이하 ‘"
protection_mechanism,94818,2,‘임차인이 임차인으로서의 의무를 현저히 위반하거나 임대차를 계속하기 어려운 중대한 사유가 있는 경우’
protection_mechanism,94957,2,‘E에 대해 가지고 있던 기존 대여금 등 채권으로 이 사건 임대차계약상 임대차보증금의 지급에 갈음했다’
protection_mechanism,95623,2,"‘이 사건 건물’이라 한다)을 각 1/2 지분으로 공유하고 있었다. 나. 원고는 2019. 7. 20. 피고, C과 사이에, 피고와 C으로부터 이 사건 건물 중 E호에 관하여 임대차기간 2019. 9. 5.부터 2021. 9. 4.까지, 임대차보증금 160,000,000원으로 하여 임차하기로 하는 임대차계약(이하 ‘"
protection_mechanism,95994,2,"’이라 한다)에 관하여 2003. 10. 24. 채권최고액 6,000만 원의, 2005. 4. 26. 채권최고액 4,000만 원의, 2011. 7. 26. 채권최고액 5,000만 원의, 2012. 10. 25. 채권최고액 5,000만 원의 각 근저당권설정등기를 마쳐두었다(채권최고액 합계가 2억 원이다, 이하 위 각 근저당권을 모두 합하여 ‘"
protection_mechanism,97503,2,‘이 사건 약국에 따른 임대차기간이 2014. 2. 27.경 만료함에 따라 전 임차인으로부터 그 임대차기간 범위 내에서 형식상 계약 명의변경만을 마친 원고는 2014. 5. 31.까지 소외 1에게 이 사건 약국을 명도하기로 한다’
protection_mechanism,97716,2,"’라 한다)에 관하여 소유권이전등기를 마쳤다. 이후 2010. 11. 26. 이 사건 F호에 관하여 채무자 G, 근저당권자 주식회사 H, 채권최고액 81,900,000원의 근저당권설정등기가 마쳐졌다. 나. 원고는 2014. 1. 28. D과 사이에 주거용으로 개조된 이 사건 F호의 일부인 59.5㎡(이하 ‘"
protection_mechanism,97716,2,"’이라 한다)에 관하여 보증금 6,000만 원, 임대차기간 2014. 2. 28.부터 2016. 2. 28.까지로 정하여 임차하는 내용의 임대차계약(이하 ‘"
protection_mechanism,98583,2,"’이라고 한다)에 관하여, 2004. 6. 26. 피고 1과 사이에 채권최고액 3억 9,000만 원으로 된 근저당권설정계약(이하 ‘"
protection_mechanism,98583,2,"’이라고 한다)에 관하여 채권최고액 1억 4,000만 원으로 된 근저당권설정계약(이하 ‘"
protection_mechanism,98792,2,"“임차인을 구해 전세자금 대출을 받아 1억 4,000만 원을 마련할 수 있을 것 같으니 나머지 임대보증금 6,000만 원을 소유자인 Q에게 실제로 지급한 것처럼 거래내역을 만들어 달라.”"
protection_mechanism,99208,2,"'이라 한다)는 1998. 1. 23.경 소외 회사로부터 동화은행과 소외 회사 사이에 체결된 위 대출계약상 차용인의 지위를 인수하여 같은 날 위 각 근저당권설정등기상의 채무자를 소외 회사에서 장언산업으로 하는 변경등기를 경료하였다. 다.그 후 창원지방법원은 동화은행의 신청에 따라 1999. 8. 11. 99타경44744호로 이 사건 부동산에 대하여 경매개시결정을 하였고, 장언산업은 위와 같이 공장부지와 건물 등에 대한 경매가 진행되자 2000. 4.말경 공장 가동을 중지하였으며, 그 근로자들인 원고 및 선정자들(이하 '"
protection_mechanism,100790,2,"‘피고 D’이라 한다) 사이의 근저당권 설정계약 (1) B은 2014. 4. 10. 피고 D과 사이에 별지 목록 제1 내지 20, 25, 26, 74, 120항 기재 각 부동산(이하 별지 목록 기재 각 부동산을 지칭할 경우 그 순번에 따라 ‘"
protection_mechanism,100790,2,"’이라 한다)에 관하여 채권최고액은 585,000,000원, 채무자는 B으로 하는 근저당권 설정계약(이하 ‘"
protection_mechanism,101416,2,"’)에서, 위 법원은 2020. 12. 22. 배당기일을 열고 피고에게 소액임차인으로서 1순위로 32,000,000원을, 소외 은행에게 근저당권자로서 2순위로 105,783,042원을 각 배당하고, 원고에게는 인정되는 채권금액 151,945,205원(= 원금 100,000,000원 + 이자 51,945,205원) 중 일부인 59,425,374원을(담보)가등기권자로서 3순위로 배당하는 내용으로 된 배당표(이하 ‘"
protection_mechanism,101481,2,‘본 계약에 정하지 아니한 사항에 대하여는 이 사건 토지 신탁계약의 내용에 따르기로 한다’
protection_mechanism,102285,2,"‘계약기간 내에 대출 및 설정이 있을 시 언제든지 계약을 파기할 수 있고, 그 경우 전세금을 즉시 돌려주겠다.’"
protection_mechanism,103248,2,"’이라 한다)을 체결하였는데, 이 사건 임대차계약 당시 작성된 계약서의 주요 내용은 아래와 같다.  』"
protection_mechanism,103700,2,"’라 한다)에 관하여 피고를 도급인, 소외회사를 수급인으로 하여 도급금액 46억 원(그 중 14억 원은 준공검사일로부터 1년 후에 지급), 공사기간 2007. 9. 1.부터 2008. 6. 30.까지로 하는 공사하도급계약을 체결하였다. 위 계약 체결 당시 피고는 소외회사에 이 사건 공사와 관련한 행정절차 및 자금집행에 관한 것은 피고의 형인 소외 1과 협의하도록 요청하였다. 나. 소외회사로부터 이 사건 공사 중 원고 1은 골조공사, 원고 2는 ‘"
protection_mechanism,104779,2,"‘임대차보증금’란에는 임대차보증금 4,000만 원의 지급에 대해 원·피고 사이에 별도의 약정이 있는 것처럼 기재되어 있으면서도 ‘"
protection_mechanism,105878,2,’이라고 한다)을 체결하고 2010. 7. 19. 이 사건 부동산을 인도받은 다음 2010. 7. 22. 이 사건 제1임대차계약의 계약서상에 확정일자를 받았다. ② 그 뒤 이 사건 부동산의 소유권이 양도되어 2010. 9. 28. 주식회사 씨오비트레이드(이하 ‘
protection_mechanism,105878,2,’이라고 한다)을 다시 체결하였다. ③ 이 사건 제2임대차계약 체결 당시 피고와 씨오비트레이드는 특약사항으로 “
protection_mechanism,107950,2,"’라 한다)를 임대차보증금 8,600만 원, 임대차기간 2017. 7. 10.부터 2019. 7. 31.까지로 정하여 임대하기로 하는 내용의 각 임대차계약을 체결하였다(이하 통칭하여 ‘"
protection_mechanism,107950,2,‘전 소유자로부터 임차주택을 양수한 귀하께서는 주택임대차보호법 제3조 제4항에 따라 주택임대차보증금 반환채무도 승계하였다’
protection_mechanism,108004,2,"’이라 한다)를 임대차보증금 4,000만 원, 기간 2002. 1. 9.까지로 정하여 임차하는 계약(갑 제3호증, 이하 ‘"
protection_mechanism,109801,2,"’라고 한다)에 관하여 D을 근저당권자로 한 채권최고액 13억 2,000만 원의 근저당권설정등기를 마쳐주었다(이하 ‘"
protection_mechanism,110616,2,"‘임대차계약일 2007. 5. 31., 임차보증금 15,000,000원, 월 차임 350,000원, 임대차기간 2007. 6. 15.부터 24개월, 전입신고 2007. 6. 21., 확정일자 2007. 7. 9.’"
protection_mechanism,111396,2,"‘체육시설의 설치공사를 완성하여 체육시설업을 등록할 것을 목적으로 행해지고 있는 영업을 종전 영업자로부터 승계받아 계속하려는 단일한 의도로, 영업용 자산의 일부를 담보권 실행을 위한 경매 절차에서 낙찰받는 방법으로 취득하고, 나머지 영업용 자산, 영업권 등을 종전 영업자로부터 별도 양도·양수계약으로 잇달아 취득함으로써, 사회 통념상 전체적으로 보아 종전의 영업이 동일성을 유지한 채 일체로서 이전한 것과 마찬가지로 볼 수 있는 특별한 사정이 인정되는 경우에도 위 규정에서 말하는 영업양도에 해당한다.’"
protection_mechanism,111396,2,"‘피고 다옴’이라 한다)과 매매대금을 위와 같이 1,410,000,000원으로 하여 수의계약 방식으로 이 사건 신탁부동산에 관한 매매계약(이하 ‘"
protection_mechanism,111396,2,‘이 사건 매매계약이 체육시설법 제27조 제2항 제4호에서 정하는 절차에 해당하지 않아 피고 다옴이 베네치아코리아의 원고들에 대한 입회금반환채무를 승계하지 않는다.’
protection_mechanism,111396,2,"‘담보신탁을 근거로 한 매매 절차에서 회원에 대한 입회금반환채무의 승계를 부정한다면, 체육시설업자 등이 체육시설법 제27조 제2항의 적용을 회피하는 길을 열어 주고, 입회금으로써 경제적 가치가 증가된 체육시설을 취득한 자가 그 입회금반환채무를 인수하지 않는다는 불합리한 결과가 초래된다’"
protection_mechanism,111775,2,"’은 마지막으로, 이 사건 연대보증계약에 기한 책임은 보조참가인의 업무와 연관되는 범위 내에서 보조참가인이 위 연대보증으로 인하여 취득하는 반대급부와의 균형, 당사자들의 합리적인 의사 등을 종합적으로 고려하여 제한적으로 해석되어야 하므로, 수산물관리자로서의 의무를 다한 보조참가인에게 이 사건 연대보증계약에 기한 책임을 물을 수는 없다는 취지로 주장하나, 위와 같은 사정만으로 연대보증책임을 면책하거나 제한할 수는 없으므로, ‘"
protection_mechanism,111775,2,"’은 또한, 보조참가인의 이 사건 매매계약 체결이 객관적으로 사해행위에 해당한다 하더라도, 보조참가인은 막대한 부채를 해소하기 위하여 수년전부터 이 사건 부동산을 매각하려고 노력하였으며, 가락동 수산물시장 상인들이 소액주주로 경영 전반에 참여하는 피고로서는 냉동창고를 보유할 필요가 있어 이를 물색하던 중 나진산업의 주선으로 정당하게 이 사건 매매계약이 체결되었고, ‘"
protection_mechanism,112696,2,‘피고 다옴’이라 한다)은 원고들에게 별지 보증금 목록 기재 각 입회보증금 및 각 이에 대한 이 사건 소장 부본 송달 다음 날 부터 다 갚는 날까지 연 20%의 비율에 의한 금원을 각 지급하라. 피고 다옴과 피고 국제자산신탁 주식회사(이하 ‘
protection_mechanism,113602,2,"‘그 때부터’ 임차인은 제3자에 대하여 대항력을 취득한다라고 판시하고 있는데, 이 점에 비추어 이 문제의 ①번 답항에서 ‘"
protection_mechanism,113602,2,‘전차인은 주택을 인도받아 자신의 주민등록을 마친 때에는 그 때로부터 임차인은 제3자에 대하여 대항력을 취득 한다’
protection_mechanism,113709,2,‘우선회수특약’이라 한다)을 하였다면 그 우선회수특약에 따라 변제의 순위가 정해진다. 그런데 변제로 채권자를 대위하는 경우에 ‘
protection_mechanism,113709,2,"’에는 채권자와 채무자 사이에 채무의 이행을 확보하기 위한 특약이 있는 경우에 그 특약에 기하여 채권자가 가지는 권리도 포함된다고 할 것이나, 채권자와 일부 대위변제자 사이의 약정에 지나지 아니하는 ‘"
protection_mechanism,113960,2,"'라 함은 회사가 제3자의 행위에 협력하거나 제3자가 회사의 행위를 대행하는 경우, 또는 제3자의 행위의 효과가 실질적으로 회사가 한 것과 동일시할 수 있을 정도에 이르러야 한다고 새겨야 할 것인데, 위 사실관계와 이 사건 기본약정, 채권양도계약서 등 서식의 교부행위, 피고의 보충행위의 법적 성질 등에 비추어 보면, 위 1997. 8.경의 이 사건 기본약정과 그에 터잡아 백지를 보충함으로써 1999. 12. 2.자 채권양도계약이 체결되게 한 피고의 행위는 전체적으로 '"
protection_mechanism,116304,2,"'이라 한다)을 보증금 55,000,000원, 기간 2016. 9. 25.부터 2년간으로 정하여 임차하는 내용의 계약(이하 이를 '"
protection_mechanism,116412,2,"'E은 이 사건 건물에 관하여 원고가 한 신탁계약체결 청약에 대하여 승낙의 의사표시를 하고, 신탁계약이 성립되면 원고에게 신탁을 원인으로 한 소유권이전등기절차를 이행하라'"
protection_mechanism,116992,2,"‘I빌딩’이라 한다)의 공유자로서 원고들과 임대차계약을 체결한 임대인이고, 원고 A은 ‘"
protection_mechanism,117264,2,"‘ ○○산업’을 폐업하여 위 각 대출금에 대한 기한의 이익이 상실되었음에도 위 각 대출원리금을 변제하지 아니하자, 위 은행은 2005. 3. 26. 원고에게 보증사고 발생통지를 하였고, 이에 원고는 2005. 4. 29. 위 각 대출금의 원금 1,068,450,000원 및 이자 금 12,894,727원의 합계 금 1,081,344,727원을 위 은행에 대위변제하였다. 다. 위 소외 1과 피고 사이의 전세권설정계약 (1) 위 소외 1은 1998. 4. 10. ‘"
protection_mechanism,117425,2,"『③ 이 사건 계약의 해제가 인정될 경우 그에 따른 원상회복으로서 피고의 이 사건 토지 및 건물의 인도와 그에 대한 임료 상당액의 지급은 원고가 피고로부터 지급받은 매매대금과 그에 대한 이자, 유익비(228,915,454원) 및 재산세(2015. 6. 1.부터 2018. 2. 25.까지 피고가 납부한 재산세 합계 50,113,940원)의 합계액인 3,712,815,947원의 지급 및 대출금채무 잔액 28억 원의 인수와 동시에 이루어져야 한다.』"
protection_mechanism,117425,2,"'이 포함된 것으로 볼 여지가 있는 경우, 이러한 운용이익은 사회통념상 매수인의 행위가 개입되지 아니하였더라도 그 목적물로부터 매도인이 당연히 취득하였으리라고 생각되는 범위 내의 것이 아닌 한 매수인이 반환하여야 할 사용이익의 범위에서 공제하여야 한다(대법원 2006. 9. 8. 선고 2006다26328, 26335 판결 등 참조). 위와 같은 법리를 토대로 이 사건에 관하여 보건대, 감정인 H의 당심 감정결과에서 2013년도의 영업이익이 그 이후와 유사하게 평가된 점, 이 사건 계약 역시 """
protection_mechanism,117690,2,“임대기간 만료에 따른 보증금반환 청구”
protection_mechanism,117861,2,"’에는 채권자와 채무자 사이에 채무의 이행을 확보하기 위한 특약이 있는 경우 그 특약에 기하여 채권자가 가지게 되는 권리도 포함된다고 할 것이나, 채권자와 일부 대위변제자 사이의 약정에 지나지 않는 ‘"
protection_mechanism,117861,2,"’이라 한다)에 관하여 채무자를 유성델코, 근저당권자를 중소기업은행으로 한 채권최고액 2,160,000,000원의 근저당권(이하 ‘"
protection_mechanism,118311,2,“공사비 등 사업비 집행방법은 공사도급계약서 등 당해 용역계약서에 정해진 바에 따른다”
protection_mechanism,118394,2,‘파산 전 은행이 사해행위의 채무자인 소외 1에 대한 피보전채권에 관하여 이미 소외 1 또는 제3자 명의 부동산에 근저당권설정등기를 경료받아 피보전채권 전액에 관하여 우선변제권이 확보되어 있어 사해행위가 성립하지 않는다.’
protection_mechanism,118557,2,"’)에서, 위 법원은 2020. 12. 22. 배당기일을 열고 피고에게 소액임차인으로서 1순위로 32,000,000원을, 소외 은행에게 근저당권자로서 2순위로 105,783,042원을 각 배당하고, 원고에게는 인정되는 채권금액 151,945,205원(= 원금 100,000,000원 + 이자 51,945,205원) 중 일부인 59,425,374원을(담보)가등기권자로서 3순위로 배당하는 내용으로 된 배당표(이하 ‘"
protection_mechanism,119712,2,"‘G’라 한다) 및 그 사내이사인 H를 상대로 대구지방법원 2019가단107224호로 투자금의 반환을 구하는 소를, I협동조합을 상대로 대구지방법원 2019가단107231호로 투자금의 반환을 구하는 소를 각 제기하여 일부 승소판결을 받았고, 위 각 판결이 확정되었다(이하 위 각 확정판결에 따라 G와 I협동조합이 원고들에게 각 부담하는 판결금채무를 통틀어 ‘"
protection_mechanism,120468,2,"‘합의된 대지대금인 32평형 6,180,000원(임차인대표회의가 지급하는 대지합의금 3,910,000원과 이 사건 질권자가 지급하는 2,270,000원) 및 28평형 5,410,000원(임차인대표회의가 지급하는 대지합의금 3,420,000원과 이 사건 질권자가 지급하는 1,990,000원)을 금융기관에 예탁하여 공동관리하기로 한다’"
protection_mechanism,120874,2,"’이라 한다)과 물품공급계약을 체결하였고, F의 대표이사 D는 F의 E에 대한 물품대금채무를 연대보증하였다. 2) 원고는 2017. 9. 27.경 E과 보험기간을 2017. 9. 27.부터 2018. 9. 26.까지로 하여 F이 물품대금을 지급하지 않을 경우 E에 일정한 금액의 보험금을 지급하기로 하는 내용의 매출채권 보험계약을 체결하였다(이하 ‘"
protection_mechanism,120874,2,"’이라 한다). 3) E은 위 물품공급계약에 따라 F에 물품을 공급하였으나, 2017. 10.경부터 2018. 3.경까지 공급한 물품대금 합계 150,887,750원을 지급받지 못하자, 위 매출채권 보험계약에 따라 원고에게 보험금 지급을 요청하였다. 이에 원고는 2019. 7. 25. E에 120,710,000원의 보험금을 지급하였다. 4) 원고는 F 및 D를 상대로 대전지방법원 2019차전16066호로 지급명령을 신청하여 2019. 9. 30. ‘"
protection_mechanism,120874,2,"’이라 한다). 나. D의 재산 처분 및 담보 제공 1) D와 피고 A, B 사이의 근저당권 설정계약 가) 피고 A은 피고 주식회사 C(이하 ‘"
protection_mechanism,121143,2,"'원고의 채권매수청구에 대한 협의회의 매수방안이 확정되지 않고 있어 원고가 보유한 이 사건 파생계약에 대해 현상유지 차원에서 관리 중에 있고, 채권매수가 완료될 때까지 위 파생계약 관리에 따른 비용발생과 손익변동이 계속되고 있으므로 채권매수가격 결정 및 매수절차를 조속히 진행해 줄 것을 요청한다'"
protection_mechanism,121348,2,"’라 한다)가 마쳐졌다. 아. B 소유의 이 사건 부동산 2분의 1 지분에 관하여 2020. 3. 13. 채권최고액 100,000,000원, 채무자 B, 근저당권자 G의 근저당권설정등기가 마쳐졌다. 자. H 주식회사(이하 ‘"
protection_mechanism,121510,2,"'를 보증금 4,000만 원, 임대차기간 1996. 11. 22.부터 24개월로 정하여 위 소외인으로부터 임차하기로 하는 내용의 임대차계약을 체결하고, 처인 피고 2, 어머니인 피고 3과 함께 이 사건 부동산에 입주하여 1996. 12. 17. '"
protection_mechanism,121610,2,"’라 한다)에 관하여 임대차보증금 2,500만 원, 월 차임 187만 원(매월 말일 지급, 부가가치세 별도), 관리비 164,800원(부가가치세 별도), 임대차기간 2010. 4. 29.부터 2011. 4. 30.{임대차계약서(갑 제3호증)에 기재된 ‘"
protection_mechanism,122659,2,”은 신용보증조건에 부합되게 실행된 대출로서 보증비율에 의한 기금책임분담부분과 채권자책임분담부분을 합한 대출을 의미한다. 제9조 (회수금의 변제충당) 제1항 제4호 보증부대출만을 피담보채권으로 한 담보권 또는 이 보증서 앞면의 특약에 의하여 취득한 담보권의 실행에 의한 회수금(담보권해지의 대가로 수취한 회수금 포함)은 보증부대출의 변제에 우선 충당하여야 한다. 제16조 (담보대위 등) 제4항 채권자는 기금으로부터 보증채무이행을 받는 즉시 “
protection_mechanism,122812,2,"‘이 사건 주택’이라고 한다)에 대해 임대차보증금 7,000,000원, 임대차기간 3개월로 하여 임차하는 내용의 임대차계약(이하 ‘"
protection_mechanism,122896,2,"’이라 한다)을 하였다. 3) F은행은 2017. 10. 23. E에게 이 사건 전세자금대출약정에 따른 대출금 2억 6,400만 원을 지급하였다. 다. 원고와 F은행 간의 보험계약 체결 원고는 2017. 10. 25. F은행과 사이에, 이 사건 전세자금대출약정과 관련하여 피보험자를 F은행, 보험가입금액을 2억 9,040만 원, 보험기간을 2017. 10. 23.부터 2019. 10. 22.까지로 정하여 전·월세 자금대출용 권리보험계약(이하 ‘"
protection_mechanism,124043,2,"‘이 사건 경매’라 한다), 같은 날 피고가 이 사건 아파트에 대하여 전입신고를 마쳤다. 바. 이 사건 경매 절차에서 이 법원은 배당기일인 2021. 3. 24. 실제 배당할 금액 220,266,055원을 배당하였는데, 확정일자부 임차인이라는 이유로 피고에게 195,000,000원을, 국민건강보험공단 대전유성지사에게 615,350원을, 신청채권자 및 근저당권자인 원고에게 24,650,694원을 차례로 배당하는 내용의 배당표(이하 ‘"
protection_mechanism,124294,2,"’이라 한다)에 관하여 M조합를 우선수익자로 하고(수익권증서 발행금액: 156,000,000원) 신탁기간을 신탁등기일로부터 신탁종료일까지로 하여 신탁하기로 하는 부동산 담보신탁계약을 체결하고, 같은 날 위 신탁을 원인으로 하는 소유권이전등기를 H 앞으로 마쳐주었다(이하 위 각 부동산 담보신탁계약을 합하여 ‘"
protection_mechanism,124294,2,‘협회 공제의 손해배상책임은 공제약관 제8조의 규정에 의거 협회와 공제가입자 간의 계약에 따라 공제가입자가 가입한 공제기간 중 발생한 모든 중개사고로 인하여 손해를 입은 중개의뢰인들의 수 또는 중개계약의 건수나 그 손해액에 관계없이 손해를 입은 각 중개의뢰인들이 협회로부터 보상받을 수 있는 손해배상액의 총 합계액은 공제증서에 기재된 공제가입금액 한도 내에서 배상책임이 있습니다.’
protection_mechanism,124294,2,‘협회 공제의 손해배상책임은 (중략) 협회와 공제가입자 간의 계약에 따라 공제가입자가 가입한 공제기간 중 발생한 모든 중개사고로 인하여 손해를 입은 중개의뢰인들의 수 또는 중개계약의 건수나 그 손해액에 관계없이 손해를 입은 각 중개의뢰인들이 협회로부터 보상받을 수 있는 손해배상액의 총 합계액은 공제증서에 기재된 공제가입금액 한도 내에서 배상책임이 있다.’
protection_mechanism,124396,2,“선순위 보증금 합계 : 삼억원(임대인확인함)”
protection_mechanism,124396,2,“선순위보증금 합계 : 삼억원(임대인확인함)”
protection_mechanism,125509,2,"""임차권은 임차주택에 대하여 민사집행법에 의한 경매가 행하여진 경우에는 그 임차주택의 경락에 의하여 소멸한다. 다만, 보증금이 전액 변제되지 아니한 대항력이 있는 임차권은 그러하지 아니하다."""
protection_mechanism,125882,2,"'이라 한다)한 다음, 1999. 10. 14. 피고 앞으로 이 사건 매매계약을 원인으로 한 소유권이전등기를 경료하여 준 사실, 한편 소외 1 소유의 이 사건 부동산에 관하여 1986. 5. 3. 주식회사 한국주택은행 앞으로 채권최고액 3,750,000원의 제1순위 근저당권이 설정된 다음, 1993. 4. 21. 아파트인 이 사건 부동산과 함께 그 대지지분, 서울 동작구 (주소 생략) 대지 및 그 지상 건물(이하 '"
protection_mechanism,130268,2,"’라고 한다)는 2017. 3. 10. 피고 E과 사이에, 공제금액 100,000,000원, 공제기간 2017. 3. 25.부터 2018. 3. 24.까지로 정하여 위 피고가 부동산 중개행위를 함에 있어 고의 또는 과실로 인하여 거래당사자에게 재산상의 손해를 발생하게 한 경우 거래당사자가 입은 손해를 보상해주는 내용의 공제계약을 체결한 공제사업자이다. 나. 원고들은 피고 E의 중개에 따라 G 등으로부터 이 사건 각 건물 중 일부 호실을 임차하는 내용의 다음 표 기재와 같은 임대차계약을 체결하고(이하 ‘"
protection_mechanism,130464,2,"’라고 한다)를 작성하여 주었다. 다. 원고는 2018. 7. 25. 피고의 중개로 C과 이 사건 토지와 건물에 관한 매매계약을 체결하고, 2018. 9. 20. C으로부터 이 사건 건물의 임대사업을 양수하는 내용의 임대사업 포괄양도양수계약(이하 ‘"
protection_mechanism,130909,2,‘이 사건 연속항해용선계약의 해석 및 당사자들의 권리와 의무는 런던에서 용선계약 당사자들에게 적용되는 법에 따른다’
protection_mechanism,132668,2,"""건설공사의 발주자는 제1항의 규정에 의한 노임을 도급계약서 또는 하도급계약서에 명시하여야 한다."""
protection_mechanism,132814,2,‘이 사건 근저당권설정계약’
protection_mechanism,133432,2,‘주택임대차법’이라 한다)이 시행되었다.  다. 피고 C은 2021. 3. 4. 원고에게 이 사건 임대차계약의 갱신을 요구하였다. 이에 원고는 2021. 1. 20. 피고 C에게 ‘
protection_mechanism,133669,2,‘이 사건 근저당권설정계약’
protection_mechanism,134819,2,"'이라 함. 1층 93.62m² 및 13.44m², 2, 3층 각 129.02m², 4층 96.18m²) 중 2층 H호 49m²를 임대차보증금 85,000,000원, 임차기간 2017. 1. 6.부터 2019. 1. 5.까지(24개월)로 정하여 전세임차하는 계약(이하 '"
protection_mechanism,134819,2,"""임차인들의 선순위 보증금은 대략 4~5억원 정도 된다."""
protection_mechanism,135492,2,"”이라고만 한다)로부터 별지 목록 기재 1번 건물을 임차보증금 3,900만 원에 임차한 다음 2003. 3. 4. 입주함과 동시에 임대차계약서에 기재된 대로 “"
protection_mechanism,135492,2,"”로 주민등록 전입신고를 하였고, 피고 2는 2003. 2. 26.경 보람건설로부터 별지 목록 기재 2번 건물을 임차보증금 3,900만 원에 임차한 다음 같은 날 입주함과 동시에 임대차계약서에 기재된 대로 “"
protection_mechanism,135492,2,"”로 표시된 위 피고의 주민등록은 이 사건 임대차의 공시방법으로서 유효하다고 볼 수는 없고 위 피고가 실제 호수에 맞게 주민등록상의 주소를 변경한 2003. 4. 8.에야 비로소 대항력을 취득하였다고 볼 수 있다. 그러나, 통상 담보권자가 되려는 자는 담보로 제공된 건물을 다른 사람이 임차하여 거주하고 있는지의 여부를 조사하는 것이 보통이므로, 이 사건에 있어 원고도 별지 목록 기재 각 건물에 대한 근저당권을 취득하기 전에 보람건설(채무자)에게 묻거나 직접 담보대상물을 조사하는 방법으로 담보가치를 파악하였을 것이고 그 과정에서 “"
protection_mechanism,135796,2,"’이라 한다)에 관하여 보증금 60,000,000원, 기간 2018. 1. 22.부터 2020. 1. 21.까지로 정하여 임대차계약(이하 ‘"
protection_mechanism,135796,2,"’이라 한다)을 체결하고, 피고 회사에게 위 보증금 60,000,000원을 지급하였다. 다. 한편, 피고 회사는 이 사건 임대차계약을 체결하기 전인 2016. 11. 2. 이 사건 부동산에 관하여 H조합을 우선수익자로 하고, 수탁자를 I 주식회사(이하 ‘"
protection_mechanism,137361,2,"‘이 사건 건물’이라고 한다)를 매수하여 2003. 9. 3. 위 건물 중 각 1/2 지분에 관하여 소유권이전등기를 마쳤다. (2) 소외 3은 2003. 9.경 소외 1의 연대보증 하에 주식회사 부산은행으로부터 이 사건 건물 매수자금으로 220,000,000원을 대출받았고, 소외 1과 소외 3은 위 은행에 대한 대출금채무 내지 연대보증채무를 담보하기 위하여 2003. 9. 3. 위 건물에 관하여 근저당권자를 위 은행, 채무자를 소외 3, 소외 1, 채권최고액을 264,000,000원으로 하는 근저당권등기(이하 ‘"
protection_mechanism,137361,2,"’이라고 한다)를 마쳐주었으며, 2013. 9. 4. 위 근저당권의 채권최고액이 186,000,000원으로 변경되었다. (3) 소외 1과 소외 3은 2013. 8. 28. 소외 4에게 이 사건 건물을 임대차보증금 40,000,000원(이하 ‘"
protection_mechanism,137388,2,"’이라 한다)를 보증금 50,000,000원, 월차임 2,300,000원, 임대차기간 2014년 건물준공일 부터 2021년 2월 말까지로 정하여 임차하는 내용의 2014. 3. 27.자 임대차계약(이 하 ‘"
protection_mechanism,137388,2,"’이라 한다) 제3조 1항 소정의 대항력을 취득하였다. 다. 원고와 피고는 2017년 2월 말경 이 사건 임대차에 따른 차임을 2017. 3. 1.부터 2019. 2. 29.까지의 기간 동안 월 2,500,000원(부가가치세는 별도)으로 합의하였다. 라. 원고는 2018. 6. 23. F과 이 사건 건물을 470,000,000원에 매도하고 이 사건 임대차는 F이 승계하기로 하는 내용의 부동산 매매계약(이하 ‘"
protection_mechanism,137388,2,"’이라 한다)을 보냈고, 그 무렵 이 사건 내용증명우편은 원고 및 F에게 각 도달하였다. 바. 피고는 F을 상대로 임대차보증금 47,250,000원(미지급한 2018년 7월분의 차임 2,750,000원 공제)의 반환을 구하는 소를 수원지방법원에 제기하였으나 위 법원은 ‘"
protection_mechanism,137728,2,"‘피해자 회사’라 한다)를 위해 대항력을 갖추어 주기로 약정함으로써, 채권담보에 관한 대항력을 갖출 피해자 회사의 사무가 신임관계에 기초하여 피고인이 맡아 처리하는 ‘"
protection_mechanism,139176,2,‘이 사건 근저당권설정계약’
protection_mechanism,140777,2,'라 한다)와 사이에 아래와 같은 내용의 사용자배상책임담보특약부 근로자재해보장책임보험계약(이하 '
protection_mechanism,140878,2,"’이라고 한다)과 사이에 별지2 목록 기재 각 부동산에 관하여 매매계약을 체결한 다음, 피고 C에게 별지2 목록 기재 각 부동산에 관하여 위 매매계약을 원인으로 하여 제주지방법원 2018. 7. 6. 접수 제67660호로 각 소유권이전등기를 마쳐 주었다. 3) E는 2018. 11. 27. 피고 주식회사 D(이하 ‘"
protection_mechanism,141358,2,"“임대차보증금 900만 원, 임대차계약일 2009. 8. 1., 확정일자 2009. 12. 4.”"
protection_mechanism,141358,2,"“임대차보증금 2,000만 원, 임대차계약일 2009. 8. 1., 확정일자 2009. 8. 18.”"
protection_mechanism,141358,2,"‘원고 1은 2000. 8. 28.경 처음 개업할 무렵에 임대차계약을 체결하여 2002. 11. 14. 확정일자를 받았고, 원고 2는 2002. 7.경 임대차계약을 체결하여 2002. 12. 26. 확정일자를 받았다’"
protection_mechanism,141587,2,‘임차인의 전입신고는 피고인 측이 소유권을 취득하고 국민은행에 1순위 근저당권을 설정해 준 후에 하기로’
protection_mechanism,141788,2,"'이라 한다) 99카단2729호로 청구금액을 금 37,338,031원으로 하여 소외 1의 원고에 대한 위 보증금반환채권을 가압류하였고, 위 가압류결정은 같은 달 9. 원고에게 송달되었으며, 소외 인동새마을금고(이하 '"
protection_mechanism,142140,2,"‘이 사건 호실’이라 한다)를 임차한 사실이 없음에도, 마치 피고인이 D으로부터 이를 정상적으로 임차한 것처럼 가장하고 허위의 전세자금 대출을 받기로 공모하였다. 위와 같은 공모에 따라 피고인은 B, C과 2014. 3. 28.경 부산 부산진구 G에 있는 H 공인중개사무소에서 피고인이 D으로부터 이 사건 호실을 보증금 7,000만 원에 임차하였다는 취지가 기재된 허위의 부동산 전세 계약서 및 대출신청서 등 서류를 작성하였다. 계속하여 피고인은 B과 2014. 4. 11.경 부산 부산진구 I에있는 피해자 J(이하 ‘"
protection_mechanism,142208,2,"’라고 한다)에 관하여 담보한도액을 34,000,000원으로 하는 한정근담보계약을 체결하였다. (2) 피고는 소외 1과 위 냉동 갈치에 관하여 임치계약을 체결하였는데, 원고의 채권회수를 위하여 소외 1의 동의 없이도 담보물을 처분할 수 있다는 담보물 처분 승낙서 및 확약서를 원고에게 작성·교부하였다. (3) 위 확약서의 라.항에 의하면 ‘"
protection_mechanism,142208,2,"’이라고 한다)하면서, 같은 날 소외 1이 수입한 냉동 절단게에 관하여 담보한도액을 45,000,000원으로 하는 한정근담보계약을 체결하였다. (2) 피고는 소외 1과 냉동 절단게에 관하여 임치계약을 체결하였는데, 처분 승낙서 및 확약서를 원고에게 작성·교부하였다. (3) 위 확약서의 라.항에 의하면 ‘"
protection_mechanism,143000,2,'이라고 한다)에 이 사건 근저당권에 대한 근저당권부 근질권을 설정해주었다. 마. 그 무렵 피고는 E와 사이에 이 사건 대출원리금의 대위변제와 관련하여 아래와 같은 내용이 포함된 확약서를 작성하였다(이하 '
protection_mechanism,143302,2,"’으로 기재한 단일한 계약서를 작성하여 이 사건 임대차계약을 체결하고, 그 무렵 위 201호 및 202호(이하 ‘"
protection_mechanism,143606,2,‘이 사건 임대차보증금반환채권’
protection_mechanism,143835,2,"‘이 사건 점포’라 한다)를 임대차기간은 2013. 8. 15.까지, 임대차보증금은 500만 원, 월 차임은 33만 원(매월 16일 지불)으로 정하여 임차하였다. 나. 피고는 그 무렵 C에게 위 임대차보증금을 지급한 후 이 사건 점포를 인도받아 ‘"
protection_mechanism,144034,2,‘G호 소유주가 집을 비워달라고 할 경우 H은 계약서상에 명시한 금액을 돌려주기로 한다(단 계약서상에 명시한 금액은 H이 책임진다)’
protection_mechanism,144034,2,"‘4. 등기부등본 제출하여 확인하였음. 이의없음을 확인하고 계약함, *특약사항 존재’"
protection_mechanism,144034,2,"‘D의 부동산매매계약서, 담보신탁 일부해지 요청서 등의 서류를 확인하였다’"
protection_mechanism,144034,2,‘G호 소유주가 집을 비워달라고 할 경우 H은 계약서상에 명시한 금액을 돌려주기로 한다(단 계약서상에 명시한 금액은 H이 책임진다)’
protection_mechanism,144770,2,"‘임차인 B은 2016. 10. 1. K건물 T호에 대한 임대차계약을 채무자 H의 누나 L과 체결하고 전세금 4,000만 원을 지급하고 2016. 10. 22.경부터 점유하면서 2016. 11. 1. 확정일자를 받았다’"
protection_mechanism,144770,2,"‘임차인 J은 2016. 10. 14. K건물 Z호에 대한 임대차 계약을 채무자 H의 누나 L과 체결하고 전세금 4,000만 원을 지급하고 2016. 10. 25.경부터 점유하면서 2016. 11. 1. 확정일자를 받았다’"
protection_mechanism,144980,2,“공동근저당권에 있어서 선행경매절차에서의 일부배당이 후행절차상의 우선변제권에 미치는 영향”
protection_mechanism,145619,2,"’이라 한다)로부터 도급받은 고속국도 제60호선 춘천-동홍천 간 건설공사(제3공구) 현장의 토목공사, 교량공사 및 터널공사, 포장부대공사의 5차 공사선급금의 지급과 관련하여 소외 회사의 선급금 반환채무를 담보하기 위하여, 피보험자 신동아건설, 보험가입금액 422,589,000원, 보험기간 2008. 3. 28.부터 2008. 12. 31.까지로 정하여 이행보증보험계약을 체결하였고(이하 ‘"
protection_mechanism,145619,2,"‘애경레지콘’이라 한다)와의 물품공급계약에 따른 외상물품대금 지급채무를 담보하기 위하여, 피보험자 애경레지콘, 보험가입금액 90,000,000원, 보험기간 2008. 6. 27.부터 2009. 6. 26.로 정하여 이행보증보험계약을 체결하였고(이하 ‘"
protection_mechanism,145809,2,'(대항력이나 우선변제권을 가지는) 세입자가 살고 있지 않다'
protection_mechanism,145836,2,"‘이 사건 공사’라고만 한다)와 사이에 이 사건 임대주택에 관하여 임대보증금을 61,088,000원, 월 임대료를 339,000원으로 하는 임대차계약(이하 ‘"
protection_mechanism,145836,2,“위 제4조의 충분한 협의 결과 임차인 피해자 가족은 별도의 세대구성 없이 임대인 D의 동거인으로써 전입신고를 하기로 한다.”
protection_mechanism,147152,2,"’에 해당한다고 볼 수 없고, 다만, 외국 2 현지 사업체가 임대계약을 통하여 취득한 임대수익이 국고로 반환되어야 하는 국가정보원의 ‘"
protection_mechanism,147152,2,"‘수입’에 해당한다고 보기 어렵다(외국 1 현지 사업체에 파견된 특수공작관 9가 외국 1 현지 사업체로부터 직접 급여 명목의 금원을 지급받음으로써 본래 국고로 반환되어야 하는 외국 1 현지 사업체의 임대수익 중 위 급여에 상응하는 금원만큼 국고 수입이 감소하는 결과가 초래된다고 하더라도, 특수공작관 9에게 지급되는 공무원 급여로서 가수금계좌에 보관되어 있던 금원의 성격이 국고로 반환하여야 하는 ‘"
protection_mechanism,147380,2,"‘2002. 8. 21.자 매매계약과 관련하여 그 매매대금의 지급은 모두 완결되었고, 따라서 E는 참가인에게 이 사건 부동산에 관하여 위 매매계약을 원인으로 한 소유권이전등기를 이행하겠다’"
protection_mechanism,147859,2,"’라고 한다)로 구분되어 있다. 나. 이 사건 주택의 소유자인 피고 B으로부터 임대권한을 위임받은 피고 C는 피고 B을 대리하여 2015. 3. 13. 원고와 이 사건 주택 중 현황 I호 부분을 임대차보증금 45,000,000원, 임대차기간 2015. 4. 10.부터 2017. 4. 10.로 정하여 임대하는 임대차계약(이하 ‘"
protection_mechanism,148159,2,"‘, 점유기간 2015. 1. 21.부터 2017. 1. 21.까지, 확정일자 2017. 1. 24., 임차권·전세권등기 2017. 1. 24., 계약일 2017. 1. 6., 입주한 날(주택인도일) 2015. 1. 25.’"
protection_mechanism,148494,2,"’이라 한다)을 체결하면서 피고 법인과 사이에 이 사건 부동산에 관한 전세자금대출을 받은 후 그 대출금을 피고 C이 지급받기로 약정하였다. 이에 따라 피고 C은 2017. 1. 18. 피고 법인의 피용자인 피고 B에게 이 사건 부동산을 임대차보증금 250,000,000원, 존속기간 2019. 1. 31.부터 24개월로 정하여 임대하는 임대차계약(이하 ‘"
protection_mechanism,148509,2,"’이라 한다)을 선고받았고, 이 사건 판결은 그 무렵 그대로 확정되었다. 8) C는 2019. 9.경 피고와 사이에, C가 이 사건 사업과 관련하여 피고로부터 차입한 대여금 등을 담보하기 위하여 피고에게 이 사건 신탁계약상 C의 수익권에 아래와 같은 내용의 근질권을 설정해 주기로 하는 근질권설정계약(이하 ‘"
protection_mechanism,148890,2,"’이라고만 한다)와 별지 정기예금 기재 1. 예금채권에 관한 질권설정계약을 체결하고, 피고 보증보험으로부터 보험가입금액 21,582,600원, 보험기간 5년(2013. 1. 25.부터 2018. 1. 24.까지), 보증내용은 건설공사계약에 따른 하자보증인 이행(하자)보증보험증권을 발급받아 경상남도 합천군보건소에 제출하였다. 다. 소외 회사는 2012. 9.경 경남지방조달청(국립수산과학원)으로부터 내병성 육종생물 사육동 증축 및 부대공사(위 나.항 기재 공사와 통틀어 이하 ‘"
protection_mechanism,148890,2,"’라 한다)를 1,092,973,050원(변경 후 1,092,797,005원)에 도급받아 2012. 12.경 공사를 완료하였다. 소외 회사는 회생법원의 허가를 받아 2012. 12. 28. 피고 은행의 확정일자 있는 증서에 의한 승낙 하에 피고 보증보험과 별지 정기예금 기재 2. 예금채권에 관한 질권설정계약(위 나.항 기재 질권설정계약과 통틀어 이하 ‘"
protection_mechanism,148890,2,‘건설공사의 하자담보책임기간에 관하여 다른 법령(민법 제670조 및 제671조는 제외한다)에 특별하게 규정되어 있거나 도급계약에서 따로 정한 경우에는 그 법령이나 도급계약에서 정한 바에 따른다.’
protection_mechanism,149388,2,"‘이 사건 토지’라 한다)에 관하여 채무자 소외 2, 근저당권자 원고들, 채권최고액 7억 원의 근저당권설정등기를 마쳤고, 부산광역시(처분청 연제구청)는 소외 1 주식회사가 주민세(법인세할)을 체납하였음을 이유로 2002. 8. 16. 이 사건 토지를 압류하였다. 나. 예비적 피고는 지방산업단지개발사업{사포일반지방산업단지 조성사업(1차)}의 부지로 이 사건 토지를 수용하면서 손실보상협의가 이루어지지 아니하자 중앙토지수용위원회에 재결신청을 하였고, 위 위원회는 2008. 6. 19. 보상금을 114,173,000원(이하 ‘"
protection_mechanism,149932,2,"’이라 한다)하였는데, 제1 매매계약의 주요 내용은 아래와 같고, F은 2020. 1. 16. 피고에게 위 계약금 2억 원을 지급하였다.  라. 피고는 2020. 3. 1. 주식회사 G(이하 ‘"
protection_mechanism,149932,2,"“제2 매매계약 체결 과정에서 원고가 보증금 합계 3,400만 원을 승계하고 매매대금에서 공제하지 않기로 하였다.”"
