source,case_seq,case_no,case_name,doc_url,clause_title,opinion,opinion_source,gold_risk_level_candidate,articles,gold_risk_type_candidates,rationale,clause_text,review_status
법제처 OPEN API/prec,618569,2024가합22393,부당이득금·손해배상등,https://www.law.go.kr/DRF/lawService.do?OC=test&target=prec&ID=618569&type=HTML,제23조,위험,판례 문맥 추론 · 신호 혼재,위험,,,"고 2013다214864 판결, 대법원 2017. 4. 13. 선고 2016다274904 판결 등 참조). 나) 구체적 판단 위 법리에 비추어 이 사건 이용약관 제23조 중 이 사건과 관련된 주요규정에 관하여 살피건대, 아래와 같은 사실 내지 사정을 고려하면, 위 규정들이 신의성실의 원칙에 반하여 공정을 잃은 약관에 해당한다고 볼 수는 없다. (1) 이 사건 이용약관 제23조 제2항 (l)은 ""기타 원고의 단독 재량으로 계정, 플랫폼 또는 약관의 해지 또는 정지가 필요하다고 판단하는 경우""로 해석되므로, 문언에 의하면 가상자산 거래소인 원고에게 별다른 제한 없이 거래소 이용자들의 이용을 제한할 수 있는 무분별한 재량을 부과하는 것으로서, 일응 약관법 제6조 제2항 제1호에 위반되는 것으로 해석될 여지가 있다. 그러나 위 조항은 원고가 이용자들에게 이용제한을 가할 수 있는 구체적인 사유를 규정하고 있는 이 사건 이용약관 제23조 제2항 각 호 중 마지막 호에 위치하여, 각 호 조항과 병렬적으로 규정되어 있다. 따라서 위 조항의 문언과 함께 다른 조항과의 관계를 유기적으로 해석하면, 위 조항은 원고에게 무분별한 재량을 부과하는 조항이라기보다는 원고가 판단할 때, 제23조 제2항 각 호 사유에 해당하지 않으나 이에 준하는 사유라고 봄이 상당한 경우를 의미한다고 해석함이 상당하며, 위와 같이 해석하는 경우 이용자에게 부당하게 불리하다고 볼 수 없다. (2) 이 사건 이용약관 제23조 제2항 (c)는 ""원고는 이용자가 보유한 가상자산이 범죄 수익 또는 위법하게 소유하였다는 점을 알거나 의심하는 경우""로 해석되고, 제23조 제2항 (f)는 ""원고가 독단적으로 판단하기에 이용자의 행위가 이용자, 플랫폼, 플랫폼의 다른 이용자에게 법적 책임을 유발할 수 있는 때""로 해석된다. 위 조항들은 위 규정에서 정한 사유의 발생 여부에 관한 판단 주체를 원고로 정하여 이용자들에게 다소 불이익한 측면이 있다. 그러나 ① 24시간 온라인 디지털 시장에서 국제적으로 거래되는 암호화폐 등 가상자산의 특성상 가상자산은 사기, 시세조종, 자금세탁, 불법거래 등의 범죄에 이용되거나 범죄로 인한 수익을 은닉하는 데에 이용되는 경우가 빈번한 점, ② 피해자가 가해자 또는 계좌명의인에 대하여 불법행위에 기한 손해배상청구권 또는 부당이득반환청구권을 가진다고 하더라도 계정의 거래가 정지되지 않아 피해금이 인출되어 버릴 경우 피해자가 사실상 구제받기 어려운 경우가 발생할 수 있는 점, ③ 위와 같은 범죄로 인한 피해를 최소화하고 투명한 금융거래질서를 확립하기 위하여 범죄와 관련되거나 관련되어 있다고 합리적으로 의심되는 계정의 거래를 정지하는 등 신속히 대처할 필요성이 인정되는 점, ④ 탈중앙화라는 가상자산의 특성상, 조기에 가상자산을 실질적으로 관리할 수 있는 주체는 해당 가상자산의 거래가 이루어지는 가상자산 거래소로 제한되므로, 조기 대응을 위해서는 가상자산 거래소에 일정한 재량을 인정할 수밖에 없는 점, ⑤ 가상자산 거래소를 이용하려는 회원들도 가상자산 거래의 특성을 잘 알고 있을 것으로 보이는 점 등을 종합적으로 고려하면, 특정 가상자산이 범죄 수익 또는 법적 문제와 관련되어 있는지 여부를 판단하는 주체가 가상자산 거래소를 운영하는 원고라는 사정만으로는 위 조항들이 이용자에게 부당하게 불리하다고 볼 수 없다. (3) 이 사건 이용약관 제23조 제2항 (b)(i)는 ""원고가 판단하기에 이 사건 이용약관 또는 계정의 보안요건을 위반하여 이루어지는 것으로 보이는 거래""로 해석된다. 위 조항은 거래의 위법성에 관한 판단 주체를 원고로 한정하고 있으나, 이는 앞서 살펴본 바와 같은 가상자산의 특징을 고려할 때 불가피한 것으로 판단된다. 더욱이 2023. 7. 18. 제정되어 2024. 7. 19.부터 시행된 가상자산 이용자 보호 등에 관한","기타 원고의 단독 재량으로 계정, 플랫폼 또는 약관의 해지 또는 정지가 필요하다고 판단하는 경우",미검수
법제처 OPEN API/prec,618569,2024가합22393,부당이득금·손해배상등,https://www.law.go.kr/DRF/lawService.do?OC=test&target=prec&ID=618569&type=HTML,제23조,위험,판례 문맥 추론 · 신호 혼재,위험,,,"있다. 따라서 위 조항의 문언과 함께 다른 조항과의 관계를 유기적으로 해석하면, 위 조항은 원고에게 무분별한 재량을 부과하는 조항이라기보다는 원고가 판단할 때, 제23조 제2항 각 호 사유에 해당하지 않으나 이에 준하는 사유라고 봄이 상당한 경우를 의미한다고 해석함이 상당하며, 위와 같이 해석하는 경우 이용자에게 부당하게 불리하다고 볼 수 없다. (2) 이 사건 이용약관 제23조 제2항 (c)는 ""원고는 이용자가 보유한 가상자산이 범죄 수익 또는 위법하게 소유하였다는 점을 알거나 의심하는 경우""로 해석되고, 제23조 제2항 (f)는 ""원고가 독단적으로 판단하기에 이용자의 행위가 이용자, 플랫폼, 플랫폼의 다른 이용자에게 법적 책임을 유발할 수 있는 때""로 해석된다. 위 조항들은 위 규정에서 정한 사유의 발생 여부에 관한 판단 주체를 원고로 정하여 이용자들에게 다소 불이익한 측면이 있다. 그러나 ① 24시간 온라인 디지털 시장에서 국제적으로 거래되는 암호화폐 등 가상자산의 특성상 가상자산은 사기, 시세조종, 자금세탁, 불법거래 등의 범죄에 이용되거나 범죄로 인한 수익을 은닉하는 데에 이용되는 경우가 빈번한 점, ② 피해자가 가해자 또는 계좌명의인에 대하여 불법행위에 기한 손해배상청구권 또는 부당이득반환청구권을 가진다고 하더라도 계정의 거래가 정지되지 않아 피해금이 인출되어 버릴 경우 피해자가 사실상 구제받기 어려운 경우가 발생할 수 있는 점, ③ 위와 같은 범죄로 인한 피해를 최소화하고 투명한 금융거래질서를 확립하기 위하여 범죄와 관련되거나 관련되어 있다고 합리적으로 의심되는 계정의 거래를 정지하는 등 신속히 대처할 필요성이 인정되는 점, ④ 탈중앙화라는 가상자산의 특성상, 조기에 가상자산을 실질적으로 관리할 수 있는 주체는 해당 가상자산의 거래가 이루어지는 가상자산 거래소로 제한되므로, 조기 대응을 위해서는 가상자산 거래소에 일정한 재량을 인정할 수밖에 없는 점, ⑤ 가상자산 거래소를 이용하려는 회원들도 가상자산 거래의 특성을 잘 알고 있을 것으로 보이는 점 등을 종합적으로 고려하면, 특정 가상자산이 범죄 수익 또는 법적 문제와 관련되어 있는지 여부를 판단하는 주체가 가상자산 거래소를 운영하는 원고라는 사정만으로는 위 조항들이 이용자에게 부당하게 불리하다고 볼 수 없다. (3) 이 사건 이용약관 제23조 제2항 (b)(i)는 ""원고가 판단하기에 이 사건 이용약관 또는 계정의 보안요건을 위반하여 이루어지는 것으로 보이는 거래""로 해석된다. 위 조항은 거래의 위법성에 관한 판단 주체를 원고로 한정하고 있으나, 이는 앞서 살펴본 바와 같은 가상자산의 특징을 고려할 때 불가피한 것으로 판단된다. 더욱이 2023. 7. 18. 제정되어 2024. 7. 19.부터 시행된 가상자산 이용자 보호 등에 관한 법률(다만 위 법률의 시행시기를 고려할 때, 이 사건 반소청구에 직접 적용되는 법률에 해당하지는 아니한다) 제11조 제1항은 원고와 같이 가상자산 거래소를 운영하는 가상자산사업자가 ‘대통령령으로 정하는 정당한 사유가 존재하는 경우’ 이용자의 가상자산에 관한 입금 또는 출금을 차단할 수 있는 것으로 규정하고 있고, 같은 법 시행령 제17조 제2호는 법률 제11조 제1항에서 정하는 ‘정당한 사유’로 가상자산사업자에게 위 시행령 제12조에 따른 보험사고가 발생하여 이용자 보호 및 보안을 위하여 가상자산에 관한 입금 및 출금을 차단할 긴급할 필요가 있는 경우를 규정하고 있다. 위 시행령에서 규정하고 있는 가상자산에 관한 입금 및 출금을 차단할 수 있는 정당한 사유는 이 사건 이용약관 제23조 제2항 (b)(i)에서 규정하고 있는 사유와 유사하다. 가상자산 이용자 자산의 보호와 불공정거래행위 규제 등에 관한 사항을 정함으로써 가상자산 이용자의 권익을 보호하고 가상자산시장의 투명하고 건전한 거래질서를 확립하는 것을 목적",원고는 이용자가 보유한 가상자산이 범죄 수익 또는 위법하게 소유하였다는 점을 알거나 의심하는 경우,미검수
법제처 OPEN API/prec,618569,2024가합22393,부당이득금·손해배상등,https://www.law.go.kr/DRF/lawService.do?OC=test&target=prec&ID=618569&type=HTML,제23조,위험,판례 문맥 추론 · 단일 신호,위험,,,"한 재량을 인정할 수밖에 없는 점, ⑤ 가상자산 거래소를 이용하려는 회원들도 가상자산 거래의 특성을 잘 알고 있을 것으로 보이는 점 등을 종합적으로 고려하면, 특정 가상자산이 범죄 수익 또는 법적 문제와 관련되어 있는지 여부를 판단하는 주체가 가상자산 거래소를 운영하는 원고라는 사정만으로는 위 조항들이 이용자에게 부당하게 불리하다고 볼 수 없다. (3) 이 사건 이용약관 제23조 제2항 (b)(i)는 ""원고가 판단하기에 이 사건 이용약관 또는 계정의 보안요건을 위반하여 이루어지는 것으로 보이는 거래""로 해석된다. 위 조항은 거래의 위법성에 관한 판단 주체를 원고로 한정하고 있으나, 이는 앞서 살펴본 바와 같은 가상자산의 특징을 고려할 때 불가피한 것으로 판단된다. 더욱이 2023. 7. 18. 제정되어 2024. 7. 19.부터 시행된 가상자산 이용자 보호 등에 관한 법률(다만 위 법률의 시행시기를 고려할 때, 이 사건 반소청구에 직접 적용되는 법률에 해당하지는 아니한다) 제11조 제1항은 원고와 같이 가상자산 거래소를 운영하는 가상자산사업자가 ‘대통령령으로 정하는 정당한 사유가 존재하는 경우’ 이용자의 가상자산에 관한 입금 또는 출금을 차단할 수 있는 것으로 규정하고 있고, 같은 법 시행령 제17조 제2호는 법률 제11조 제1항에서 정하는 ‘정당한 사유’로 가상자산사업자에게 위 시행령 제12조에 따른 보험사고가 발생하여 이용자 보호 및 보안을 위하여 가상자산에 관한 입금 및 출금을 차단할 긴급할 필요가 있는 경우를 규정하고 있다. 위 시행령에서 규정하고 있는 가상자산에 관한 입금 및 출금을 차단할 수 있는 정당한 사유는 이 사건 이용약관 제23조 제2항 (b)(i)에서 규정하고 있는 사유와 유사하다. 가상자산 이용자 자산의 보호와 불공정거래행위 규제 등에 관한 사항을 정함으로써 가상자산 이용자의 권익을 보호하고 가상자산시장의 투명하고 건전한 거래질서를 확립하는 것을 목적으로 설립된 법률에서도 가상자산사업자가 예외적으로 정당한 사유가 존재하는 경우 이용자의 가상자산에 관한 입금 및 출금을 차단하는 조치가 가능하도록 규정하고 있다는 점 등을 고려하면, 이 사건 이용약관의 위 조항이 이용자에게 부당하게 불이익하다고 볼 수 없다. 다) 소결론 피고 2가 제출한 증거들만으로는 이 사건 이용약관 제23조 중 이 사건과 관련된 주요규정이 약관법 제6조 제2항 각 호에 해당하거나 신의성실의 원칙을 위반하여 공정성을 잃었다고 보기 어렵고, 달리 이를 인정할 증거가 없다. 따라서 이 사건 이용약관 제23조 중 이 사건과 관련된 주요규정이 약관법에 위배되어 무효이므로 이 사건 이용제한조치가 근거 없이 이루어졌다는 피고 2의 주장은 받아들이지 않는다. 6) 2023. 8. 26. 이후 이 사건 이용약관상 이용제한 사유가 소멸하였는지 피고 2는 원고가 2023. 8. 25. 이 사건 일반회원계정에 적립되어 있던 11,851,473.88 테더(USDT), 39.94643307 비트코인(BTC), 1,254,020.636 리플(XRP)을 인출한 이상, 피고 2가 더 이상 가상자산을 위법하게 소유하고 있다고 볼 수 없으므로 2023. 8. 26. 이후에는 이 사건 제휴회원계정 및 일반회원계정에 대한 이용제한 사유가 존재하지 않는다고 주장한다. 그러나 이 사건 이용제한조치는 이 사건 이용약관 제23조 제2항 (c) 외에도 (f)에 따라 이루어진 것으로서, 피고 2가 이 사건 가상자산을 3,344,203.76 리플(XRP)로 교환하여 외부 가상자산 계정으로 이체한 이상, 여전히 피고 2는 원고에게 이 사건 가상자산을 부당이득으로 반환할 채무를 부담하며, 이에 따라 이 사건 이용약관 제23조 제2항 (f)에서 정한 사유는 이 사건 변론종결 시인 2026. 1. 29.까지 존속하고 있다고 인정된다. 따라서 이 사건 제휴회원계정 및 ",원고가 판단하기에 이 사건 이용약관 또는 계정의 보안요건을 위반하여 이루어지는 것으로 보이는 거래,미검수
법제처 OPEN API/prec,618569,2024가합22393,부당이득금·손해배상등,https://www.law.go.kr/DRF/lawService.do?OC=test&target=prec&ID=618569&type=HTML,제8조,(판단 불명확),판단 불명확,,,,"유하는 것에 지나지 않는다. 나) 따라서 피고 2가 주장하는 원고의 이 사건 회수행위의 실질은 피고 2가 소유하는 가상자산을 원고가 임의로 취득한 것이 아니라, 원고가 이 사건 일반회원계정을 관리하는 가상자산 거래소의 지위에서 이 사건 일반회원계정에 피고 2가 원고에게 반환청구권을 갖는다고 잘못 표기된 부분의 오류를 수정한 것에 지나지 않는다. 더욱이 이 사건 이용약관 제8조 제10항 (a)에 의하면, 원고는 ‘거래가 체결, 결제 또는 통신 시스템의 오작동으로 발생한 경우’ 원고는 당사자의 동의가 없더라도 거래를 취소하거나 무효화할 수 있는데, ① ‘거래’를 ‘가상자산 거래소 이용자 사이의 거래’로 제한하여 해석할 합리적 이유가 없으므로 위 ‘거래’에는 이 사건 제휴프로그램에 따른 수수료 지급과 같이 ‘가상자산 거래소와 이용자 사이의 거래’도 포함된다고 봄이 상당하고, ② 위와 같이 가상자산 거래소의 실질적인 운영행태에 비추어 볼 때, ‘거래를 취소하거나 무효화하는 것’은 ‘실제 가상자산을 회수하는 것’이 아니라 ‘가상자산의 거래에 관한 장부상 기록을 수정하는 것’을 의미하므로, 피고 2가 주장하는 이 사건 회수행위는 이 사건 이용약관 제8조 제10항 (a)에 따른 정당한 조치로 위법하다고 볼 수 없다. 다. 소결론 피고 2의 각 반소청구는 이유 없으므로 이를 모두 받아들이지 않는다. 6. 결론 그렇다면 원고의 피고 2에 대한 본소청구는 이유 있어 이를 인용하고, 피고 1에 대한 본소청구는 이유 없어 이를 기각하며, 피고 2의 각 반소청구는 모두 이유 없어 이를 모두 기각하기로 하여 주문과 같이 판결한다. 판사 장용범(재판장) 김진아 김민순 ]]>","거래가 체결, 결제 또는 통신 시스템의 오작동으로 발생한 경우",미검수
법제처 OPEN API/prec,615963,2024다294033,부당이득금반환청구의소,https://www.law.go.kr/DRF/lawService.do?OC=test&target=prec&ID=615963&type=HTML,(조 번호 미표기),(판단 불명확),판단 불명확,,,,"ㆍ교육과 통제를 하는, 「가맹사업거래의 공정화에 관한 법률」(이하 ‘가맹사업법’이라 한다)에서 정한 가맹본부이다. 원고들은 피고로부터 가맹점운영권을 받아 원심판결 별지 2 기재와 같이 가맹점을 운영하였거나 운영하고 있는 가맹점사업자들이다. 2) 원고들은 피고와 각 가맹계약(이하 통틀어 ‘이 사건 각 가맹계약’이라 하고, 그 계약서를 통틀어 ‘이 사건 각 가맹계약서’라 한다)을 체결하고, 피고에게 가맹비로 가맹계약 체결 시 최초 가맹비, 가맹계약 계속 중 매달 고정 수수료, 광고비 등을 지급하였으며, 피고가 정하는 피자 제조에 필요한 원ㆍ부재료를 공급받고 매달 피고에게 물품대금을 지급하였다. 나. 피고가 등록ㆍ공개한 정보공개서의 차액가맹금 관련 내용 1) 가맹본부는 가맹계약을 체결하려는 가맹희망자에게 제공할 정보공개서를 대통령령으로 정하는 바에 따라 공정거래위원회 등에 등록하여야 한다(가맹사업법 제6조의2 제1항). 2018. 4. 3. 대통령령 제28786호로 개정되어 2019. 1. 1. 시행된 「가맹사업거래의 공정화에 관한 법률 시행령」(이하 ‘가맹사업법 시행령’이라 한다)제4조 제1항 [별표 1] 제5호 (나)목의 2)(이하 ‘이 사건 시행령 조항’이라 한다)는 ‘가맹점사업자의 부담’과 관련하여 ‘가맹점사업자가 해당 가맹사업을 운영하는 과정에서 가맹본부가 가맹점사업자에게 가맹본부 또는 가맹본부가 지정한 자와 거래할 것을 강제 또는 권장하여 공급받는 품목에 대하여 가맹본부에 지급하는 대가 중 적정한 도매가격을 넘는 대가’를 ‘차액가맹금’으로 규정하고 정보공개서에 ‘직전 사업연도의 가맹점당 평균 차액가맹금 지급 금액’ 및 ‘직전 사업연도의 가맹점당 매출액 대비 차액가맹금 지급 금액의 비율’(이하 ‘차액가맹금 비율’이라 한다)을 기재하도록 하고 있다. 2) 피고는 이 사건 시행령 조항이 시행되기 전에는 정보공개서에 차액가맹금에 관한 내용을 기재하지 않았으나 2019년도 정보공개서에는 직전 사업연도의 차액가맹금이 존재하지 않는다는 취지로 기재하였고, 2020년도부터는 정보공개서에 이 사건 시행령 조항에서 정한 내용을 기재하고 있다. 3) 가맹사업법 제2조 제6호 (라)목은 ‘가맹점사업자가 가맹본부와의 계약에 의하여 허락받은 영업표지의 사용과 영업활동 등에 관한 지원ㆍ교육, 그 밖의 사항에 대하여 가맹본부에 정기적으로 또는 비정기적으로 지급하는 대가로서 대통령령으로 정하는 것’을 가맹금의 하나로 정하고 있다. 그 위임에 따라 가맹사업법 시행령 제3조 제2항 제2호는 ‘가맹점사업자가 가맹본부로부터 공급받는 상품ㆍ원재료ㆍ부재료ㆍ정착물ㆍ설비 및 원자재의 가격 또는 부동산의 임차료에 대하여 가맹본부에 정기적으로 또는 비정기적으로 지급하는 대가 중 적정한 도매가격을 넘는 대가(가맹본부가 취득한 자신의 상품 등에 관한 특허법에 따른 권리에 대한 대가는 제외)’를 가맹금의 하나로 정하고 있는데, 같은 시행령 제3조 제1항 제4호에 따르면 ‘적정한 도매가격’은 가맹본부가 해당 물품이나 용역을 다른 사업자로부터 구입하여 공급하는 경우에는 그 구입가격을 의미한다. 다. 원고들의 피고에 대한 이 사건 소 제기 원고들은 피고를 상대로 피고가 가맹사업을 하면서 2016년부터 2022년까지 원고들로부터 법률상 원인 없이 차액가맹금 명목의 돈을 지급받았다고 주장하면서 그 차액가맹금을 부당이득으로 반환할 것을 구하는 이 사건 소를 제기하였다. 2. 피고의 상고이유에 대한 판단 가. 관련 법리 1) 일반적으로 계약이 성립하기 위하여는 청약과 승낙이라는 서로 대립하는 의사표시가 합치하여야 하지만, 그러한 의사표시가 명시적이어야 할 필요는 없고 묵시적으로도 이루어질 수 있다(대법원 2011. 9. 29. 선고 2011다30765 판결 등 참조). 이때 당해 계약의 내용을 이루는 모든 사항에 관하여 의사의 합치가 있어야 하는 것은 아니나 그 본질적 사항이나 중요 사항에 관하여는 구체적으로 의사의 합치가 있거나 적어도 장래 구체적으로 특정할 수 있는 기준과 방법 등에 관한 합의는 있어야 한다(대법원 2001. 3. 23. 선고 2000다51650 판결, ","라 한다)을 체결하고, 피고에게 가맹비로 가맹계약 체결 시 최초 가맹비, 가맹계약 계속 중 매달 고정 수수료, 광고비 등을 지급하였으며, 피고가 정하는 피자 제조에 필요한 원ㆍ부재료를 공급받고 매달 피고에게 물품대금을 지급하였다. 나. 피고가 등록ㆍ공개한 정보공개서의 차액가맹금 관련 내용 1) 가맹본부는 가맹계약을 체결하려는 가맹희망자에게 제공할 정보공개서를 대통령령으로 정하는 바에 따라 공정거래위원회 등에 등록하여야 한다(가맹사업법 제6조의2 제1항). 2018. 4. 3. 대통령령 제28786호로 개정되어 2019. 1. 1. 시행된 「가맹사업거래의 공정화에 관한 법률 시행령",미검수
법제처 OPEN API/prec,619555,2024누64156,부가가치세등부과처분취소,https://www.law.go.kr/DRF/lawService.do?OC=test&target=prec&ID=619555&type=HTML,(조 번호 미표기),안전,판례 문맥 추론 · 단일 신호,안전,,,"을 확인할 수 있고, 이러한 사정으로부터 고객들이 △△△ 사업장으로부터 이 사건 꽃 장식을 공급받을 경제적 유인이 있음이 추단된다. ④ 원고가 제출한 이 사건 계약서(갑 제7호증)에 의하면 고객이 △△△ 사업장으로부터 이 사건 꽃 장식을 공급받지 않고 원고의 외주업체인 ‘(업체명 생략)’으로부터 꽃 장식을 공급받은 사실은 인정된다(다만, 이에 따른 비용도 이 사건 계약서의 ‘부가상품 비용’ 란에 계상되었다). 그러나 위와 같은 사정만으로 앞서 본 증거들에 의하여 추단되는 부수적 공급의 통상성을 부인하기는 어려우며, 원고 스스로도 외주업체를 통한 꽃 장식 공급은 △△△ 사업장이 고객들에게 공급한 생화 중 극히 일부에 불과함을 시인한 바 있다. ⑤ 원고는 ‘부가가치세가 면세되는 재화 또는 용역의 공급에 필수적으로 부수되는 재화 또는 용역의 공급으로서 면세되는 재화 또는 용역의 공급에 포함되는 것으로 보는 것의 범위는 부가가치세가 면세되는 주된 재화 또는 용역을 공급하면서 그에 필수적으로 부수되는 어느 재화 또는 용역을 공급하는 사업자 자신의 거래로 국한하여야 하는 것’이라는 취지로 판시한 대법원 2002. 11. 8. 선고 2001두4849 판결, 대법원 2013. 6. 28. 선고 2013두932 판결(및 그 원심 판결인 서울고등법원 2012. 12. 7. 선고 2011누24820 판결)을 원용하며 본점 사업장과 △△△ 사업장은 부가가치세법상 독립적으로 부가가치세 신고의무를 부담하는 별개의 공급주체에 해당하므로, △△△ 사업장의 생화 공급이 본점 사업장의 결혼예식용역 공급에 포함된다고 볼 수 없다고 주장한다. 그러나 원고가 원용한 위 판결들은 주된 용역 공급자인 본점 사업장과 그에 부수되는 용역(또는 재화) 공급자인 △△△ 사업장이 같은 법인에 속하는 이 사건과는 사실관계를 달리하므로 이 사건에 원용하기 어렵다. 원고의 주장과 같이 이 사건의 본점 사업장과 △△△ 사업장은 사업자 단위 과세 적용사업자에 해당하지 않고 주사업자 총괄납부 제도를 적용받을 뿐이어서 사업장별 과세원칙에 따라 각 사업장마다 부가가치세 신고를 별도로 진행하여야 하나, 앞서 본 사실 및 증거, 변론 전체의 취지에 의하여 인정되는 다음과 같은 사정, 즉 ㉠ 부가가치세 제3조(납세의무자)는 제1항에서 ‘다음 각 호의 어느 하나에 해당하는 자로서 개인, 법인(국가·지방자치단체와 지방자치단체조합을 포함한다), 법인격이 없는 사단·재단 또는 그 밖의 단체는 이 법에 따라 부가가치세를 납부할 의무가 있다’고 규정하고 동항 제1호에서 ‘사업자’를 명시하여 ‘법인’을 부가가치세의 납세의무자로 정하였는데, 본점 사업장과 △△△ 사업장은 비록 다른 사업자등록번호를 부여받았지만 동일한 법인(법인등록번호 : 000000-0000000)에 속하는 점, ㉡ 본점 사업장 내 ‘◇◇◇호텔’ 사업상 조직은 객실팀, 식음팀, 조리팀, 마케팅팀, 연회팀, 시설팀, 영업지원팀, 영업디자인팀으로 구성되는데, 이 중 연회팀은 다시 업무담당을 웨딩, 연회판촉, 연회서비스, 플라워연회로 구분하여 웨딩/연회의 판촉과 서비스, △△△ 사업장의 운영(웨딩/연회)을 주요 업무로 맡았는바, 조직 구조상으로도 본점 사업장과 △△△ 사업장이 별도로 분리되었다고 보기 어려운 점, ㉢ 본점 사업장과 △△△ 사업장의 소재지가 서울특별시 중구 (이하 생략)으로 동일한 점, ㉣ 주사업자 총괄납부 제도 적용에 따라 본점 사업장이 △△△ 사업장의 부가가치세 납부도 일괄 진행하는 점에 비추어 보면 본점 사업장과 △△△ 사업장은 별개의 사업자로 볼 수 없다. 따라서 이와 다른 전제에 선 원고의 이 부분 주장은 이유 없다. 마. 소결 이 사건 꽃 장식의 공급은 ‘협회 및 단체, 수리 및 기타 개인서비스업에 해당하는 모든 역무와 그 밖의 행위’로 봄이 타당하고, 설령 달리 보더라도 본점 사업장의 결혼예식용역 공급에 포함되는 것으로 봄이 타당하여 부가가치세 과세대상에 해당하므로, 이와 같은 전제에 선 이 사건 각 처분은 적법하다. 4. 결론 그렇다면 원고의 청구는 ","부가상품 비용’ 란에 계상되었다). 그러나 위와 같은 사정만으로 앞서 본 증거들에 의하여 추단되는 부수적 공급의 통상성을 부인하기는 어려우며, 원고 스스로도 외주업체를 통한 꽃 장식 공급은 △△△ 사업장이 고객들에게 공급한 생화 중 극히 일부에 불과함을 시인한 바 있다. ⑤ 원고는",미검수
법제처 OPEN API/prec,608447,2024다289680,보험금[상법 제652조 제1항의 통지의무 위반을 이유로 보험계약을 해지할 수 있는지 문제된 사건],https://www.law.go.kr/DRF/lawService.do?OC=test&target=prec&ID=608447&type=HTML,(조 번호 미표기),(판단 불명확),판단 불명확,,,,"다. 1. 사안의 개요 원심판결 이유 및 적법하게 채택된 증거에 따르면 다음 사실을 알 수 있다. 가. 원고는 2015. 8. 26. 보험회사인 피고와, 보험기간을 2015. 8. 27.부터 2070. 8. 27.까지로, 피보험자를 원고의 자녀인 소외인으로, 사망보험금 수익자를 원고로 각각 정하여 ‘(보험계약명 생략)’ 보험계약을 체결하였다(이하 ‘이 사건 보험계약’이라 한다). 이 사건 보험계약의 담보사항 중에는 피보험자가 보험기간 중 상해사고로 사망한 경우 상해사망보험금 2억 원을 지급하기로 하는 내용이 포함되어 있다. 나. 이 사건 보험계약의 보통약관 제15조 제1항은 ""계약자 또는 피보험자는 보험기간 중에 피보험자가 그 직업 또는 직무를 변경(자가용 운전자가 영업용 운전자로 직업 또는 직무를 변경하는 등의 경우를 포함합니다)하거나 이륜자동차 또는 원동기장치자전거를 계속적으로 사용하게 된 경우에는 지체 없이 회사에 알려야 합니다.""라고 규정하고 있고, 제16조 제1항 제2호는 ""회사는 뚜렷한 위험의 증가와 관련된 제15조 제1항에서 정한 계약 후 알릴 의무를 계약자 또는 피보험자의 고의 또는 중대한 과실로 이행하지 않았을 때에는 손해의 발생 여부에 관계없이 이 계약을 해지할 수 있습니다.""라고 규정하고 있다(이하 통틀어 ‘이 사건 약관조항’이라 한다). 다. 이 사건 보험계약 체결 당시 소외인은 청약서의 ‘9. 현재 운전을 하고 있습니까? 운전을 하신다면 차종 및 목적은 무엇입니까?’라는 질문에 대한 답변란에 ‘아니오’라고 표시하였다. 라. 소외인은 2019년 초경 삼겹살 배달전문 음식점을 개업하면서 영업에 이용할 목적으로 오토바이를 구입하였다. 소외인은 식자재 구입, 조리, 포장 등 위 음식점의 모든 업무를 홀로 담당하였다. 마. 소외인은 2019. 5. 2. 00:35경 오토바이를 직접 운전하여 이동하던 중 만취 상태로 운행 중이던 차량에 충돌하여 사망하였다(이하 소외인을 ‘망인’이라 하고, 위 사고는 ‘이 사건 사고’라 한다). 바. 원고는 2019. 5. 13. 피고에게 이 사건 보험금의 지급을 청구하였다. 그러자 피고는 2019. 5. 28. 원고에게 ""상기 피보험자는 당사에 상기 보험을 가입한 이후, 이륜차 또는 원동기장치자전거를 계속적으로 사용하게 된 경우에는 지체 없이 이를 귀사에 통지해야 할 사유가 있었음에도 불구하고 동 보험의 약관(계약 후 알릴 의무) 및 상법(제652조 위험변경증가의 통지와 계약해지)에 규정되어 있는 ‘계약 후 알릴 의무’를 이행하지 못하였습니다. 이에 따라 당사는 보험계약 해지를 통보할 것이며, 금번 사고에 대해서 면책임을 안내드립니다.""라는 내용이 담긴 안내문을 발송하였고, 위 안내문은 그 무렵 원고에게 송달되었다(이하 ‘이 사건 안내문’이라 한다). 2. 원심의 판단 원심은 판시와 같은 이유로, 이 사건 약관조항은 명시·설명의무의 대상이 되는 보험계약의 중요한 내용에 해당하고 보험자인 피고에게 명시·설명의무가 면제되는 경우에도 해당하지 아니하는데, 피고가 이 사건 보험계약 체결 당시 이 사건 약관조항에 관한 명시·설명의무를 이행하였다고 볼 수 없는 이상 이 사건 약관조항은 이 사건 보험계약의 내용으로 편입되었다고 할 수 없다고 판단한 다음, 피보험자인 망인이 이 사건 약관조항에서 정한 계약 후 알릴 의무를 위반하였음을 이유로 한 피고의 계약해지 주장을 배척하였다. 3. 대법원의 판단 가. 제1 상고이유에 관한 판단 피고가 이 사건 보험계약 체결 당시 이 사건 약관조항의 명시·설명의무를 이행하였다고 인정하기 어렵다고 본 원심의 판단에 상고이유 주장과 같이 논리와 경험의 법칙을 위반하여 자유심증주의의 한계를 벗어나거나 보험약관의 명시·설명의무에 관한 법리를 오해하여 필요한 심리를 다하지 아니한 잘못이 없다. 나. 제2 상고이유에 관한 판단 원심이 위와 같이 망인의 보험약관상 계약 후 알릴 의무 위반을 이유로 한 피고의 ",라 한다). 이 사건 보험계약의 담보사항 중에는 피보험자가 보험기간 중 상해사고로 사망한 경우 상해사망보험금 2억 원을 지급하기로 하는 내용이 포함되어 있다. 나. 이 사건 보험계약의 보통약관 제15조 제1항은,미검수
법제처 OPEN API/prec,608447,2024다289680,보험금[상법 제652조 제1항의 통지의무 위반을 이유로 보험계약을 해지할 수 있는지 문제된 사건],https://www.law.go.kr/DRF/lawService.do?OC=test&target=prec&ID=608447&type=HTML,(조 번호 미표기),(판단 불명확),판단 불명확,,,,"으로 사용하게 된 경우에는 지체 없이 회사에 알려야 합니다.""라고 규정하고 있고, 제16조 제1항 제2호는 ""회사는 뚜렷한 위험의 증가와 관련된 제15조 제1항에서 정한 계약 후 알릴 의무를 계약자 또는 피보험자의 고의 또는 중대한 과실로 이행하지 않았을 때에는 손해의 발생 여부에 관계없이 이 계약을 해지할 수 있습니다.""라고 규정하고 있다(이하 통틀어 ‘이 사건 약관조항’이라 한다). 다. 이 사건 보험계약 체결 당시 소외인은 청약서의 ‘9. 현재 운전을 하고 있습니까? 운전을 하신다면 차종 및 목적은 무엇입니까?’라는 질문에 대한 답변란에 ‘아니오’라고 표시하였다. 라. 소외인은 2019년 초경 삼겹살 배달전문 음식점을 개업하면서 영업에 이용할 목적으로 오토바이를 구입하였다. 소외인은 식자재 구입, 조리, 포장 등 위 음식점의 모든 업무를 홀로 담당하였다. 마. 소외인은 2019. 5. 2. 00:35경 오토바이를 직접 운전하여 이동하던 중 만취 상태로 운행 중이던 차량에 충돌하여 사망하였다(이하 소외인을 ‘망인’이라 하고, 위 사고는 ‘이 사건 사고’라 한다). 바. 원고는 2019. 5. 13. 피고에게 이 사건 보험금의 지급을 청구하였다. 그러자 피고는 2019. 5. 28. 원고에게 ""상기 피보험자는 당사에 상기 보험을 가입한 이후, 이륜차 또는 원동기장치자전거를 계속적으로 사용하게 된 경우에는 지체 없이 이를 귀사에 통지해야 할 사유가 있었음에도 불구하고 동 보험의 약관(계약 후 알릴 의무) 및 상법(제652조 위험변경증가의 통지와 계약해지)에 규정되어 있는 ‘계약 후 알릴 의무’를 이행하지 못하였습니다. 이에 따라 당사는 보험계약 해지를 통보할 것이며, 금번 사고에 대해서 면책임을 안내드립니다.""라는 내용이 담긴 안내문을 발송하였고, 위 안내문은 그 무렵 원고에게 송달되었다(이하 ‘이 사건 안내문’이라 한다). 2. 원심의 판단 원심은 판시와 같은 이유로, 이 사건 약관조항은 명시·설명의무의 대상이 되는 보험계약의 중요한 내용에 해당하고 보험자인 피고에게 명시·설명의무가 면제되는 경우에도 해당하지 아니하는데, 피고가 이 사건 보험계약 체결 당시 이 사건 약관조항에 관한 명시·설명의무를 이행하였다고 볼 수 없는 이상 이 사건 약관조항은 이 사건 보험계약의 내용으로 편입되었다고 할 수 없다고 판단한 다음, 피보험자인 망인이 이 사건 약관조항에서 정한 계약 후 알릴 의무를 위반하였음을 이유로 한 피고의 계약해지 주장을 배척하였다. 3. 대법원의 판단 가. 제1 상고이유에 관한 판단 피고가 이 사건 보험계약 체결 당시 이 사건 약관조항의 명시·설명의무를 이행하였다고 인정하기 어렵다고 본 원심의 판단에 상고이유 주장과 같이 논리와 경험의 법칙을 위반하여 자유심증주의의 한계를 벗어나거나 보험약관의 명시·설명의무에 관한 법리를 오해하여 필요한 심리를 다하지 아니한 잘못이 없다. 나. 제2 상고이유에 관한 판단 원심이 위와 같이 망인의 보험약관상 계약 후 알릴 의무 위반을 이유로 한 피고의 계약해지 주장에 관하여만 판단한 것은 다음과 같은 이유에서 수긍하기 어렵다. 1) 보험기간 중에 보험계약자 또는 피보험자가 사고발생의 위험이 현저하게 변경 또는 증가된 사실을 안 때에는 지체 없이 보험자에게 통지하여야 한다(상법 제652조 제1항 전단). 이러한 통지의무는 보험계약의 효과로서 인정되는 의무가 아니라 상법 규정에 의하여 인정되는 법정의무로서, 보험계약자 또는 피보험자가 이를 해태한 때에는 보험자는 그 사실을 안 날로부터 1월 내에 한하여 계약을 해지할 수 있다(상법 제652조 제1항 후단). 만약 보험약관에서 ‘보험기간 중에 이륜자동차 또는 원동기장치자전거를 계속적으로 사용하게 된 경우에 지체 없이 회사에 알려야 하고, 이",라 한다). 다. 이 사건 보험계약 체결 당시 소외인은 청약서의,미검수
법제처 OPEN API/prec,608447,2024다289680,보험금[상법 제652조 제1항의 통지의무 위반을 이유로 보험계약을 해지할 수 있는지 문제된 사건],https://www.law.go.kr/DRF/lawService.do?OC=test&target=prec&ID=608447&type=HTML,(조 번호 미표기),(판단 불명확),판단 불명확,,,,"의하면, 다음과 같은 사실을 알 수 있다. 가) 피고는 2021. 12. 24. 제1심 제1차 변론기일에서 2021. 12. 22. 자 답변서를 진술하였는데, 위 답변서에는 ‘망인은 상법 제652조 제1항에서 정한 통지의무를 위반하였을 뿐만 아니라 이 사건 약관조항에서 정한 계약 후 알릴 의무를 위반하였으므로, 피고는 이를 이유로 이 사건 안내문을 통해 이 사건 보험계약을 적법하게 해지하였다.’라는 내용이 기재되어 있다. 나) 피고는 2023. 7. 21. 원심 제1차 변론기일에서 2023. 1. 25. 자 항소이유서를 진술하였는데, 위 항소이유서에는 ‘이 사건 보험계약 및 이 사건 사고에는 상법 제652조가 적용되므로, 피고는 이 사건 약관조항의 명시·설명의무를 이행하였는지에 관계없이 해지권을 행사할 수 있다.’는 내용이 담겨 있다. 다) 피고는 2024. 6. 14. 원심 제4차 변론기일에서 2024. 6. 13. 자 준비서면을 진술하였는데, 위 준비서면에는 ‘피보험자인 망인은 상법 제652조 제1항에서 정한 통지의무를 위반하였으므로, 피고가 이 사건 약관조항에 관한 명시·설명의무를 이행하지 아니하였다고 하더라도 상법 제652조 제1항에 따라 이 사건 보험계약을 적법하게 해지할 수 있다.’는 내용이 담겨 있다. 3) 위와 같은 사실관계를 앞서 본 법리에 비추어 살펴본다. 가) 이 사건 안내문의 내용을 보면, 피고가 애초부터 피보험자인 망인의 이 사건 약관조항에서 정한 계약 후 알릴 의무 위반과 상법 제652조에서 정한 통지의무 위반의 두 가지 해지사유를 내세워 계약해지의 의사표시를 하였음을 알 수 있다. 또한 피고는 제1심에서부터 원심에 이르기까지 망인의 이 사건 약관조항에서 정한 계약 후 알릴 의무 위반을 이유로 한 계약해지 주장과 별도로 상법 제652조 제1항에서 정한 통지의무 위반을 이유로 한 계약해지 주장을 명시적으로 하였다. 나) 원심의 판단과 같이 피고가 이 사건 약관조항의 명시·설명의무를 위반하여 이 사건 보험계약을 체결하였더라도 이 사건 약관조항의 내용을 이 사건 보험계약의 내용으로 주장할 수 없게 되는 것뿐이고, 그로 인하여 상법 제652조의 적용을 배제하는 효과가 생기는 것은 아니다. 그러므로 망인이 보험기간 중 배달전문 음식점 영업을 위하여 오토바이를 계속적으로 사용한 것으로 보이는 이 사건에서, 보험계약자인 원고 또는 피보험자인 망인이 상법 제652조 제1항에서 정한 통지의무를 해태한 경우 피고는 이 사건 약관조항에 관한 명시·설명의무를 이행하였는지 여부에 관계없이 위 상법 조항에 따라 이 사건 보험계약을 해지할 수 있다. 4) 그럼에도 원심은 망인이 이 사건 약관조항에서 정한 계약 후 알릴 의무를 위반하였음을 이유로 한 피고의 계약해지 주장에 관하여만 판단하였을 뿐, 망인이 상법 제652조 제1항에서 정한 통지의무를 위반하였음을 이유로 한 계약해지 주장에 관하여는 아무런 심리·판단을 하지 않았다. 이러한 원심판결에는 상법 제652조와 이를 구체화한 보험약관조항의 관계에 관한 법리를 오해한 나머지 필요한 심리를 다하지 않은 채 판단을 누락하여 판결에 영향을 미친 잘못이 있다. 이를 지적하는 피고의 상고이유 주장은 이유 있다. 4. 결론 원심판결을 파기하고, 사건을 다시 심리·판단하도록 원심법원에 환송하기로 하여, 관여 대법관의 일치된 의견으로 주문과 같이 판결한다. 대법관 노태악(재판장) 서경환 신숙희(주심) 마용주 ]]>","라는 내용이 기재되어 있다. 나) 피고는 2023. 7. 21. 원심 제1차 변론기일에서 2023. 1. 25. 자 항소이유서를 진술하였는데, 위 항소이유서에는",미검수
법제처 OPEN API/prec,609337,2024나65751,분담금반환청구등,https://www.law.go.kr/DRF/lawService.do?OC=test&target=prec&ID=609337&type=HTML,(조 번호 미표기),위험,판례 문맥 추론 · 단일 신호,위험,,,"】1. 기초사실 가. 피고는 평택시 (지번 생략) 일원에 아파트를 건설하여 분양하는 사업(이하 ‘이 사건 사업’이라고 한다)을 하기 위하여 결성된 비법인사단이다. 나. 원고는 2021. 6. 12. 피고와 사이에 이 사건 사업으로 신축될 아파트 1세대를 분양받기 위하여 업무대행비를 포함한 분담금을 339,200,000원으로 정하여 조합원가입계약(이하 ‘이 사건 조합원가입계약’이라고 한다)을 체결하였다. 다. 원고는 2021. 6. 12. 피고 측으로부터 ‘피고는 계약자 선착순 내지 행운 이벤트 당첨자인 원고에게 20,000,000원 상당의 고품격 가전제품(광파오븐, 3구 인덕션, 식기세척기, 시스템 에어컨, 스타일러, 워시타워, 김치냉장고)과 안방에 설치되는 고급 붙박이장을 무상으로 제공한다’는 내용의 확약서(이하 ‘이 사건 확약서’라고 하고, 위 확약서에 따른 약정을 ‘이 사건 무상제공 약정’이라고 한다)를 교부받았다. 라. 원고는 2021. 6. 12. 30,000,000원, 2021. 7. 26. 25,000,000원, 2022. 2. 10. 20,000,000원 등 합계 75,000,000원의 분담금을 피고가 지정하는 계좌에 납입하였다. 마. 피고는 2022. 2. 4. 주택설립인가 신청을 하여 2022. 9. 1. 평택시로부터 지역주택조합 설립인가를 받았다. 바. 피고는 2024. 9. 7. 조합원 정기총회를 개최하여 이 사건 확약서에서 무상으로 제공하기로 정한 품목의 내용을 안방과 거실의 시스템 에어컨으로 축소하되 그 비용은 새로운 시공사가 부담하는 것으로 변경하는 ‘가전제품 무상제공 변경 승인 건’을 의결하였다. 사. 한편 피고의 조합규약(이하 ‘이 사건 조합규약’이라고 한다) 중 이 사건과 관련된 내용은 다음과 같다. 제28조(총회의 의결사항) ① 다음 각 호의 사항은 총회의 의결을 거쳐 결정한다. 3. 예산으로 정한 사항 외에 조합원의 부담이 될 계약 제39조(시공사의 선정 및 사업시행계약) ① 시공자는 주택법에 의한 공동 사업 주체의 요건을 갖추어야 하며, 총회의 의결을 거쳐 선정하여야 한다. 제44조(조합주택의 공급) ③ 조합원의 동호수 결정은 조합이 지정한 시기에 분담금 납입 순서 등 기타 공정한 방법에 의하여 결정한다. [인정근거] 다툼 없는 사실, 갑 1호증 내지 갑 4호증, 갑 6호증의 1, 2, 갑 15, 19호증, 을 2, 7, 19호증의 각 기재 및 변론 전체의 취지 2. 원고의 주장 요지 가. 이 사건 확약서에 따른 이 사건 무상제공 약정은 피고 조합원의 분담금을 가중시킬 우려가 있는 행위에 해당하는바, 이는 총유물의 관리 및 처분행위 내지 이 사건 조합규약 제28조의 ‘예산으로 정한 사항 외에 조합원의 부담이 될 계약’에 해당하여 총회의 의결이 필요하다. 그럼에도 피고는 총회의 의결을 거치지 아니하고 이 사건 확약서를 교부하였으므로, 이 사건 무상제공 약정은 무효이다. 나아가 원고는 이 사건 확약서를 교부받지 아니하였으면 이 사건 조합원가입계약을 체결하지 아니하였을 것이어서, 이 사건 확약서의 내용은 이 사건 조합원가입계약과 일체를 이루는 것이므로, 민법 제137조 소정의 일부무효 법리에 따라 이 사건 조합원가입계약도 무효이다. 나. 피고는 원고에게 이 사건 조합원가입계약 체결 당시 ① 원고가 지급할 분담금은 평당 9,000,000원대로 확정되어 이 사건 조합원가입계약에서 정한 분담금 이외에 추가분담금은 없다고 광고하고 설명하였으나, 시공사와의 공사도급계약에 따라 추가분담금이 발생되어 원고는 분담금을 추가로 지급하게 되었고, ② △△건설 주식회사와는 MOU계약을 체결하였을 뿐 공사도급계약을 체결한 바가 없었음에도 위 아파트의 시공사가 △△건설 주식회사인 것처럼 홍보하였고, 또한 조합원가입계약 체결 당시 동호수를 지",라고 한다)을 체결하였다. 다. 원고는 2021. 6. 12. 피고 측으로부터,미검수
법제처 OPEN API/prec,609337,2024나65751,분담금반환청구등,https://www.law.go.kr/DRF/lawService.do?OC=test&target=prec&ID=609337&type=HTML,제5조,위험,판례 문맥 추론 · 단일 신호,위험,,," 거고 추가로 더 내는 건 없어요.""라고 답변한 사실, 피고의 2024. 9. 7.자 조합원 정기총회에서 대출금리 및 물가상승 등으로 인하여 추가 분담금을 납부하기로 하는 내용의 ‘조합원 추가분담금 결정의 건’이 상정되어 의결된 사실은 인정된다. 그러나 앞서 든 증거, 을 4호증의 기재에 변론 전체의 취지를 종합하여 인정되는 다음과 같은 사정들 즉, ① 이 사건 조합원가입계약 제5조(조합원 분담금 및 관리)의 제5항(특약사항) 제1호는 ‘건축 규모의 증감(지하주차장 포함), 세대별 단위면적(공급면적)이 증감될 수 있으며, 이에 따른 조합원분담금의 금액조정에 관하여 원고는 피고의 임원회에 위임하고, 피고는 변경내용을 확정하여 사업계획승인 후 조합원에게 개별 통지하고, 원고는 이에 동의하고 승인한다.’, 제9호는 ‘인, 허가 시 사업규모가 변경될 경우는 조합 총회에서 조합원분담금을 변경할 수 있다.’, 제10호는 ‘주택조합사업은 토지확보 및 조합원의 동의, 기타 요인 등으로 사업이 지연될 수 있으며, 그에 따른 사업비의 증가로 추가 분담금이 발생할 수 있음.’이라고 명시하고 있는 점, ② 원고는 피고에게 조합원가입 체크리스트를 제출하면서 6항의 ‘가입계약서 제5조[조합원 분담금 및 관리]에 따른 조합분담금 납부일정에 대한 설명을 들으셨습니까?’, 7항의 ‘조합원 분담금은 납부 일정에 따라 납입하여야 하며, 연체시 연 11%의 연체이자 발생과 계약해지의 사유가 된다는 설명을 들으셨습니까?’에 대하여 ‘예’란에 각 체크 표시를 한 점, ③ 원고는, 이 사건 조합원가입계약서상 분담금이 증감될 수 있다는 부분은 신의성실의 원칙을 위반하여 공정성을 잃은 조항이고, 피고가 위와 같이 중요한 내용을 원고에게 구체적으로 명시하여 설명하지 아니하였으므로 약관의 규제에 관한 법률 제3조 제3항 및 제6조를 위반하여 무효라고 주장하나, 원고가 주장하는 사정이나 제출된 증거만으로는 분담금 증감 조항이 원고에게 부당하게 불리하여 공정성을 잃은 조항으로 무효라고 보기 어렵고, 또한 이 사건 조합원가입계약서에는 조합원분담금은 사업인허가 과정에서 증감될 수 있다는 취지가 반복적으로 기재되어 있고, 원고는 이 사건 조합원가입계약 당시 계약서의 내용을 본인이 읽었다는 취지로 자필 기재하고 날인한 후 같은 취지의 조합원가입 체크리스트와 확약서를 제출한 점에 비추어 보면, 피고가 이에 대한 설명의무를 위반하였다고 보기도 어려운 점, ④ 앞서 본 900만원대 분담금은 분양홍보자료에 기재된 내용일 뿐, 이 사건 조합원가입계약의 내용으로 볼 수는 없고, 홍보자료 자체에서도 위 900만원대 분담금이 확정 분양가라고 명시되어 있지 않은 점, ⑤ 원고가 피고 직원으로부터 추가 분담금이 없다고 설명을 들었다는 시점은 조합원가입계약 체결 당시가 아니라 그로부터 약 1년 6개월 이후인 점 등에 비추어 보면, 원고가 제출한 증거만으로는 피고가 이 사건 조합원가입계약 체결 당시 원고에게 추가 분담금이 확정적으로 발생하지 않는다고 설명하였다고 인정하기에 부족하고 달리 이를 인정할 증거가 없으며, 또한 조합원 모집 과정에서 ‘시세대비 저렴한 900만원대 (3.3㎡/평균) 분담금’이라는 홍보가 이루어졌다고 하더라도 이는 조합원 모집과 관련하여 과장하여 표현한 것에 불과한 것으로 보이고, 이로써 피고가 추가 분담금과 관련하여 거래에 있어 중요한 사항에 관하여 구체적 사실을 신의성실의 의무에 비추어 비난받을 정도의 방법으로 허위로 고지하여 기망행위를 하였다고 인정하기 어렵다. 따라서 원고의 이 부분 주장은 이유 없다. 2) 시공사 및 동호수 지정 관련 사기 주장에 대한 판단 앞서 든 증거, 을 21호증의 기재, 갑 12호증의 영상에 의하면, 원고가 이 사건 조합원가입계약 체결 당시 이 사건 아파트 중 (동호수 생략)을 공급받기를 희망한다는 내용의 조합원가입 희망 동호수 신청서를 함께 작성하여 피고에게 제출한 사실, 피고의 조합원 가입을 홍보하는 자료에 ‘△△건설’ 또는 △△건설 주식회사(이하 ‘소외 1 회사’라고 한다)의 아파트 브랜드명인 ‘(브랜드명 생략)’이 기재되","건축 규모의 증감(지하주차장 포함), 세대별 단위면적(공급면적)이 증감될 수 있으며, 이에 따른 조합원분담금의 금액조정에 관하여 원고는 피고의 임원회에 위임하고, 피고는 변경내용을 확정하여 사업계획승인 후 조합원에게 개별 통지하고, 원고는 이에 동의하고 승인한다",미검수
법제처 OPEN API/prec,609337,2024나65751,분담금반환청구등,https://www.law.go.kr/DRF/lawService.do?OC=test&target=prec&ID=609337&type=HTML,(조 번호 미표기),(판단 불명확),판단 불명확,,,,"1항에서 시공사의 선정은 총회의 의결을 거치도록 정하고, 제44조 제3항에서 조합원의 동호수 결정은 공정한 방법에 의하여 결정한다고 정하고 있는 점, ② 원고는 2021. 6. 12. 피고에게 ‘피고 조합원으로서 주택조합설립인가를 신청함에 있어 조합규약을 숙지하였으며, 이에 동의하고 이의 없음을 확인한다’는 내용의 조합규약 동의서를 제출한 점, ③ 피고는 이 사건 조합원가입계약 체결 이전에 이미 소외 1 회사와 ‘○○○ 지역주택조합 사업 추진을 위한 사업협약(MOU)’을 체결하였고, 이를 근거로 홍보자료나 홍보관에 소외 1 회사의 아파트 브랜드인 ‘(브랜드명 생략)’을 사용했던 점, ④ 피고는 창립총회에서 의결을 통해 소외 1 회사를 시공사로 선정하였으나, 추가 분담금 문제 등으로 인해 이 사건 조합원조합가입계약 체결일로부터 3년이 경과한 2024.경에 이르러서 시공사를 소외 3 회사로 변경한 점, ⑤ 원고가 작성한 위 조합원가입 희망 동호수 신청서에는 ‘피고의 상기 목적물에 대한 조합원 가입신청을 함에 있어 향후 인, 허가 과정에서 다소 변경될 수 있음을 인지하며, 이를 명확히 하고자 다음과 같이 희망 동호수를 신청합니다.’라는 내용이 함께 기재되어 있는 점, ⑥ 원고는 이 사건 조합원가입계약체결 당시인 2021. 6. 12. 피고에게 ‘이 사건 사업으로 신축될 아파트를 향후 주택사업계획 승인 이후 건축개요가 변경이 없을 경우 희망 동호수를 배정받으며, 변경시 동호수 배정은 사업주체의 방식에 따르기로 하여 조합원가입계약을 체결하였으며, 향후 사업추진 및 인, 허가 진행 결과에 따라 변경이 있을 수 있음을 충분히 인지하고 확인합니다.’라는 내용의 확약서를 제출하였고, 또한 피고에게 제출한 조합원가입 체크리스트의 5항에는 ‘계약시 신청한 희망 동호수는 인허가 과정에서 동호수 증감 등으로 인해 변경될 수 있으며 사업계획 승인 후 확정된다는 것에 대한 설명을 들으셨습니까?’라고 기재되어 있고 원고는 이에 대하여 ‘예’란에 체크 표시를 한 점 등에 비추어 보면, 원고가 제출한 증거만으로는 피고가 시공사 선정 및 동호수 지정과 관련하여 구체적 사실을 신의성실의 의무에 비추어 비난받을 정도의 방법으로 허위로 고지하여 기망행위를 하였다고 인정하기에 부족하고, 달리 이를 인정할 증거가 없으므로, 원고의 이 부분 주장 역시 이유 없다. 3) 이 사건 무상제공 약정 관련 사기 주장에 대한 판단 갑 5호증의 기재에 의하면, 피고는 분양홍보자료에서 조합원 가입시 선착순으로 20,000,000원 상당의 가전제품을 제공한다고 광고한 사실을 인정할 수 있고, 이 사건 확약서에도 ‘선착순’으로 가전제품을 무상으로 제공한다고 기재되어 있는 사실, 이 사건 확약서상 무상제공되는 품목은 가전제품(광파오븐, 3구 인덕션, 식기세척기, 시스템 에어컨, 스타일러, 워시타워, 김치냉장고)과 안방에 설치되는 붙박이장 가구였으나, 피고의 2024. 9. 7.자 정기총회에서 무상제공 품목이 안방과 거실의 시스템 에어컨으로 축소되는 내용의 가전제품 무상제공 변경 승인의 건이 가결된 사실 등은 앞서 본 바와 같다. 그런데 앞서 든 증거와 갑 14, 16호증, 을 23, 24호증의 각 기재 및 음성에 변론 전체의 취지를 종합하여 인정되는 다음과 같은 사정들 즉, ① 원고는 2021. 2. 22. 주식회사 □□□(이하 ‘소외 2 회사’라고 한다)와 사이에 소외 2 회사가 사업계획 및 인, 허가, 각종 용역 및 계약 업무지원, 사업부지 확보 등 피고의 업무를 대행하도록 하는 계약을 체결하였고, 이후 피고와 소외 2 회사는 2021. 3. 10. 주식회사 ☆☆☆디엔씨(이하 ‘소외 4 회사’라고 한다)가 피고 조합원을 모집하는 업무를 대행하도록 하는 계약(이하 ‘이 사건 업무대행계약’이라고 한다)을 체결한 점, ② 이 사건 업무",○○○ 지역주택조합 사업 추진을 위한 사업협약(MOU),미검수
법제처 OPEN API/prec,609337,2024나65751,분담금반환청구등,https://www.law.go.kr/DRF/lawService.do?OC=test&target=prec&ID=609337&type=HTML,(조 번호 미표기),(판단 불명확),판단 불명확,,,,"터 3년이 경과한 2024.경에 이르러서 시공사를 소외 3 회사로 변경한 점, ⑤ 원고가 작성한 위 조합원가입 희망 동호수 신청서에는 ‘피고의 상기 목적물에 대한 조합원 가입신청을 함에 있어 향후 인, 허가 과정에서 다소 변경될 수 있음을 인지하며, 이를 명확히 하고자 다음과 같이 희망 동호수를 신청합니다.’라는 내용이 함께 기재되어 있는 점, ⑥ 원고는 이 사건 조합원가입계약체결 당시인 2021. 6. 12. 피고에게 ‘이 사건 사업으로 신축될 아파트를 향후 주택사업계획 승인 이후 건축개요가 변경이 없을 경우 희망 동호수를 배정받으며, 변경시 동호수 배정은 사업주체의 방식에 따르기로 하여 조합원가입계약을 체결하였으며, 향후 사업추진 및 인, 허가 진행 결과에 따라 변경이 있을 수 있음을 충분히 인지하고 확인합니다.’라는 내용의 확약서를 제출하였고, 또한 피고에게 제출한 조합원가입 체크리스트의 5항에는 ‘계약시 신청한 희망 동호수는 인허가 과정에서 동호수 증감 등으로 인해 변경될 수 있으며 사업계획 승인 후 확정된다는 것에 대한 설명을 들으셨습니까?’라고 기재되어 있고 원고는 이에 대하여 ‘예’란에 체크 표시를 한 점 등에 비추어 보면, 원고가 제출한 증거만으로는 피고가 시공사 선정 및 동호수 지정과 관련하여 구체적 사실을 신의성실의 의무에 비추어 비난받을 정도의 방법으로 허위로 고지하여 기망행위를 하였다고 인정하기에 부족하고, 달리 이를 인정할 증거가 없으므로, 원고의 이 부분 주장 역시 이유 없다. 3) 이 사건 무상제공 약정 관련 사기 주장에 대한 판단 갑 5호증의 기재에 의하면, 피고는 분양홍보자료에서 조합원 가입시 선착순으로 20,000,000원 상당의 가전제품을 제공한다고 광고한 사실을 인정할 수 있고, 이 사건 확약서에도 ‘선착순’으로 가전제품을 무상으로 제공한다고 기재되어 있는 사실, 이 사건 확약서상 무상제공되는 품목은 가전제품(광파오븐, 3구 인덕션, 식기세척기, 시스템 에어컨, 스타일러, 워시타워, 김치냉장고)과 안방에 설치되는 붙박이장 가구였으나, 피고의 2024. 9. 7.자 정기총회에서 무상제공 품목이 안방과 거실의 시스템 에어컨으로 축소되는 내용의 가전제품 무상제공 변경 승인의 건이 가결된 사실 등은 앞서 본 바와 같다. 그런데 앞서 든 증거와 갑 14, 16호증, 을 23, 24호증의 각 기재 및 음성에 변론 전체의 취지를 종합하여 인정되는 다음과 같은 사정들 즉, ① 원고는 2021. 2. 22. 주식회사 □□□(이하 ‘소외 2 회사’라고 한다)와 사이에 소외 2 회사가 사업계획 및 인, 허가, 각종 용역 및 계약 업무지원, 사업부지 확보 등 피고의 업무를 대행하도록 하는 계약을 체결하였고, 이후 피고와 소외 2 회사는 2021. 3. 10. 주식회사 ☆☆☆디엔씨(이하 ‘소외 4 회사’라고 한다)가 피고 조합원을 모집하는 업무를 대행하도록 하는 계약(이하 ‘이 사건 업무대행계약’이라고 한다)을 체결한 점, ② 이 사건 업무대행계약서 제6조는 영업활동시 비용분담을 규정하고 있는데, 제6조 제1항 제6호에서는 피고와 업무대행사인 소외 2 회사가 부담할 비용으로 주택홍보관 오픈시 이벤트 및 홍보 판촉물, 방문/계약고객용 사은품, 경품 비용 등을 규정하고 있고, 같은 조 제2항 제4호에서는 조합원 모집대행사인 소외 4 회사가 부담할 비용으로 조합원 모집 촉진을 위한 업무수행에 필요한 비용 등을 규정하고 있는 점, ③ 이 사건 확약서에 따라 가전제품 및 가구를 제공하는데 필요한 비용은 이 사건 업무대행계약서 제6조 제1항 제6호 소정의 주택관 홍보관 오픈시의 판촉물, 사은품이나 경품의 비용이 아니라 같은 조 제2항 제4호 소정의 조합원 모집 촉진을 위한 업무수행에 필요한 비용에 해당하는 것으로 보이는 점, ④ 따라서 비록 대외적으로 피고가 원고에게 무상으로 가전제품 및 가구를 제공하도록 정하긴 하였으나, 대내적으로 그 비용은 소외 4 회사가 부담하기로 정한 것으로 보이는 점, ⑤ 일부 조합원들은 조합원가입계약체결 당시 소외 2 회사로부터 무상으로 가전제품을 제공받는다고 설명을 들은 것으로 보이","사건 사업으로 신축될 아파트를 향후 주택사업계획 승인 이후 건축개요가 변경이 없을 경우 희망 동호수를 배정받으며, 변경시 동호수 배정은 사업주체의 방식에 따르기로 하여 조합원가입계약을 체결하였으며, 향후 사업추진 및 인, 허가 진행 결과에 따라 변경이 있을 수 있음을 충분히 인지하고 확인합니다",미검수
법제처 OPEN API/prec,619539,2024나64053,구상금,https://www.law.go.kr/DRF/lawService.do?OC=test&target=prec&ID=619539&type=HTML,(조 번호 미표기),(판단 불명확),판단 불명확,,,,"0107,846,683소외 6891,930455,030140,220?70,0001,299,429800,0003,656,609 [인정근거] 당사자 사이에 다툼이 없는 사실, 이 법원에 현저한 사실, 갑 제1 내지 8호증, 을나 제3, 5, 8 내지 13, 16 내지 19호증의 각 기재, 경험칙, 변론 전체의 취지 다. 구상권의 범위 1) 책임보험금 한도액 이 사건 보험약관에 따른 이 사건 피해자들의 책임보험금 한도액이 소외 1, 소외 2만은 각 160만 원, 소외 3은 80만 원, 소외 4, 소외 6은 각 240만 원, 소외 5는 4,900만 원인 사실은 당사자 사이에 다툼이 없거나, 앞선 인정사실, 앞서 든 증거에 의하여 인정할 수 있다. 2) 공제되는 항목 가) 관련 법리 (1) 국민건강보험법 제58조 제1항은 ""공단은 제3자의 행위로 보험급여사유가 생겨 가입자 또는 피부양자에게 보험급여를 한 경우에는 그 급여에 들어간 비용 한도에서 그 제3자에게 손해배상을 청구할 권리를 얻는다.""라고 규정한다. 국민건강보험공단(이하 ‘공단’이라 한다)이 불법행위로 인한 피해자에게 보험급여를 한 후 피해자의 가해자 또는 그 보험자에 대한 손해배상채권을 대위하는 경우, 피해자의 과실 등을 고려하여 산정된 손해배상채권의 범위 내에서 보험급여액 중 가해자의 책임비율에 해당하는 금액에 관하여 피해자의 가해자 또는 그 보험자에 대한 손해배상채권을 대위할 수 있고, 여기에서 공단의 보험급여 이후 가해자 또는 그 보험자가 손해배상 명목으로 피해자에게 지급한 돈을 공제할 수는 없다. 다만 공단이 피해자를 대위하여 얻는 손해배상채권은 피해자의 전체 손해배상채권 중 건강보험 보험급여와 동일한 사유에 의한 손해배상채권, 즉 보험급여와 손해배상이 상호보완적 관계에 있어 보험급여의 실시로 가해자에 대한 손해배상채권이 전보되어 소멸될 수 있는 경우에 한정된다. 따라서 공단이 피해자에게 건강보험 보험급여를 지급하고 가해자의 보험자에 대하여 구상금을 청구한 사안에서 보험자가 피해자에게 책임보험금으로 지급하는 돈이 건강보험 보험급여와 상호보완적 관계에 있지 않다면 이는 보험자가 공단에 지급할 책임보험금에서 공제되어야 한다(대법원 2024. 9. 27. 선고 2023다279051 판결 등 참조). (2) 국민건강보험공단이 건강보험 보험급여를 실시하는 요양급여의 대상과 건강보험 보험급여를 실시하지 않는 비급여대상은 서로 구별되어, 요양급여의 대상에 대한 보험급여의 실시로 비급여대상 치료비 상당의 손해배상채권이 전보되어 소멸되지 아니하므로, 양자는 상호보완적 관계에 있다고 할 수 없다. 따라서 피해자의 전체 손해배상채권 중 비급여대상 치료비 상당의 손해배상채권은 건강보험 보험급여와 동일한 사유에 의한 손해배상채권이라고 볼 수 없으므로, 건강보험 보험급여를 실시한 국민건강보험공단은 피해자를 대위하여 비급여대상 치료비 상당의 손해배상채권을 얻을 수 없다고 보아야 한다(대법원 2019. 4. 25. 선고 2018다248138 판결 등 참조). 나) 판단 (1) 이 사건 피해자들의 손해배상금은 앞서 본 바와 같고, 위 손해배상금 중 비급여대상 치료비, 향후 치료비, 기타비용, 일실수입과 휴업손해, 위자료는 국민건강보험공단이 건강보험 보험급여를 실시하는 요양급여의 대상과 서로 구별되고 상호보완적 관계에 있다고 할 수 없으므로, 이는 원고의 보험급여와 동일한 사유에 의한 손해배상채권이라고 할 수 없다. 따라서 피고가 이 사ㅈ건 화재로 이 사건 피해자들에게 지급할 책임보험금 한도액에서 이를 공제하고 남은 책임보험금은 아래 표 책임보험금 잔여 한도란 각 기재와 같다. (단위: 원)?책임보험금한도액공제 대상 항목공제 대상항목의합계책임보험금잔여 한도원고청구금액비급여대상치료비향후치료비기타비용휴업손해/상실손해위자료소외 11,600,00025,491734,30229,338?167,648956,779643,221653,600소외 21,600,000??7,704500,542154,080662,326937,674937,673소외 3800,000??9,502137,195126,697273,39","따른 이 사건 피해자들의 책임보험금 한도액이 소외 1, 소외 2만은 각 160만 원, 소외 3은 80만 원, 소외 4, 소외 6은 각 240만 원, 소외 5는 4,900만 원인 사실은 당사자 사이에 다툼이 없거나, 앞선 인정사실, 앞서 든 증거에 의하여 인정할 수 있다. 2) 공제되는 항목 가) 관련 법리 (1) 국민건강보험법 제58조 제1항은 ""공단은 제3자의 행위로 보험급여사유가 생겨 가입자 또는 피부양자에게 보험급여를 한 경우에는 그 급여에 들어간 비용 한도에서 그 제3자에게 손해배상을 청구할 권리를 얻는다.",미검수
법제처 OPEN API/prec,600563,2024다232721,채무부존재확인[휴대전화 위탁판매업자인 원고가 위탁판매계약을 체결하고 판매 수수료를 지급한 휴대전화 대리점인 피고를 상대로 판매 수수료 반환채무의 부존재 확인을 구하는 사건],https://www.law.go.kr/DRF/lawService.do?OC=test&target=prec&ID=600563&type=HTML,(조 번호 미표기),위험,판례 문맥 추론 · 단일 신호,위험,,,"【주 문】 원심판결을 파기하고, 사건을 수원지방법원에 환송한다. 【이 유】 상고이유를 판단한다. 1. 사안의 개요 원심판결 이유와 기록에 따르면 다음과 같은 사실을 알 수 있다. 가. 원고는 2020. 10.경 주식회사 □□□(이하 ‘소외 회사’라 한다)의 대리점인 피고와 사이에 피고로부터 휴대전화 등을 공급받아 판매하는 위탁판매계약(이하 ‘이 사건 위탁판매계약’이라 한다)을 체결하였다. 나. 이 사건 위탁판매계약 제15조는 ‘정책 및 환수’라는 제목 아래 ‘매월 공지되는 단가표 및 정책표에 근거하여 기준한다.’고 정하고 있다. 피고는 자신이 운영하는 인터넷 카페에 수시로 단가표와 정책표를 공지하였는데, 2020. 12.경 피고가 위 인터넷 카페에 게시한 정책표(이하 ‘이 사건 정책표’라 한다) 중 유지기간 미준수로 인한 수수료 환수 기준의 내용은 다음과 같다. 구분내용차감금액유지기간 미준수기간 내 해지신규D +183일R/B 전액 다. 소외 회사는 원고의 하부 판매점인 ◇◇◇을 통하여 외국인인 소비자 2명에게 휴대전화를 각 판매하고 위 소비자들과 각 통신계약(이하 ‘이 사건 각 통신계약’이라 한다)을 체결하였으며, 피고는 원고에게 합계 1,009,800원을 판매 수수료로 지급하였다. 위 소비자들이 이용요금을 미납하자 소외 회사는 이 사건 각 통신계약에 따라 개통된 휴대전화번호의 이용을 정지하였고, 그 후에도 이용요금이 납부되지 않자 이 사건 각 통신계약을 직권으로 해지하였다. 2. 원심의 판단 원심은 판시와 같은 이유로 다음과 같이 판단하였다. 이 사건 정책표에서 정한 수수료 환수 기준은 이 사건 위탁판매계약에 적용된다. 위 수수료 환수 기준에 따르면 신규로 체결된 통신계약이 그 유지기간 183일이 경과되지 아니한 때에 해지되는 경우에는 원고는 피고에게 지급받은 수수료 전액을 반환하여야 하고, 이러한 유지기간에 이용정지 기간은 포함되지 아니한다. 이 사건 각 통신계약은 이용정지 기간을 제외한 유지기간이 183일을 경과하기 전에 직권해지 되었으므로, 원고는 피고로부터 지급받은 수수료 합계 1,009,800원을 반환할 의무가 있다. 3. 상고이유 중 이 사건 정책표에서 정한 수수료 환수 기준은 이 사건 위탁판매계약에 적용되어서는 아니 된다는 등의 주장에 관한 판단 원심판결의 이유를 관련 법리와 기록에 비추어 살펴보면, 원심판단은 수긍할 수 있고, 거기에 상고이유 주장과 같이 논리와 경험의 법칙에 반하여 자유심증주의의 한계를 벗어나거나 계약의 해석 및 적용 등에 관한 법리를 오해하여 판결에 영향을 미친 잘못이 없다. 4. 상고이유 중 원고는 피고에게 수수료 반환의무가 없다는 주장에 관한 판단 그러나 원고에게 수수료 반환의무가 있다는 원심판단은 다음과 같은 이유에서 그대로 받아들이기 어렵다. 가. 관련 법리 「약관의 규제에 관한 법률」(이하 ‘약관법’이라 한다) 제6조 제1항, 제2항 제1호에 따라 고객에 대하여 부당하게 불리한 조항으로서 ‘신의성실의 원칙을 위반하여 공정성을 잃은 약관 조항’이라는 이유로 무효라고 보기 위해서는, 약관 조항이 고객에게 다소 불이익하다는 점만으로는 부족하고, 약관 작성자가 거래상의 지위를 남용하여 계약 상대방의 정당한 이익과 합리적인 기대에 반하여 형평에 어긋나는 약관 조항을 작성·사용함으로써 건전한 거래질서를 훼손하는 등 고객에게 부당하게 불이익을 주었다는 점이 인정되어야 한다. 그리고 이와 같이 약관 조항의 무효 사유에 해당하는 ‘고객에게 부당하게 불리한 조항’인지는 약관 조항에 의하여 고객에게 생길 수 있는 불이익의 내용과 불이익 발생의 개연성, 당사자들 사이의 거래과정에 미치는 영향, 관계 법령의 규정 등 모든 사정을 종합하여 판단하여야 한다(대법원 2014. 6. 12. 선고",라 한다)을 체결하였다. 나. 이 사건 위탁판매계약 제15조는,미검수
법제처 OPEN API/prec,600563,2024다232721,채무부존재확인[휴대전화 위탁판매업자인 원고가 위탁판매계약을 체결하고 판매 수수료를 지급한 휴대전화 대리점인 피고를 상대로 판매 수수료 반환채무의 부존재 확인을 구하는 사건],https://www.law.go.kr/DRF/lawService.do?OC=test&target=prec&ID=600563&type=HTML,제15조,위험,판례 문맥 추론 · 단일 신호,위험,,,"기간이 183일을 경과하지 않으면 통신계약이 해지된 데 관하여 원고에게 귀책사유가 있는지 여부와 관계없이, 해지 당시 유지기간이 얼마인지에 관계없이 일률적으로 원고가 지급받은 수수료 전액을 반환하도록 정하고 있다. 이는 수수료를 반환하여야 하는 원고의 합리적인 기대에 반하고 형평에 어긋나는 내용이다. 라) 이 사건 정책표 중 수수료 환수 기준에 관하여 이 사건 위탁판매계약 제15조에서는 ‘매월 공지되는 단가표 및 정책표에 근거하여 기준한다.’고만 규정하고 있을 뿐이고, 보다 구체적인 내용에 대해서는 원고가 알 수 없으며 피고가 일방적으로 정할 수 있도록 규정되어 있다. 이 사건 정책표 중 수수료 환수 기준을 정함에 있어 원고에게 충분히 의견을 개진할 수 있는 기회가 부여되었다고 볼 만한 자료가 없고, 오히려 원고로서는 그 내용을 제대로 알지 못한 채 이 사건 위탁판매계약 제15조에 따라 이 사건 정책표가 이 사건 위탁판매계약의 내용에 편입되는 데 동의한 것으로 보일 뿐이다. 2) 사정이 이러하다면 원심으로서는 이 사건 정책표에서 정한 수수료 환수 기준이 약관법 제6조 제1항에서 정한 ‘신의성실의 원칙을 위반하여 공정성을 잃은 약관 조항’에 해당하여 무효인지 여부를 심리한 다음 이를 전제로 원고가 피고에게 수수료를 반환할 의무가 있는지 여부를 판단하였어야 한다. 그런데도 원심은 이에 관한 심리·판단을 하지 아니한 채 이 사건 정책표 중 수수료 환수 기준이 당연히 유효함을 전제로 하여 원고에게 수수료 전액에 대한 반환의무가 있음을 인정하였다. 이러한 원심판결에는 약관법 제6조 제1항에서 정한 ‘신의성실의 원칙을 위반하여 공정성을 잃은 약관 조항’ 등에 관한 법리를 오해하여 필요한 심리를 다하지 아니함으로써 판결에 영향을 미친 잘못이 있다. 5. 결론 그러므로 원심판결을 파기하고, 사건을 다시 심리·판단하도록 원심법원에 환송하기로 하여, 관여 대법관의 일치된 의견으로 주문과 같이 판결한다. 대법관 권영준(재판장) 김상환(주심) 오경미 박영재 ]]>",매월 공지되는 단가표 및 정책표에 근거하여 기준한다,미검수
법제처 OPEN API/prec,242129,2021다308030,마일리지지급[항공사 마일리지에 유효기간을 둔 항공사 약관 조항의 효력이 문제된 사건],https://www.law.go.kr/DRF/lawService.do?OC=test&target=prec&ID=242129&type=HTML,(조 번호 미표기),위험,판례 문맥 추론 · 단일 신호,위험,,," 유효하고 유효기간 내에 사용되지 않은 마일리지는 소멸되며(단, 개정 이전 적립 마일리지에는 유효기간 미적용), 2) 피고들 항공사 또는 제휴 항공사를 이용한 마일리지는 탑승일로부터, 제휴사를 이용한 마일리지는 회원 계좌에 적립된 날로부터 유효기간이 적용된다는 내용의 약관 조항을 두었다(△△△ 회원 약관 제4조, □□□클럽 일반규정 제6조, 이하 통틀어 ‘이 사건 약관 조항’이라 한다). 다. 원고들은, 이 사건 약관 조항은 1) 마일리지를 이용하여 피고들 항공사에서 보너스 항공권 구입을 위해서는 최소 5,000 마일리지가 필요함에도 고객들의 권리행사 가능 여부와 관계없이 적립 시점을 소멸시효 기산일로 정하고 있고, 2) 마일리지 추가 적립 시 이루어지는 채무의 승인 등의 시효 중단사유도 인정하지 않고 적립 시부터 일정 기간이 경과하면 마일리지가 곧바로 소멸하도록 정하고 있어, 고객에게 부당하게 불리한 조항으로서 공정성을 잃어 무효라고 주장하면서 피고들이 유효기간 10년 경과를 이유로 소멸시킨 각 마일리지의 지급을 구하였다. 2. 불공정 약관 조항 해당 여부 가. 「약관의 규제에 관한 법률」(이하 ‘약관법’이라 한다) 제6조 제1항, 제2항 제1호에 따라 고객에 대하여 부당하게 불리한 조항으로서 ‘신의성실의 원칙을 위반하여 공정성을 잃은 약관 조항’이라는 이유로 무효라고 보기 위해서는, 그 약관 조항이 고객에게 다소 불이익하다는 점만으로는 부족하고, 약관 작성자가 거래상의 지위를 남용하여 계약 상대방의 정당한 이익과 합리적인 기대에 반하여 형평에 어긋나는 약관 조항을 작성·사용함으로써 건전한 거래질서를 훼손하는 등 고객에게 부당하게 불이익을 주었다는 점이 인정되어야 한다(대법원 2017. 4. 13. 선고 2016다274904 판결, 대법원 2022. 5. 12. 선고 2020다278873 판결 참조). 그리고 이와 같이 약관 조항의 무효 사유에 해당하는 ‘고객에게 부당하게 불리한 조항’인지는 관계 법령이나 거래관행 등에 비추어 해당 약관 조항이 고객에게 어떠한 불이익을 발생시키는지, 고객이 사업자와 개별적으로 합의하였더라도 동일한 내용이 포함되었으리라고 할 수 있는지, 고객의 불이익을 정당화할 만한 사업주의 정당한 이익이나 합리적 사유가 있는지, 사업자가 고객의 불이익을 상쇄하거나 최소화할 만한 합리적인 조치를 두어 고객의 이익도 충분히 배려하였는지 등을 다른 약관 조항 등 계약 전체의 내용, 계약을 통해 추구하고자 한 이익의 내용과 그 사이의 균형, 거래관계의 실질적인 사정, 사업의 특성 등에 비추어 심사할 필요가 있다. 나. 원심판결 이유와 기록에 의하여 인정되는 다음의 사정을 위 법리에 비추어 보면, 이 사건 약관 조항이 약관법 제6조 제1항의 ‘신의성실의 원칙을 위반하여 공정성을 잃은 약관 조항’이라고 보기는 어렵다. 1) 고객이 취득한 항공마일리지는 재화나 서비스를 교환하는 수단으로 사용되고, 사업자는 마일리지의 판매, 소진 과정에서 이윤을 창출하므로, 항공마일리지가 재산적 가치가 있음은 부인하기 어렵다. 그러나 마일리지 제도의 구체적인 내용이나 마일리지의 가치는 약관을 통해 약정된 범위 내에서 인정되는 것이고, 사업자는 사적 자치의 한계를 벗어나지 않는 한 원칙적으로 마일리지 제도의 유지 여부, 마일리지 취득조건, 마일리지의 교환대상이 되는 재화나 서비스, 유효기간 등에 관한 계약내용 형성의 자유를 가진다. 이러한 특성에 비추어 마일리지는 전형적인 채권으로 포섭되기 어려운 특수한 유형의 재산권으로, 항공마일리지 제도에 민·상법상 채권의 소멸시효 규정이 당연히 적용되어야 하는 것은 아니다. 다만 그 제도의 유사성에 비추어 민·상법 규정상 채권에 부여하는 보호의 수준은 약관상 제도가 고객에게 부당하게 불리하게 설계되어 있는지를 판단하는 일응의 기준이 될 수 있다. 2) 이에 비추어 살피건대, 비록 이 사건 약관 조항이 마일리지 적립일을 유효기간 기산일로 삼고 달리 유효기간의 중단사유를 인정하지 않는 방식으로 운영되고 있기는 하나, 이 사건 약관 조항은 상인인 피고들이 부담하는 채무에 관한 것임에도 상사시효","라 한다). 다. 원고들은, 이 사건 약관 조항은 1) 마일리지를 이용하여 피고들 항공사에서 보너스 항공권 구입을 위해서는 최소 5,000 마일리지가 필요함에도 고객들의 권리행사 가능 여부와 관계없이 적립 시점을 소멸시효 기산일로 정하고 있고, 2) 마일리지 추가 적립 시 이루어지는 채무의 승인 등의 시효 중단사유도 인정하지 않고 적립 시부터 일정 기간이 경과하면 마일리지가 곧바로 소멸하도록 정하고 있어, 고객에게 부당하게 불리한 조항으로서 공정성을 잃어 무효라고 주장하면서 피고들이 유효기간 10년 경과를 이유로 소멸시킨 각 마일리지의 지급을 구하였다. 2. 불공정 약관 조항 해당 여부 가. 「약관의 규제에 관한 법률",미검수
법제처 OPEN API/prec,241189,2023노878,보험사기방지특별법위반,https://www.law.go.kr/DRF/lawService.do?OC=test&target=prec&ID=241189&type=HTML,(조 번호 미표기),안전,판례 문맥 추론 · 단일 신호,안전,,,"241189 2023노878 20240704 선고 제주지법 400202 형사 400102 판결 : 상고 ]]> ‘이륜자동차’를 운전하는 중에 발생한 상해사고를 원인으로 보험금 지급사유가 발생한 경우, 보험금 지급을 제한하고 있는 피해자 회사의 ‘이륜자동차 운전 중 상해 부보장 특별약관’(이하 ‘특별약관’이라 한다)은 피보험자가 ‘이륜자동차’를 운전하는 중에 발생한 사고에 대해 보험금을 지급하지 않는다고 정하고 있을 뿐이므로, 피해자 회사는 피보험자에게 ‘전동킥보드’를 운전하는 중에 발생한 사고에 대해서도 보험금을 지급하지 않는다는 설명을 할 의무가 있고 이를 이행하지 않은 이상 피보험자가 피해자 회사에 ‘전동킥보드’를 사용한다는 사실을 알릴 의무가 있다고 보이지 않는 점, 그런데 피해자 회사가 계약자 또는 피보험자에게 ‘전동킥보드’를 운전하는 중에 발생한 사고에 대해서도 보험금을 지급하지 않는다는 설명 의무를 이행하였다고 볼 증거가 없고, 위 특별약관에서 정하고 있는 이륜자동차에 전동킥보드가 포함된다는 설명을 했다고 볼 증거도 없으므로 위 특별약관에 따라 보험금의 지급이 제한된다고 볼 수 없는 점 등을 종합하면, 검사가 제출한 증거만으로는 피고인이 공소사실 기재와 같이 피해자 회사를 기망했다는 점이 합리적 의심의 여지가 없을 정도로 증명되었다고 보기 부족하고, 달리 이를 인정할 증거가 없어 무죄를 선고한 사례이다. ]]> ]]> 【항 소 인】 피고인 【검 사】 윤인식 외 1인 【변 호 인】 법무법인 세움 담당변호사 남현 【원심판결】 제주지법 2023. 11. 29. 선고 2023고정80 판결 【주 문】 원심판결을 파기한다. 피고인은 무죄. 이 판결의 요지를 공시한다. 【이 유】 1. 항소이유의 요지: 사실오인 및 법리오해 이 사건은 보험약관에서 정하고 있는 보험금 지급 제한 사유에 해당하지 않으므로 피고인이 상해 발생원인을 ‘전동킥보드를 타다가 넘어져 다침’이라고 기재하지 않고 단순히 ‘넘어져서 다침’이라고 기재했더라도 이를 기망행위라고 볼 수 없다. 설령 기망행위에 해당된다고 하더라도 처분행위와 인과관계가 인정되지 않고, 피고인에게 고의도 없었다. 2. 공소사실 피고인은 ○○○ 금융판매 △△총괄□□지사장으로 근무하고 있고, 공소외 1은 보험설계사로 일하고 있으며, 공소외 2는 공소외 3의 어머니로 피고인의 보험고객이다. 공소외 2는 2019. 5. 10.경 피해자 메리츠화재보험의 ‘(무)메리츠 실손 의료비보험’, ‘(무)내Mom같은 어린이보험’에 공소외 3을 피보험자로 한 보험에 가입하였다. 위 보험은 이륜자동차 등을 계속적으로 사용하게 된 경우 이를 알려야 하고, 피보험자가 보험기간 중 이륜자동차를 운전하다 발생한 급격하고도 우연한 외래의 상해사고를 직접적인 원인으로 보통약관에서 정한 보험금 지급 거절 사유가 발생한 경우 보험금을 지급하지 않는다. 피고인과 공소외 2, 공소외 1은 2021. 12.경, 공소외 3이 2021. 11. 26.경 전동킥보드를 구입하여 운행 중 경북 구미시 이하 불상의 장소에서 도로에 넘어져 폐쇄성 요골 머리의 골절상 등을 입어 병원 치료를 받았으나, 전동킥보드 사용 사실을 미리 알리지 않았고, 전동킥보드를 운행하다가 상해를 입은 사고는 피해자 회사에서 보험금 지급이 제한되는 사실을 알고 있었음에도 사고 내용을 조작하여 보험금을 지급받기로 순차 공모하였다. 공소외 2는 원 보험설계사인 메리츠화재보험 소속 공소외 4 설계사로부터 위와 같이 보험금 지급이 불가하다는 사실을 미리 들어 알고 있었음에도, 공소외 1에게 다시 보험금 청구에 필요한 서류를 제출하였다. 공소외 1은 공소외 2로부터 보",(이하 ‘특별약관’이라 한다)은 피보험자가,미검수
법제처 OPEN API/prec,241189,2023노878,보험사기방지특별법위반,https://www.law.go.kr/DRF/lawService.do?OC=test&target=prec&ID=241189&type=HTML,(조 번호 미표기),안전,판례 문맥 추론 · 단일 신호,안전,,,"죄를 선고한 사례이다. ]]> ]]> 【항 소 인】 피고인 【검 사】 윤인식 외 1인 【변 호 인】 법무법인 세움 담당변호사 남현 【원심판결】 제주지법 2023. 11. 29. 선고 2023고정80 판결 【주 문】 원심판결을 파기한다. 피고인은 무죄. 이 판결의 요지를 공시한다. 【이 유】 1. 항소이유의 요지: 사실오인 및 법리오해 이 사건은 보험약관에서 정하고 있는 보험금 지급 제한 사유에 해당하지 않으므로 피고인이 상해 발생원인을 ‘전동킥보드를 타다가 넘어져 다침’이라고 기재하지 않고 단순히 ‘넘어져서 다침’이라고 기재했더라도 이를 기망행위라고 볼 수 없다. 설령 기망행위에 해당된다고 하더라도 처분행위와 인과관계가 인정되지 않고, 피고인에게 고의도 없었다. 2. 공소사실 피고인은 ○○○ 금융판매 △△총괄□□지사장으로 근무하고 있고, 공소외 1은 보험설계사로 일하고 있으며, 공소외 2는 공소외 3의 어머니로 피고인의 보험고객이다. 공소외 2는 2019. 5. 10.경 피해자 메리츠화재보험의 ‘(무)메리츠 실손 의료비보험’, ‘(무)내Mom같은 어린이보험’에 공소외 3을 피보험자로 한 보험에 가입하였다. 위 보험은 이륜자동차 등을 계속적으로 사용하게 된 경우 이를 알려야 하고, 피보험자가 보험기간 중 이륜자동차를 운전하다 발생한 급격하고도 우연한 외래의 상해사고를 직접적인 원인으로 보통약관에서 정한 보험금 지급 거절 사유가 발생한 경우 보험금을 지급하지 않는다. 피고인과 공소외 2, 공소외 1은 2021. 12.경, 공소외 3이 2021. 11. 26.경 전동킥보드를 구입하여 운행 중 경북 구미시 이하 불상의 장소에서 도로에 넘어져 폐쇄성 요골 머리의 골절상 등을 입어 병원 치료를 받았으나, 전동킥보드 사용 사실을 미리 알리지 않았고, 전동킥보드를 운행하다가 상해를 입은 사고는 피해자 회사에서 보험금 지급이 제한되는 사실을 알고 있었음에도 사고 내용을 조작하여 보험금을 지급받기로 순차 공모하였다. 공소외 2는 원 보험설계사인 메리츠화재보험 소속 공소외 4 설계사로부터 위와 같이 보험금 지급이 불가하다는 사실을 미리 들어 알고 있었음에도, 공소외 1에게 다시 보험금 청구에 필요한 서류를 제출하였다. 공소외 1은 공소외 2로부터 보험금의 일부를 지급받기로 한 후 2021. 12. 22.경 위 서류를 피고인에게 제출하고, 피고인은 2021. 12. 28.경 피해자 회사에 상해 발생의 원인을 ‘넘어져서 다침’으로 사고 내용을 허위로 기재하고, 응급초진차트를 일부러 누락시켜 보험금을 청구하는 방법으로 피해자 회사를 기망하여 피해자 회사로부터 공소외 3의 상해입원의료비 766,381원, 비급여주사료 384,464원[(무)메리츠 실손 의료비보험], 수술비 등으로 1,590,000원[(무)내Mom같은 어린이보험]의 합계 2,740,845원을 교부받았다. 이로써 피고인은 공소외 2, 공소외 1과 공모하여 보험사기행위로 보험금을 취득하였다. 3. 원심의 판단 원심은 피고인의 주장과 같이 보험금이 정상적으로 지급되는 상황이라고 가정하더라도, 피고인이 상해의 발생원인을 허위로 기재하고 응급초진차트를 일부러 누락시켜 보험금을 청구하는 행위는 사회통념상 용인하기 어려운 기망행위에 해당한다는 이유로 이 사건 공소사실을 유죄로 판단하였다. 4. 당심의 판단 그러나 원심의 판단은 다음과 같은 이유로 수긍할 수 없다. 가. 인정 사실 이 사건 기록에 의하면 다음을 알 수 있다. ① 공소외 2는 2019. 5. 10.경 아들인 공소외 3을 피보험자로 하여 피해자 회사에서 판매하는 ‘(무)메리츠 실손 의료비보험’과 ‘(무)내Mom같은 어린이보험’에 가입하였다. ② 이 사건 보험 보통약관(이하, ‘이 사건 보통약관’이라고 한다)에서는 ""계약자 또는 피보험자는 계약기간 중에 ‘피보험자가 이륜자",서 정하고 있는 보험금 지급 제한 사유에 해당하지 않으므로 피고인이 상해 발생원인을 ‘전동킥보드를 타다가 넘어져 다침’이,미검수
법제처 OPEN API/prec,241189,2023노878,보험사기방지특별법위반,https://www.law.go.kr/DRF/lawService.do?OC=test&target=prec&ID=241189&type=HTML,(조 번호 미표기),(판단 불명확),판단 불명확,,,," 4. 당심의 판단 그러나 원심의 판단은 다음과 같은 이유로 수긍할 수 없다. 가. 인정 사실 이 사건 기록에 의하면 다음을 알 수 있다. ① 공소외 2는 2019. 5. 10.경 아들인 공소외 3을 피보험자로 하여 피해자 회사에서 판매하는 ‘(무)메리츠 실손 의료비보험’과 ‘(무)내Mom같은 어린이보험’에 가입하였다. ② 이 사건 보험 보통약관(이하, ‘이 사건 보통약관’이라고 한다)에서는 ""계약자 또는 피보험자는 계약기간 중에 ‘피보험자가 이륜자동차 또는 원동기장치자전거를 계속적으로 사용하게 된 경우’ 이를 지체 없이 피해자 회사에 알려야 한다.""라고 정하고 있다(보통약관 제16조). ③ 피해자 회사의 ‘이륜자동차 운전 중 상해 부보장 특별약관’(이하, ‘이 사건 특별약관’이라고 한다)에서는 ""피보험자가 보험기간 중 ‘이륜자동차’를 운전하는 중에 발생한 급격하고도 우연한 외래의 상해사고를 직접적인 원인으로 보통약관에서 정한 보험금 지급사유가 발생한 경우에 보험금을 지급하지 않는다. ‘이륜자동차’라 함은 자동차관리법 시행규칙 제2조에서 정한 이륜자동차로 총배기량 또는 정격출력의 크기와 관계없이 1인 또는 2인의 사람을 운송하기에 적합하게 제작된 이륜의 자동차 및 그와 유사한 구조로 되어 있는 자동차를 말한다.""라고 정하고 있다(특별약관 제2조). ④ 공소외 3은 2021년 전동킥보드를 구입하여 운행하기 시작하였으나 이를 피해자 회사에 알리지 않았고, 2021. 11. 26.경 전동킥보드를 타던 중 넘어져 폐쇄성 요골 머리의 골절 등 상해를 입고 병원 치료를 받았다. ⑤ 피고인은 2021. 12. 28.경 피해자 회사에 상해 발생원인을 단순히 ‘넘어져서 다침’으로 기재하여 보험금을 청구하였고, 피해자 회사로부터 공소외 3의 상해입원의료비 등으로 총 2,740,845원을 교부받았다. 나. 구체적인 판단 이 사건 기록에 의해 인정되는 아래 사정에 비추어 보면, 검사가 제출한 증거만으로는 피고인이 공소사실 기재와 같이 피해자 회사를 기망하였다는 점이 합리적 의심의 여지가 없을 정도로 증명되었다고 보기 부족하고, 달리 이를 인정할 증거가 없다. 1) 이 사건 특별약관은 피보험자가 ‘이륜자동차’를 운전하는 중에 발생한 사고에 대해 보험금을 지급하지 않는다고 정하고 있을 뿐이므로, 피해자 회사는 피보험자에게 ‘전동킥보드’를 운전하는 중에 발생한 사고에 대해서도 보험금을 지급하지 않는다는 설명을 할 의무가 있고 이를 이행하지 않은 이상 피보험자가 피해자 회사에 ‘전동킥보드’를 사용한다는 사실을 알릴 의무가 있다고 보이지 않는다. 그 이유는 다음과 같다. ① 이 사건 보험계약 체결 당시에는 전동킥보드가 일반적으로 사용되지 않았고, 전동킥보드의 정의나 규제에 관한 규정도 명확하지 않았다. 그런데 전동킥보드의 사용이 일반화됨에 따라 ‘전동킥보드’를 ‘이륜자동차 또는 원동기장치자전거’에 포함시켜야 할지에 대해 논란이 있었다. 그에 따라 도로교통법이 2020. 6. 9. 법률 제17371호로 개정되었는데 개정이유는 ‘개인형 이동장치의 이용자가 증가하는 데 비해 이에 대한 운행 규정이 미비한 상황이므로 이를 보완·개선하여 사회적·기술적 변화를 법률에 반영’하는 것이고, 그에 따라 ‘원동기장치자전거 중 시속 25km 이상으로 운행할 경우 전동기가 작동하지 아니하고 차체 중량이 30kg 미만인 것으로서 행정안전부령으로 정하는 것을 개인형 이동장치로 정의하고, 이를 현행 교통체계에 편입하는 것’이다. ② 이 사건 보험계약 체결 당시 자동차관리법 제3조 제5호는 ‘이륜자동차’에 대하여 ‘총배기량 또는 정격출력의 크기와 관계없이 1인 또는 2인의 사람을 운송하기에 적합하게 제작된 이륜의 자동차 및 그와 유사한 구조로 되어 있는 자동차’라고 규정하고 있었고, 구 도로교통법(2020. 6. 9. 법률 제17371호로 개정되기 전의 것) 제2조 제19호는 ‘원동기장치자전거’에","(이하, ‘이 사건 보통약관’이라고 한다)에서는 ""계약자 또는 피보험자는 계약기간 중에 ‘피보험자가 이륜자동차 또는 원동기장치자전거를 계속적으로 사용하게 된 경우’ 이를 지체 없이 피해자 회사에 알려야 한다.",미검수
법제처 OPEN API/prec,241189,2023노878,보험사기방지특별법위반,https://www.law.go.kr/DRF/lawService.do?OC=test&target=prec&ID=241189&type=HTML,제16조,(판단 불명확),판단 불명확,,,,"자 회사에서 판매하는 ‘(무)메리츠 실손 의료비보험’과 ‘(무)내Mom같은 어린이보험’에 가입하였다. ② 이 사건 보험 보통약관(이하, ‘이 사건 보통약관’이라고 한다)에서는 ""계약자 또는 피보험자는 계약기간 중에 ‘피보험자가 이륜자동차 또는 원동기장치자전거를 계속적으로 사용하게 된 경우’ 이를 지체 없이 피해자 회사에 알려야 한다.""라고 정하고 있다(보통약관 제16조). ③ 피해자 회사의 ‘이륜자동차 운전 중 상해 부보장 특별약관’(이하, ‘이 사건 특별약관’이라고 한다)에서는 ""피보험자가 보험기간 중 ‘이륜자동차’를 운전하는 중에 발생한 급격하고도 우연한 외래의 상해사고를 직접적인 원인으로 보통약관에서 정한 보험금 지급사유가 발생한 경우에 보험금을 지급하지 않는다. ‘이륜자동차’라 함은 자동차관리법 시행규칙 제2조에서 정한 이륜자동차로 총배기량 또는 정격출력의 크기와 관계없이 1인 또는 2인의 사람을 운송하기에 적합하게 제작된 이륜의 자동차 및 그와 유사한 구조로 되어 있는 자동차를 말한다.""라고 정하고 있다(특별약관 제2조). ④ 공소외 3은 2021년 전동킥보드를 구입하여 운행하기 시작하였으나 이를 피해자 회사에 알리지 않았고, 2021. 11. 26.경 전동킥보드를 타던 중 넘어져 폐쇄성 요골 머리의 골절 등 상해를 입고 병원 치료를 받았다. ⑤ 피고인은 2021. 12. 28.경 피해자 회사에 상해 발생원인을 단순히 ‘넘어져서 다침’으로 기재하여 보험금을 청구하였고, 피해자 회사로부터 공소외 3의 상해입원의료비 등으로 총 2,740,845원을 교부받았다. 나. 구체적인 판단 이 사건 기록에 의해 인정되는 아래 사정에 비추어 보면, 검사가 제출한 증거만으로는 피고인이 공소사실 기재와 같이 피해자 회사를 기망하였다는 점이 합리적 의심의 여지가 없을 정도로 증명되었다고 보기 부족하고, 달리 이를 인정할 증거가 없다. 1) 이 사건 특별약관은 피보험자가 ‘이륜자동차’를 운전하는 중에 발생한 사고에 대해 보험금을 지급하지 않는다고 정하고 있을 뿐이므로, 피해자 회사는 피보험자에게 ‘전동킥보드’를 운전하는 중에 발생한 사고에 대해서도 보험금을 지급하지 않는다는 설명을 할 의무가 있고 이를 이행하지 않은 이상 피보험자가 피해자 회사에 ‘전동킥보드’를 사용한다는 사실을 알릴 의무가 있다고 보이지 않는다. 그 이유는 다음과 같다. ① 이 사건 보험계약 체결 당시에는 전동킥보드가 일반적으로 사용되지 않았고, 전동킥보드의 정의나 규제에 관한 규정도 명확하지 않았다. 그런데 전동킥보드의 사용이 일반화됨에 따라 ‘전동킥보드’를 ‘이륜자동차 또는 원동기장치자전거’에 포함시켜야 할지에 대해 논란이 있었다. 그에 따라 도로교통법이 2020. 6. 9. 법률 제17371호로 개정되었는데 개정이유는 ‘개인형 이동장치의 이용자가 증가하는 데 비해 이에 대한 운행 규정이 미비한 상황이므로 이를 보완·개선하여 사회적·기술적 변화를 법률에 반영’하는 것이고, 그에 따라 ‘원동기장치자전거 중 시속 25km 이상으로 운행할 경우 전동기가 작동하지 아니하고 차체 중량이 30kg 미만인 것으로서 행정안전부령으로 정하는 것을 개인형 이동장치로 정의하고, 이를 현행 교통체계에 편입하는 것’이다. ② 이 사건 보험계약 체결 당시 자동차관리법 제3조 제5호는 ‘이륜자동차’에 대하여 ‘총배기량 또는 정격출력의 크기와 관계없이 1인 또는 2인의 사람을 운송하기에 적합하게 제작된 이륜의 자동차 및 그와 유사한 구조로 되어 있는 자동차’라고 규정하고 있었고, 구 도로교통법(2020. 6. 9. 법률 제17371호로 개정되기 전의 것) 제2조 제19호는 ‘원동기장치자전거’에 대하여 ‘가. 「자동차관리법」 제3조에 따른 이륜자동차 가운데 배기량 125cc 이하의 이륜자동차, 나. 배기량 5cc 미만(전기를 동력으로 하는 경우에는 정격출력 0.59kW 미만)의 원동기를 단 차(「자전거 이용 활성화에 관한 법률」 제2조 제1호의2에 따른 전기자전거는 제외한다)’라고 규정하고 있었을 뿐 ‘전동킥보드’에 대한 규정은 없었다. 그런데 2020. 6. 9. 개정 도로교통법 제2","③ 피해자 회사의 ‘이륜자동차 운전 중 상해 부보장 특별약관’(이하, ‘이 사건 특별약관’이라고 한다)에서는 ""피보험자가 보험기간 중 ‘이륜자동차’를 운전하는 중에 발생한 급격하고도 우연한 외래의 상해사고를 직접적인 원인으로 보통약관에서 정한 보험금 지급사유가 발생한 경우에 보험금을 지급하지 않는다. ‘이륜자동차’라 함은 자동차관리법 시행규칙 제2조에서 정한 이륜자동차로 총배기량 또는 정격출력의 크기와 관계없이 1인 또는 2인의 사람을 운송하기에 적합하게 제작된 이륜의 자동차 및 그와 유사한 구조로 되어 있는 자동차를 말한다.",미검수
법제처 OPEN API/prec,241189,2023노878,보험사기방지특별법위반,https://www.law.go.kr/DRF/lawService.do?OC=test&target=prec&ID=241189&type=HTML,(조 번호 미표기),(판단 불명확),판단 불명확,,,,"사로부터 공소외 3의 상해입원의료비 등으로 총 2,740,845원을 교부받았다. 나. 구체적인 판단 이 사건 기록에 의해 인정되는 아래 사정에 비추어 보면, 검사가 제출한 증거만으로는 피고인이 공소사실 기재와 같이 피해자 회사를 기망하였다는 점이 합리적 의심의 여지가 없을 정도로 증명되었다고 보기 부족하고, 달리 이를 인정할 증거가 없다. 1) 이 사건 특별약관은 피보험자가 ‘이륜자동차’를 운전하는 중에 발생한 사고에 대해 보험금을 지급하지 않는다고 정하고 있을 뿐이므로, 피해자 회사는 피보험자에게 ‘전동킥보드’를 운전하는 중에 발생한 사고에 대해서도 보험금을 지급하지 않는다는 설명을 할 의무가 있고 이를 이행하지 않은 이상 피보험자가 피해자 회사에 ‘전동킥보드’를 사용한다는 사실을 알릴 의무가 있다고 보이지 않는다. 그 이유는 다음과 같다. ① 이 사건 보험계약 체결 당시에는 전동킥보드가 일반적으로 사용되지 않았고, 전동킥보드의 정의나 규제에 관한 규정도 명확하지 않았다. 그런데 전동킥보드의 사용이 일반화됨에 따라 ‘전동킥보드’를 ‘이륜자동차 또는 원동기장치자전거’에 포함시켜야 할지에 대해 논란이 있었다. 그에 따라 도로교통법이 2020. 6. 9. 법률 제17371호로 개정되었는데 개정이유는 ‘개인형 이동장치의 이용자가 증가하는 데 비해 이에 대한 운행 규정이 미비한 상황이므로 이를 보완·개선하여 사회적·기술적 변화를 법률에 반영’하는 것이고, 그에 따라 ‘원동기장치자전거 중 시속 25km 이상으로 운행할 경우 전동기가 작동하지 아니하고 차체 중량이 30kg 미만인 것으로서 행정안전부령으로 정하는 것을 개인형 이동장치로 정의하고, 이를 현행 교통체계에 편입하는 것’이다. ② 이 사건 보험계약 체결 당시 자동차관리법 제3조 제5호는 ‘이륜자동차’에 대하여 ‘총배기량 또는 정격출력의 크기와 관계없이 1인 또는 2인의 사람을 운송하기에 적합하게 제작된 이륜의 자동차 및 그와 유사한 구조로 되어 있는 자동차’라고 규정하고 있었고, 구 도로교통법(2020. 6. 9. 법률 제17371호로 개정되기 전의 것) 제2조 제19호는 ‘원동기장치자전거’에 대하여 ‘가. 「자동차관리법」 제3조에 따른 이륜자동차 가운데 배기량 125cc 이하의 이륜자동차, 나. 배기량 5cc 미만(전기를 동력으로 하는 경우에는 정격출력 0.59kW 미만)의 원동기를 단 차(「자전거 이용 활성화에 관한 법률」 제2조 제1호의2에 따른 전기자전거는 제외한다)’라고 규정하고 있었을 뿐 ‘전동킥보드’에 대한 규정은 없었다. 그런데 2020. 6. 9. 개정 도로교통법 제2조 제19호는 ‘원동기장치자전거’에 대하여 ‘가. 「자동차관리법」 제3조에 따른 이륜자동차 가운데 배기량 125cc 이하(전기를 동력으로 하는 경우에는 최고정격출력 11kW 이하)의 이륜자동차, 나. 그 밖에 배기량 125cc 이하(전기를 동력으로 하는 경우에는 최고정격출력 11kW 이하)의 원동기를 단 차(「자전거 이용 활성화에 관한 법률」 제2조 제1호의2에 따른 전기자전거는 제외한다)’로 개정하였고, 같은 법 제2조 제19호의2를 추가하여 ‘개인형 이동장치란 제19호 (나)목의 원동기장치자전거 중 시속 25km 이상으로 운행할 경우 전동기가 작동하지 아니하고 차체 중량이 30kg 미만인 것으로서 행정안전부령으로 정하는 것을 말한다.’고 규정하였고, 도로교통법 시행규칙 제2조의3 제1호는 ‘개인형 이동장치’로 ‘전동킥보드’를 규정하였다. 그에 따라 개인형 이동장치는 자전거와 함께 자전거 등으로 정의되어(제2조 제21호의2) 자전거에 준하는 취급을 받으며 예를 들면 자전거도로로 통행하여야 하며(제13조의2), 면허 없이 운전할 수 있다(제80조 제1항 단서). 위와 같이 개정 도로교통법은 ‘전동킥보드’를 배기량, 정격출력의 크기, 중량 등에 따라 이륜자동차, 원동","륜자동차’를 운전하는 중에 발생한 사고에 대해 보험금을 지급하지 않는다고 정하고 있을 뿐이므로, 피해자 회사는 피보험자에게",미검수
법제처 OPEN API/prec,241189,2023노878,보험사기방지특별법위반,https://www.law.go.kr/DRF/lawService.do?OC=test&target=prec&ID=241189&type=HTML,(조 번호 미표기),(판단 불명확),판단 불명확,,,,"는 데 비해 이에 대한 운행 규정이 미비한 상황이므로 이를 보완·개선하여 사회적·기술적 변화를 법률에 반영’하는 것이고, 그에 따라 ‘원동기장치자전거 중 시속 25km 이상으로 운행할 경우 전동기가 작동하지 아니하고 차체 중량이 30kg 미만인 것으로서 행정안전부령으로 정하는 것을 개인형 이동장치로 정의하고, 이를 현행 교통체계에 편입하는 것’이다. ② 이 사건 보험계약 체결 당시 자동차관리법 제3조 제5호는 ‘이륜자동차’에 대하여 ‘총배기량 또는 정격출력의 크기와 관계없이 1인 또는 2인의 사람을 운송하기에 적합하게 제작된 이륜의 자동차 및 그와 유사한 구조로 되어 있는 자동차’라고 규정하고 있었고, 구 도로교통법(2020. 6. 9. 법률 제17371호로 개정되기 전의 것) 제2조 제19호는 ‘원동기장치자전거’에 대하여 ‘가. 「자동차관리법」 제3조에 따른 이륜자동차 가운데 배기량 125cc 이하의 이륜자동차, 나. 배기량 5cc 미만(전기를 동력으로 하는 경우에는 정격출력 0.59kW 미만)의 원동기를 단 차(「자전거 이용 활성화에 관한 법률」 제2조 제1호의2에 따른 전기자전거는 제외한다)’라고 규정하고 있었을 뿐 ‘전동킥보드’에 대한 규정은 없었다. 그런데 2020. 6. 9. 개정 도로교통법 제2조 제19호는 ‘원동기장치자전거’에 대하여 ‘가. 「자동차관리법」 제3조에 따른 이륜자동차 가운데 배기량 125cc 이하(전기를 동력으로 하는 경우에는 최고정격출력 11kW 이하)의 이륜자동차, 나. 그 밖에 배기량 125cc 이하(전기를 동력으로 하는 경우에는 최고정격출력 11kW 이하)의 원동기를 단 차(「자전거 이용 활성화에 관한 법률」 제2조 제1호의2에 따른 전기자전거는 제외한다)’로 개정하였고, 같은 법 제2조 제19호의2를 추가하여 ‘개인형 이동장치란 제19호 (나)목의 원동기장치자전거 중 시속 25km 이상으로 운행할 경우 전동기가 작동하지 아니하고 차체 중량이 30kg 미만인 것으로서 행정안전부령으로 정하는 것을 말한다.’고 규정하였고, 도로교통법 시행규칙 제2조의3 제1호는 ‘개인형 이동장치’로 ‘전동킥보드’를 규정하였다. 그에 따라 개인형 이동장치는 자전거와 함께 자전거 등으로 정의되어(제2조 제21호의2) 자전거에 준하는 취급을 받으며 예를 들면 자전거도로로 통행하여야 하며(제13조의2), 면허 없이 운전할 수 있다(제80조 제1항 단서). 위와 같이 개정 도로교통법은 ‘전동킥보드’를 배기량, 정격출력의 크기, 중량 등에 따라 이륜자동차, 원동기장치자전거, 개인형 이동장치로 구분하고 있다. ③ 상법 제652조 제1항은 ‘보험기간 중에 보험계약자 또는 피보험자가 사고 발생의 위험이 현저하게 변경 또는 증가된 사실을 안 때에는 지체 없이 보험자에게 통지하여야 하고, 이를 해태하면 보험자는 그 사실을 안 날로부터 1월 내에 한하여 계약을 해지할 수 있다.’고 규정하고 있다. 이 사건 보통약관은 이를 구체화하여 ‘피보험자가 이륜자동차나 원동기장치자전거를 계속적으로 사용하는 경우 피해자 회사에 이를 알려야 한다.’고 정하였다. 위와 같이 피보험자에게 고지의무를 부과하는 취지는 보험회사가 당초 보험계약 체결 시보다 인수해야 하는 위험이 증가하게 되는 경우 이러한 위험을 배제할 기회를 부여하기 위한 것인데, 그에 따라 피보험자의 보험계약상 권리가 제한되는 결과를 초래한다. 따라서 피보험자가 고지할 사항은 구체적으로 명시되어야 할 필요가 있다. ④ 이 사건 보험계약 체결 당시 자동차관리법과 도로교통법의 내용, 이후 도로교통법의 개정 경과 등에 비추어 보면, 이 사건 보험계약 체결 당시 ‘전동킥보드’가 이 사건 특별약관에서 보험금 지급 제한 사유로 정하고 있는 ‘이륜자동차’에 포함되는지가 모호한 상황이었다. 따라서 피해자 회사가 이 사건 특별약관을 근거로 피보험자의 권리를 제한하기 위해서는 ‘피보험자에게 전동킥보드를 지속적으로 사용하는 경우에도 이 사건 특별약관에서 정한 보험금",체결 당시 자동차관리법 제3조 제5호는 ‘이륜자동차’에 대하여 ‘총배기량 또는 정격출력의 크기와 관계없이 1인 또는 2인의 사람을 운송하기에 적합하게 제작된 이륜의 자동차 및 그와 유사한 구조로 되어 있는 자동차,미검수
법제처 OPEN API/prec,241189,2023노878,보험사기방지특별법위반,https://www.law.go.kr/DRF/lawService.do?OC=test&target=prec&ID=241189&type=HTML,(조 번호 미표기),(판단 불명확),판단 불명확,,,,"따라 이륜자동차, 원동기장치자전거, 개인형 이동장치로 구분하고 있다. ③ 상법 제652조 제1항은 ‘보험기간 중에 보험계약자 또는 피보험자가 사고 발생의 위험이 현저하게 변경 또는 증가된 사실을 안 때에는 지체 없이 보험자에게 통지하여야 하고, 이를 해태하면 보험자는 그 사실을 안 날로부터 1월 내에 한하여 계약을 해지할 수 있다.’고 규정하고 있다. 이 사건 보통약관은 이를 구체화하여 ‘피보험자가 이륜자동차나 원동기장치자전거를 계속적으로 사용하는 경우 피해자 회사에 이를 알려야 한다.’고 정하였다. 위와 같이 피보험자에게 고지의무를 부과하는 취지는 보험회사가 당초 보험계약 체결 시보다 인수해야 하는 위험이 증가하게 되는 경우 이러한 위험을 배제할 기회를 부여하기 위한 것인데, 그에 따라 피보험자의 보험계약상 권리가 제한되는 결과를 초래한다. 따라서 피보험자가 고지할 사항은 구체적으로 명시되어야 할 필요가 있다. ④ 이 사건 보험계약 체결 당시 자동차관리법과 도로교통법의 내용, 이후 도로교통법의 개정 경과 등에 비추어 보면, 이 사건 보험계약 체결 당시 ‘전동킥보드’가 이 사건 특별약관에서 보험금 지급 제한 사유로 정하고 있는 ‘이륜자동차’에 포함되는지가 모호한 상황이었다. 따라서 피해자 회사가 이 사건 특별약관을 근거로 피보험자의 권리를 제한하기 위해서는 ‘피보험자에게 전동킥보드를 지속적으로 사용하는 경우에도 이 사건 특별약관에서 정한 보험금 지급 제한 사유에 해당된다.’는 설명이 필요하다고 보인다. ⑤ 피해자 회사는 2021. 5.에 보통약관을 개정하여 고지의무의 대상을 ‘이륜자동차 또는 원동기장치자전거(전동킥보드, 전동휠 등 전동기로 작동되는 개인형 이동장치를 포함하며, 장애인 또는 교통약자가 사용하는 보행보조용 의자차인 전동휠체어, 의료용 스쿠터 등은 제외한다)를 계속적으로 사용하는 경우’라고 정하여 전동킥보드를 고지의무의 대상에 구체적으로 명시하였다. 위와 같이 보통약관이 개정된 점에서도 이 사건 보험계약 체결 당시 보통약관에서 정하고 있는 ‘이륜자동차 또는 원동기장치자전거’에 전동킥보드가 포함되는지가 명확하지 않았다. 2) 그런데 피해자 회사가 계약자 또는 피보험자에게 ‘전동킥보드’를 운전하는 중에 발생한 사고에 대해서도 보험금을 지급하지 않는다는 설명 의무를 이행하였다고 볼 증거가 없고, 이 사건 특별약관에서 정하고 있는 이륜자동차에 전동킥보드가 포함된다는 설명을 하였다고 볼 증거도 없다. 따라서 이 사건 특별약관에 따라 보험금의 지급이 제한된다고 볼 수 없다. 5. 결론 그렇다면 피고인의 사실오인 및 법리오해 주장은 이유 있으므로 형사소송법 제364조 제6항에 따라 원심판결을 파기하고, 변론을 거쳐 다시 다음과 같이 판결한다. 【다시 쓰는 판결 이유】 이 사건 공소사실은 위 제2항 기재와 같고, 이는 위 제4항 기재와 같은 이유로 범죄사실의 증명이 없는 때에 해당하므로, 형사소송법 제325조 후단에 따라 무죄를 선고하고, 형법 제58조 제2항에 따라 피고인에 대한 무죄판결의 요지를 공시하기로 하여, 주문과 같이 판결한다. 판사 홍은표(재판장) 최석준 이범휘 ]]>",피보험자가 이륜자동차나 원동기장치자전거를 계속적으로 사용하는 경우 피해자 회사에 이를 알려야 한다,미검수
법제처 OPEN API/prec,241189,2023노878,보험사기방지특별법위반,https://www.law.go.kr/DRF/lawService.do?OC=test&target=prec&ID=241189&type=HTML,(조 번호 미표기),(판단 불명확),판단 불명확,,,," 시보다 인수해야 하는 위험이 증가하게 되는 경우 이러한 위험을 배제할 기회를 부여하기 위한 것인데, 그에 따라 피보험자의 보험계약상 권리가 제한되는 결과를 초래한다. 따라서 피보험자가 고지할 사항은 구체적으로 명시되어야 할 필요가 있다. ④ 이 사건 보험계약 체결 당시 자동차관리법과 도로교통법의 내용, 이후 도로교통법의 개정 경과 등에 비추어 보면, 이 사건 보험계약 체결 당시 ‘전동킥보드’가 이 사건 특별약관에서 보험금 지급 제한 사유로 정하고 있는 ‘이륜자동차’에 포함되는지가 모호한 상황이었다. 따라서 피해자 회사가 이 사건 특별약관을 근거로 피보험자의 권리를 제한하기 위해서는 ‘피보험자에게 전동킥보드를 지속적으로 사용하는 경우에도 이 사건 특별약관에서 정한 보험금 지급 제한 사유에 해당된다.’는 설명이 필요하다고 보인다. ⑤ 피해자 회사는 2021. 5.에 보통약관을 개정하여 고지의무의 대상을 ‘이륜자동차 또는 원동기장치자전거(전동킥보드, 전동휠 등 전동기로 작동되는 개인형 이동장치를 포함하며, 장애인 또는 교통약자가 사용하는 보행보조용 의자차인 전동휠체어, 의료용 스쿠터 등은 제외한다)를 계속적으로 사용하는 경우’라고 정하여 전동킥보드를 고지의무의 대상에 구체적으로 명시하였다. 위와 같이 보통약관이 개정된 점에서도 이 사건 보험계약 체결 당시 보통약관에서 정하고 있는 ‘이륜자동차 또는 원동기장치자전거’에 전동킥보드가 포함되는지가 명확하지 않았다. 2) 그런데 피해자 회사가 계약자 또는 피보험자에게 ‘전동킥보드’를 운전하는 중에 발생한 사고에 대해서도 보험금을 지급하지 않는다는 설명 의무를 이행하였다고 볼 증거가 없고, 이 사건 특별약관에서 정하고 있는 이륜자동차에 전동킥보드가 포함된다는 설명을 하였다고 볼 증거도 없다. 따라서 이 사건 특별약관에 따라 보험금의 지급이 제한된다고 볼 수 없다. 5. 결론 그렇다면 피고인의 사실오인 및 법리오해 주장은 이유 있으므로 형사소송법 제364조 제6항에 따라 원심판결을 파기하고, 변론을 거쳐 다시 다음과 같이 판결한다. 【다시 쓰는 판결 이유】 이 사건 공소사실은 위 제2항 기재와 같고, 이는 위 제4항 기재와 같은 이유로 범죄사실의 증명이 없는 때에 해당하므로, 형사소송법 제325조 후단에 따라 무죄를 선고하고, 형법 제58조 제2항에 따라 피고인에 대한 무죄판결의 요지를 공시하기로 하여, 주문과 같이 판결한다. 판사 홍은표(재판장) 최석준 이범휘 ]]>",전동킥보드’가 이 사건 특별약관에서 보험금 지급 제한 사유로 정하고 있는,미검수
법제처 OPEN API/prec,241189,2023노878,보험사기방지특별법위반,https://www.law.go.kr/DRF/lawService.do?OC=test&target=prec&ID=241189&type=HTML,(조 번호 미표기),(판단 불명확),판단 불명확,,,," 개정하여 고지의무의 대상을 ‘이륜자동차 또는 원동기장치자전거(전동킥보드, 전동휠 등 전동기로 작동되는 개인형 이동장치를 포함하며, 장애인 또는 교통약자가 사용하는 보행보조용 의자차인 전동휠체어, 의료용 스쿠터 등은 제외한다)를 계속적으로 사용하는 경우’라고 정하여 전동킥보드를 고지의무의 대상에 구체적으로 명시하였다. 위와 같이 보통약관이 개정된 점에서도 이 사건 보험계약 체결 당시 보통약관에서 정하고 있는 ‘이륜자동차 또는 원동기장치자전거’에 전동킥보드가 포함되는지가 명확하지 않았다. 2) 그런데 피해자 회사가 계약자 또는 피보험자에게 ‘전동킥보드’를 운전하는 중에 발생한 사고에 대해서도 보험금을 지급하지 않는다는 설명 의무를 이행하였다고 볼 증거가 없고, 이 사건 특별약관에서 정하고 있는 이륜자동차에 전동킥보드가 포함된다는 설명을 하였다고 볼 증거도 없다. 따라서 이 사건 특별약관에 따라 보험금의 지급이 제한된다고 볼 수 없다. 5. 결론 그렇다면 피고인의 사실오인 및 법리오해 주장은 이유 있으므로 형사소송법 제364조 제6항에 따라 원심판결을 파기하고, 변론을 거쳐 다시 다음과 같이 판결한다. 【다시 쓰는 판결 이유】 이 사건 공소사실은 위 제2항 기재와 같고, 이는 위 제4항 기재와 같은 이유로 범죄사실의 증명이 없는 때에 해당하므로, 형사소송법 제325조 후단에 따라 무죄를 선고하고, 형법 제58조 제2항에 따라 피고인에 대한 무죄판결의 요지를 공시하기로 하여, 주문과 같이 판결한다. 판사 홍은표(재판장) 최석준 이범휘 ]]>",륜자동차 또는 원동기장치자전거’에 전동킥보드가 포함되는지가 명확하지 않았다. 2) 그런데 피해자 회사가 계약자 또는 피보험자에게,미검수
법제처 OPEN API/prec,619349,2022나2021376,손해배상(기),https://www.law.go.kr/DRF/lawService.do?OC=test&target=prec&ID=619349&type=HTML,(조 번호 미표기),(판단 불명확),판단 불명확,,,,"이므로, 국제사법에 따라 준거법을 정하여야 한다. 구 국제사법(2022. 1. 4. 법률 제18670호로 전부 개정되기 전의 것) 제32조 제1항에서 불법행위는 그 행위가 행하여진 곳의 법에 의하는 것으로 규정하고 있다. 원고가 주장하는 피고들의 불법행위는 모두 대한민국에서 행하여진 것이므로 이 사건의 준거법은 대한민국 법이다[이 사건 각 해상화물운송장의 이면약관(을나 3) 제3조에서도 ‘해상화물운송장에 달리 규정된 경우를 제외하고, 해상화물운송장으로부터 또는 이와 관련하여 발생하는 모든 청구는 한국 법에 의하여 규율된다.’라고 규정하고 있다]. 나. 준거법에 관한 선하증권의 약관은 운송계약상의 채무불이행을 원인으로 한 손해배상 책임에만 적용되며 법정 책임인 불법행위를 원인으로 한 손해배상 청구의 경우까지 준거법의 적용이 있다고 볼 수는 없다(대법원 1991. 4. 26. 선고 90다카8098 판결 등 참조). 원고는 피고 1 회사, 피고 2에 대하여 불법행위를 원인으로 손해배상을 청구하고 있다. 피고 1 회사가 이 사건 각 물품의 해상운송인이라고 주장하면서 이 사건 각 하우스 선하증권 이면약관(을다 17) 제24조, 제2조에 따라 이 사건에 적용되는 준거법은 미국 법 특히 미국 해상화물운송법(U.S. Carriage of Goods by Sea Act) 라는 취지의 피고 1 회사, 피고 2의 주장은 받아들이지 않는다. 4. 제소기간 경과 여부 가. 피고 ☆☆☆의 주장에 대하여 1) 다음과 같은 점에서 이 사건 소가 제소기간 경과 후 제기되었다는 피고 ☆☆☆의 주장은 받아들인다. ① 이 사건 각 해상화물운송장 이면약관(을나 3) 제5조는 ‘해상운송인 소외 3 회사의 표준 선하증권(Standard Bill of Landing)의 모든 조항과 조건이 이 사건 각 해상화물운송장 이면약관에 편입된다.’라고 정하고 있다. 소외 3 회사의 표준 선하증권 이면약관(을나 11) 제3조（B)항은 ‘여하한 용선계약, 준거법 및 본 선하증권에 규정되거나 편입된 권리, 방어, 면제, 제한, 조건, 면책, 자유 및 법적 보호는, 그 청구 원인이 계약상의 청구인지 불법행위 또는 여하한 다른 것인지를 불문하고 운송인에 대한 모든 청구에 적용된다.’라고 정하고 있고, 제4조 (B)항은 ‘상인(Merchant, 운송물의 화주, 송하인, 소유자, 선하증권 소지인을 포함한다)이 여하한 하수급인(Subcontractor, 터미널 운영자를 포함한다)에 대하여 청구를 제기하는 경우, 하수급인과 그 대리인들은 운송인에 이익이 되는 본 선하증권상의 모든 권리, 방어, 면제, 제한, 조건, 면책, 자유 및 법적 보호의 이익을, 마치 히말라야 조항(Himalaya Clauses)에 적용되는 법률에 의해 허용되는 최대한도 내에서 명시적으로 하수급인의 이익을 위한 것으로 정한 것과 동일하게, 원용할 권리를 갖는다.’라고 정하며, 제24조 (B)항은 ‘운송인은 운송물의 인도일 또는 운송물이 인도되었어야 하는 날로부터 1년 내에 소가 제기되지 않는 한, 인도 불이행, 잘못된 인도, 지연, 손실 또는 손해에 대한 책임을 포함하되 이에 한정되지 아니하는 운송물에 관한 모든 책임으로부터 면책된다.’라고 정하고 있다. ② 운송인이 컨테이너 전용 장치장에 운송 화물을 입고시키는 법률관계는 민법상 임치에 해당하므로(대법원 1996. 3. 12. 선고 94다55057 판결 참조), 제2 물품을 터미널에 입고한 피고 ☆☆☆은 운송인인 소외 3 회사의 하수급인으로서 이 사건 각 해상화물운송장에서 정한 운송인의 제소기간을 원용할 수 있다. 이 사건 소는 제2 물품이 인도된 날로 볼 수 있는 2018. 9. 8.로부터 1년이 경과한 2020. 7. 2. 제기되었으므로 원고의 피고 ☆☆☆에 대한 소는 부적법하다. ③ 원고는 원고와 피고 ☆☆☆ 사이에 직접적인 계약 관계가 있는 것이 아니어서 원고에","(을나 3) 제3조에서도 ‘해상화물운송장에 달리 규정된 경우를 제외하고, 해상화물운송장으로부터 또는 이와 관련하여 발생하는 모든 청구는 한국 법에 의하여 규율된다.",미검수
법제처 OPEN API/prec,619349,2022나2021376,손해배상(기),https://www.law.go.kr/DRF/lawService.do?OC=test&target=prec&ID=619349&type=HTML,(조 번호 미표기),(판단 불명확),판단 불명확,,,," 미국 해상화물운송법(U.S. Carriage of Goods by Sea Act) 라는 취지의 피고 1 회사, 피고 2의 주장은 받아들이지 않는다. 4. 제소기간 경과 여부 가. 피고 ☆☆☆의 주장에 대하여 1) 다음과 같은 점에서 이 사건 소가 제소기간 경과 후 제기되었다는 피고 ☆☆☆의 주장은 받아들인다. ① 이 사건 각 해상화물운송장 이면약관(을나 3) 제5조는 ‘해상운송인 소외 3 회사의 표준 선하증권(Standard Bill of Landing)의 모든 조항과 조건이 이 사건 각 해상화물운송장 이면약관에 편입된다.’라고 정하고 있다. 소외 3 회사의 표준 선하증권 이면약관(을나 11) 제3조（B)항은 ‘여하한 용선계약, 준거법 및 본 선하증권에 규정되거나 편입된 권리, 방어, 면제, 제한, 조건, 면책, 자유 및 법적 보호는, 그 청구 원인이 계약상의 청구인지 불법행위 또는 여하한 다른 것인지를 불문하고 운송인에 대한 모든 청구에 적용된다.’라고 정하고 있고, 제4조 (B)항은 ‘상인(Merchant, 운송물의 화주, 송하인, 소유자, 선하증권 소지인을 포함한다)이 여하한 하수급인(Subcontractor, 터미널 운영자를 포함한다)에 대하여 청구를 제기하는 경우, 하수급인과 그 대리인들은 운송인에 이익이 되는 본 선하증권상의 모든 권리, 방어, 면제, 제한, 조건, 면책, 자유 및 법적 보호의 이익을, 마치 히말라야 조항(Himalaya Clauses)에 적용되는 법률에 의해 허용되는 최대한도 내에서 명시적으로 하수급인의 이익을 위한 것으로 정한 것과 동일하게, 원용할 권리를 갖는다.’라고 정하며, 제24조 (B)항은 ‘운송인은 운송물의 인도일 또는 운송물이 인도되었어야 하는 날로부터 1년 내에 소가 제기되지 않는 한, 인도 불이행, 잘못된 인도, 지연, 손실 또는 손해에 대한 책임을 포함하되 이에 한정되지 아니하는 운송물에 관한 모든 책임으로부터 면책된다.’라고 정하고 있다. ② 운송인이 컨테이너 전용 장치장에 운송 화물을 입고시키는 법률관계는 민법상 임치에 해당하므로(대법원 1996. 3. 12. 선고 94다55057 판결 참조), 제2 물품을 터미널에 입고한 피고 ☆☆☆은 운송인인 소외 3 회사의 하수급인으로서 이 사건 각 해상화물운송장에서 정한 운송인의 제소기간을 원용할 수 있다. 이 사건 소는 제2 물품이 인도된 날로 볼 수 있는 2018. 9. 8.로부터 1년이 경과한 2020. 7. 2. 제기되었으므로 원고의 피고 ☆☆☆에 대한 소는 부적법하다. ③ 원고는 원고와 피고 ☆☆☆ 사이에 직접적인 계약 관계가 있는 것이 아니어서 원고에 대해 이 사건 각 물품의 해상화물운송장과 소외 3 회사 표준 선하증권의 이면약관이 적용될 수 없다는 취지로 주장한다. 원고가 이 사건 각 물품의 운송을 소외 2 회사에 의뢰하여 소외 2 회사가 운송인인 소외 3 회사를 대리하여 송하인을 원고로 하는 이 사건 각 하우스 선하증권을 발행하였고 선하증권이 발행된 경우 운송인과 송하인 사이에 선하증권에 기재된 대로 개품운송계약이 체결된 것으로 추정되는 점(상법 제854조 제1항), 소외 3 회사가 송하인을 소외 2 회사로 하는 이 사건 각 해상화물운송장을 발행한 점 등에 비추어 피고 ☆☆☆은 원고에게 이 사건 각 해상화물운송장에서 정한 내용을 주장할 수 있다고 보아야 한다. 원고의 주장은 받아들일 수 없다. ④ 원고는 대법원 1992. 1. 21. 선고 91다14994 판결을 들어 운송물에 관한 선하증권의 약관에 기재된 제소기간에 관한 조항은 고의 또는 중대한 과실로 인한 불법행위 책임을 추궁하는 경우에는 적용되지 않는다고 주장한다. 그러나 대법원 1992. 1. 21. 선고 91다14994 판결은 구 상법(1991. 12. 31. 법률 제4470호로 개정되기 전의 법률)하에서 발행된 선하증권의 약관에 기재된 제소기간에 관한 조항의 효력에 관",(을나 3) 제5조는 ‘해상운송인 소외 3 회사의 표준 선하증권(Standard Bill of Landing)의 모든 조항과 조건이 이 사건 각 해상화물운송장 이면약관에 편입된다.,미검수
법제처 OPEN API/prec,619349,2022나2021376,손해배상(기),https://www.law.go.kr/DRF/lawService.do?OC=test&target=prec&ID=619349&type=HTML,(조 번호 미표기),(판단 불명확),판단 불명확,,,,"점에서 이 사건 소가 제소기간 경과 후 제기되었다는 피고 ☆☆☆의 주장은 받아들인다. ① 이 사건 각 해상화물운송장 이면약관(을나 3) 제5조는 ‘해상운송인 소외 3 회사의 표준 선하증권(Standard Bill of Landing)의 모든 조항과 조건이 이 사건 각 해상화물운송장 이면약관에 편입된다.’라고 정하고 있다. 소외 3 회사의 표준 선하증권 이면약관(을나 11) 제3조（B)항은 ‘여하한 용선계약, 준거법 및 본 선하증권에 규정되거나 편입된 권리, 방어, 면제, 제한, 조건, 면책, 자유 및 법적 보호는, 그 청구 원인이 계약상의 청구인지 불법행위 또는 여하한 다른 것인지를 불문하고 운송인에 대한 모든 청구에 적용된다.’라고 정하고 있고, 제4조 (B)항은 ‘상인(Merchant, 운송물의 화주, 송하인, 소유자, 선하증권 소지인을 포함한다)이 여하한 하수급인(Subcontractor, 터미널 운영자를 포함한다)에 대하여 청구를 제기하는 경우, 하수급인과 그 대리인들은 운송인에 이익이 되는 본 선하증권상의 모든 권리, 방어, 면제, 제한, 조건, 면책, 자유 및 법적 보호의 이익을, 마치 히말라야 조항(Himalaya Clauses)에 적용되는 법률에 의해 허용되는 최대한도 내에서 명시적으로 하수급인의 이익을 위한 것으로 정한 것과 동일하게, 원용할 권리를 갖는다.’라고 정하며, 제24조 (B)항은 ‘운송인은 운송물의 인도일 또는 운송물이 인도되었어야 하는 날로부터 1년 내에 소가 제기되지 않는 한, 인도 불이행, 잘못된 인도, 지연, 손실 또는 손해에 대한 책임을 포함하되 이에 한정되지 아니하는 운송물에 관한 모든 책임으로부터 면책된다.’라고 정하고 있다. ② 운송인이 컨테이너 전용 장치장에 운송 화물을 입고시키는 법률관계는 민법상 임치에 해당하므로(대법원 1996. 3. 12. 선고 94다55057 판결 참조), 제2 물품을 터미널에 입고한 피고 ☆☆☆은 운송인인 소외 3 회사의 하수급인으로서 이 사건 각 해상화물운송장에서 정한 운송인의 제소기간을 원용할 수 있다. 이 사건 소는 제2 물품이 인도된 날로 볼 수 있는 2018. 9. 8.로부터 1년이 경과한 2020. 7. 2. 제기되었으므로 원고의 피고 ☆☆☆에 대한 소는 부적법하다. ③ 원고는 원고와 피고 ☆☆☆ 사이에 직접적인 계약 관계가 있는 것이 아니어서 원고에 대해 이 사건 각 물품의 해상화물운송장과 소외 3 회사 표준 선하증권의 이면약관이 적용될 수 없다는 취지로 주장한다. 원고가 이 사건 각 물품의 운송을 소외 2 회사에 의뢰하여 소외 2 회사가 운송인인 소외 3 회사를 대리하여 송하인을 원고로 하는 이 사건 각 하우스 선하증권을 발행하였고 선하증권이 발행된 경우 운송인과 송하인 사이에 선하증권에 기재된 대로 개품운송계약이 체결된 것으로 추정되는 점(상법 제854조 제1항), 소외 3 회사가 송하인을 소외 2 회사로 하는 이 사건 각 해상화물운송장을 발행한 점 등에 비추어 피고 ☆☆☆은 원고에게 이 사건 각 해상화물운송장에서 정한 내용을 주장할 수 있다고 보아야 한다. 원고의 주장은 받아들일 수 없다. ④ 원고는 대법원 1992. 1. 21. 선고 91다14994 판결을 들어 운송물에 관한 선하증권의 약관에 기재된 제소기간에 관한 조항은 고의 또는 중대한 과실로 인한 불법행위 책임을 추궁하는 경우에는 적용되지 않는다고 주장한다. 그러나 대법원 1992. 1. 21. 선고 91다14994 판결은 구 상법(1991. 12. 31. 법률 제4470호로 개정되기 전의 법률)하에서 발행된 선하증권의 약관에 기재된 제소기간에 관한 조항의 효력에 관한 것으로, 개정된 상법이 적용되는 이 사건의 적절한 선례라고 볼 수 없다(대법원 1997. 4. 11. 선고 96다42246 판결, 대법원 1997. 9. 30. 선고 96다54850 판결 참조). 2) 원고의 주장과 같이 이 사건 각 해상화물운송장의 제소기간에 관한 규정이 고의 또는 중대한 과실로 인한 불법행위 책임을 추궁하","(을나 11) 제3조（B)항은 ‘여하한 용선계약, 준거법 및 본 선하증권에 규정되거나 편입된 권리, 방어, 면제, 제한, 조건, 면책, 자유 및 법적 보호는, 그 청구 원인이 계약상의 청구인지 불법행위 또는 여하한 다른 것인지를 불문하고 운송인에 대한 모든 청구에 적용된다.",미검수
법제처 OPEN API/prec,614651,2023구합75386,시정명령등처분취소,https://www.law.go.kr/DRF/lawService.do?OC=test&target=prec&ID=614651&type=HTML,(조 번호 미표기),(판단 불명확),판단 불명확,,,,"86 20240426 선고 서울행법 400202 일반행정 400107 판결 : 항소 자녀의 개인위치정보를 자녀안심 애플리케이션을 통하여 부모에게 제공하는 위치기반서비스사업을 하는 甲 주식회사가 자녀들의 개인위치정보를 제3자인 법정대리인에게 제공하면서 ① ‘개인위치정보를 제공받는 자 및 제공의 목적’을 법정대리인들에게만 고지 및 동의를 받고, 자녀들에게는 이용약관을 고지하거나 동의를 받지 않았으며, ② ‘제공받는 자, 제공일시, 제공목적’을 정보주체인 자녀들에게 미리 지정한 휴대폰이나 전자우편으로 통보하지 않아 위치정보의 보호 및 이용 등에 관한 법률을 위반하였다는 이유로, 방송통신위원회가 甲 회사에 시정조치명령 등을 한 사안에서, 위 애플리케이션이 ‘개인위치정보주체가 지정하는 제3자’에게 개인위치정보를 제공하는 서비스라고 보기 어려우므로 위치정보의 보호 및 이용 등에 관한 법률 제19조 제2항, 제3항을 위반하였음을 전제로 한 위 처분은 처분사유가 존재하지 않아 위법하다고 한 사례 ]]> 어린이집 등을 다니는 자녀의 개인위치정보를 자녀안심 애플리케이션을 통하여 부모에게 제공하는 위치기반서비스사업을 하는 甲 주식회사가 자녀들의 개인위치정보를 제3자인 법정대리인에게 제공하면서 ① ‘개인위치정보를 제공받는 자 및 제공의 목적’을 앱 이용자인 법정대리인들에게만 고지 및 동의를 받고, 자녀들에게는 이용약관을 고지하거나 동의를 받지 않았으며, ② ‘제공받는 자, 제공일시, 제공목적’을 정보주체인 자녀들에게 미리 지정한 휴대폰이나 전자우편으로 통보하지 않아 위치정보의 보호 및 이용 등에 관한 법률(이하 ‘위치정보법’이라 한다) 제19조 제2항, 제3항을 위반하였다는 이유로, 방송통신위원회가 甲 회사에 시정조치명령 및 과태료 부과처분을 한 사안이다. 위 각 처분은 위 애플리케이션 서비스가 위치정보법 제19조 제2항, 제3항을 각 위반하였음을 전제로 하고, 문언상 위치정보법 제19조 제2항, 제3항이 적용되기 위해서는 위 애플리케이션이 ‘개인위치정보주체가 지정하는 제3자’에게 개인위치정보를 제공하는 서비스에 해당해야 하는데, 위 애플리케이션 서비스 계약의 당사자는 자녀의 등하교를 확인하고자 하는 부모와 甲 회사이고, 甲 회사는 부모로부터 자녀의 개인위치정보 제공에 관한 동의를 받을 뿐, 자녀와 위 애플리케이션 서비스 계약을 체결하거나 자녀를 대리한 부모와 위 애플리케이션 서비스 계약을 체결하지 않았던 점, 甲 회사는 위 애플리케이션 서비스에 관하여 개인위치정보주체(자녀)로부터 개인위치정보를 제공할 제3자(부모)를 지정받지 않았던 점, 14세 미만 자녀의 부모도 자녀의 동의 없이 자녀를 대리하여 제19조 제2항, 제3항의 ‘제3자’를 지정할 수 없는 점, 위치정보법은 위치정보사업자 등이 개인위치정보주체의 동의 없이 개인위치정보를 제3자에게 제공하는 행위 등을 금지하는 규정을 별도로 두고 있고(제21조) 위치정보법 제19조 제2항, 제3항에서의 ‘제3자’에 개인위치정보주체가 지정하지 않은 제3자까지 포함하여 해석할 수 없는 점 등을 종합하면, 위 애플리케이션이 ‘개인위치정보주체가 지정하는 제3자’에게 개인위치정보를 제공하는 서비스라고 보기 어려우므로 위치정보법 제19조 제2항, 제3항을 위반하였음을 전제로 한 위 각 처분은 처분사유가 존재하지 않아 위법하다고 한 사례이다. ]]> ]]> 【피 고】 방송통신위원회 (소송대리인 법무법인 인 담당변호사 권창범 외 1인) 【변론종결】2024. 4. 5. 【주 문】 1. 피고가 2023. 6. 28. (안건번호 생략)으로 원고에 대하여 한 별지1 기재 시정명령, 제출명령 및 공표명령의 각 처분을 취소한다. 2. 소송비용은 피고가 부담한다. 【청구취지】 주문과 같다. 【이 유】 1. 각 처분의 경위 가. 원고는 2013. 10. 17. 설립되어 소프트웨어개발, 위치정보서비스업 등을 목적으로 하는 법인으로 위치정보의 보호 및 이용 등에 관한 법률(이하 ‘위치정보법’이라 한다) 제9조 제1항에 따른 위치기반서비스사업자이다. 나.","제공받는 자, 제공일시, 제공목적’을 정보주체인 자녀들에게 미리 지정한 휴대폰이나 전자우편으로 통보하지 않아 위치정보의 보호 및 이용 등에 관한 법률을 위반하였다는 이유로, 방송통신위원회가 甲 회사에 시정조치명령 등을 한 사안에서, 위 애플리케이션이",미검수
법제처 OPEN API/prec,614651,2023구합75386,시정명령등처분취소,https://www.law.go.kr/DRF/lawService.do?OC=test&target=prec&ID=614651&type=HTML,(조 번호 미표기),(판단 불명확),판단 불명확,,,,"분사유가 존재하지 않아 위법하다고 한 사례 ]]> 어린이집 등을 다니는 자녀의 개인위치정보를 자녀안심 애플리케이션을 통하여 부모에게 제공하는 위치기반서비스사업을 하는 甲 주식회사가 자녀들의 개인위치정보를 제3자인 법정대리인에게 제공하면서 ① ‘개인위치정보를 제공받는 자 및 제공의 목적’을 앱 이용자인 법정대리인들에게만 고지 및 동의를 받고, 자녀들에게는 이용약관을 고지하거나 동의를 받지 않았으며, ② ‘제공받는 자, 제공일시, 제공목적’을 정보주체인 자녀들에게 미리 지정한 휴대폰이나 전자우편으로 통보하지 않아 위치정보의 보호 및 이용 등에 관한 법률(이하 ‘위치정보법’이라 한다) 제19조 제2항, 제3항을 위반하였다는 이유로, 방송통신위원회가 甲 회사에 시정조치명령 및 과태료 부과처분을 한 사안이다. 위 각 처분은 위 애플리케이션 서비스가 위치정보법 제19조 제2항, 제3항을 각 위반하였음을 전제로 하고, 문언상 위치정보법 제19조 제2항, 제3항이 적용되기 위해서는 위 애플리케이션이 ‘개인위치정보주체가 지정하는 제3자’에게 개인위치정보를 제공하는 서비스에 해당해야 하는데, 위 애플리케이션 서비스 계약의 당사자는 자녀의 등하교를 확인하고자 하는 부모와 甲 회사이고, 甲 회사는 부모로부터 자녀의 개인위치정보 제공에 관한 동의를 받을 뿐, 자녀와 위 애플리케이션 서비스 계약을 체결하거나 자녀를 대리한 부모와 위 애플리케이션 서비스 계약을 체결하지 않았던 점, 甲 회사는 위 애플리케이션 서비스에 관하여 개인위치정보주체(자녀)로부터 개인위치정보를 제공할 제3자(부모)를 지정받지 않았던 점, 14세 미만 자녀의 부모도 자녀의 동의 없이 자녀를 대리하여 제19조 제2항, 제3항의 ‘제3자’를 지정할 수 없는 점, 위치정보법은 위치정보사업자 등이 개인위치정보주체의 동의 없이 개인위치정보를 제3자에게 제공하는 행위 등을 금지하는 규정을 별도로 두고 있고(제21조) 위치정보법 제19조 제2항, 제3항에서의 ‘제3자’에 개인위치정보주체가 지정하지 않은 제3자까지 포함하여 해석할 수 없는 점 등을 종합하면, 위 애플리케이션이 ‘개인위치정보주체가 지정하는 제3자’에게 개인위치정보를 제공하는 서비스라고 보기 어려우므로 위치정보법 제19조 제2항, 제3항을 위반하였음을 전제로 한 위 각 처분은 처분사유가 존재하지 않아 위법하다고 한 사례이다. ]]> ]]> 【피 고】 방송통신위원회 (소송대리인 법무법인 인 담당변호사 권창범 외 1인) 【변론종결】2024. 4. 5. 【주 문】 1. 피고가 2023. 6. 28. (안건번호 생략)으로 원고에 대하여 한 별지1 기재 시정명령, 제출명령 및 공표명령의 각 처분을 취소한다. 2. 소송비용은 피고가 부담한다. 【청구취지】 주문과 같다. 【이 유】 1. 각 처분의 경위 가. 원고는 2013. 10. 17. 설립되어 소프트웨어개발, 위치정보서비스업 등을 목적으로 하는 법인으로 위치정보의 보호 및 이용 등에 관한 법률(이하 ‘위치정보법’이라 한다) 제9조 제1항에 따른 위치기반서비스사업자이다. 나. 원고는 어린이집, 유치원, 학교 등 교문에 설치된 중계기와 RFID 단말기 등을 통해 개인위치정보주체의 개인위치정보를 파악한 후 자녀안심 애플리케이션[(앱명 생략), 이하 ‘(앱명 생략) 앱’이라 한다]을 이용하는 사용자에게 제공하는 위치기반서비스사업을 하고 있다. 다. 피고는 2023. 6. 28. (안건번호 생략) 위치정보보호 법규 위반사업자에 대한 시정조치에 관한 건을 검토한 후, ‘① 원고는 자녀들의 개인위치정보를 제3자인 법정대리인에게 제공하면서 ‘개인위치정보를 제공받는 자 및 제공의 목적’을 앱 이용자인 법정대리인들에게만 고지 및 동의를 받았고, 자녀들에게는 이용약관을 고지하거나 동의를 받지 않아 위치정보법 제19조 제2항을 위반하였고, ② 자녀들의 개인위치정보를 제3자인 법정대리인에게 제공하면서 ‘제공받는 자, 제공일시, 제공목적’","제공받는 자, 제공일시, 제공목적’을 정보주체인 자녀들에게 미리 지정한 휴대폰이나 전자우편으로 통보하지 않아 위치정보의 보호 및 이용 등에 관한 법률(이하",미검수
법제처 OPEN API/prec,614609,2022가합519467,손해배상(기),https://www.law.go.kr/DRF/lawService.do?OC=test&target=prec&ID=614609&type=HTML,(조 번호 미표기),(판단 불명확),판단 불명확,,,," 주요한 유통량 변화가 생길 경우 프로젝트팀은 즉각 상세 내용을 공시할 예정입니다. 신규 언락 토큰의 대부분은 생태계 파트너십 구축 및 마케팅 활동(국내외)을 위해 사용되며, 빠른 시일 내에 발전된 로드맵과 사업내용에 대해 공지드리겠습니다. 다. 원고들의 이 사건 거래소 가입 및 픽셀 매수 원고들은 이 사건 거래소에 회원으로 가입할 당시 다음과 같은 이용약관에 동의하였고(이하 ‘이 사건 약관’이라고 한다), 픽셀이 이 사건 거래소에 상장된 이후 별지 1 거래내역표 기재와 같이 이 사건 거래소에서 픽셀을 각각 매수하였다. 제4조 (약관의 해석) ① 회사는 이 약관 외에 별도의 운영정책을 둘 수 있습니다. ② 이 약관에서 정하지 아니한 사항이나 해석에 대해서는 운영정책, 이용안내(웹), 이용가이드(앱), 관련 법령에 따릅니다. 제5조 (이용계약 체결) ① 이용계약은 회원이 되고자 하는 자(이하 ‘가입 신청자’라 합니다)가 회사가 제공하는 약관의 내용에 대하여 동의를 한 다음 회사가 정한 절차에 따라 가입신청을 완료하고, 회사가 이러한 신청에 대하여 승낙함으로써 체결됩니다. 제9조 (회사의 의무) ① 회사는 관련 법령과 이 약관을 준수하며, 계속적이고 안정적으로 서비스를 제공하기 위하여 최선을 다하여 노력합니다. ② 회사는 회원이 안전하게 서비스를 이용할 수 있도록 개인정보(신용정보포함) 보호를 위해 보안시스템을 갖출 수 있으며 개인정보처리방침을 공시하고 준수합니다. ③ 회사는 서비스 이용과 관련하여 회원으로부터 제기된 의견이나 불만이 정당하다고 인정할 경우에는 이를 처리하여야 하며, 서비스 내 게시판, 전자우편 등을 통하여 회원에게 처리 과정 및 결과를 전달할 수 있습니다. 제18조 (서비스 이용 관련 유의사항) ⑤ 회사는 디지털 자산 자체의 하자, 중요 제휴사의 파산·해산, ""디지털 자산 거래지원 종료 사유"" 발생 등 불가피한 서비스 제공 중단 사유가 있거나 관련 법령, 감독 당국 등 정부의 방침 또는 이에 준하는 사유가 있으면 서비스에서 회원이 이용할 수 있는 개별 디지털 자산의 거래지원을 종료할 수 있습니다. 회사는 디지털 자산 거래지원 종료 여부를 사전에 회원에게 알리기 위해 합리적인 노력을 기울일 것입니다. 회사가 제공하는 서비스에서 특정 디지털 자산이 제외되는 경우 회사는 디지털 자산 거래지원 중단 공지일로부터 적어도 30일의 기간 동안 이 사건 거래소 이외 타 거래소에서 발급된 개인 지갑 등에 디지털 자산을 이전할 수 있도록 이전(출금)을 지원합니다. ⑦ 회사는 운영정책에 따라 새로운 디지털 자산의 거래를 지원할 수 있습니다. 라. 소외 1 회사 주식 양도 및 픽셀의 유통량 증가 1) 한편 피고 3은 2020. 8. 3. 소외 1 회사의 대표이사에서 사임하였고 2020. 9. 1.에는 소외 1 회사의 발행주식 총수인 1주의 보통주식을 1 싱가포르 달러(SGD)에 지인인 소외 2에게 양도하였다. 2) 피고 3은 위와 같은 대표이사 사임 및 주식 양도 이후로도 소외 1 회사의 제3자로의 매각을 주도하였고, 소외 2는 2020. 12. 10. 중국계 가상자산 관련 펀드 ‘(펀드명 생략)’ 소속 소외 3에게 소외 1 회사의 보통주식 1주를 1 싱가포르 달러(SGD)에 매각하는 주식매매계약을 체결하였다. 3) 위 주식매매계약 체결 이후 소외 1 회사는 2020. 12. 14. 보유하던 픽셀 전부(총 483,137,779개)를 (펀드명 생략) 측 가상자산 지갑(지갑 주소 생략)으로 전송하여 주었고, 피고 3은 같은 날 (펀드명 생략)으로부터 135만 USDT 를 수령하였다. 4) 피고 3은 135만 USDT 중 35만 USDT를 수령 당일 비트코인으로 전환하여 출금하였고, 다음 날 나머지 100만 USDT를 소외 4 회사에 자신 명의로 출자하는 투자금으로 사용하였다. 마. 유통량 증가 사후공시 1) 이 사건 거래소는 2021. 3. 22. 상장된 가상자산들에 대한 현황 파악의 일환으로 소외 1 회사에 ""픽셀의 계획유통량 일정 최신본(Full Token Release Schedule)""의 제출을 요청하였고, 그 과정에","사건 약관’이라고 한다), 픽셀이 이 사건 거래소에 상장된 이후 별지 1 거래내역표 기재와 같이 이 사건 거래소에서 픽셀을 각각 매수하였다. 제4조 (약관의 해석) ① 회사는 이 약관 외에 별도의 운영정책을 둘 수 있습니다. ② 이 약관에서 정하지 아니한 사항이나 해석에 대해서는 운영정책, 이용안내(웹), 이용가이드(앱), 관련 법령에 따릅니다. 제5조 (이용계약 체결) ① 이용계약은 회원이 되고자 하는 자(이하",미검수
법제처 OPEN API/prec,614609,2022가합519467,손해배상(기),https://www.law.go.kr/DRF/lawService.do?OC=test&target=prec&ID=614609&type=HTML,제9조,(판단 불명확),판단 불명확,,,," 플랫폼 ‘(플랫폼명 생략)’을 이용하여 개발되었다. 따라서 피고 1 회사는 소외 5 회사와의 관계 때문에 엄격한 심사 없이 픽셀을 상장시켰을 가능성이 크다. 위와 같은 사정들을 고려하면, 피고 1 회사가 픽셀에 관하여 부실한 상장심사를 함으로써 투자자 보호의무를 위반하였다고 보아야 한다. 나) 상장 후 관리 관련 투자자 보호의무 위반 피고 1 회사는 이 사건 약관 제9조 및 제4조, 스스로 게시한「거래지원 후 가상자산 관리체계」, 신의성실의 원칙 등에 의하여 상장된 가상자산의 변동 상황을 확인할 수 있는 시스템을 구축하고 가상자산 관련 주요 사항을 적시에 안내하여 투자자를 보호할 의무가 있다. 그럼에도 피고 1 회사는 이 사건 유통량 증가 등 픽셀의 투자 관련 변동사항을 적절히 안내하지 못하였던바, 상장 후 관리에 관련된 투자자 보호의무를 위반한 것으로 보아야 한다. 다) 상장폐지 관련 투자자 보호의무 위반 피고 1 회사는 이 사건 약관 제9조 및 제4조, 스스로 게시한 「가상자산 거래지원 종료 정책」, 신의성실의 원칙 등에 의하여 가상자산의 상장폐지 여부를 엄격한 기준에 따라 실질적으로 심사하여 투자자의 이익을 보호할 의무가 있다. 그런데 ① 피고 1 회사는 단지 대주주 변경에 관한 공시를 다소 늦게 하였다는 이유로 픽셀의 상장폐지를 결정하였고, ② 소외 1 회사 측은 이미 이 사건 계획유통량 공시에서 픽셀의 발행량이 늘어날 것을 미리 밝혀 두기도 하였던바, 픽셀에 대한 상장폐지 조치는 지나친 조치이다. ③ 나아가 픽셀의 유통량 증가가 피고 1 회사의「가상자산 거래지원 종료 정책」에 열거된 상장폐지 사유에 해당한다고 볼 수도 없다. 결국 피고 1 회사는 투자자의 신뢰에 반하여 자의적이고 일방적으로 픽셀의 상장을 폐지함으로써 상장폐지 관련 투자자 보호의무를 위반하였다. 2) 손해배상책임의 발생 및 범위 피고 1 회사의 투자자 보호의무 위반으로 인하여 픽셀의 매수자들인 원고들은 심각한 투자 손실을 입게 되었다. 따라서 피고 1 회사는 원고들에게 채무불이행 또는 불법행위에 따른 손해배상으로 불법행위가 성립하는 나머지 피고들과 공동하여, ① 주위적으로 원고들의 각 픽셀 취득가액에서 ㉠ 픽셀을 처분하여 회수한 이익 및 ㉡ 여전히 보유한 픽셀의 가치 상당액(단, 보유 픽셀의 가치는 소 제기 무렵인 2022. 3. 17.을 기준으로 1픽셀당 1.997원으로 산정)을 각각 공제하는 방식으로 산정한 원고들의 손해액 및 이에 대한 지연손해금을 지급할 의무가 있고, ② 예비적으로는 위 금액 중 ㉡ 보유 픽셀의 가치를 상장폐지 시점(2021. 6. 28.) 기준으로 1픽셀당 3.37원으로 보아 산정한 원고들의 손해액 및 이에 대한 지연손해금을 지급할 의무가 있다. 나. 판단 1) 쟁점의 정리 원고들은, 피고 1 회사가 가상자산의 거래소로서 가상자산의 상장, 관리, 상장폐지에 관하여 투자자 보호의무를 부담하고, 주식회사 한국거래소(이하 ‘한국거래소’라고 한다)에 준하는 정도의 엄격한 통제를 받아야 함을 전제로 이 사건 손해배상을 구하고 있다. 따라서 피고 1 회사의 투자자 보호의무 부담 여부 및 그 정도에 관하여 본 후, 이를 기초로 피고 1 회사의 의무 위반 여부를 판단할 필요가 있다. 이하에서 차례대로 본다. 2) 가상자산 거래소의 투자자 보호의무 가) 살피건대, 피고 1 회사와 같은 가상자산 거래소의 운영자는 투자자와의 서비스 이용계약 및 신의성실의 원칙에 따라 적어도 ‘스스로 게시한 기준과 절차에 따라, 상장 및 상장폐지될 가상자산을 선별하고 상장된 가상자산의 거래 적절성을 이용자들에게 알려 투자자를 보호할 의무’를 부담한다고 봄이 타당하다. 그 이유는 다음과 같다. ① 가상자산의 경우, 주식의 내재가치에 대응되는 개념을 상정하기 어려워 그 가치를 객관적으로 평가하는 것이 매우 어렵고, 수요·공급의 원칙에 의존하여 가격이 결정된다. ② 따라서 대형 가상자산 거래소에 상장되어 대량 거래의 대상이 되는 것이 사실상 가상자산의 가치 형성에 핵심적인 영향을 주게 되고, 투자자들의 입장에서도 상장 여부를 투자 결정의 가장 우선적 요소로","거래지원 후 가상자산 관리체계」, 신의성실의 원칙 등에 의하여 상장된 가상자산의 변동 상황을 확인할 수 있는 시스템을 구축하고 가상자산 관련 주요 사항을 적시에 안내하여 투자자를 보호할 의무가 있다. 그럼에도 피고 1 회사는 이 사건 유통량 증가 등 픽셀의 투자 관련 변동사항을 적절히 안내하지 못하였던바, 상장 후 관리에 관련된 투자자 보호의무를 위반한 것으로 보아야 한다. 다) 상장폐지 관련 투자자 보호의무 위반 피고 1 회사는 이 사건 약관 제9조 및 제4조, 스스로 게시한 「가상자산 거래지원 종료 정책",미검수
법제처 OPEN API/prec,599781,2023나15677,보험금,https://www.law.go.kr/DRF/lawService.do?OC=test&target=prec&ID=599781&type=HTML,(조 번호 미표기),(판단 불명확),판단 불명확,,,,". 2. 항소취지 주문과 같다. 【이 유】1. 기초사실 가. 보험계약의 체결 1) 소외인은 2009. 5. 26. 피고와 보험기간을 2009. 5. 26.부터 2056. 5. 26.까지, 피보험자를 소외인의 배우자인 원고, 보험가입금액을 100,000,000원으로 하는 ‘무배당 행복을 다(多)주는 가족사랑보험(0904)’ 보험계약을 체결하였다(이하 ‘이 사건 보험계약’이라 한다). 소외인은 이 사건 보험청약서의 ‘피보험자 자필서명’ 란에 원고의 이름을 기재하고 서명하였다. 2) 이 사건 보험계약의 약관(이하 ‘이 사건 약관’이라 한다) 중 이 사건에 관한 주요 내용은 아래와 같다. 제3관 보험금 등의 지급(회사의 주된 의무)제16조(후유장해보험금)② 일반후유장해보험금: 회사는 피보험자가 제13조(보상하는 손해)에서 정한 사고로 상해를 입고 그 상해가 치유된 후 직접결과로써 사고일로부터 2년 이내에 신체의 일부를 잃었거나 또는 그 기능이 영구히 상실(이하 ‘후유장해’라 한다)되어 장해분류표에서 정한 지급률이 80% 미만에 해당하는 후유장해(이하 ‘일반후유장해’라 한다)가 남았을 경우에는 보험가입증서(보험증권)에 기재된 보험가입금액에 장해분류표에서 정한 지급률을 곱하여 산출한 금액을 일반후유장해보험금으로 수익자에게 지급합니다.⑧ 다른 상해로 인하여 후유장해가 2회 이상 발생하였을 경우에는 그 때마다 이에 해당하는 후유장해지급율을 결정합니다. 그러나 그 후유장해가 이미 후유장해보험금을 지급받은 동일 부위에 가중된 때에는 최종 장해상태에 해당하는 후유장해보험금에서 이미 지급받은 후유장해보험금을 차감하여 지급합니다. 다만, 장해분류표의 각 신체부위별 판정기준에서 별도로 정한 경우에는 그 기준을 따릅니다.제17조(다른 신체장해 또는 질병의 영향)① 피보험자가 제13조(보상하는 손해)에서 정한 상해를 입는 경우, 이미 존재한 신체장해 또는 질병의 영향으로 또는 제13조(보상하는 손해)에서 정한 상해를 입은 후에 그 원인이 된 사고와 관계없이 새로이 발생한 상해나 질병의 영향으로 제13조(보상하는 손해)에서 정한 상해가 중하게 된 경우 회사는 그 영향이 없었던 때에 상당하는 금액을 결정하여 지급합니다.[별표1] 장해분류표1. 장해의 정의 1) 장해라 함은 상해 또는 질병에 대하여 치유된 후 신체에 남아있는 영구적인 정신 또는 육체의 훼손상태를 말한다. 다만, 질병과 부상의 주증상과 합병증상 및 이에 대한 치료를 받는 과정에서 일시적으로 나타나는 증상은 장해에 포함되지 않는다.3. 기타 2) 동일한 신체부위에 2가지 이상의 장해가 발생한 경우에는 더하지 않고 그 중 높은 지급률을 적용함을 원칙으로 한다.6. 척추(등뼈)의 장해 가. 장해의 분류장해의 분류지급률(%)1) 척추(등뼈)에 심한 운동장해를 남긴 때402) 척추(등뼈)에 뚜렷한 운동장해를 남긴 때303) 척추(등뼈)에 약간의 운동장해를 남긴 때104) 척추(등뼈)에 심한 기형을 남긴 때505) 척추(등뼈)에 뚜렷한 기형을 남긴 때306) 척추(등뼈)에 약간의 기형을 남긴 때157) 심한 추간판탈출증(속칭 디스크)208) 뚜렷한 추간판탈출증(속칭 디스크)159) 약간의 추간판탈출증(속칭 디스크)10? 나. 장해판정기준 1) 척추(등뼈)는 경추(목뼈) 이하를 모두 동일부위로 한다. 3) 척추(등뼈)의 장해는 퇴행성 기왕증 병변과 사고가 그 증상을 악화시킨 부분만큼, 즉 이 사고와의 관여도를 산정하여 평가한다. …(중략) 6) 심한 기형 척추의 골절 또는 탈구 등으로 인하여 35˚ 이상의 전만증 및 척추후만증(척추가 뒤로 휘어지는 증상) 또는 20˚ 이상의 척추측만증(척추가 옆으로 휘어지는 증상) 변형이 있을 때 7) 뚜렷한 기형 척추의 골절 또는 탈구 등으로 인하여 15˚ 이상의",라 한다). 소외인은 이 사건 보험청약서의,미검수
법제처 OPEN API/prec,599781,2023나15677,보험금,https://www.law.go.kr/DRF/lawService.do?OC=test&target=prec&ID=599781&type=HTML,(조 번호 미표기),(판단 불명확),판단 불명확,,,,"을 2009. 5. 26.부터 2056. 5. 26.까지, 피보험자를 소외인의 배우자인 원고, 보험가입금액을 100,000,000원으로 하는 ‘무배당 행복을 다(多)주는 가족사랑보험(0904)’ 보험계약을 체결하였다(이하 ‘이 사건 보험계약’이라 한다). 소외인은 이 사건 보험청약서의 ‘피보험자 자필서명’ 란에 원고의 이름을 기재하고 서명하였다. 2) 이 사건 보험계약의 약관(이하 ‘이 사건 약관’이라 한다) 중 이 사건에 관한 주요 내용은 아래와 같다. 제3관 보험금 등의 지급(회사의 주된 의무)제16조(후유장해보험금)② 일반후유장해보험금: 회사는 피보험자가 제13조(보상하는 손해)에서 정한 사고로 상해를 입고 그 상해가 치유된 후 직접결과로써 사고일로부터 2년 이내에 신체의 일부를 잃었거나 또는 그 기능이 영구히 상실(이하 ‘후유장해’라 한다)되어 장해분류표에서 정한 지급률이 80% 미만에 해당하는 후유장해(이하 ‘일반후유장해’라 한다)가 남았을 경우에는 보험가입증서(보험증권)에 기재된 보험가입금액에 장해분류표에서 정한 지급률을 곱하여 산출한 금액을 일반후유장해보험금으로 수익자에게 지급합니다.⑧ 다른 상해로 인하여 후유장해가 2회 이상 발생하였을 경우에는 그 때마다 이에 해당하는 후유장해지급율을 결정합니다. 그러나 그 후유장해가 이미 후유장해보험금을 지급받은 동일 부위에 가중된 때에는 최종 장해상태에 해당하는 후유장해보험금에서 이미 지급받은 후유장해보험금을 차감하여 지급합니다. 다만, 장해분류표의 각 신체부위별 판정기준에서 별도로 정한 경우에는 그 기준을 따릅니다.제17조(다른 신체장해 또는 질병의 영향)① 피보험자가 제13조(보상하는 손해)에서 정한 상해를 입는 경우, 이미 존재한 신체장해 또는 질병의 영향으로 또는 제13조(보상하는 손해)에서 정한 상해를 입은 후에 그 원인이 된 사고와 관계없이 새로이 발생한 상해나 질병의 영향으로 제13조(보상하는 손해)에서 정한 상해가 중하게 된 경우 회사는 그 영향이 없었던 때에 상당하는 금액을 결정하여 지급합니다.[별표1] 장해분류표1. 장해의 정의 1) 장해라 함은 상해 또는 질병에 대하여 치유된 후 신체에 남아있는 영구적인 정신 또는 육체의 훼손상태를 말한다. 다만, 질병과 부상의 주증상과 합병증상 및 이에 대한 치료를 받는 과정에서 일시적으로 나타나는 증상은 장해에 포함되지 않는다.3. 기타 2) 동일한 신체부위에 2가지 이상의 장해가 발생한 경우에는 더하지 않고 그 중 높은 지급률을 적용함을 원칙으로 한다.6. 척추(등뼈)의 장해 가. 장해의 분류장해의 분류지급률(%)1) 척추(등뼈)에 심한 운동장해를 남긴 때402) 척추(등뼈)에 뚜렷한 운동장해를 남긴 때303) 척추(등뼈)에 약간의 운동장해를 남긴 때104) 척추(등뼈)에 심한 기형을 남긴 때505) 척추(등뼈)에 뚜렷한 기형을 남긴 때306) 척추(등뼈)에 약간의 기형을 남긴 때157) 심한 추간판탈출증(속칭 디스크)208) 뚜렷한 추간판탈출증(속칭 디스크)159) 약간의 추간판탈출증(속칭 디스크)10? 나. 장해판정기준 1) 척추(등뼈)는 경추(목뼈) 이하를 모두 동일부위로 한다. 3) 척추(등뼈)의 장해는 퇴행성 기왕증 병변과 사고가 그 증상을 악화시킨 부분만큼, 즉 이 사고와의 관여도를 산정하여 평가한다. …(중략) 6) 심한 기형 척추의 골절 또는 탈구 등으로 인하여 35˚ 이상의 전만증 및 척추후만증(척추가 뒤로 휘어지는 증상) 또는 20˚ 이상의 척추측만증(척추가 옆으로 휘어지는 증상) 변형이 있을 때 7) 뚜렷한 기형 척추의 골절 또는 탈구 등으로 인하여 15˚ 이상의 전만증 및 척추후만증(척추가 뒤로 휘어지는 증상) 또는 10˚ 이상의 척추측만증(척추가 옆으로 휘어지는 증상) 변형이 있을 때 8) 약간의 기형 1개 이상의 척추의 골절 또는 탈구로 인하여 경도(가벼운 정도)의 전만증 및 척추후만증(척추가 뒤로 휘어지는 증상) 또는 척추측만증(척추가 옆으로 휘어지는 증상) 변형이 있을 때 나. 1차 사고 이후의 증상, 그 경과 및 보험금 지급 1) 원고는 2012. 9. 3. 소파를 들다가 넘",사건 약관’이라 한다) 중 이 사건에 관한 주요 내용은 아래와 같다. 제3관 보험금 등의 지급(회사의 주된 의무)제16조(후유장해보험금)② 일반후유장해보험금: 회사는 피보험자가 제13조(보상하는 손해)에서 정한 사고로 상해를 입고 그 상해가 치유된 후 직접결과로써 사고일로부터 2년 이내에 신체의 일부를 잃었거나 또는 그 기능이 영구히 상실(이하,미검수
법제처 OPEN API/prec,599781,2023나15677,보험금,https://www.law.go.kr/DRF/lawService.do?OC=test&target=prec&ID=599781&type=HTML,(조 번호 미표기),(판단 불명확),판단 불명확,,,,"제되어 보험업계에 장기손해보험 표준약관이 마련되었고, 그 약관 제17조 제1항에서 피보험자가 이미 존재한 신체상해 또는 질병으로 또는 해당 상해를 입은 후 그 원인 된 사고와 관계없이 새로이 발생한 상해나 질병의 영향으로 그 보상하는 손해에서 정한 상해가 중하게 된 경우 그 영향이 없었던 때에 상당하는 금액을 결정하여 지급하도록 하였다. 3) 그에 따라 이 사건 약관의 장해판정기준에서도 ‘척추(등뼈)의 장해는 퇴행성 기왕증 병변과 사고가 그 증상을 악화시킨 부분만큼, 즉 이 사고와의 관여도를 산정하여 평가한다’라고 되어 있다. 4) 척추의 장해판정기준에서 부상 정도를 단계별로 세분하고 있는 것은 전체적으로 그때까지의 변형 정도를 모두 반영한 당시의 상태를 기준으로 한 것이 아니라 해당 사고로 인한 실제 변형의 정도를 직접 수치로 반영하여 구분한 것으로 해석함이 상당하다. 5) 만일 누적된 변형정도를 기준으로 할 경우, 변형정도가 33˚로 ‘척추(등뼈)에 뚜렷한 기형을 남긴 때’에 해당하여 지급률 30%의 보험금을 지급받은 이후 또다시 경미한 정도(예를 들어 2~5˚정도)의 변형이 가벼운 부상에 기해 추가된 경우에도, 누적된 상태를 기준으로 하면 35˚이상이 되어 ‘척추(등뼈)에 심한 기형을 남긴 때’에 해당하여 지급률 20%(= 50% - 30%)의 추가 보험금을 청구할 수 있는 불합리한 결과가 초래될 수 있다. 6) 이 사건 약관의 해석과 관련하여 표준약관과의 문언적, 종합적 해석에 따르더라도 그 의미는 위와 같이 비교적 명확히 해석되므로 그것이 모호하여 고객에게 유리하게 해석되어야 하는 경우로는 보이지 않는다. 4. 결론 원고의 이 사건 청구는 이유 없어 기각하여야 한다. 이와 결론을 달리한 제1심판결은 부당하므로 그 중 피고 패소 부분을 취소하고 위 취소 부분에 대한 원고의 청구를 기각한다. 판사 박성규(재판장) 설정은 유진현 ]]>","척추(등뼈)의 장해는 퇴행성 기왕증 병변과 사고가 그 증상을 악화시킨 부분만큼, 즉 이 사고와의 관여도를 산정하여 평가한다",미검수
법제처 OPEN API/prec,605735,2022구합87528,인지세부과처분취소,https://www.law.go.kr/DRF/lawService.do?OC=test&target=prec&ID=605735&type=HTML,제2조,안전,판례 문맥 추론 · 단일 신호,안전,,," ‘""선불전자지급수단""이라 함은 이전 가능한 금전적 가치가 전자적 방법으로 저장되어 발행된 증표 또는 그 증표에 관한 정보로서 다음 각 목의 요건을 모두 갖춘 것을 말한다’고 규정하면서 (가)목에서 ‘발행인(대통령령이 정하는 특수관계인을 포함한다) 외의 제3자로부터 재화 또는 용역을 구입하고 그 대가를 지급하는데 사용될 것’을 들고 있으며, 신유형 상품권 표준약관 제2조는 ‘이 약관에서 ""신유형 상품권""이라 함은 그 명칭에 관계없이 발행자가 일정한 금액이나 물품 또는 용역의 수량(이하 ‘금액 등’이라 함)이 전자적 방법으로 저장되어 있거나, 전자정보가 기록되어 있다는 것이 기재된 증표를 다음 각 호의 형태로 발행하고 고객이 이를 발행자 등에게 제시 또는 교부하거나 기타의 방법으로 사용함으로써 그 증표에 기재된 내용에 따라 재화 또는 용역을 제공받을 수 있는 것을 말한다‘고 규정하고 있다. 그러나 물품과 재화의 문언적 의미, 이를 토대로 한 물품의 의미, 재화의 정의규정 등에 비추어 보면 물품을 재화와 동일한 의미로 해석할 수 없고, 물품은 재화보다 좁은 개념으로 해석하는 것이 타당한 점, 이처럼 물품과 재화의 의미가 구별되고, 구 인지세법 시행령 제5조의2가 ‘물품’이라는 용어를 사용하고 있는 이상 구 인지세법 시행령 제5조의2의 ‘물품’을 ‘재화’와 동일하게 해석해야 하는 명시적인 법령상 근거가 존재하지 않는 한 그와 같이 해석할 수는 없는 점, 전자금융거래법 제2조 제14호는 인지세 과세대상인 상품권의 의미를 정의한 것이 아니라 선불전자지급수단의 의미를 정의한 것에 불과하고, 선불전자지급수단을 인지세 과세대상인 상품권과 동일하게 해석해야 할 아무런 근거가 없는 점, 인지세 과세대상 해당 여부를 판단함에 있어 공정거래위원회가 제정한 표준약관의 기재를 고려하는 것은 적절하지 않은 점, 그 외에 구 인지세법 시행령 제5조의2의 ‘물품’을 ‘재화’와 동일 또는 유사한 의미로 해석해야 할 법령상 근거를 찾아보기 어려운 점 등을 고려하면 피고의 위 주장을 받아들이기 어렵다. ⑤ 또한 피고는 대법원 2011두30281 판결이 이 사건에 원용되어야 한다는 취지로도 주장한다. 그러나 위 판결은 부가가치세법상 재화의 공급이 문제된 사안에서 ‘게임머니는 부가가치세법상 재화에 해당한다’고 판시한 것이므로, 그와 사안을 달리하는 이 사건에 위 판결을 원용할 수는 없다. 따라서 피고의 위 주장 역시 받아들이기 어렵다. (4) 따라서 게임머니가 ‘물품’ 또는 ‘용역’에 해당하지 않으므로, 이 사건 문서는 인지세 과세대상인 상품권에 해당한다고 보기 어렵다. 4) 소결론 이 사건 문서가 인지세 과세대상인 상품권에 해당하지 않으므로, 이와 다른 전제에 선 이 사건 각 처분은 더 나아가 살필 필요 없이 위법하다. 3. 결론 그렇다면 원고의 청구는 이유 있으므로 이를 인용하기로 하여 주문과 같이 판결한다. [[별지1] 이 사건 각 처분 생략] [[별지2] 관계 법령 생략] 판사 이정희(재판장) 성재준 김형준 ]]>","약관에서 ""신유형 상품권""이라 함은 그 명칭에 관계없이 발행자가 일정한 금액이나 물품 또는 용역의 수량(이하",미검수
법제처 OPEN API/prec,609343,2021가합511015,손해배상(기)·손해배상(기),https://www.law.go.kr/DRF/lawService.do?OC=test&target=prec&ID=609343&type=HTML,(조 번호 미표기),(판단 불명확),판단 불명확,,,,"피고의 에너지저장장치 설치 1) 원피고는 2017. 11. 10. 피고가 원고의 ▽▽공장, ◎◎공장, ◁◁공장, ☆☆공장에 에너지저장장치(ESS, Energy Storage System, 이하 ‘ESS 설비’라 한다)를 설치한 후 이를 활용하여 전기요금을 절감하는 서비스를 제공하는 내용의 ‘에너지저장장치를 활용한 전기요금 절감 서비스 공급계약’(이하 ‘이 사건 계약’이라 한다)을 체결하였는데, 이 사건과 관련한 내용은 아래와 같다. 원고(이하 ""고객사""라 한다)와 피고(이하 ""공급사""라 한다)는 에너지저장장치(이하 ""ESS""라 하며, ESS와 관련하여 공급사가 설치하는 제반 설비를 포함한다)를 활용한 전기요금 절감 서비스의 이용 및 공급에 합의하여 다음과 같이 에너지저장장치를 활용한 전기요금 절감 서비스 공급 계약서(이하 ""본 계약""이라 한다)를 체결한다. 제2조(전기요금 절감 서비스 제공) 공급사는 자신의 비용과 책임으로 ESS를 아래 각호의 고객사 공장에 설치/운영하여 고객사에게 ESS를 활용한 전기요금 절감 서비스를 제공한다. 1. ▽▽공장 : ▽▽광역시 (주소 1 생략) 2. ◎◎공장 : 경상북도 ◎◎시 (주소 2 생략) 3. ◁◁공장 : 전라남도 여수시 (주소 3 생략) 4. ☆☆공장 : ☆☆광역시 (주소 4 생략) 제4조(서비스 제공기간) 본 계약에 따른 서비스 제공기간은 제2조 각호의 고객사 공장별로 한국전력의 ESS 전용 계량기가 설치되어 본 계약에 따른 서비스가 제공되는 날(이하 ""상업운전 개시일""이라 한다)로부터 15년으로 한다. 제5조(시설물에 관한 사항) ① 공급사는 ESS를 자신의 비용과 책임으로 설치, 유지, 관리 및 보수하기로 하며, 공급사가 설치한 ESS의 소유권은 공급사에게 귀속한다. ② 고객사는 ESS의 설치에 필요한 장소(토지 또는 건물 내부 공간)를 공급사에게 무상으로 제공하며, 공급사의 ESS설치 관련 인, 허가 등 제반 절차 수행에 협조한다. 제6조(공급사의 의무) ② 공급사는 ESS 설치와 관련된 전기설비에 대하여 문제가 발생하지 않도록 관련 법령을 준수하고, ESS를 선량한 관리자의 주의의무로서 유지보수 및 정기검침 한다. 공급사는 ESS 설치 후 사용하기 이전의 검사에 관한 비용, ESS 설치 검사에 관한 비용을 부담한다. ④ 공급사의 귀책사유로 인하여 전기공급이 중단되는 등의 사유가 발생하거나, 공급사가 고의 또는 과실로 제2항의 의무를 위반하여, 고객사에게 손해가 발생하는 경우 그 손해를 배상한다. 본항의 손해에는 고객사가 전기 공급이 중단됨으로 인하여 고객사의 거래처에 가스를 공급하지 못하여 발생된 손해(거래처에게 보상하여야 하는 손해 등)를 포함한다. 제10조(손해배상) ① 본 계약에 규정된 자신의 의무를 위반하여 상대방의 손해를 야기한 당사자는 상대방이 입은 손해를 배상하여야 한다. ② 공급사의 귀책사유로 인해 본 계약이 해지되는 경우 공급사는 『계약 해지의 직전 월부터 3개월간의 기간에 대하여 산정된 전기요금 절감액에서 서비스 이용료를 제외한 금액의 월 평균액 × 해지일로부터 제4조의 규정에 의한 서비스 제공기간의 만료일까지의 월 수』로 산정한 금액에 할인율 5%를 적용한 금원을 손해배상액으로서 고객사에게 지급하여야 하며, 제2조 각호에 규정된 고객사의 공장 중 ◁◁ 및 ☆☆공장에 대하여는 ESS 설치를 위한 건축물의 신축 비용을 고객사가 선 투자한 후 미회수된 비용이 있는 경우 그 미회수 비용을 본 항의 손해배상액에 가산하여야 한다. 본 항의 경우 고객사는 고객사의 의사에 따라 ESS의 소유권을 장부가로 취득할 수 있다. ③ 고객사의 귀책사유로 인하여 본 계약이 해지되는 경우 고객사는 『계약 해지의 직전 월부터 3개월간의 기간에 대한 서비스 이용료의 월 평균액 × 해지일로부터 제4조의 규정에 의한","라 한다)을 체결하였는데, 이 사건과 관련한 내용은 아래와 같다. 원고(이하",미검수
법제처 OPEN API/prec,609343,2021가합511015,손해배상(기)·손해배상(기),https://www.law.go.kr/DRF/lawService.do?OC=test&target=prec&ID=609343&type=HTML,(조 번호 미표기),(판단 불명확),판단 불명확,,,,"력 [120,000Kw], 선택요금제 [산업용(을) 고압 B 선택 3] B : A항의 각 공장별 제2조 제1항의 절감금액이 반영되어 한국전력으로부터 청구된 해당 월의 전기요금 ? 제2조 (전기요금 절감금액의 산정) ① 제1조의 각 공장별 ""ESS를 활용한 전기요금 절감 금액""은 아래 표의 각호를 합산한 금액으로 산정되며, 아래 표의 각호 중 한국전력공사의 기본공급약관, 기본공급약관시행세칙(이하 ""약관 및 시행세칙"")에 따른 계산식은 적용시점의 유효한 약관 및 시행세칙에 따라 변경되는 것으로 한다. ? 항목계산식 1. 피크저감해당 월 피크 저감량(kW) × 기본요금 단가 2. 부하이동(최대부하 방전량 － 최대부하 충전량) × 최대부하시간대 요금단가 + (중부하 방전량 － 중부하 충전량) × 중부하시간대 요금단가 + (경부하 방전량 － 경부하 충전량) × 경부하시간대 요금단가 3. 기본요금할인(‘17.1~’20.12) 평균최대수요전력 감축량 × 기본요금 단가 × 3 (‘21.1~’26.3) 평균최대수요전력 감축량 × 기본요금 단가 ※ 평균 최대수요전력 감축량(kW) = (해당월 평일 최대부하시간대 방전량 합계 － 해당월 평일 최대부하시간대 충전량 합계) / (해당월 평일일수 × 3) 4. 충전요금할인(‘17.1~’20.12) 해당 월의 경부하시간대 총 충전량 × 경부하시간 요금단가 × 0.5 5. 전력산업기반기금（1＋2＋3＋4）× 0.037 ※ ESS 배터리용량 비율에 따른 할인금액 차등 적용 상기 표의 제3호(기본요금할인)와 제4호(전력량요금할인)는 계약전력 대비 ESS 배터리 용량 비율에 따라 다음 표와 같이 조정되며, 적용시점의 유효한 약관 및 시행세칙에 따라 변경된다. 계약전력 대비 ESS 배터리용량 비율차등 적용 10% 이상할인금액의 1.2배 5%~10% 미만할인금액의 1.0배 5% 미만할인금액의 0.8배 ? ⑤ ESS 설비 운용을 위한 소비전력(공조설비, ESS 관련설비 가동전력 등)은 공급사 부담으로, 공급사는 고객사에 설치된 계량기의 시간대별 계량에 근거한 수치를 ESS 설비의 운용을 위한 소비전력에 대한 전기요금을 산정한다. 3) 피고는 이 사건 계약에 따라 원고의 4개 공장에 ESS 설비를 설치하였고(그중 ☆☆공장에 설치된 ESS 설비를 ‘이 사건 ESS 설비’라 한다), ☆☆공장은 2018. 6. 10.부터 상업운전을 시작하였다. 4) 한편, 피고가 설치한 ESS 설비란 태양광/풍력 등에서 발전되거나 전력계통으로부터 공급된 전력을 배터리에 저장한 후, 필요한 때에 공급할 수 있는 시스템으로, 에너지를 저장하는 배터리, 전력을 변환하는 전력변환장치(PCS), 전력 흐름을 통합적으로 제어·관리하는 관리 소프트웨어(BMS, PMS, EMS) 등으로 구성된 새로운 전력설비로, 이를 그림으로 나타내면 아래와 같다. 또한, 배터리는 셀, 모듈, 랙 단위로 구성되는데, 아래 그림과 같이 22개의 배터리 셀이 1개의 모듈을 구성하고, 위 모듈 12개가 1개의 랙을 구성하며, 이 사건 ESS 설비 배터리실에는 총 512개(1, 2층 각 256개)의 랙이 설치되어 있었다. 다. 이 사건 ESS 설비에서의 화재 발생 1) 2019. 1. 21. 원고의 ☆☆공장에 설치된 이 사건 ESS 설비에서 화재가 발생하여 이 사건 ESS 설비가 전소하였다(이하 ‘이 사건 화재’라 한다). 2) 국립과학수사연구원은 이 사건 화재 현장을 직접 조사한 후 2019. 2. 19. 법안전감정서를 작성하였는데, 주요 내용은 아래와 같다. □ 사건개요 2019. 1. 21. 09:27경 ☆☆(주소 4 생략) 원고 공장 내 ESS저장장치실에서 불상의 원인으로 화재가 발생하여 ESS실 1개동이 전소되는 화재가 발생한 것임. 2. 검토 가. 현장의 연소형상은 2층 ESS실 내부가 전반적으로 심하게 연소된 모습이고, PMS상에서 최초 알람이 발생한 부분이 4호기 64번 랙 부분이고, 64번 랙 배터리 팩주1)의 금속 외함 및 동 배터리 팩 내부 배터리 셀에서 다수의 전기적 용융흔이 식별되는 상태로 2층 4호기 64번 랙 부분에서 최초 발화된 것으로 ","약관 및 시행세칙"")에 따른 계산식은 적용시점의 유효한 약관 및 시행세칙에 따라 변경되는 것으로 한다. ? 항목계산식 1. 피크저감해당 월 피크 저감량(kW) × 기본요금 단가 2. 부하이동(최대부하 방전량 － 최대부하 충전량) × 최대부하시간대 요금단가 + (중부하 방전량 － 중부하 충전량) × 중부하시간대 요금단가 + (경부하 방전량 － 경부하 충전량) × 경부하시간대 요금단가 3. 기본요금할인(",미검수
법제처 OPEN API/prec,609343,2021가합511015,손해배상(기)·손해배상(기),https://www.law.go.kr/DRF/lawService.do?OC=test&target=prec&ID=609343&type=HTML,제5조,(판단 불명확),판단 불명확,,,,"본소 청구에 대한 판단 1) 주위적 청구에 대한 판단 가) 앞서 든 증거, 갑 제15, 16호증, 을 제2, 14호증의 각 기재에 변론 전체의 취지를 더하여 보면, 피고가 ‘ESS를 활용한 전기요금 절감서비스 제안’ 자료에 ‘피고가 ESS 설비 투자를 진행하며 시공 － 운전 － 안전관리까지 Total Care를 제공한다.’고 소개하였고, 이에 따라 이 사건 계약 제5조 제1항은 ""공급사는 ESS를 자신의 비용과 책임으로 설치, 유지, 관리 및 보수하기로 하며, 공급사가 설치한 ESS의 소유권은 공급사에게 귀속한다.""고 규정하고, 제6조 제2항은 ""공급사는 ESS 설치와 관련된 전기설비에 대하여 문제가 발생하지 않도록 관련 법령을 준수하고, ESS를 선량한 관리자의 주의의무로서 유지보수 및 정기검침 한다. 공급사는 ESS 설치 후 사용하기 이전의 검사에 관한 비용, ESS 설치 검사에 관한 비용을 부담한다.""고 규정하여 피고의 설치 및 운영에 있어 선관주의의무를 규정한 사실, 2018. 8. 28. 이 사건 ESS 설비 4호기 배터리 충전 중 이상전류 발생이 확인되었는데, 피고가 그 원인을 파악하지 못한 사실, 이 사건 화재 발생 이전인 2018. 5.경부터 2018. 12.경까지 ESS 설비가 설치된 타 사업장에서 약 11차례 화재가 발생하였고, 이에 대한 대책으로 피고가 2018. 12. 19. 작성한 ‘ESS 화재발생 현황 및 대응방안’에 화재 발생 방지 대책으로 ‘랙과 랙 사이에 추가 Fuse를 설치하여 과전류 특정 랙으로 유입 방지’가 포함되었는데, 이 사건 ESS 설비에는 랙 Fuse가 설치되지 않은 사실, 피고는 이 사건 화재 발생 이후인 2019. 3. 13. 작성한 ‘화재 방지 및 안정성 확보 방안’에서 화재 방지 대책 중 외부 위험 요인 차단으로 ‘2019. 3. 중에 랙 Fuse 설치’를, 화재 발생 시 확산 방지 대책으로 ‘ESS 컨테이너 상부 살수장치 설치’를 포함시켰는데, 이 사건 ESS 설비의 건물에 살수장치가 설치되지 않은 사실, 2018. 12.에 발간된 화재보험협회 웹진에 실린 ESS의 안전관리와 관련한 글에 스프링클러설비를 설치하는 경우 화재의 확산을 방지할 수 있다는 내용이 포함된 사실은 인정되고, 위 인정사실에 비추어 보면, 피고는 이 사건 ESS 설비의 설치 및 유지관리에 있어 선관주의의무를 부담하고, 이 사건 화재 발생 전에 ESS 설비 화재의 대비사항으로 랙 Fuse의 설치와 살수장치의 설치가 거론되었음에도 피고가 이 사건 ESS 설비에 이를 반영하지 않은 점은 인정된다. 나) 그러나 앞서 든 증거, 을 제7 내지 13, 17, 21, 22, 23, 26 내지 29, 33, 34, 35호증의 각 기재 및 영상에 변론 전체의 취지를 더하여 인정되는 아래의 사실 및 사정들을 종합하여 보면, 피고의 이 사건 ESS 설비 설치 및 관리운영에 있어 선관주의의무 위반이 있다고 보기 어렵고, 달리 이를 인정할 증거가 없다. 따라서 피고의 선관주의의무 위반으로 인하여 이 사건 계약이 해지되었음을 전제로 하는 원고의 주위적 청구는 이유 없다. (1) 국립과학수사연구원의 법안전감정서, ☆☆남부경찰서의 내사결과보고서, 이 사건 화재 당시의 피고의 알람메시지, 로그 자료 등에 의하면 이 사건 ESS 설비 2층 4호기 64번 랙에서 화재가 최초 발화한 것으로 추정되고, 그 외에 발화 원인으로 작용할 만한 다른 사정은 확인되지 않으며, 원피고 역시 배터리를 화재 원인으로 전제하고 관련 회의를 진행하였고, 피고는 2019. 4. 11. 원고에게 배터리가 화재 원인이라는 내용이 포함된 이메일을 보내기도 하였는바, 이 사건 ESS 설비 내 배터리에서 이 사건 화재가 발생한 것에 대해 당사자 간에 다툼이 없다고 보인다. 이 사건 화재가 발생한 부분은 배터리 내부이고, 이 사건 화재가 발생한 배터리는 ◇◇◇ 주","공급사는 ESS를 자신의 비용과 책임으로 설치, 유지, 관리 및 보수하기로 하며, 공급사가 설치한 ESS의 소유권은 공급사에게 귀속한다",미검수
법제처 OPEN API/prec,605587,2023노209,특정경제범죄가중처벌등에관한법률위반(사기)·사기,https://www.law.go.kr/DRF/lawService.do?OC=test&target=prec&ID=605587&type=HTML,(조 번호 미표기),(판단 불명확),판단 불명확,,,,"장될 경우 단기간에 거액의 이익을 얻을 수 있다고 생각하여, 피고인의 말을 그대로 믿고 계약을 진행하기로 하였다. 이후 2018. 8. 31.부터 피고인의 지시를 받은 □□□의 법무팀장 공소외 14와 피해자 측 공소외 15는 수차례에 걸쳐 계약서 초안을 수정하고 최종적으로 2018. 10. 12.경 피고인과 피해자는 ‘공소외 3 회사 및 공소외 6 회사의 주식매매계약서’, ‘코인발행약정서’, ‘공소외 11 회사 주식매매계약서’, ‘공소외 11 회사와 공소외 9 회사 공동운영을 위한 주주간계약서’, ‘공소외 3 회사와 공소외 6 회사의 공동운영을 위한 주주간계약서’, ‘자산양수도계약서’, ‘지배구조 확약서’ 등 총 7개의 계약서(이하 총칭하여 ‘이 사건 각 계약서’라 하고, 이로써 체결된 계약을 ‘이 사건 각 계약’이라 한다)를 작성하였다. 구체적으로 살펴보면 ㉠ ‘공소외 3 회사 및 공소외 6 회사의 주식매매계약’은 피고인 등 □□□주주 11인이 공소외 9 회사(공소외 1 회사를 대신하여 공소외 11 회사 － 공소외 9 회사 － 공소외 3 회사의 지배구조에서 중간역할을 하기로 한 싱가포르 회사)에 공소외 3 회사 주식 3,544주(35.44%), 공소외 6 회사 주식 1,556주(51.87%)를 347,544,600달러에 매도하되, 1차 계약금 5,000만 달러를 2018. 10. 24.까지, 2차 계약금 5,000만 달러를 2018. 12. 16.까지, 잔금 2억 5,000만 달러를 2019. 2. 15.까지 지급하는 것을 주된 내용으로 하고, ㉡ ‘공소외 11 회사 주식매매계약’은 피해자가 지배하는 공소외 10 회사이 보유한 공소외 11 회사 주식 100,000개(100%) 중 49,999개(50%-1주)를 피고인에게 24,999,500달러에 매도하는 것을 주된 내용으로 하며, ㉢ ‘코인발행약정’은 공소외 10 회사, 피고인(투자자), 공소외 11 회사, 공소외 9 회사 사이에 ‘투자자는 암호화폐 발행 후 글로벌거래소 또는 공소외 5 회사가 운영하는 ☆☆거래소의 상장을 최우선으로 진행한다’는 내용을 담고 있다. 위 공소외 3 회사 및 공소외 6 회사 주식 매매계약 직후 피해자는 매매대금 347,544,600달러 중 일부를 공소외 9 회사가 발행하는 가상자산(○○○코인)을 판매하여 마련할 수 있다는 피고인의 약속을 믿고 ○○○코인을 판매하여 매매대금 중 일부를 충당하기 위해 2018. 10. 15. 가상자산 위탁판매 회사인 공소외 17 회사와 ○○○코인 위탁판매계약을 체결하였고, 공소외 17 회사는 위 일시경부터 해외총판 등을 통해 공소외 18 등에게 ○○○코인을 판매하고 그 판매대금을 피해자에게 송금하였다. 또한 피해자는 피고인으로부터 재무적 투자자로부터 투자를 받아 매매대금을 지급할 수 있고 재무적 투자자로부터 투자금 유치시에도 ○○○코인을 활용할 수 있다는 말을 믿고 매매대금 중 일부를 충당하기 위해 2019. 1.경 재무적 투자자인 공소외 19 회사에게 피고인으로부터 들은 바와 같이 ○○○코인이 ☆☆거래소에 상장될 것이라는 등의 말을 하여, ○○○코인 3,000만 개를 무상으로 지급하기로 하고 공소외 19 회사로부터 공소외 9 회사 지분투자 명목으로 8,999,987달러를 투자받았다. 그러나, 피고인이 ①, ②항과 같이 피해자에게 ◇◇◇ 사업이 거의 완성된 것처럼 말하였으나 ▷▷프로젝트를 위하여 법인이 설립돼 있는 국가들과 은행 계좌 연동이 이뤄진 사실이 없어 ▷▷프로젝트가 2018. 10.경에 완성되어 진행될 수 없었을 뿐 아니라, ▷▷프로젝트의 사업내용은 행정적으로 국내외 각국의 금융질서와 충돌하는 부분이 있고 기술적으로도 구현이 어려워 현실적으로 단기에 실현 가능성이 희박한 사업으로, 피고인이 실제로 ▷▷프로젝트 사업을",", ‘코인발행약정서’, ‘공소외 11 회사 주식매매계약서",미검수
법제처 OPEN API/prec,605587,2023노209,특정경제범죄가중처벌등에관한법률위반(사기)·사기,https://www.law.go.kr/DRF/lawService.do?OC=test&target=prec&ID=605587&type=HTML,(조 번호 미표기),(판단 불명확),판단 불명확,,,," 8. 31.부터 피고인의 지시를 받은 □□□의 법무팀장 공소외 14와 피해자 측 공소외 15는 수차례에 걸쳐 계약서 초안을 수정하고 최종적으로 2018. 10. 12.경 피고인과 피해자는 ‘공소외 3 회사 및 공소외 6 회사의 주식매매계약서’, ‘코인발행약정서’, ‘공소외 11 회사 주식매매계약서’, ‘공소외 11 회사와 공소외 9 회사 공동운영을 위한 주주간계약서’, ‘공소외 3 회사와 공소외 6 회사의 공동운영을 위한 주주간계약서’, ‘자산양수도계약서’, ‘지배구조 확약서’ 등 총 7개의 계약서(이하 총칭하여 ‘이 사건 각 계약서’라 하고, 이로써 체결된 계약을 ‘이 사건 각 계약’이라 한다)를 작성하였다. 구체적으로 살펴보면 ㉠ ‘공소외 3 회사 및 공소외 6 회사의 주식매매계약’은 피고인 등 □□□주주 11인이 공소외 9 회사(공소외 1 회사를 대신하여 공소외 11 회사 － 공소외 9 회사 － 공소외 3 회사의 지배구조에서 중간역할을 하기로 한 싱가포르 회사)에 공소외 3 회사 주식 3,544주(35.44%), 공소외 6 회사 주식 1,556주(51.87%)를 347,544,600달러에 매도하되, 1차 계약금 5,000만 달러를 2018. 10. 24.까지, 2차 계약금 5,000만 달러를 2018. 12. 16.까지, 잔금 2억 5,000만 달러를 2019. 2. 15.까지 지급하는 것을 주된 내용으로 하고, ㉡ ‘공소외 11 회사 주식매매계약’은 피해자가 지배하는 공소외 10 회사이 보유한 공소외 11 회사 주식 100,000개(100%) 중 49,999개(50%-1주)를 피고인에게 24,999,500달러에 매도하는 것을 주된 내용으로 하며, ㉢ ‘코인발행약정’은 공소외 10 회사, 피고인(투자자), 공소외 11 회사, 공소외 9 회사 사이에 ‘투자자는 암호화폐 발행 후 글로벌거래소 또는 공소외 5 회사가 운영하는 ☆☆거래소의 상장을 최우선으로 진행한다’는 내용을 담고 있다. 위 공소외 3 회사 및 공소외 6 회사 주식 매매계약 직후 피해자는 매매대금 347,544,600달러 중 일부를 공소외 9 회사가 발행하는 가상자산(○○○코인)을 판매하여 마련할 수 있다는 피고인의 약속을 믿고 ○○○코인을 판매하여 매매대금 중 일부를 충당하기 위해 2018. 10. 15. 가상자산 위탁판매 회사인 공소외 17 회사와 ○○○코인 위탁판매계약을 체결하였고, 공소외 17 회사는 위 일시경부터 해외총판 등을 통해 공소외 18 등에게 ○○○코인을 판매하고 그 판매대금을 피해자에게 송금하였다. 또한 피해자는 피고인으로부터 재무적 투자자로부터 투자를 받아 매매대금을 지급할 수 있고 재무적 투자자로부터 투자금 유치시에도 ○○○코인을 활용할 수 있다는 말을 믿고 매매대금 중 일부를 충당하기 위해 2019. 1.경 재무적 투자자인 공소외 19 회사에게 피고인으로부터 들은 바와 같이 ○○○코인이 ☆☆거래소에 상장될 것이라는 등의 말을 하여, ○○○코인 3,000만 개를 무상으로 지급하기로 하고 공소외 19 회사로부터 공소외 9 회사 지분투자 명목으로 8,999,987달러를 투자받았다. 그러나, 피고인이 ①, ②항과 같이 피해자에게 ◇◇◇ 사업이 거의 완성된 것처럼 말하였으나 ▷▷프로젝트를 위하여 법인이 설립돼 있는 국가들과 은행 계좌 연동이 이뤄진 사실이 없어 ▷▷프로젝트가 2018. 10.경에 완성되어 진행될 수 없었을 뿐 아니라, ▷▷프로젝트의 사업내용은 행정적으로 국내외 각국의 금융질서와 충돌하는 부분이 있고 기술적으로도 구현이 어려워 현실적으로 단기에 실현 가능성이 희박한 사업으로, 피고인이 실제로 ▷▷프로젝트 사업을 완성시켜 이를 수행할 의사나 능력이 없었다. 뿐만 아니라 피고인은 ①, ②항과 같이 공소외 9 회사에서 발행하는 가상자산(○○○코인)을 ☆",", ‘공소외 3 회사와 공소외 6 회사의 공동운영을 위한 주주간계약서",미검수
법제처 OPEN API/prec,605587,2023노209,특정경제범죄가중처벌등에관한법률위반(사기)·사기,https://www.law.go.kr/DRF/lawService.do?OC=test&target=prec&ID=605587&type=HTML,(조 번호 미표기),(판단 불명확),판단 불명확,,,," 15는 수차례에 걸쳐 계약서 초안을 수정하고 최종적으로 2018. 10. 12.경 피고인과 피해자는 ‘공소외 3 회사 및 공소외 6 회사의 주식매매계약서’, ‘코인발행약정서’, ‘공소외 11 회사 주식매매계약서’, ‘공소외 11 회사와 공소외 9 회사 공동운영을 위한 주주간계약서’, ‘공소외 3 회사와 공소외 6 회사의 공동운영을 위한 주주간계약서’, ‘자산양수도계약서’, ‘지배구조 확약서’ 등 총 7개의 계약서(이하 총칭하여 ‘이 사건 각 계약서’라 하고, 이로써 체결된 계약을 ‘이 사건 각 계약’이라 한다)를 작성하였다. 구체적으로 살펴보면 ㉠ ‘공소외 3 회사 및 공소외 6 회사의 주식매매계약’은 피고인 등 □□□주주 11인이 공소외 9 회사(공소외 1 회사를 대신하여 공소외 11 회사 － 공소외 9 회사 － 공소외 3 회사의 지배구조에서 중간역할을 하기로 한 싱가포르 회사)에 공소외 3 회사 주식 3,544주(35.44%), 공소외 6 회사 주식 1,556주(51.87%)를 347,544,600달러에 매도하되, 1차 계약금 5,000만 달러를 2018. 10. 24.까지, 2차 계약금 5,000만 달러를 2018. 12. 16.까지, 잔금 2억 5,000만 달러를 2019. 2. 15.까지 지급하는 것을 주된 내용으로 하고, ㉡ ‘공소외 11 회사 주식매매계약’은 피해자가 지배하는 공소외 10 회사이 보유한 공소외 11 회사 주식 100,000개(100%) 중 49,999개(50%-1주)를 피고인에게 24,999,500달러에 매도하는 것을 주된 내용으로 하며, ㉢ ‘코인발행약정’은 공소외 10 회사, 피고인(투자자), 공소외 11 회사, 공소외 9 회사 사이에 ‘투자자는 암호화폐 발행 후 글로벌거래소 또는 공소외 5 회사가 운영하는 ☆☆거래소의 상장을 최우선으로 진행한다’는 내용을 담고 있다. 위 공소외 3 회사 및 공소외 6 회사 주식 매매계약 직후 피해자는 매매대금 347,544,600달러 중 일부를 공소외 9 회사가 발행하는 가상자산(○○○코인)을 판매하여 마련할 수 있다는 피고인의 약속을 믿고 ○○○코인을 판매하여 매매대금 중 일부를 충당하기 위해 2018. 10. 15. 가상자산 위탁판매 회사인 공소외 17 회사와 ○○○코인 위탁판매계약을 체결하였고, 공소외 17 회사는 위 일시경부터 해외총판 등을 통해 공소외 18 등에게 ○○○코인을 판매하고 그 판매대금을 피해자에게 송금하였다. 또한 피해자는 피고인으로부터 재무적 투자자로부터 투자를 받아 매매대금을 지급할 수 있고 재무적 투자자로부터 투자금 유치시에도 ○○○코인을 활용할 수 있다는 말을 믿고 매매대금 중 일부를 충당하기 위해 2019. 1.경 재무적 투자자인 공소외 19 회사에게 피고인으로부터 들은 바와 같이 ○○○코인이 ☆☆거래소에 상장될 것이라는 등의 말을 하여, ○○○코인 3,000만 개를 무상으로 지급하기로 하고 공소외 19 회사로부터 공소외 9 회사 지분투자 명목으로 8,999,987달러를 투자받았다. 그러나, 피고인이 ①, ②항과 같이 피해자에게 ◇◇◇ 사업이 거의 완성된 것처럼 말하였으나 ▷▷프로젝트를 위하여 법인이 설립돼 있는 국가들과 은행 계좌 연동이 이뤄진 사실이 없어 ▷▷프로젝트가 2018. 10.경에 완성되어 진행될 수 없었을 뿐 아니라, ▷▷프로젝트의 사업내용은 행정적으로 국내외 각국의 금융질서와 충돌하는 부분이 있고 기술적으로도 구현이 어려워 현실적으로 단기에 실현 가능성이 희박한 사업으로, 피고인이 실제로 ▷▷프로젝트 사업을 완성시켜 이를 수행할 의사나 능력이 없었다. 뿐만 아니라 피고인은 ①, ②항과 같이 공소외 9 회사에서 발행하는 가상자산(○○○코인)을 ☆☆거래소에 상장시켜 주기로 하고, 형식적으로는 2018. 12. 14.부터 ○○○코",", ‘지배구조 확약서’ 등 총 7개의 계약서(이하 총칭하여",미검수
법제처 OPEN API/prec,605587,2023노209,특정경제범죄가중처벌등에관한법률위반(사기)·사기,https://www.law.go.kr/DRF/lawService.do?OC=test&target=prec&ID=605587&type=HTML,(조 번호 미표기),(판단 불명확),판단 불명확,,,,"롯한 공소외 3 회사 주주 11명(매도인 대표 피고인)을 매도인으로 하고 공소외 9 회사(대표이사 피해자)를 매수인으로 하여 공소외 9 회사가 위 주주 11명 보유의 공소외 3 회사 주식 3,544주 및 공소외 6 회사 주식 1,556주를 347,544,600달러(미국 달러)에 인수하기로 하는 주식매매계약서(증거순번 252)의 주요 내용은 아래와 같다. 주식매매계약서매도인들(이하 총칭하여 ""갑""이라 함)과 매수인 공소외 9 회사(이하 ""을""이라 함)는 공소외 4 회사 및 공소외 6 회사의 주식에 대해 2018. 10. 12. 다음과 같이 매매 계약을 체결한다.제2조(매매대금 지급방법)2.1 을은 다음 각 호에 정하는 일정에 따라 5,000만 달러를 1차 계약금으로 아래에 기재된 매도인 대표의 은행계좌로 입금한다. (후략) 1. 본 계약 체결일에 1,000만 달러 2. 2018. 10. 24.에 4,000만 달러2.2 을은 2018. 12. 16.에 5,000만 달러를 2차 계약금으로 제2.1조에 지정된 계좌로 지급한다.2.3 을은 2019. 2. 15.에 총 매매대금 중 계약금을 공제한 잔금 247,544,600달러를 제2.1조에 지정된 계좌로 지급한다.제7조(계약의 해제)7.1 본 계약은 다음 각 호의 경우에 해제될 수 있으며, 그 외에는 어떠한 경우에도 해제될 수 없다. 4. 을이 제2조, 제6.1조 및/또는 제6.2조를 위반하는 경우, 갑에 의하여7.2 본 계약이 해제되는 경우 본 계약은 효력을 상실한다. (후략)7.4 본 계약이 제7.1조 제4호의 사유로 갑에 의하여 해제되는 경우, 해제 사유가 발생한 때까지의 1차 계약금 또는 1차 계약금 및 2차 계약금의 합산 금액(계약금에 대하여 계약금 지급일 이후에 발생한 이자를 포함한다)은 갑에게 귀속된다. 사. 피해자는 ‘공소외 10 회사’ 명의로 2018. 10. 17. 공소외 35, 공소외 36, 공소외 17 회사와 ○○○코인(당시에는 ‘가칭 ☆☆ Token’이라고 지칭하였다)의 판매 업무를 위탁하는 위탁판매계약을 체결하였다(증거순번 13-2). 아. 피해자는 이 사건 각 계약 체결 후 2018. 10. 15.부터 2019. 2. 10.까지 합계 108,506,793달러를 공소외 9 회사의 계좌에 송금하였고, 공소외 9 회사는 별지 범죄일람표 기재와 같이 2018. 10. 15.부터 2019. 2. 8.까지 총 107,599,943달러(122,233,535,248원 상당)를 공소외 3 회사 및 공소외 6 회사의 주식매매계약서에 기재된 공소외 20 명의의 계좌로 송금하였다(증거순번 650). 자. 피고인을 포함한 공소외 3 회사 주주 11명은 공소외 3 회사 및 공소외 6 회사의 주식매매계약의 제1차 계약금 5,000만 달러를 지급받은 후인 2018. 11. 20. 공소외 9 회사에 공소외 3 회사 및 공소외 6 회사의 주권을 교부하여 주식 양도를 마쳤다. 차. 위 공소외 20 명의의 계좌로 송금된 107,599,943달러가 2018. 10. 29.부터 2019. 2. 19.에 걸쳐 피고인을 포함한 공소외 3 회사의 주주들 11명에게 분배되었고, 이들은 2019. 2. 28. 및 같은 해 4. 30. 2회에 걸쳐 공소외 3 회사 주식의 양도에 따른 양도소득세 및 증권거래세로 총 77,753,862,910원을 납부하였다(증거순번 651, 652). 카. 2018. 11. 20. 공소외 9 회사의 이사로 공소외 37, 공소외 15, 공소외 26, 공소외 2, 공소외 38, 공소외 39가 등기되었다(증거순번 6-1). 이들 6명의 이사는 2018. 11. 23. 공소외 9 회사의 제1차 이사회를 개최하여 ○○○코인의 백서를 확정하고, 위 이사들 중 피해자와 공소외 39를 대표이사로 선임하","갑""이라 함)과 매수인 공소외 9 회사(이하",미검수
법제처 OPEN API/prec,605587,2023노209,특정경제범죄가중처벌등에관한법률위반(사기)·사기,https://www.law.go.kr/DRF/lawService.do?OC=test&target=prec&ID=605587&type=HTML,제1조,(판단 불명확),판단 불명확,,,,"데, 위 콜옵션 행사로 공소외 44 회사가 □□□을 인수하는 것이 아니라는 점을 확실하게 강제할 수 있다.""는 취지로 콜옵션 행사를 환영한다는 회신을 하였는바(증거순번 810), 피해자의 주장에 일관성이 없다. ⑵ 공소외 44 회사와 공소외 10 회사 사이의 투자계약에서 ‘공소외 44 회사가 최종적으로 공소외 10 회사의 지분 66%를 확보하고(증거순번 투자계약서 제1조 제2항), 확보한 지분의 주주권을 제한 없이 행사하며(같은 계약서 제4조 제1항), 공소외 10 회사의 이사 및 감사 선임권을 가지고(같은 계약서 제5조 제1항), 공소외 3 회사 주식의 인수대금 지급이 완료되면 공소외 11 회사의 이사 절반에 대한 선임권과 해임권까지 갖는다(같은 계약서 제5조 제2항)’고 약정한 점, 공소외 44 회사가 2019. 7. 21. 발송한 시정최고장에 ‘공소외 9 회사의 지분 43.59%를 취득 및 공동 경영하는 것이 투자계약의 최종적인 목표’라고 기재되어 있는 점(증거순번 88)에 비추어 볼 때, 피해자의 위 콜옵션 행사 통지에 대한 회신 중 ‘투자자 공소외 47 대표에게 □□□을 인수할 의도가 없다’는 부분은 사실과 부합하지도 아니한다. ⑶ 피해자와 공소외 44 회사 관계자인 공소외 47, 공소외 48이 2019. 7. 21.경 대화하던 중, 공소외 48이 ""선생님은 피고인한테 사기를 당한 걸로 해야지 이게 우리가 완벽하게 이길 수 있다니까요.""(증거순번 551, 10쪽)라며, 피해자가 피고인으로부터 사기를 당하였다고 주장할 것을 종용하는 듯한 말도 하였다. 5) ○○○ 투자자 싱가포르 서밋 행사 관련 피해자 측이 2018. 11. 27. 싱가포르의 (호텔명 생략)에서 ‘○○○ Investors Summit’이라는 행사를 열었는데(증거순번 11-11, 1360), 피해자는 2020. 7. 28. 경찰에서 피의자로 수사를 받으면서 ‘○○○코인 판매에 직접 관여한 것이 아니냐’는 질문을 받자 ""위 행사는 거래소연합을 설명하는 자리였고 ○○○코인을 판매, 홍보하는 자리가 아니었다.""(증거순번 13)라고 진술하였다. 그러나 피해자는 2020. 11. 3. 검찰에서 피의자로 조사를 받으면서 ‘○○○코인을 사전 판매하였음에도 공소외 14에게 사전 판매하지 않았다고 거짓말을 하지 않았느냐’는 취지의 질문을 받았을 때는 ""2018. 11. 27. 싱가포르 (호텔명 생략)에서 ○○○ 홍보 행사를 개최하였는데, 피고인 측 직원들도 참여하였고, 행사 안내문에 PRIVATE SALE CLOSING DATE가 2018. 11. 27.로 되어 있었다.""(증거순번 579)라고 진술하였고, 피해자가 피고인을 고소한 이 사건과 관련하여 2021. 2. 2. 참고인으로 출석하여서는 ""투자설명회 겸 공소외 17 회사로 하여금 ○○○코인을 잘 팔 수 있게 기회를 제공하려고 한 것이다.""라고 진술하여 위 행사가 ○○○코인 판매와 직접 관계된 행사였다고 주장하였다. 나아가 피해자는 원심 법정에서도 ""11. 27.에 싱가포르에서 ○○○코인 판매 행사를 하였다.""(제2회 공판조서 중 피해자에 대한 증인신문녹취서)라고 진술하였는바, 이처럼 동일한 행사의 목적에 관하여도 피해자의 진술이 엇갈린다. 나. 당심의 판단 원심이 설시한 사정들에다가, 원심 및 당심이 적법하게 채택하여 조사한 증거들에 의하여 인정되는 아래의 사정을 보태어 보면, 피해자 진술의 신빙성을 배척한 원심의 판단을 정당한 것으로 수긍할 수 있고, 거기에 검사가 주장하는 것과 같은 사실오인 및 법리오해의 잘못이 없다. 따라서 검사의 이 부분 주장은 받아들이지 않는다. 1) 검사는, 피해자가 공소외 17 회사와의 ○○○코인 판매 위임계약서 상에 ""판매대금을 해외에서 받는 것을 원칙으로 한다.""고 밝혔을 뿐 ○○○코인의 국내 판매를 지시한 바 없고 당시에 국내 판매가 이루어지고 있다는 사정도 알지 못하였으며, KYC 자료의 경우 피해자가 운영하는 병원의 내국인 직원들이 피해자 모르게 외국인 직원의 명의를 빌려 ○○○코인을 구매한 것일 뿐 피해자가 국내 판매 사정을 숨기기 위해 외국인 직원의 신원정보를","), 확보한 지분의 주주권을 제한 없이 행사하며(같은 계약서 제4조 제1항), 공소외 10 회사의 이사 및 감사 선임권을 가지고(같은 계약서 제5조 제1항), 공소외 3 회사 주식의 인수대금 지급이 완료되면 공소외 11 회사의 이사 절반에 대한 선임권과 해임권까지 갖는다(같은 계약서 제5조 제2항)’고 약정한 점, 공소외 44 회사가 2019. 7. 21. 발송한 시정최고장에 ‘공소외 9 회사의 지분 43.59%를 취득 및 공동 경영하는 것이 투자계약의 최종적인 목표",미검수
법제처 OPEN API/prec,605587,2023노209,특정경제범죄가중처벌등에관한법률위반(사기)·사기,https://www.law.go.kr/DRF/lawService.do?OC=test&target=prec&ID=605587&type=HTML,(조 번호 미표기),(판단 불명확),판단 불명확,,,,"원심 및 당심이 적법하게 채택하여 조사한 증거들에 의하여 인정되는 아래의 사정을 보태어 보면, 피해자 진술의 신빙성을 배척한 원심의 판단을 정당한 것으로 수긍할 수 있고, 거기에 검사가 주장하는 것과 같은 사실오인 및 법리오해의 잘못이 없다. 따라서 검사의 이 부분 주장은 받아들이지 않는다. 1) 검사는, 피해자가 공소외 17 회사와의 ○○○코인 판매 위임계약서 상에 ""판매대금을 해외에서 받는 것을 원칙으로 한다.""고 밝혔을 뿐 ○○○코인의 국내 판매를 지시한 바 없고 당시에 국내 판매가 이루어지고 있다는 사정도 알지 못하였으며, KYC 자료의 경우 피해자가 운영하는 병원의 내국인 직원들이 피해자 모르게 외국인 직원의 명의를 빌려 ○○○코인을 구매한 것일 뿐 피해자가 국내 판매 사정을 숨기기 위해 외국인 직원의 신원정보를 활용한 것이 아니라고 주장한다. 그러나 아래와 같은 사정들을 종합하여 보면, 검사의 위 주장은 납득하기 어렵다. 가) 공소외 36과 함께 공소외 17 회사의 공동대표였던 공소외 35는 원심 법정 및 경찰 조사에서 ""○○○코인을 위탁판매하기 위해서는 해외법인이 필요하였는데, 피해자가 직접 2018. 10. 1. 싱가포르에서 공소외 17 회사 설립절차를 진행하였다. 피해자가 소유한 싱가포르 법인들 중 한 곳의 주소지를 공소외 17 회사 주소지로 삼았고, 피해자의 허락 하에 2018. 10. 15.부터 2018. 12월 말까지 공소외 42 성형외과 5층에서 임대료를 지급하지 않고 ○○○코인 판매를 위한 영업을 하였다."", ""피해자는 2018. 11월 말경 쯤 공소외 42 성형외과 5층에서 공소외 25에게 지시하여 휴대전화를 가져가 당시 피해자, 공소외 25, 공소외 36이 함께 참여하였던 텔레그램 대화방에서 나가게 하여 대화 내용을 지웠다."", ""피해자가 ○○○코인을 한국에서 팔지 말라고 한 적 없다. 그냥 빨리만 팔아오라고 했다."", ""피해자는 공소외 25를 통해서 공소외 17 회사의 ○○○코인 홍보 및 판매 활동에 관여하였다. 피해자는 코인을 산다는 사람을 직접 만나 설명했다. 사람들이 공소외 36이나 나를 어떻게 믿느냐면서 그들이 믿는 것은 피해자 자신이라고 말하기도 하였다."", ""공소외 17 회사와 공소외 9 회사 사이에 2018. 11. 27. 및 2018. 12. 25. 체결된 계약서는 모두 피해자가 작성한 것이며 자신은 서명한 사실이 없다."", ""피해자도 ○○○코인을 개인적으로 판매하였음에도 공식판매처인 공소외 17 회사를 통해 판매했다고 해야 한다면서 ‘공소외 49 회사’라는 법인을 사용해 지갑주소를 보내주었다. 피해자가 이렇게 판매한 ○○○코인은 공소외 42 성형외과의 의사, 간호사 등에게 판매하였다고 공소외 25로부터 전해들었다."", ""공소외 9 회사가 코인을 배정하고 전송하기 위해서는 당시 대표이사였던 피해자의 결재가 필요했다."", ""피해자가 공소외 17 회사에게 ○○○코인을 내국인한테 판매하지 말라는 이야기를 여러 번 하였다거나, 공소외 17 회사가 피해자에게 내국인 판매 사실을 이야기한 적이 없다는 것은 사실이 아니다."", ""피해자가 해외 기관투자자들에게만 판매하고 있다는 식으로 언론인터뷰를 하자 왜 공소외 17 회사한테 뒤집어씌우듯이 이야기 하느냐고 따졌는데 피해자는 매번 딴 소리를 했다.""라는 취지로 진술하였다[공소외 35 증언녹취서 9, 15, 18, 21, 26, 36쪽, 증거기록 181, 182, 186 내지 188, 192, 199, 200쪽(증거순번 11)]. 나) 공소외 35와 함께 공소외 17 회사의 공동대표였던 공소외 36은 경찰에서, ""피해자가 위탁판매계약을 체결하려면 해외법인이 있어야 한다고 하여 나와 공소외 35가 이를 만들기로 하였고 피해자가 법인 설립을 ",판매대금을 해외에서 받는 것을 원칙으로 한다,미검수
법제처 OPEN API/prec,605587,2023노209,특정경제범죄가중처벌등에관한법률위반(사기)·사기,https://www.law.go.kr/DRF/lawService.do?OC=test&target=prec&ID=605587&type=HTML,(조 번호 미표기),(판단 불명확),판단 불명확,,,,"소외 49 회사팀, 공소외 42 성형외과 소속 한국인 임직원 상대 판매자료(증 제97호증의2)에 기재된 (코인명 3 생략) 지갑 주소와 KYC 자료(증거순번 1238)를 비교해 보면 국내 직원들의 지갑 주소가 순번까지 거의 일치한다. 마) 한편, 검사의 주장과 같이 공소외 17 회사와 공소외 10 회사 사이에 2018. 10. 17. 체결된 ○○○코인 위탁판매계약서(증거순번 13-2) 제2조 제6호에서는 ""백서가 공개된 이후에 공소외 17 회사는 판매대금을 해외에서 받는 것이 원칙임을 확인한다.""고 정하고 있기는 하다. 그러나 단지 ‘판매대금을 해외에서 받기로 한다’는 것을 ‘○○○코인 구매자의 국적을 외국인으로 한정한다’는 의미로 해석하기는 어렵고, 달리 구매자의 국적을 제한하는 규정은 찾을 수 없다. 오히려 위 규정을 반대해석하면 ‘○○○코인의 백서가 공개되기 이전에는 국내에서도 판매대금을 받을 수 있다’는 것인바, 이는 오히려 백서 공개 이전 ○○○코인의 국내 판매 사실을 추단할 수 있는 사정이다. 2) 검사는, 피해자가 2018. 11. 24.자 공소외 14와의 대화에서 ""백서가 나오기 전에 1개라도 코인을 팔거나 그런 게 없다.""는 취지로 말한 것은 실제로 당시까지 판매된 바 없는 공소외 9 회사 소유의 ‘FI 모집용 코인’에 관한 것이며, 그 외에 ‘피해자 개인에게 배정된 20%의 ○○○코인’은 위 대화 당시 이미 판매하고 있었고 공소외 14도 이를 알고 있었다고 주장한다. 그러나 아래의 사정을 종합하여 보면, ‘FI 모집용 코인’과 별개로 ‘피해자 개인에게 무상 배정된 코인’이 있다고 보기 어려우므로, 위 2018. 11. 24.자 공소외 14와의 대화 중 피해자 발언 내용이 실체와 부합한다고 선뜻 믿기 어렵다. 가) 프로젝트 A 공동투자합의서(증거순번 105-3) 및 코인발행약정서(증거순번 257) 중 주요 내용은 다음과 같다. [2018. 8. 26.자 프로젝트 A 공동투자합의서(당사자: 공소외 4 회사와 공소외 11 회사)]제2조 투자절차 및 일정 ⑤ 공소외 11 회사는 공소외 1 회사(공소외 4 회사의 계열사)에 총 3억 5,000만 달러 규모의 유상증자계약을 2018. 9. 3.까지 체결한다. ⑥ 공소외 11 회사와 공소외 4 회사 재무적 투자자로부터 공소외 11 회사 또는 공소외 1 회사의 추가 유상증자를 받을 수 있으며, 공소외 1 회사의 의결권 없는 우선주 20%와 (코인명 1 생략) 리워드 20억 개 한도 내에서 모집할 수 있다. ⑦ 6항의 재무적 투자자의 증자금액은 1억 달러를 초과하며, 공소외 11 회사는 유상증자 금액 3억 5,000만 달러 중 1억 달러를 경감 받는다.공소외 1 회사 유상증자 납입일정유상증자금액참여자일자1차 납입4,500만 달러공소외 11 회사2018. 9. 17.2차 납입1억 달러공소외 11 회사2018. 9. 28.1억 달러 + 초과분7항의 재무적 투자자2018. 9. 28.3차 납입1억 달러공소외 11 회사2018. 10. 31. ⑧ 공소외 1 회사는 5항에 약정된 공소외 11 회사 또는 공소외 1 회사의 유상증자 참여에 따른 리워드로 총 25억 개의 (코인명 1 생략)을 배분일정에 따라 공소외 37에게 지급한다.[코인 리워드 배분일정 참조]제3조 역할 및 범위 1. 공소외 11 회사: 본건 투자와 관련된 자금조달 2. 공소외 4 회사: 기술 및 운영지원제4조 비밀유지 및 확약사항 2. 본 합의서의 효력발생일은 2018. 8. 31.까지로 하되, 양사 협의에 의해 연장이 가능하다. 단, 당사자 서면 합의에 의해 본 합의서를 효력발생일 이전에 해지할 수 있다.제5조 기타 1. 제4조를 제외하고 본 합의서에서 정한 어떠한 내용도 공소외 4 회사 및 공소외 11 회사로 하여금 본건 투자 관련 공동투자를 확약하거나 의무가 있는 것으로 해석되어서는",백서가 공개된 이후에 공소외 17 회사는 판매대금을 해외에서 받는 것이 원칙임을 확인한다,미검수
법제처 OPEN API/prec,605587,2023노209,특정경제범죄가중처벌등에관한법률위반(사기)·사기,https://www.law.go.kr/DRF/lawService.do?OC=test&target=prec&ID=605587&type=HTML,제5조,(판단 불명확),판단 불명확,,,,"항이 전부 삭제되었고, 피해자가 이에 동의하여 이 사건 각 계약을 체결한 것인 점 등을 종합하면, 피해자는 이 사건 각 계약서에 ○○○코인 상장을 확약하는 조항이 없음을 인식하고도 이 사건 각 계약을 체결하였다고 할 것이다. ① 피고인 측의 공소외 14가 2018. 8. 31. 피해자 측의 공소외 15에게 이메일로 발송한 계약서 초안 : 공소외 1 회사 주식매매계약서 제5조 제7항 전단이 ""을(공소외 11 회사)은 회사(공소외 1 회사)로 하여금 코인을 발행하여 해당 코인을 글로벌거래소에 상장 완료되도록 하여야 한다.""는 취지이고, 제6조 (iii)항에서 코인이 글로벌거래소에 상장 완료되지 못하는 경우를 계약 해제사유로 정하고 있다. 주식 콜옵션계약서 제8조 (ii)항도 코인이 글로벌 거래소에 상장 완료되지 못하는 경우를 계약 해지사유로 정하고 있고, 공동경영약정서 제10조 제3항 (i)호는 콜옵션계약이 해지되는 경우를 계약 해지사유로 정하고 있다. 공소외 3 회사와 공소외 6 회사 주식매매계약서 제7조 (iii)항은 코인이 글로벌거래소에 상장 완료되지 못하는 경우, 같은 조 (iv)항은 공소외 1 회사 주식매매계약이 해제되는 경우를 각 계약 해지사유로 정하고 있다. 공소외 1 회사 주식매매계약서의 문언만으로는 피고인이 아닌 공소외 1 회사 또는 공소외 11 회사가 코인을 상장시킬 책임을 지는 것이 아닌지 의문이 있으나, 전체적으로 위 각 계약서 초안은 코인이 ‘글로벌거래소’에 상장되는 것을 전제로 작성되었고 상장이 무산되는 경우 대부분의 계약에 해지사유가 발생하는 것으로 규정되어 있다. ② 공소외 14가 2018. 9. 5. 공소외 15에게 이메일로 발송한 계약서 초안 : 위 각 계약서 초안에서 ‘코인이 글로벌거래소에 상장 완료되지 못하는 경우’를 계약의 해제나 해지사유로 정한 조항이 전부 삭제되었다. 공소외 1 회사 주식매매계약의 해제를 계약 해지사유로 정한 공소외 3 회사와 공소외 6 회사 주식매매계약서 제7조 (iv)항은 제7조 제1항 제3호로, 콜옵션계약이 해지되는 경우를 계약 해지사유로 정한 공동경영약정서 제10조 제3항 (i)호는 제11조 제3항 (i)호로 항목만 바꾸어 유지되었으나, 공소외 1 회사 주식매매계약과 콜옵션계약에서 코인이 상장되지 않는 경우를 해제나 해지사유로 정한 조항이 삭제되었으므로 이들 조항도 코인의 상장 여부와는 무관하게 되었다. ③ 피해자 측 공소외 54(공소외 75 법무법인 변호사)이 2018. 9. 7. 공소외 14에게 이메일로 발송한 계약서 초안 : 공소외 1 회사 주식매매계약서 제4조 제8항의 매도인인 공소외 8 회사의 진술 및 보장사항으로 ""회사(공소외 1 회사)는 코인을 발행하고 소유하여 해당 코인을 글로벌거래소에 상장(이하 ‘ICO’라 함)할 수 있는 자격, 능력 및 권한을 가지고 있고, 회사가 코인을 발행하거나 ICO하는 것에 관하여 어떠한 법률상/사실상 제한은 존재하지 아니한다.""는 조항이 추가되었고, 제6조 제2항으로 ""공소외 8 회사의 진술과 보장이 중대한 면에서 허위이거나 부정확한 경우 매수인인 공소외 11 회사가 계약을 해제할 수 있다.""는 조항이 추가되었다. ④ 공소외 14가 2018. 9. 8. 공소외 54, 공소외 15 등에게 이메일로 발송한 계약서 초안 : 공소외 1 회사 주식매매계약서에서 위 코인에 관한 진술 및 보장사항이 삭제되었다. ⑤ 공소외 54가 2018. 9. 10. 공소외 14에게 이메일로 발송한 계약서 초안 : 공소외 3 회사 및 공소외 6 회사 주식매매계약서 제7조 제1항 제5호로 ""대한민국 또는 싱가포르 정부의 규제, 정책적 또는 법령상 제한으로 인하여 암호화폐의 ICO 또는 상장이 어려운 경우 자동으로 계약이 해제된다.""는 조항이, 공소외 1 회사 주식매매계약서 제4조 제8항의 공소외 8 회사의 진술 및 보장사항으로 ""회사(공소외 1",(공소외 11 회사)은 회사(공소외 1 회사)로 하여금 코인을 발행하여 해당 코인을 글로벌거래소에 상장 완료되도록 하여야 한다,미검수
법제처 OPEN API/prec,605587,2023노209,특정경제범죄가중처벌등에관한법률위반(사기)·사기,https://www.law.go.kr/DRF/lawService.do?OC=test&target=prec&ID=605587&type=HTML,제4조,(판단 불명확),판단 불명확,,,," (i)호로 항목만 바꾸어 유지되었으나, 공소외 1 회사 주식매매계약과 콜옵션계약에서 코인이 상장되지 않는 경우를 해제나 해지사유로 정한 조항이 삭제되었으므로 이들 조항도 코인의 상장 여부와는 무관하게 되었다. ③ 피해자 측 공소외 54(공소외 75 법무법인 변호사)이 2018. 9. 7. 공소외 14에게 이메일로 발송한 계약서 초안 : 공소외 1 회사 주식매매계약서 제4조 제8항의 매도인인 공소외 8 회사의 진술 및 보장사항으로 ""회사(공소외 1 회사)는 코인을 발행하고 소유하여 해당 코인을 글로벌거래소에 상장(이하 ‘ICO’라 함)할 수 있는 자격, 능력 및 권한을 가지고 있고, 회사가 코인을 발행하거나 ICO하는 것에 관하여 어떠한 법률상/사실상 제한은 존재하지 아니한다.""는 조항이 추가되었고, 제6조 제2항으로 ""공소외 8 회사의 진술과 보장이 중대한 면에서 허위이거나 부정확한 경우 매수인인 공소외 11 회사가 계약을 해제할 수 있다.""는 조항이 추가되었다. ④ 공소외 14가 2018. 9. 8. 공소외 54, 공소외 15 등에게 이메일로 발송한 계약서 초안 : 공소외 1 회사 주식매매계약서에서 위 코인에 관한 진술 및 보장사항이 삭제되었다. ⑤ 공소외 54가 2018. 9. 10. 공소외 14에게 이메일로 발송한 계약서 초안 : 공소외 3 회사 및 공소외 6 회사 주식매매계약서 제7조 제1항 제5호로 ""대한민국 또는 싱가포르 정부의 규제, 정책적 또는 법령상 제한으로 인하여 암호화폐의 ICO 또는 상장이 어려운 경우 자동으로 계약이 해제된다.""는 조항이, 공소외 1 회사 주식매매계약서 제4조 제8항의 공소외 8 회사의 진술 및 보장사항으로 ""회사(공소외 1 회사)는 □□□의 명칭을 차용한 암호화화폐를 발행하고, ICO를 통해 해당 암호화화폐를 □□□가 운영하는 암호화화폐거래소(웹사이트 주소 생략) 또는 당사자들이 달리 합의하는 글로벌거래소에서 거래할 수 있도록 하는 권한을 가지고 있다.""는 조항이 각 추가되었다. ⑥ 공소외 14가 2018. 9. 11. 공소외 54, 공소외 15 등에게 이메일로 발송한 계약서 초안 : 위 각 조항이 다시 삭제되었다. ⑦ 공소외 14가 2018. 9. 13. 공소외 54, 공소외 15 등에게 이메일로 발송한 계약서 초안 : 공소외 3 회사 및 공소외 6 회사 주식매매계약서 제7조 제1항 제5호로 대한민국 또는 싱가포르 정부의 규제, 정책적 또는 법령상 제한으로 인하여 암호화폐의 ICO 또는 상장이 위법한 경우 자동으로 계약이 해제되는 조항(위 ⑤항과 비교하여 ‘어려운 경우’를 ‘위법한 경우’로 바꾼 것임)이 추가되고, 단서로 암호화폐 발행 및 글로벌거래소 상장이 종료되는 경우 위 조항의 효력이 소멸한다는 조항이 부가되었다. 공동경영약정서 제3조 제2항으로 ""투자자는 대주주(공소외 11 회사)에 대하여 암호화폐 발행을 함에 있어 ▷▷만을 이용하여 코인을 발행하거나 대주주와 합의된 재단, 단체, 법인을 통하여만 암호화폐 발행을 진행하는 것에 동의하며, 발행 후 글로벌거래소 또는 □□□가 운영하는 ☆☆거래소의 상장을 최우선으로 진행한다.""는 조항이 추가되었다. ⑧ 공소외 54가 2018. 9. 14. 공소외 14에게 이메일로 발송한 계약서 초안 : 공소외 3 회사 및 공소외 6 회사 주식매매계약서 제7조 제1항 제5호 단서의 암호화폐 발행 및 글로벌거래소 상장이 종료되는 경우 위 조항의 효력이 소멸한다는 조항이 삭제되었다. ⑨ 공소외 14가 2018. 9. 17. 공소외 15에게 이메일로 발송한 계약서 초안 : 코인발행약정서가 신규 작성되었고, 제1조 제1항으로 ""투자자(피고인)는 대주주(공소외 10 회사)에 대하여 암호화폐 발행을 함에 있어 00000을 이용하여 코인을 발행하거나 대주주와 합의된 재단, 단체, 법인을 통하여만 암호화폐 발행을 진행하는 것에 동의하며, 발행 후 글로",회사(공소외 1 회사)는 코인을 발행하고 소유하여 해당 코인을 글로벌거래소에 상장(이하,미검수
법제처 OPEN API/prec,605587,2023노209,특정경제범죄가중처벌등에관한법률위반(사기)·사기,https://www.law.go.kr/DRF/lawService.do?OC=test&target=prec&ID=605587&type=HTML,제7조,(판단 불명확),판단 불명확,,,,"제할 수 있다.""는 조항이 추가되었다. ④ 공소외 14가 2018. 9. 8. 공소외 54, 공소외 15 등에게 이메일로 발송한 계약서 초안 : 공소외 1 회사 주식매매계약서에서 위 코인에 관한 진술 및 보장사항이 삭제되었다. ⑤ 공소외 54가 2018. 9. 10. 공소외 14에게 이메일로 발송한 계약서 초안 : 공소외 3 회사 및 공소외 6 회사 주식매매계약서 제7조 제1항 제5호로 ""대한민국 또는 싱가포르 정부의 규제, 정책적 또는 법령상 제한으로 인하여 암호화폐의 ICO 또는 상장이 어려운 경우 자동으로 계약이 해제된다.""는 조항이, 공소외 1 회사 주식매매계약서 제4조 제8항의 공소외 8 회사의 진술 및 보장사항으로 ""회사(공소외 1 회사)는 □□□의 명칭을 차용한 암호화화폐를 발행하고, ICO를 통해 해당 암호화화폐를 □□□가 운영하는 암호화화폐거래소(웹사이트 주소 생략) 또는 당사자들이 달리 합의하는 글로벌거래소에서 거래할 수 있도록 하는 권한을 가지고 있다.""는 조항이 각 추가되었다. ⑥ 공소외 14가 2018. 9. 11. 공소외 54, 공소외 15 등에게 이메일로 발송한 계약서 초안 : 위 각 조항이 다시 삭제되었다. ⑦ 공소외 14가 2018. 9. 13. 공소외 54, 공소외 15 등에게 이메일로 발송한 계약서 초안 : 공소외 3 회사 및 공소외 6 회사 주식매매계약서 제7조 제1항 제5호로 대한민국 또는 싱가포르 정부의 규제, 정책적 또는 법령상 제한으로 인하여 암호화폐의 ICO 또는 상장이 위법한 경우 자동으로 계약이 해제되는 조항(위 ⑤항과 비교하여 ‘어려운 경우’를 ‘위법한 경우’로 바꾼 것임)이 추가되고, 단서로 암호화폐 발행 및 글로벌거래소 상장이 종료되는 경우 위 조항의 효력이 소멸한다는 조항이 부가되었다. 공동경영약정서 제3조 제2항으로 ""투자자는 대주주(공소외 11 회사)에 대하여 암호화폐 발행을 함에 있어 ▷▷만을 이용하여 코인을 발행하거나 대주주와 합의된 재단, 단체, 법인을 통하여만 암호화폐 발행을 진행하는 것에 동의하며, 발행 후 글로벌거래소 또는 □□□가 운영하는 ☆☆거래소의 상장을 최우선으로 진행한다.""는 조항이 추가되었다. ⑧ 공소외 54가 2018. 9. 14. 공소외 14에게 이메일로 발송한 계약서 초안 : 공소외 3 회사 및 공소외 6 회사 주식매매계약서 제7조 제1항 제5호 단서의 암호화폐 발행 및 글로벌거래소 상장이 종료되는 경우 위 조항의 효력이 소멸한다는 조항이 삭제되었다. ⑨ 공소외 14가 2018. 9. 17. 공소외 15에게 이메일로 발송한 계약서 초안 : 코인발행약정서가 신규 작성되었고, 제1조 제1항으로 ""투자자(피고인)는 대주주(공소외 10 회사)에 대하여 암호화폐 발행을 함에 있어 00000을 이용하여 코인을 발행하거나 대주주와 합의된 재단, 단체, 법인을 통하여만 암호화폐 발행을 진행하는 것에 동의하며, 발행 후 글로벌거래소 또는 □□□가 운영하는 ☆☆거래소의 상장을 최우선으로 진행한다.""는 조항이 들어있다. 공소외 3 회사 및 공소외 6 회사 주식매매계약서 제7조 제1항 제5호와 공동경영약정서 제3조 제2항은 삭제되었다. ⑩ 공소외 14가 2018. 9. 18. 오후 12:04에 공소외 15에게 이메일로 발송한 계약서 초안 : 위 ⑨항과 동일하다(⑨항 계약서는 변경내용의 추적이 적용되지 않은 ‘클린본’, ⑩항 계약서는 변경내용의 추적이 적용된 ‘마크업본’임). ⑪ 공소외 15가 2018. 9. 18. 오후 5:14에 공소외 14에게 이메일로 발송한 계약서 초안 : 공소외 3 회사 및 공소외 6 회사 주식매매계약서 제7조 제1항 제5호로 대한민국 또는 싱가포르 정부의 규제, 정책적 또는 법령상 제한으로 인하여 암호화폐의 ICO, 거래소 상장이 위법한 경우 자동으로 계약이 해제되는 조항이 추가되었다. ⑫ 공소외 15가 2018. 9. 18. 오후 6:","대한민국 또는 싱가포르 정부의 규제, 정책적 또는 법령상 제한으로 인하여 암호화폐의 ICO 또는 상장이 어려운 경우 자동으로 계약이 해제된다",미검수
법제처 OPEN API/prec,605587,2023노209,특정경제범죄가중처벌등에관한법률위반(사기)·사기,https://www.law.go.kr/DRF/lawService.do?OC=test&target=prec&ID=605587&type=HTML,제4조,(판단 불명확),판단 불명확,,,,"사항이 삭제되었다. ⑤ 공소외 54가 2018. 9. 10. 공소외 14에게 이메일로 발송한 계약서 초안 : 공소외 3 회사 및 공소외 6 회사 주식매매계약서 제7조 제1항 제5호로 ""대한민국 또는 싱가포르 정부의 규제, 정책적 또는 법령상 제한으로 인하여 암호화폐의 ICO 또는 상장이 어려운 경우 자동으로 계약이 해제된다.""는 조항이, 공소외 1 회사 주식매매계약서 제4조 제8항의 공소외 8 회사의 진술 및 보장사항으로 ""회사(공소외 1 회사)는 □□□의 명칭을 차용한 암호화화폐를 발행하고, ICO를 통해 해당 암호화화폐를 □□□가 운영하는 암호화화폐거래소(웹사이트 주소 생략) 또는 당사자들이 달리 합의하는 글로벌거래소에서 거래할 수 있도록 하는 권한을 가지고 있다.""는 조항이 각 추가되었다. ⑥ 공소외 14가 2018. 9. 11. 공소외 54, 공소외 15 등에게 이메일로 발송한 계약서 초안 : 위 각 조항이 다시 삭제되었다. ⑦ 공소외 14가 2018. 9. 13. 공소외 54, 공소외 15 등에게 이메일로 발송한 계약서 초안 : 공소외 3 회사 및 공소외 6 회사 주식매매계약서 제7조 제1항 제5호로 대한민국 또는 싱가포르 정부의 규제, 정책적 또는 법령상 제한으로 인하여 암호화폐의 ICO 또는 상장이 위법한 경우 자동으로 계약이 해제되는 조항(위 ⑤항과 비교하여 ‘어려운 경우’를 ‘위법한 경우’로 바꾼 것임)이 추가되고, 단서로 암호화폐 발행 및 글로벌거래소 상장이 종료되는 경우 위 조항의 효력이 소멸한다는 조항이 부가되었다. 공동경영약정서 제3조 제2항으로 ""투자자는 대주주(공소외 11 회사)에 대하여 암호화폐 발행을 함에 있어 ▷▷만을 이용하여 코인을 발행하거나 대주주와 합의된 재단, 단체, 법인을 통하여만 암호화폐 발행을 진행하는 것에 동의하며, 발행 후 글로벌거래소 또는 □□□가 운영하는 ☆☆거래소의 상장을 최우선으로 진행한다.""는 조항이 추가되었다. ⑧ 공소외 54가 2018. 9. 14. 공소외 14에게 이메일로 발송한 계약서 초안 : 공소외 3 회사 및 공소외 6 회사 주식매매계약서 제7조 제1항 제5호 단서의 암호화폐 발행 및 글로벌거래소 상장이 종료되는 경우 위 조항의 효력이 소멸한다는 조항이 삭제되었다. ⑨ 공소외 14가 2018. 9. 17. 공소외 15에게 이메일로 발송한 계약서 초안 : 코인발행약정서가 신규 작성되었고, 제1조 제1항으로 ""투자자(피고인)는 대주주(공소외 10 회사)에 대하여 암호화폐 발행을 함에 있어 00000을 이용하여 코인을 발행하거나 대주주와 합의된 재단, 단체, 법인을 통하여만 암호화폐 발행을 진행하는 것에 동의하며, 발행 후 글로벌거래소 또는 □□□가 운영하는 ☆☆거래소의 상장을 최우선으로 진행한다.""는 조항이 들어있다. 공소외 3 회사 및 공소외 6 회사 주식매매계약서 제7조 제1항 제5호와 공동경영약정서 제3조 제2항은 삭제되었다. ⑩ 공소외 14가 2018. 9. 18. 오후 12:04에 공소외 15에게 이메일로 발송한 계약서 초안 : 위 ⑨항과 동일하다(⑨항 계약서는 변경내용의 추적이 적용되지 않은 ‘클린본’, ⑩항 계약서는 변경내용의 추적이 적용된 ‘마크업본’임). ⑪ 공소외 15가 2018. 9. 18. 오후 5:14에 공소외 14에게 이메일로 발송한 계약서 초안 : 공소외 3 회사 및 공소외 6 회사 주식매매계약서 제7조 제1항 제5호로 대한민국 또는 싱가포르 정부의 규제, 정책적 또는 법령상 제한으로 인하여 암호화폐의 ICO, 거래소 상장이 위법한 경우 자동으로 계약이 해제되는 조항이 추가되었다. ⑫ 공소외 15가 2018. 9. 18. 오후 6:38에 공소외 14에게 이메일로 발송한 계약서 초안 : 위 ⑪항과 동일하다(⑪항 계약서는 변경내용의 추적이 적용된 ‘마크업본’, ⑩항 계약서는 변경내용의 추적이 적용되지 않은 ‘클린본’임). ⑬ 공소외 14가 2018. 9. 19. 공소외 15에게 이메일로 발송한 계약서 초안 : 위 공소외 3 회사 및 공소외 6 회사 주식매매계약서 제7조 제1항 ","회사(공소외 1 회사)는 □□□의 명칭을 차용한 암호화화폐를 발행하고, ICO를 통해 해당 암호화화폐를 □□□가 운영하는 암호화화폐거래소(웹사이트 주소 생략) 또는 당사자들이 달리 합의하는 글로벌거래소에서 거래할 수 있도록 하는 권한을 가지고 있다",미검수
법제처 OPEN API/prec,601925,2023나23134,보험금,https://www.law.go.kr/DRF/lawService.do?OC=test&target=prec&ID=601925&type=HTML,(조 번호 미표기),(판단 불명확),판단 불명확,,,,"쳤다. 3) 원고는 2017. 6.경 피고보조참가인과 이 사건 아파트에 관한 임대차계약을 차임 없이 임대차보증금 250,000,000원, 임대기간 2017. 7. 2.부터 2019. 7. 1.까지로 정하여 갱신하였고, 2019. 6.경 위 임대차계약은 그 임대기간을 2021. 7. 1.까지로 하여 다시 갱신되었다(이하 위와 같이 최종갱신된 임대차계약을 ‘이 사건 임대차계약’이라 하고, 그 임대차보증금을 ‘이 사건 임대차보증금’이라 한다). 나. 전세금신용보험계약의 체결과 갱신 1) 원고는 2015. 7.경 및 2019. 7.경 피고와 이 사건 아파트에 관한 위 임대차보증금에 대하여 아래와 같은 내용의 각 전세금보장신용보험계약을 체결하고, 그 신용보험증권을 수령하였다(이하 ‘이 사건 보증보험계약’이라 한다). 2) 이 사건 보증보험계약의 보통약관(이하 ‘이 사건 약관’이라 한다) 중 이 사건과 관련한 주요내용은 아래와 같다. ■ 전세금보장신용보험 보통약관제2조(보상하는 손해)보험회사는 채무자인 임대인이 임대차계약에서 정한 채무를 이행하지 아니하여 다음과 같은 보험사고가 발생함으로써 채권자인 임차인이 입은 손해를 보험증권에 기재된 내용과 이 약관에 따라 보상하여 드립니다[이하 보험회사는 ‘회사’, 채무자인 임대인(임대차계약상 임차보증금 반환 채무자 포함)은 ‘임대인’, 채권자인 임차인은 보험계약자 겸 피보험자로서 ‘계약자’, 임대차계약의 목적물인 주택 또는 주택 이외의 건물은 ‘임차목적물’, 보험계약은 ‘계약’이라 한다]. 1. 임대차계약이 해지 또는 종료된 후 30일(주택 이외의 건물인 경우 60일)이 경과하였음에도 계약자가 임차보증금을 반환받지 못한 때 2. 임차목적물에 대하여 경매 또는 공매에 의한 임대차기간 중의 배당실시 후 계약자가 임차보증금을 반환받지 못한 때 3. 제1호, 제2호의 사유 이외에 임대인이 임차보증금을 반환할 사유가 발생하였음에도 계약자가 임차보증금을 반환받지 못한 때제3조(보상하지 않는 손해)② 회사는 제20조(계약의 변경 및 갱신)에 규정한 사유가 발생하였음에도 이 계약을 갱신 또는 변경하지 않은 상태에서 발생한 손해는 보상하지 않습니다.제6조(보험금의 청구)② 회사는 제1항에 따른 보험금 청구를 받은 후 지체 없이 지급할 보험금을 결정하고 지급할 보험금이 결정되면 7일 이내에 이를 지급하여 드립니다.③ 제2항의 보험금은 계약자가 임대차계약에서 정한 임차목적물을 명도하는 때에 지급하여 드립니다.⑦ 회사가 제2항의 지급보험금 및 제4항의 가지급보험금이 결정된 후 7일(이하 ‘지급기일’이라 한다)이 지나도록 보험금을 지급하지 않았을 때에는 지급기일의 다음날부터 지급일까지의 기간에 대하여 〈붙임표〉 ‘보험금을 지급할 때의 적립이율’에 따라 연단위 복리로 계산한 금액을 보험금에 더하여 지급합니다. 그러나 계약자의 책임 있는 사유로 지체된 경우에는 그 해당 기간에 대한 이자를 더하여 지급하지 않습니다.제7조(보험금 지급액)① 회사가 지급할 보험금은 임대인이 임대차계약에서 정한 채무를 이행하지 아니함으로써 계약자가 임대인으로부터 회수하여야 할 임대차보증금(임대차계약에 임차보증금에 대한 지연손해금 조항이 있는 경우에는 동 지연손해금을 포함) 중 미회수금액으로 합니다. 다만, 임대인이 계약자에 대하여 임차보증금과 공제 또는 상계할 수 있는 채권은 차감하고 지급합니다.③ 제1항, 제2항의 지급보험금은 보험가입금액을 한도로 합니다.제11조(계약 후 알릴의무)① 이 계약을 체결한 후 아래와 같은 사실이 생긴 경우 계약자는 지체 없이 서면으로 회사에 알리고 보험증권에 확인을 받아야 합니다. 1. 청약서의 기재사항을 변경하고자 할 때 또는 변경이 생겼음을 알았을 때 2. 임대인의 변경 3. 계약자의 변경 4. 임대차계약 또는 법","라 하고, 그 임대차보증금을 ‘이 사건 임대차보증금",미검수
법제처 OPEN API/prec,601925,2023나23134,보험금,https://www.law.go.kr/DRF/lawService.do?OC=test&target=prec&ID=601925&type=HTML,(조 번호 미표기),(판단 불명확),판단 불명확,,,,"같이 최종갱신된 임대차계약을 ‘이 사건 임대차계약’이라 하고, 그 임대차보증금을 ‘이 사건 임대차보증금’이라 한다). 나. 전세금신용보험계약의 체결과 갱신 1) 원고는 2015. 7.경 및 2019. 7.경 피고와 이 사건 아파트에 관한 위 임대차보증금에 대하여 아래와 같은 내용의 각 전세금보장신용보험계약을 체결하고, 그 신용보험증권을 수령하였다(이하 ‘이 사건 보증보험계약’이라 한다). 2) 이 사건 보증보험계약의 보통약관(이하 ‘이 사건 약관’이라 한다) 중 이 사건과 관련한 주요내용은 아래와 같다. ■ 전세금보장신용보험 보통약관제2조(보상하는 손해)보험회사는 채무자인 임대인이 임대차계약에서 정한 채무를 이행하지 아니하여 다음과 같은 보험사고가 발생함으로써 채권자인 임차인이 입은 손해를 보험증권에 기재된 내용과 이 약관에 따라 보상하여 드립니다[이하 보험회사는 ‘회사’, 채무자인 임대인(임대차계약상 임차보증금 반환 채무자 포함)은 ‘임대인’, 채권자인 임차인은 보험계약자 겸 피보험자로서 ‘계약자’, 임대차계약의 목적물인 주택 또는 주택 이외의 건물은 ‘임차목적물’, 보험계약은 ‘계약’이라 한다]. 1. 임대차계약이 해지 또는 종료된 후 30일(주택 이외의 건물인 경우 60일)이 경과하였음에도 계약자가 임차보증금을 반환받지 못한 때 2. 임차목적물에 대하여 경매 또는 공매에 의한 임대차기간 중의 배당실시 후 계약자가 임차보증금을 반환받지 못한 때 3. 제1호, 제2호의 사유 이외에 임대인이 임차보증금을 반환할 사유가 발생하였음에도 계약자가 임차보증금을 반환받지 못한 때제3조(보상하지 않는 손해)② 회사는 제20조(계약의 변경 및 갱신)에 규정한 사유가 발생하였음에도 이 계약을 갱신 또는 변경하지 않은 상태에서 발생한 손해는 보상하지 않습니다.제6조(보험금의 청구)② 회사는 제1항에 따른 보험금 청구를 받은 후 지체 없이 지급할 보험금을 결정하고 지급할 보험금이 결정되면 7일 이내에 이를 지급하여 드립니다.③ 제2항의 보험금은 계약자가 임대차계약에서 정한 임차목적물을 명도하는 때에 지급하여 드립니다.⑦ 회사가 제2항의 지급보험금 및 제4항의 가지급보험금이 결정된 후 7일(이하 ‘지급기일’이라 한다)이 지나도록 보험금을 지급하지 않았을 때에는 지급기일의 다음날부터 지급일까지의 기간에 대하여 〈붙임표〉 ‘보험금을 지급할 때의 적립이율’에 따라 연단위 복리로 계산한 금액을 보험금에 더하여 지급합니다. 그러나 계약자의 책임 있는 사유로 지체된 경우에는 그 해당 기간에 대한 이자를 더하여 지급하지 않습니다.제7조(보험금 지급액)① 회사가 지급할 보험금은 임대인이 임대차계약에서 정한 채무를 이행하지 아니함으로써 계약자가 임대인으로부터 회수하여야 할 임대차보증금(임대차계약에 임차보증금에 대한 지연손해금 조항이 있는 경우에는 동 지연손해금을 포함) 중 미회수금액으로 합니다. 다만, 임대인이 계약자에 대하여 임차보증금과 공제 또는 상계할 수 있는 채권은 차감하고 지급합니다.③ 제1항, 제2항의 지급보험금은 보험가입금액을 한도로 합니다.제11조(계약 후 알릴의무)① 이 계약을 체결한 후 아래와 같은 사실이 생긴 경우 계약자는 지체 없이 서면으로 회사에 알리고 보험증권에 확인을 받아야 합니다. 1. 청약서의 기재사항을 변경하고자 할 때 또는 변경이 생겼음을 알았을 때 2. 임대인의 변경 3. 계약자의 변경 4. 임대차계약 또는 법령상 의무의 금액, 기간 등 회사의 보험금 지급의무 발생에 중대한 영향을 미치는사항② 회사는 제1항에 따라 계약자가 변경사실을 통보한 경우에는 1개월 이내에 승인 여부를 결정하여 보험료를 더 받거나, 돌려드릴 수 있습니다.③ 계약자가 제1항에 따라 변경사실을 알리지 아니하거나 회사의 승인을 받지 못한 경우에 회사는 임대차계약 또는 법령",라 한다). 2) 이 사건 보증보험계약의 보통약관(이하,미검수
법제처 OPEN API/prec,601925,2023나23134,보험금,https://www.law.go.kr/DRF/lawService.do?OC=test&target=prec&ID=601925&type=HTML,(조 번호 미표기),(판단 불명확),판단 불명확,,,,"이 사건 임대차보증금’이라 한다). 나. 전세금신용보험계약의 체결과 갱신 1) 원고는 2015. 7.경 및 2019. 7.경 피고와 이 사건 아파트에 관한 위 임대차보증금에 대하여 아래와 같은 내용의 각 전세금보장신용보험계약을 체결하고, 그 신용보험증권을 수령하였다(이하 ‘이 사건 보증보험계약’이라 한다). 2) 이 사건 보증보험계약의 보통약관(이하 ‘이 사건 약관’이라 한다) 중 이 사건과 관련한 주요내용은 아래와 같다. ■ 전세금보장신용보험 보통약관제2조(보상하는 손해)보험회사는 채무자인 임대인이 임대차계약에서 정한 채무를 이행하지 아니하여 다음과 같은 보험사고가 발생함으로써 채권자인 임차인이 입은 손해를 보험증권에 기재된 내용과 이 약관에 따라 보상하여 드립니다[이하 보험회사는 ‘회사’, 채무자인 임대인(임대차계약상 임차보증금 반환 채무자 포함)은 ‘임대인’, 채권자인 임차인은 보험계약자 겸 피보험자로서 ‘계약자’, 임대차계약의 목적물인 주택 또는 주택 이외의 건물은 ‘임차목적물’, 보험계약은 ‘계약’이라 한다]. 1. 임대차계약이 해지 또는 종료된 후 30일(주택 이외의 건물인 경우 60일)이 경과하였음에도 계약자가 임차보증금을 반환받지 못한 때 2. 임차목적물에 대하여 경매 또는 공매에 의한 임대차기간 중의 배당실시 후 계약자가 임차보증금을 반환받지 못한 때 3. 제1호, 제2호의 사유 이외에 임대인이 임차보증금을 반환할 사유가 발생하였음에도 계약자가 임차보증금을 반환받지 못한 때제3조(보상하지 않는 손해)② 회사는 제20조(계약의 변경 및 갱신)에 규정한 사유가 발생하였음에도 이 계약을 갱신 또는 변경하지 않은 상태에서 발생한 손해는 보상하지 않습니다.제6조(보험금의 청구)② 회사는 제1항에 따른 보험금 청구를 받은 후 지체 없이 지급할 보험금을 결정하고 지급할 보험금이 결정되면 7일 이내에 이를 지급하여 드립니다.③ 제2항의 보험금은 계약자가 임대차계약에서 정한 임차목적물을 명도하는 때에 지급하여 드립니다.⑦ 회사가 제2항의 지급보험금 및 제4항의 가지급보험금이 결정된 후 7일(이하 ‘지급기일’이라 한다)이 지나도록 보험금을 지급하지 않았을 때에는 지급기일의 다음날부터 지급일까지의 기간에 대하여 〈붙임표〉 ‘보험금을 지급할 때의 적립이율’에 따라 연단위 복리로 계산한 금액을 보험금에 더하여 지급합니다. 그러나 계약자의 책임 있는 사유로 지체된 경우에는 그 해당 기간에 대한 이자를 더하여 지급하지 않습니다.제7조(보험금 지급액)① 회사가 지급할 보험금은 임대인이 임대차계약에서 정한 채무를 이행하지 아니함으로써 계약자가 임대인으로부터 회수하여야 할 임대차보증금(임대차계약에 임차보증금에 대한 지연손해금 조항이 있는 경우에는 동 지연손해금을 포함) 중 미회수금액으로 합니다. 다만, 임대인이 계약자에 대하여 임차보증금과 공제 또는 상계할 수 있는 채권은 차감하고 지급합니다.③ 제1항, 제2항의 지급보험금은 보험가입금액을 한도로 합니다.제11조(계약 후 알릴의무)① 이 계약을 체결한 후 아래와 같은 사실이 생긴 경우 계약자는 지체 없이 서면으로 회사에 알리고 보험증권에 확인을 받아야 합니다. 1. 청약서의 기재사항을 변경하고자 할 때 또는 변경이 생겼음을 알았을 때 2. 임대인의 변경 3. 계약자의 변경 4. 임대차계약 또는 법령상 의무의 금액, 기간 등 회사의 보험금 지급의무 발생에 중대한 영향을 미치는사항② 회사는 제1항에 따라 계약자가 변경사실을 통보한 경우에는 1개월 이내에 승인 여부를 결정하여 보험료를 더 받거나, 돌려드릴 수 있습니다.③ 계약자가 제1항에 따라 변경사실을 알리지 아니하거나 회사의 승인을 받지 못한 경우에 회사는 임대차계약 또는 법령상의 의무를 변경시킴으로써 증가된 손해는 보상하지 않습니다.제20조(계약의 변경 및 갱신)이 계약에 관하여 다음과 같은 사유가 발생할 때에는 이 계약을 갱신하거나 변경하여야만 합니다. 1. 계약자와 임대인 간에 새로운 임대차계약이 체결되거나, 임대차계약 또는 법에 의하여 임대차기간이 자동연장될 때 2. 임차목적물이 매매, 증여, 상속 또는",라 한다) 중 이 사건과 관련한 주요내용은 아래와 같다. ■ 전세금보장신용보험 보통약관제2조(보상하는 손해)보험회사는 채무자인 임대인이 임대차계약에서 정한 채무를 이행하지 아니하여 다음과 같은 보험사고가 발생함으로써 채권자인 임차인이 입은 손해를 보험증권에 기재된 내용과 이 약관에 따라 보상하여 드립니다[이하 보험회사는,미검수
법제처 OPEN API/prec,601925,2023나23134,보험금,https://www.law.go.kr/DRF/lawService.do?OC=test&target=prec&ID=601925&type=HTML,(조 번호 미표기),(판단 불명확),판단 불명확,,,,"증금반환채무는 소멸하지 아니한다(대법원 2003. 7. 25. 선고 2003다2918 판결 등 참조). 나. 구체적 판단 피고보조참가인과 소외 1이 이 사건 매매계약을 체결하면서, 위 매매계약 제1조에서 소외 1이 이 사건 임대차보증금 250,000,000원을 승계하는 대신 그 금액을 매매대금에서 공제하기로 정하는 한편, 특약사항 제6항에서 ‘원고와의 이 사건 임대차계약을 승계하여 임대인의 지위와 의무를 인수인계하기로’ 정한 사실(이하 위 각 조항을 통틀어 ‘이 사건 인수조항’이라 한다)은 앞서 본 바와 같다. 위 법리에 비추어 살피건대, 앞서 본 기초사실과 위 인정사실, 앞서 든 증거들, 을가 제3 내지 5호증, 을나 제3 내지 5, 7, 8, 10, 11, 13, 14, 16, 17호증의 각 기재 내지 영상, 제1심증인 소외 4의 증언 및 변론 전체의 취지를 종합하여 알 수 있는 아래와 같은 사정들에 비추어 보면, 원고는 소외 1이 이 사건 인수조항에 따라 이 사건 임대차계약상 임대인 지위를 승계하여 이 사건 임대차보증금 반환채무를 면책적으로 인수하는 것에 관하여 묵시적으로나마 승낙하였다고 봄이 타당하다. ① 아래와 같은 사정들을 종합하면, 원고는 단순히 이 사건 임대차보증금 승계에 관한 통지를 받고 소극적으로 이의를 제기하지 않은 데 그친 것이 아니라, 상당한 기간에 걸쳐 일관된 언동을 통하여 이 사건 임대차보증금 승계에 관하여 적극적으로 인정하여 왔다고 보아야 한다. ㉮ 앞서 기초사실에서 본 바와 같이 원고 사택 담당자는 이 사건 매매계약 체결 전인 2020. 11. 30. 피고보조참가인과 문자메시지로 이 사건 아파트의 매매에 관한 이야기를 나누었고, 이 사건 매매계약 체결을 전후한 2020. 12. 9.부터 2020. 12. 11.까지 사이에는 피고보조참가인 및 이 사건 중개인과 여러 차례 전화 통화를 하고 문자메시지를 주고받았다. 이러한 상호간의 대화 과정에서 원고 사택 담당자는 이 사건 인수조항의 내용을 들었을 뿐만 아니라 피고보조참가인 측에 그에 대한 입장을 충분히 표명한 것으로 볼 수 있다. 특히 원고 사택 담당자는 2020. 12. 10. 이 사건 중개인에게 이 사건 임대차계약서 사진을 문자메시지로 전송하여 주었는데, 원고가 이 사건 매매계약에 기한 이 사건 임대차보증금 승계에 대하여 인정하는 것이 아니라면 원고로서는 피고보조참가인에 대하여 임대차보증금을 반환받기만 하면 될 뿐이어서, 굳이 원고 사택 담당자가 이 사건 매매계약 과정에 참조하도록 이 사건 임대차계약서를 전송하여 줄 이유가 없어 보인다. 이러한 점에서 위와 같은 이 사건 임대차계약서 전송은 원고가 이 사건 임대차보증금 승계를 인정하는 것을 전제로 한 행위로 보는 것이 합리적이다. 한편 원고는, 이 사건 중개인이 원고 사택 담당자에게 ‘피고보조참가인이 보증금 반환의무를 면한다’는 내용을 명시적으로 설명한 적이 없다는 취지로도 주장한다. 그러나 이 사건 중개인은 피고보조참가인과 소외 1 사이의 이 사건 매매계약의 체결을 중개한 사람으로서, 이 사건 아파트에 관한 가계약이 체결된 시점부터 이 사건 매매계약의 체결이 완료될 때까지 원고와 계속적으로 통화를 주고받았다. 원고는 이 사건 매매계약의 당사자도 아니고, 다만 이 사건 매매계약 중 이 사건 임대차보증금에 관한 이 사건 인수조항과 관련하여 임차인으로서의 이해관계가 존재하는 사람일 뿐인바, 이 사건 중개인이 위와 같은 지위에 있는 원고와 계속 연락을 주고받으면서 이 사건 인수조항의 내용, 특히 매매목적물에 관한 임대차보증금의 반환 주체를 보다 명확하게 표시하기 위하여 특별히 약정한 이 사건 인수조항의 내용을 임차인인 원고에게 설명하지 않았다고 보는 것은 쉽게 납득하기 어렵다. 따라서 원고의 위 주장은 받아들이기 어렵다. ㉯ 앞서 ",정한 사실(이하 위 각 조항을 통틀어,미검수
법제처 OPEN API/prec,241399,2022누56601,부당해고구제재심판정취소,https://www.law.go.kr/DRF/lawService.do?OC=test&target=prec&ID=241399&type=HTML,(조 번호 미표기),(판단 불명확),판단 불명확,,,,"의 권리와 의무 및 필요한 제반사항을 규정하는데 그 목적이 있다.?제2조(서비스의 정의)""서비스""란 ""원고""가 여객자동차운수사업법, 동법 시행령 및 동법 시행규칙에 의거하여 승합자동차에 한해 운전기사 알선을 포함해 차량을 임대하는 것을 말한다.""서비스""의 구체적인 내용은 ""소외 1 회사""의 본 계약 외 별도의 문서(이하 ""기사알선포함 승합자동차 대여서비스 이용약관""이라 한다)를 통해서 확정하며 ""서비스""의 내용이 변경되는 경우에도 ""기사알선포함 승합자동차 대여서비스 이용약관""을 수정하여 변경·확정한다.?제3조(예약중개의 내용)""소외 1 회사""가 수행할 ""서비스"" 중개업무의 범위는 다음과 같으며, ""소외 1 회사""는 동 ""서비스"" 중개업무의 구체적인 수행 방안에 관하여 사전에 ""원고""의 승인을 받아야 한다.1. 이용객의 모집 및 회원가입2. 이용객의 ""서비스"" 이용 도움3. 이용객의 ""서비스"" 이용 계약서 작성 관련 업무4. 이용객의 ""서비스"" 이용 대금 결제대행 업무5. ""서비스"" 이용 대금에 포함된 운전용역 관련 비용의 정산 대행 업무6. 이용객과 분쟁 발생 시, 그에 대한 응대 업무7. 서비스의 활성화를 위하여 ""원고""와 ""소외 1 회사""가 합의하는 제반 업무8. 이용객의 ""서비스"" 이용과 관련해 수집된 정보 중, ""원고""와 ""소외 1 회사""가 합의한 정보의 제공?제4조(예약중개 수수료)① ""소외 1 회사""의 예약중개 수수료는 ""서비스"" 이용금액의 10%로 한다.(부가세 별도)② 예약중개 수수료는 ""서비스"" 실적에 따라 상호 협의를 통해 변경될 수 있다.③ ""소외 1 회사""는 전월 1일부터 말일까지 ""서비스""로 인해 발생한 예약중개 수수료 정산내역 및 ""원고""를 대신하여 운전용역 관련 업체에 정산할 운전용역 관련 비용 정산내역을 익월 10일까지 ""원고""에 통지한다.④ ""소외 1 회사""는 ""원고""가 정산내역을 승인한 날로부터 5일 이내에 예약중개 수수료를 제외한 ""원고""의 매출을 ""원고""가 지정한 계좌로 입금한다.⑤ 운전용역 관련 비용은 ""원고""가 정산내역을 승인한 날로부터 5일 이내에 ""소외 1 회사""가 지정한 계좌로 입금하고, ""소외 1 회사""는 이를 지체 없이 ""원고""가 지정한 운전용역 관련 업체에 지급한다. 라) 원고는 2019. 4. 15. 소외 2 회사와 다음과 같은 내용의 ‘임차인 알선 및 운전용역 제공 계약’을 체결하였다. 제1조(목적)본 계약은 ‘원고’가 ‘임차인’에게 차량 대여 시 ‘임차인’의 요청에 따라, 차량을 운행할 운전자로 ‘소외 2 회사’를 알선(소개)하고, ‘소외 2 회사’가 전속 운전기사를 통하여 ‘임차인’의 주문 내용에 따라 차량 운행 서비스를 제공하며, 플랫폼을 통해 ‘원고’의 차량 임대 및 운전기사 알선을 중개하는 ‘원고’의 ‘협력업체’가 임차인으로부터 운전용역대금을 지급받아 이를 ‘소외 2 회사’에게 지급(수령대행)하고, ‘소외 2 회사’가 ‘원고’에게 알선에 대한 수수료를 지급하는 것과 관련하여 양자의 권리와 의무 등 필요 제반 사항을 규정하는 데에 그 목적을 둔다.?제2조(차량 운전자 알선)‘원고’는 ‘임차인’이 ‘원고’로부터 차량을 임차하면서 ‘원고’에게 대여 차량을 운행할 운전자 알선을 요청하면, 그에 따라 ‘임차인’에게 여객자동차 운수사업법 등 관련 법령의 허용 범위 내에서 ‘소외 2 회사’를 소개, 주선한다.?제3조(차량 운행 서비스)① ‘소외 2 회사’는 ‘원고’로부터 알선받은 ‘임차인’에게 차량 운전용역을 제공한다.② ‘원고’가 알선한 ‘임차인’에 대하여 ‘소외 2 회사’가 수행하여야 하는 차량 운전용역의 내용은 다음과 같이 정한다. 1. ‘임차인’으로부터 주문이 있을 경우 차고지로부터 ‘임차인’ 승차지점까지 차량을 이동 2. ‘임차인’의 주문(시간, 장소 ","라 한다)를 통해서 확정하며 ""서비스",미검수
법제처 OPEN API/prec,241399,2022누56601,부당해고구제재심판정취소,https://www.law.go.kr/DRF/lawService.do?OC=test&target=prec&ID=241399&type=HTML,(조 번호 미표기),(판단 불명확),판단 불명확,,,,"객자동차운수사업법, 동법 시행령 및 동법 시행규칙에 의거하여 승합자동차에 한해 운전기사 알선을 포함해 차량을 임대하는 것을 말한다.""서비스""의 구체적인 내용은 ""소외 1 회사""의 본 계약 외 별도의 문서(이하 ""기사알선포함 승합자동차 대여서비스 이용약관""이라 한다)를 통해서 확정하며 ""서비스""의 내용이 변경되는 경우에도 ""기사알선포함 승합자동차 대여서비스 이용약관""을 수정하여 변경·확정한다.?제3조(예약중개의 내용)""소외 1 회사""가 수행할 ""서비스"" 중개업무의 범위는 다음과 같으며, ""소외 1 회사""는 동 ""서비스"" 중개업무의 구체적인 수행 방안에 관하여 사전에 ""원고""의 승인을 받아야 한다.1. 이용객의 모집 및 회원가입2. 이용객의 ""서비스"" 이용 도움3. 이용객의 ""서비스"" 이용 계약서 작성 관련 업무4. 이용객의 ""서비스"" 이용 대금 결제대행 업무5. ""서비스"" 이용 대금에 포함된 운전용역 관련 비용의 정산 대행 업무6. 이용객과 분쟁 발생 시, 그에 대한 응대 업무7. 서비스의 활성화를 위하여 ""원고""와 ""소외 1 회사""가 합의하는 제반 업무8. 이용객의 ""서비스"" 이용과 관련해 수집된 정보 중, ""원고""와 ""소외 1 회사""가 합의한 정보의 제공?제4조(예약중개 수수료)① ""소외 1 회사""의 예약중개 수수료는 ""서비스"" 이용금액의 10%로 한다.(부가세 별도)② 예약중개 수수료는 ""서비스"" 실적에 따라 상호 협의를 통해 변경될 수 있다.③ ""소외 1 회사""는 전월 1일부터 말일까지 ""서비스""로 인해 발생한 예약중개 수수료 정산내역 및 ""원고""를 대신하여 운전용역 관련 업체에 정산할 운전용역 관련 비용 정산내역을 익월 10일까지 ""원고""에 통지한다.④ ""소외 1 회사""는 ""원고""가 정산내역을 승인한 날로부터 5일 이내에 예약중개 수수료를 제외한 ""원고""의 매출을 ""원고""가 지정한 계좌로 입금한다.⑤ 운전용역 관련 비용은 ""원고""가 정산내역을 승인한 날로부터 5일 이내에 ""소외 1 회사""가 지정한 계좌로 입금하고, ""소외 1 회사""는 이를 지체 없이 ""원고""가 지정한 운전용역 관련 업체에 지급한다. 라) 원고는 2019. 4. 15. 소외 2 회사와 다음과 같은 내용의 ‘임차인 알선 및 운전용역 제공 계약’을 체결하였다. 제1조(목적)본 계약은 ‘원고’가 ‘임차인’에게 차량 대여 시 ‘임차인’의 요청에 따라, 차량을 운행할 운전자로 ‘소외 2 회사’를 알선(소개)하고, ‘소외 2 회사’가 전속 운전기사를 통하여 ‘임차인’의 주문 내용에 따라 차량 운행 서비스를 제공하며, 플랫폼을 통해 ‘원고’의 차량 임대 및 운전기사 알선을 중개하는 ‘원고’의 ‘협력업체’가 임차인으로부터 운전용역대금을 지급받아 이를 ‘소외 2 회사’에게 지급(수령대행)하고, ‘소외 2 회사’가 ‘원고’에게 알선에 대한 수수료를 지급하는 것과 관련하여 양자의 권리와 의무 등 필요 제반 사항을 규정하는 데에 그 목적을 둔다.?제2조(차량 운전자 알선)‘원고’는 ‘임차인’이 ‘원고’로부터 차량을 임차하면서 ‘원고’에게 대여 차량을 운행할 운전자 알선을 요청하면, 그에 따라 ‘임차인’에게 여객자동차 운수사업법 등 관련 법령의 허용 범위 내에서 ‘소외 2 회사’를 소개, 주선한다.?제3조(차량 운행 서비스)① ‘소외 2 회사’는 ‘원고’로부터 알선받은 ‘임차인’에게 차량 운전용역을 제공한다.② ‘원고’가 알선한 ‘임차인’에 대하여 ‘소외 2 회사’가 수행하여야 하는 차량 운전용역의 내용은 다음과 같이 정한다. 1. ‘임차인’으로부터 주문이 있을 경우 차고지로부터 ‘임차인’ 승차지점까지 차량을 이동 2. ‘임차인’의 주문(시간, 장소 등)에 따라 대여 차량을 운전 3. ‘임차인’이 하차한 후 임차인을 대신하여 차량을 차고지에 반납 4. 기타 운전용역 업무에 부",수정하여 변경·확정한다.?제3조(예약중개의 내용),미검수
법제처 OPEN API/prec,241399,2022누56601,부당해고구제재심판정취소,https://www.law.go.kr/DRF/lawService.do?OC=test&target=prec&ID=241399&type=HTML,(조 번호 미표기),(판단 불명확),판단 불명확,,,," 운행시간내에서 매주 선택가능하다. 다. 차고지마다 최대운행시간 상이하다.?제5조(계약금액 및 지급방법)가. 계약금액 : 시간당 10,000원(피크시간 12,000원) * 운행시간 - 일 최대 운행시간 중 운행시간이 80% 이상일 때 1시간 수당 추가 지급 사) △△ 서비스 이용자들은 회원가입 시 원고와 이용자 사이의 ‘기사 알선포함 승합자동차 대여서비스 이용약관’과 소외 1 회사와 이용자 사이의 ‘△△ 서비스 이용약관’에 각각 동의하였다. 2) 프리랜서 드라이버의 모집 가) 원고는 △△ 드라이버를 직접 고용하지 않고 파견업체로부터 파견 형식으로 공급받거나 프리랜서 드라이버를 관리하는 협력업체로부터 프리랜서 방식으로 공급받았다. 나) 협력업체들은 인터넷 채용사이트나 △△ 서비스 홈페이지 등을 통해 프리랜서 드라이버를 모집하고 프리랜서 드라이버와 계약을 체결하였다. 다) 원고는 협력업체들과의 협의를 거쳐 각 차고지에 배정할 차량 대수를 결정하고, 협력업체들은 차량 대수에 따라 프리랜서 드라이버를 모집하였다. 라) 협력업체들은 신규 프리랜서 드라이버에 대한 교육을 실시한 후 소외 1 회사에 해당 드라이버의 성명과 전화번호 정보를 전달한다. 소외 1 회사는 협력업체로부터 제공받은 정보로 △△ 앱 ID를 생성하여 협력업체에 통보하고, 협력업체는 위 ID를 프리랜서 드라이버에게 제공하였다. 마) 소외 1 회사의 드라이버 G＆M팀 소속 소외 3은 2019. 12. 협력업체들에게 ‘협력사 모집 프로세스 가이드’ 자료와 함께 다음과 같은 메시지를 보냈다. 드라이버 매니지먼트팀 소외 3입니다. 제가 금일까지 몇몇 협력사 현장 방문을 통해 각기 다른 모집 프로세스로 진행 중인 것을 확인했습니다. 이를 토대로 통일된 새로운 협력사 드라이버 모집 프로세스 가이드를 배포하오니, 금일 이후 진행되는 모집 시에 적용하여 주시기 바랍니다. 이는 필수사항입니다!!!!!ㆍ 아울러 각 협력사의 모집 담당자분들께서는 본 가이드 정독 후 각 협력사 현황을 고려하여 자유양식으로 실행 계획을 작성하시어 저에게 DM으로 보내주시기 바랍니다. 기한: 2019. 12. 31. 마지막날까지. 회신 주신 내용을 토대로 여러 가지 현장 지원 및 적용 어드바이스를 구상 예정입니다. (중략)신청을 안 하셔도 1월부터 순차적으로 현장 적용 여부 점검을 계획 중이니 자발적인 참여를 하여 주시기 바랍니다. 바) 소외 1 회사는 △△ 드라이버의 운행제한 이력을 협력업체들과 공유하였다. 이와 관련하여 소외 1 회사는 협력업체들에 다음과 같은 이메일을 보냈다. 드라이버 구인 전 각 협력사에서 요청하고 있는 운행제한 이력 확인과 관련하여 메일 드립니다. 하기 내용을 참고하시고 10/4부터 협력사별 폴더 내 시트를 활용하시면 되겠습니다.1. 운행제한 이력 공유 시행 배경 - 운행제한 이력이 있는 드라이버가 협력사를 변경하여 재운행하는 사례 증가 - 해당 드라이버들의 이용자 응대 이슈, 난폭운전 등 사례 재발생2. 검색시트의 활용 방법 1) 운행제한 이력이 없을 경우 - 성명, 연락처, 생년월일 확인 시 결과란에 ‘미일치’로 검색됨. 2) 운행제한 이력이 있을 경우 - 성명, 연락처, 생년월일 확인 시 결과란에 ‘일치’로 검색됨 3) 프리랜서 드라이버의 배치 가) △△ 드라이버는 △△ 차량을 기준으로 2교대로 나누어 근무하고, 근무조는 차량 출발 시각을 기준으로 6:00, 7:00, 12:00, 15:00, 16:00, 17:00, 22:00, 23:00 등으로 나누어진다. 나) 소외 1 회사가 매주 각 협력업체에 차고지, 차량번호 등이 기재되어 있고 드라이버 관련 정보는 공란으로 되어 있는 배차표 양식을 보내면, 각 협력업체는 소속 프리랜서 드라이버들로부터 운행을 희망하는 요일, 시간대,",과 소외 1 회사와 이용자 사이의 ‘△△ 서비스 이용약관,미검수
