source,case_seq,case_no,case_name,doc_url,clause_title,opinion,opinion_source,gold_risk_level_candidate,articles,gold_risk_type_candidates,rationale,clause_text,review_status
법제처 OPEN API/prec,618569,2024가합22393,부당이득금·손해배상등,https://www.law.go.kr/DRF/lawService.do?OC=test&target=prec&ID=618569&type=HTML,제23조,위험,판례 문맥 추론 · 신호 혼재,위험,,,"고 2013다214864 판결, 대법원 2017. 4. 13. 선고 2016다274904 판결 등 참조). 나) 구체적 판단 위 법리에 비추어 이 사건 이용약관 제23조 중 이 사건과 관련된 주요규정에 관하여 살피건대, 아래와 같은 사실 내지 사정을 고려하면, 위 규정들이 신의성실의 원칙에 반하여 공정을 잃은 약관에 해당한다고 볼 수는 없다. (1) 이 사건 이용약관 제23조 제2항 (l)은 ""기타 원고의 단독 재량으로 계정, 플랫폼 또는 약관의 해지 또는 정지가 필요하다고 판단하는 경우""로 해석되므로, 문언에 의하면 가상자산 거래소인 원고에게 별다른 제한 없이 거래소 이용자들의 이용을 제한할 수 있는 무분별한 재량을 부과하는 것으로서, 일응 약관법 제6조 제2항 제1호에 위반되는 것으로 해석될 여지가 있다. 그러나 위 조항은 원고가 이용자들에게 이용제한을 가할 수 있는 구체적인 사유를 규정하고 있는 이 사건 이용약관 제23조 제2항 각 호 중 마지막 호에 위치하여, 각 호 조항과 병렬적으로 규정되어 있다. 따라서 위 조항의 문언과 함께 다른 조항과의 관계를 유기적으로 해석하면, 위 조항은 원고에게 무분별한 재량을 부과하는 조항이라기보다는 원고가 판단할 때, 제23조 제2항 각 호 사유에 해당하지 않으나 이에 준하는 사유라고 봄이 상당한 경우를 의미한다고 해석함이 상당하며, 위와 같이 해석하는 경우 이용자에게 부당하게 불리하다고 볼 수 없다. (2) 이 사건 이용약관 제23조 제2항 (c)는 ""원고는 이용자가 보유한 가상자산이 범죄 수익 또는 위법하게 소유하였다는 점을 알거나 의심하는 경우""로 해석되고, 제23조 제2항 (f)는 ""원고가 독단적으로 판단하기에 이용자의 행위가 이용자, 플랫폼, 플랫폼의 다른 이용자에게 법적 책임을 유발할 수 있는 때""로 해석된다. 위 조항들은 위 규정에서 정한 사유의 발생 여부에 관한 판단 주체를 원고로 정하여 이용자들에게 다소 불이익한 측면이 있다. 그러나 ① 24시간 온라인 디지털 시장에서 국제적으로 거래되는 암호화폐 등 가상자산의 특성상 가상자산은 사기, 시세조종, 자금세탁, 불법거래 등의 범죄에 이용되거나 범죄로 인한 수익을 은닉하는 데에 이용되는 경우가 빈번한 점, ② 피해자가 가해자 또는 계좌명의인에 대하여 불법행위에 기한 손해배상청구권 또는 부당이득반환청구권을 가진다고 하더라도 계정의 거래가 정지되지 않아 피해금이 인출되어 버릴 경우 피해자가 사실상 구제받기 어려운 경우가 발생할 수 있는 점, ③ 위와 같은 범죄로 인한 피해를 최소화하고 투명한 금융거래질서를 확립하기 위하여 범죄와 관련되거나 관련되어 있다고 합리적으로 의심되는 계정의 거래를 정지하는 등 신속히 대처할 필요성이 인정되는 점, ④ 탈중앙화라는 가상자산의 특성상, 조기에 가상자산을 실질적으로 관리할 수 있는 주체는 해당 가상자산의 거래가 이루어지는 가상자산 거래소로 제한되므로, 조기 대응을 위해서는 가상자산 거래소에 일정한 재량을 인정할 수밖에 없는 점, ⑤ 가상자산 거래소를 이용하려는 회원들도 가상자산 거래의 특성을 잘 알고 있을 것으로 보이는 점 등을 종합적으로 고려하면, 특정 가상자산이 범죄 수익 또는 법적 문제와 관련되어 있는지 여부를 판단하는 주체가 가상자산 거래소를 운영하는 원고라는 사정만으로는 위 조항들이 이용자에게 부당하게 불리하다고 볼 수 없다. (3) 이 사건 이용약관 제23조 제2항 (b)(i)는 ""원고가 판단하기에 이 사건 이용약관 또는 계정의 보안요건을 위반하여 이루어지는 것으로 보이는 거래""로 해석된다. 위 조항은 거래의 위법성에 관한 판단 주체를 원고로 한정하고 있으나, 이는 앞서 살펴본 바와 같은 가상자산의 특징을 고려할 때 불가피한 것으로 판단된다. 더욱이 2023. 7. 18. 제정되어 2024. 7. 19.부터 시행된 가상자산 이용자 보호 등에 관한","기타 원고의 단독 재량으로 계정, 플랫폼 또는 약관의 해지 또는 정지가 필요하다고 판단하는 경우",미검수
법제처 OPEN API/prec,618569,2024가합22393,부당이득금·손해배상등,https://www.law.go.kr/DRF/lawService.do?OC=test&target=prec&ID=618569&type=HTML,제23조,위험,판례 문맥 추론 · 신호 혼재,위험,,,"있다. 따라서 위 조항의 문언과 함께 다른 조항과의 관계를 유기적으로 해석하면, 위 조항은 원고에게 무분별한 재량을 부과하는 조항이라기보다는 원고가 판단할 때, 제23조 제2항 각 호 사유에 해당하지 않으나 이에 준하는 사유라고 봄이 상당한 경우를 의미한다고 해석함이 상당하며, 위와 같이 해석하는 경우 이용자에게 부당하게 불리하다고 볼 수 없다. (2) 이 사건 이용약관 제23조 제2항 (c)는 ""원고는 이용자가 보유한 가상자산이 범죄 수익 또는 위법하게 소유하였다는 점을 알거나 의심하는 경우""로 해석되고, 제23조 제2항 (f)는 ""원고가 독단적으로 판단하기에 이용자의 행위가 이용자, 플랫폼, 플랫폼의 다른 이용자에게 법적 책임을 유발할 수 있는 때""로 해석된다. 위 조항들은 위 규정에서 정한 사유의 발생 여부에 관한 판단 주체를 원고로 정하여 이용자들에게 다소 불이익한 측면이 있다. 그러나 ① 24시간 온라인 디지털 시장에서 국제적으로 거래되는 암호화폐 등 가상자산의 특성상 가상자산은 사기, 시세조종, 자금세탁, 불법거래 등의 범죄에 이용되거나 범죄로 인한 수익을 은닉하는 데에 이용되는 경우가 빈번한 점, ② 피해자가 가해자 또는 계좌명의인에 대하여 불법행위에 기한 손해배상청구권 또는 부당이득반환청구권을 가진다고 하더라도 계정의 거래가 정지되지 않아 피해금이 인출되어 버릴 경우 피해자가 사실상 구제받기 어려운 경우가 발생할 수 있는 점, ③ 위와 같은 범죄로 인한 피해를 최소화하고 투명한 금융거래질서를 확립하기 위하여 범죄와 관련되거나 관련되어 있다고 합리적으로 의심되는 계정의 거래를 정지하는 등 신속히 대처할 필요성이 인정되는 점, ④ 탈중앙화라는 가상자산의 특성상, 조기에 가상자산을 실질적으로 관리할 수 있는 주체는 해당 가상자산의 거래가 이루어지는 가상자산 거래소로 제한되므로, 조기 대응을 위해서는 가상자산 거래소에 일정한 재량을 인정할 수밖에 없는 점, ⑤ 가상자산 거래소를 이용하려는 회원들도 가상자산 거래의 특성을 잘 알고 있을 것으로 보이는 점 등을 종합적으로 고려하면, 특정 가상자산이 범죄 수익 또는 법적 문제와 관련되어 있는지 여부를 판단하는 주체가 가상자산 거래소를 운영하는 원고라는 사정만으로는 위 조항들이 이용자에게 부당하게 불리하다고 볼 수 없다. (3) 이 사건 이용약관 제23조 제2항 (b)(i)는 ""원고가 판단하기에 이 사건 이용약관 또는 계정의 보안요건을 위반하여 이루어지는 것으로 보이는 거래""로 해석된다. 위 조항은 거래의 위법성에 관한 판단 주체를 원고로 한정하고 있으나, 이는 앞서 살펴본 바와 같은 가상자산의 특징을 고려할 때 불가피한 것으로 판단된다. 더욱이 2023. 7. 18. 제정되어 2024. 7. 19.부터 시행된 가상자산 이용자 보호 등에 관한 법률(다만 위 법률의 시행시기를 고려할 때, 이 사건 반소청구에 직접 적용되는 법률에 해당하지는 아니한다) 제11조 제1항은 원고와 같이 가상자산 거래소를 운영하는 가상자산사업자가 ‘대통령령으로 정하는 정당한 사유가 존재하는 경우’ 이용자의 가상자산에 관한 입금 또는 출금을 차단할 수 있는 것으로 규정하고 있고, 같은 법 시행령 제17조 제2호는 법률 제11조 제1항에서 정하는 ‘정당한 사유’로 가상자산사업자에게 위 시행령 제12조에 따른 보험사고가 발생하여 이용자 보호 및 보안을 위하여 가상자산에 관한 입금 및 출금을 차단할 긴급할 필요가 있는 경우를 규정하고 있다. 위 시행령에서 규정하고 있는 가상자산에 관한 입금 및 출금을 차단할 수 있는 정당한 사유는 이 사건 이용약관 제23조 제2항 (b)(i)에서 규정하고 있는 사유와 유사하다. 가상자산 이용자 자산의 보호와 불공정거래행위 규제 등에 관한 사항을 정함으로써 가상자산 이용자의 권익을 보호하고 가상자산시장의 투명하고 건전한 거래질서를 확립하는 것을 목적",원고는 이용자가 보유한 가상자산이 범죄 수익 또는 위법하게 소유하였다는 점을 알거나 의심하는 경우,미검수
법제처 OPEN API/prec,618569,2024가합22393,부당이득금·손해배상등,https://www.law.go.kr/DRF/lawService.do?OC=test&target=prec&ID=618569&type=HTML,제23조,위험,판례 문맥 추론 · 단일 신호,위험,,,"한 재량을 인정할 수밖에 없는 점, ⑤ 가상자산 거래소를 이용하려는 회원들도 가상자산 거래의 특성을 잘 알고 있을 것으로 보이는 점 등을 종합적으로 고려하면, 특정 가상자산이 범죄 수익 또는 법적 문제와 관련되어 있는지 여부를 판단하는 주체가 가상자산 거래소를 운영하는 원고라는 사정만으로는 위 조항들이 이용자에게 부당하게 불리하다고 볼 수 없다. (3) 이 사건 이용약관 제23조 제2항 (b)(i)는 ""원고가 판단하기에 이 사건 이용약관 또는 계정의 보안요건을 위반하여 이루어지는 것으로 보이는 거래""로 해석된다. 위 조항은 거래의 위법성에 관한 판단 주체를 원고로 한정하고 있으나, 이는 앞서 살펴본 바와 같은 가상자산의 특징을 고려할 때 불가피한 것으로 판단된다. 더욱이 2023. 7. 18. 제정되어 2024. 7. 19.부터 시행된 가상자산 이용자 보호 등에 관한 법률(다만 위 법률의 시행시기를 고려할 때, 이 사건 반소청구에 직접 적용되는 법률에 해당하지는 아니한다) 제11조 제1항은 원고와 같이 가상자산 거래소를 운영하는 가상자산사업자가 ‘대통령령으로 정하는 정당한 사유가 존재하는 경우’ 이용자의 가상자산에 관한 입금 또는 출금을 차단할 수 있는 것으로 규정하고 있고, 같은 법 시행령 제17조 제2호는 법률 제11조 제1항에서 정하는 ‘정당한 사유’로 가상자산사업자에게 위 시행령 제12조에 따른 보험사고가 발생하여 이용자 보호 및 보안을 위하여 가상자산에 관한 입금 및 출금을 차단할 긴급할 필요가 있는 경우를 규정하고 있다. 위 시행령에서 규정하고 있는 가상자산에 관한 입금 및 출금을 차단할 수 있는 정당한 사유는 이 사건 이용약관 제23조 제2항 (b)(i)에서 규정하고 있는 사유와 유사하다. 가상자산 이용자 자산의 보호와 불공정거래행위 규제 등에 관한 사항을 정함으로써 가상자산 이용자의 권익을 보호하고 가상자산시장의 투명하고 건전한 거래질서를 확립하는 것을 목적으로 설립된 법률에서도 가상자산사업자가 예외적으로 정당한 사유가 존재하는 경우 이용자의 가상자산에 관한 입금 및 출금을 차단하는 조치가 가능하도록 규정하고 있다는 점 등을 고려하면, 이 사건 이용약관의 위 조항이 이용자에게 부당하게 불이익하다고 볼 수 없다. 다) 소결론 피고 2가 제출한 증거들만으로는 이 사건 이용약관 제23조 중 이 사건과 관련된 주요규정이 약관법 제6조 제2항 각 호에 해당하거나 신의성실의 원칙을 위반하여 공정성을 잃었다고 보기 어렵고, 달리 이를 인정할 증거가 없다. 따라서 이 사건 이용약관 제23조 중 이 사건과 관련된 주요규정이 약관법에 위배되어 무효이므로 이 사건 이용제한조치가 근거 없이 이루어졌다는 피고 2의 주장은 받아들이지 않는다. 6) 2023. 8. 26. 이후 이 사건 이용약관상 이용제한 사유가 소멸하였는지 피고 2는 원고가 2023. 8. 25. 이 사건 일반회원계정에 적립되어 있던 11,851,473.88 테더(USDT), 39.94643307 비트코인(BTC), 1,254,020.636 리플(XRP)을 인출한 이상, 피고 2가 더 이상 가상자산을 위법하게 소유하고 있다고 볼 수 없으므로 2023. 8. 26. 이후에는 이 사건 제휴회원계정 및 일반회원계정에 대한 이용제한 사유가 존재하지 않는다고 주장한다. 그러나 이 사건 이용제한조치는 이 사건 이용약관 제23조 제2항 (c) 외에도 (f)에 따라 이루어진 것으로서, 피고 2가 이 사건 가상자산을 3,344,203.76 리플(XRP)로 교환하여 외부 가상자산 계정으로 이체한 이상, 여전히 피고 2는 원고에게 이 사건 가상자산을 부당이득으로 반환할 채무를 부담하며, 이에 따라 이 사건 이용약관 제23조 제2항 (f)에서 정한 사유는 이 사건 변론종결 시인 2026. 1. 29.까지 존속하고 있다고 인정된다. 따라서 이 사건 제휴회원계정 및 ",원고가 판단하기에 이 사건 이용약관 또는 계정의 보안요건을 위반하여 이루어지는 것으로 보이는 거래,미검수
법제처 OPEN API/prec,618569,2024가합22393,부당이득금·손해배상등,https://www.law.go.kr/DRF/lawService.do?OC=test&target=prec&ID=618569&type=HTML,제8조,(판단 불명확),판단 불명확,,,,"유하는 것에 지나지 않는다. 나) 따라서 피고 2가 주장하는 원고의 이 사건 회수행위의 실질은 피고 2가 소유하는 가상자산을 원고가 임의로 취득한 것이 아니라, 원고가 이 사건 일반회원계정을 관리하는 가상자산 거래소의 지위에서 이 사건 일반회원계정에 피고 2가 원고에게 반환청구권을 갖는다고 잘못 표기된 부분의 오류를 수정한 것에 지나지 않는다. 더욱이 이 사건 이용약관 제8조 제10항 (a)에 의하면, 원고는 ‘거래가 체결, 결제 또는 통신 시스템의 오작동으로 발생한 경우’ 원고는 당사자의 동의가 없더라도 거래를 취소하거나 무효화할 수 있는데, ① ‘거래’를 ‘가상자산 거래소 이용자 사이의 거래’로 제한하여 해석할 합리적 이유가 없으므로 위 ‘거래’에는 이 사건 제휴프로그램에 따른 수수료 지급과 같이 ‘가상자산 거래소와 이용자 사이의 거래’도 포함된다고 봄이 상당하고, ② 위와 같이 가상자산 거래소의 실질적인 운영행태에 비추어 볼 때, ‘거래를 취소하거나 무효화하는 것’은 ‘실제 가상자산을 회수하는 것’이 아니라 ‘가상자산의 거래에 관한 장부상 기록을 수정하는 것’을 의미하므로, 피고 2가 주장하는 이 사건 회수행위는 이 사건 이용약관 제8조 제10항 (a)에 따른 정당한 조치로 위법하다고 볼 수 없다. 다. 소결론 피고 2의 각 반소청구는 이유 없으므로 이를 모두 받아들이지 않는다. 6. 결론 그렇다면 원고의 피고 2에 대한 본소청구는 이유 있어 이를 인용하고, 피고 1에 대한 본소청구는 이유 없어 이를 기각하며, 피고 2의 각 반소청구는 모두 이유 없어 이를 모두 기각하기로 하여 주문과 같이 판결한다. 판사 장용범(재판장) 김진아 김민순 ]]>","거래가 체결, 결제 또는 통신 시스템의 오작동으로 발생한 경우",미검수
법제처 OPEN API/prec,616527,2023다285162,손해배상(국),https://www.law.go.kr/DRF/lawService.do?OC=test&target=prec&ID=616527&type=HTML,(조 번호 미표기),(판단 불명확),판단 불명확,,,,"후 2006. 3. 24. 법률 제7911호로 개정되기 전까지 그대로 유지되었다. 헌법재판소는 2021. 5. 27. 이 사건 화해간주조항은 정신적 손해에 대한 적절한 배상이 이루어지지 않은 상태에서 정신적 손해에 대해서까지 재판상 화해가 성립한 것으로 간주함으로써 국가배상청구권을 과도하게 제한하여 관련자와 그 유족의 국가배상청구권을 침해한다는 이유로, 이 사건 화해간주조항의 ‘광주민주화운동과 관련하여 입은 피해’ 중 ‘정신적 손해’에 관한 부분은 헌법에 위반된다는 결정을 선고하였다(헌법재판소 2021. 5. 27. 선고 2019헌가17 전원재판부 결정. 이하 ‘이 사건 위헌결정’이라 한다). 4) 원고들의 이 사건 소 제기 이 사건 위헌결정 후 원고들은 피고 소속 공무원들의 위법한 공무집행행위로 인하여 5ㆍ18민주화운동 관련자와 그 유족 또는 ‘유족 아닌 가족’(관련자가 사망하였으나 관련자의 재산상속인이 아니거나, 사망하지 않은 관련자의 가족 및 사실혼 배우자를 포함한다. 이하 유족과 유족 아닌 가족을 통틀어 ‘가족’이라 한다)인 원고들이 정신적 손해를 입었다고 주장하면서 2021. 11. 25. 국가배상을 구하는 이 사건 소를 제기하였다. 나. 원심의 판단 원심은 판시와 같은 이유로 피고는 5ㆍ18민주화운동과 관련하여 소속 공무원들이 공권력을 남용하여 저지른 직무상 불법행위로 인하여 관련자와 그 가족인 원고들이 입은 정신적 손해를 배상할 책임이 있다고 판단하였다. 다만 원고들이 관련자의 가족 지위에서 가지는 고유의 위자료 청구권은 보상심의위원회의 보상금 등 지급결정일부터 민법 제766조 제1항에 규정된 3년의 소멸시효가 기산된다고 보아, 피고의 소멸시효 항변을 받아들여 가족 고유의 위자료 청구 부분을 기각하고, 이 사건 위헌결정이 있기 전까지 그 청구권을 행사할 수 없는 법률상 장애가 존재하였다는 원고들의 주장은 배척하였다. 다. 이 사건의 쟁점 이 사건의 쟁점은 원고들이 5ㆍ18민주화운동 관련자의 가족으로서 가지는 고유의 위자료 청구권이 국가배상청구권에 관하여 국가배상법 제8조에 따라 적용되는 민법 제766조 제1항에서 정한 3년의 시효로 소멸하였는지 여부이다. 구체적으로 이 사건 화해간주조항이 관련자의 위자료 청구권과 마찬가지로 관련자의 가족인 원고들 고유의 위자료 청구권 행사에서도 권리행사 장애사유로 존재하였고, 이에 따라 원고들 고유의 위자료 청구권의 소멸시효 기산점을 민법 제166조 제1항에 따라 이 사건 화해간주조항이 위헌으로 선언된 이 사건 위헌결정일로 볼 수 있는지가 문제 된다. 2. 쟁점에 관한 판단 가. 관련 법리 1) 국가배상청구권에 관하여 국가배상법 제8조에 따라 적용되는 민법 제766조 제1항은 불법행위로 인한 손해배상청구권의 단기소멸시효 기산점을 ‘손해 및 가해자를 안 날’로 규정한다. ‘손해 및 가해자를 안 날’이란 피해자나 그 법정대리인이 손해 및 가해자를 현실적이고도 구체적으로 인식한 날로서, 그 인식은 손해발생의 추정이나 의문만으로는 충분하지 않고, 손해의 발생사실뿐만 아니라 가해행위가 불법행위를 구성한다는 사실, 즉 불법행위의 요건사실에 대한 인식으로서 위법한 가해행위의 존재, 손해의 발생 및 가해행위와 손해 사이의 인과관계 등이 있다는 사실까지 안 날을 뜻한다(대법원 2011. 3. 10. 선고 2010다13282 판결, 대법원 2020. 4. 9. 선고 2019다246573 판결 등 참조). 2) 민법 제166조 제1항은 소멸시효 기산점을 ‘권리를 행사할 수 있는 때’로 규정한다. 불법행위로 인한 손해배상청구권에 관한 3년의 단기소멸시효에는 민법 제766조 제1항 외에 소멸시효 기산점에 관한 일반 규정인 민법 제166조 제1항도 적용되므로, 단기소멸시효는 피해",광주민주화운동과 관련하여 입은 피해’ 중,미검수
법제처 OPEN API/prec,616527,2023다285162,손해배상(국),https://www.law.go.kr/DRF/lawService.do?OC=test&target=prec&ID=616527&type=HTML,(조 번호 미표기),(판단 불명확),판단 불명확,,,,"이 아니어서 애초에 보상금 등 지급 대상자에서 제외되거나, 유족임에도 보상금 등 지급을 신청하지 않아 이 사건 화해간주조항의 적용 대상이 아니게 되었을 뿐인데, 이러한 사정만으로 보상금 미수령 가족에게 별도로 국가배상청구권을 행사할 기대가능성이 인정된다고 보기는 어렵다. 국가배상청구권의 장기소멸시효 기간이 이미 지났다는 사정 외에도 위 법률의 제정 경위, 이 사건 화해간주조항 등의 내용, ‘동의 및 청구서’ 서식 중 관련 피해에 관하여 향후 어떠한 방법으로도 다시 청구하지 않겠다는 서약 부분 등에 비추어 보면, 관련자와 그 가족은 구 광주민주화보상법에 따른 보상을 ‘관련자와 그 가족에게 발생한 모든 관련 피해에 대한 금전적 전보 문제를 포괄적ㆍ종국적으로 해결하는 특수한 입법 조치’로 받아들였을 가능성이 크다. (4) 더욱이 보상금 등 지급결정 당시에는 관련 피해의 직접 당사자인 관련자 본인이나 그로부터 재산을 상속받는 관계에 있는 유족조차 보상금 등을 지급받는 외에는 국가배상청구권을 행사할 수 없다고 이해되고 있었다. 관련자의 가족은 관련 피해로 인한 고통을 함께 겪으면서 대개 권리행사도 함께 하게 되므로 이에 대응한 보상금 등의 지급도 관련자와 그 가족 전체에 대한 금전적 전보의 의미로 이루어진다고 받아들일 가능성이 높았다고도 할 수 있다. 이러한 사정들과 당시 사회적 분위기까지 고려하면, 관련자 본인도 아니고 재산상속인도 아닌, 유족 아닌 가족이 관련자 본인이나 그 유족과는 별도로 국가배상청구권을 행사할 수 있다고 인식하고 이를 실제로 행사하기를 기대하기는 어려운 상황이었다. 실제로 보상금 등 지급이 이루어진 이후 오랜 기간에 걸쳐 이러한 관련자의 가족이 별도로 국가배상청구권을 행사한 사례가 거의 발견되지 않는다는 점도 이를 방증한다. 바) 이상과 같이 보상금 동의수령 유족이든 보상금 미수령 가족이든 관련자의 가족이 권리행사를 하지 못한 상황은 법률의 부지 또는 잘못된 법률 해석 등 그의 주관적 사정이나 귀책사유로 인하여 발생하였다고 보기 어렵다. 오히려 이는 가해자로서 손해를 배상해야 할 국가가 불법행위일로부터 상당한 시간이 경과한 후 뒤늦게 보상 관련 법령을 제정ㆍ집행하는 과정에서 보상의 대상과 범위를 협소하게 규정하고 법률관계를 명확하게 하지 못한 채 국가편의주의적인 입장에서 위헌성의 여지가 있는 ‘동의 및 청구서’ 서식에 따라 보상 절차를 신속히 마무리하려고 하면서 초래한 측면이 있다. 이러한 사정에다가 국가배상제도의 목적과 과거사 사건의 특수성 및 그 피해자 보호 필요성을 아울러 고려한다면, 관련자의 가족에게 관련자 또는 그 유족에 대한 보상금 등 지급결정일에 자기 고유의 위자료 청구권을 행사할 것을 객관적, 합리적으로 기대할 수 있었다고 평가할 수는 없으므로, 보상금 등 지급결정일을 소멸시효 기산점으로 삼을 수 없다. 사) 한편 헌법재판소는 2021. 5. 27. 이 사건 위헌결정으로 이 사건 화해간주조항이 ‘광주민주화운동과 관련하여 입은 피해’ 중 ‘정신적 손해’에 대한 국가배상청구권의 행사까지 금지하는 것은 국가배상청구권을 과도하게 제한하는 것으로서 헌법에 위반된다고 결정하였다. 이와 같은 위헌결정을 통해서 관련자의 가족이 구 광주민주화보상법에 따른 보상금 등 지급과는 무관하게 그와 별도로 고유의 정신적 손해에 대한 배상을 청구할 수 있다는 점이 법적으로 선언됨으로써 관련자 가족 고유의 위자료 청구권 행사에 대한 장애사유가 비로소 제거되었다고 평가할 수 있다. 2) 이상과 같은 이유로 원고들은 이 사건 화해간주조항의 존재로 인하여 이 사건 위헌결정일인 2021. 5. 27.까지 관련자의 가족으로서 가지는 고유의 위자료 청구권을 행사할 수 없었고, 그로부터 3년이 경과하기 전에 이 사건 소를 제기한 이상 원고들 고유의 위자료 청구권에 관한 소멸시효는 완성되지 않았다. 그럼에도 원심은 원고들의 가족 고유의 위자료 청구권은 이미 소멸시효가 완성되었","동의 및 청구서’ 서식 중 관련 피해에 관하여 향후 어떠한 방법으로도 다시 청구하지 않겠다는 서약 부분 등에 비추어 보면, 관련자와 그 가족은 구 광주민주화보상법에 따른 보상을",미검수
법제처 OPEN API/prec,616527,2023다285162,손해배상(국),https://www.law.go.kr/DRF/lawService.do?OC=test&target=prec&ID=616527&type=HTML,(조 번호 미표기),(판단 불명확),판단 불명확,,,,"사례를 근거로 민법 제166조 제1항에 따른 소멸시효의 진행 여부 판단 기준을 ""권리행사의 객관적, 합리적 기대가능성""으로 일반화하는 데에는 신중할 필요가 있다. 마) 구체적으로 이 사건을 보더라도 다수의견이 권리행사를 객관적, 합리적으로 기대할 수 없었다는 사유로 들고 있는 것은 모두 사실상 장애사유로서, 그 용어나 표현만을 달리하였을 뿐이다. 즉 ""이 사건 화해간주조항의 불명확성, ‘동의 및 청구서’의 서식, 보상금 등 지급결정 당시는 장기소멸시효 완성을 배척할 법리나 입법이 존재하지 않아 소를 제기했더라도 소멸시효 완성을 이유로 소가 인용되기 어려웠던 사정, 당시 사회적 분위기 등에 따라, 관련자의 가족들이 보상금 등 수령으로 일체의 손해배상 문제가 포괄적ㆍ종국적으로 정리되었다고 이해한 것""은 모두 이들의 개인적ㆍ주관적 사정에 해당하여, 가족들이 그와 같이 이해하는 데에 과실이 없고 국가가 가족들의 그러한 잘못된 이해 형성에 기여하였다고 하더라도 소멸시효 진행을 저지하는 법률상 장애사유로 평가될 수 없다. 그뿐만 아니라 뒤에서 보는 것처럼 이 사건 위헌결정 이전에 이 사건과 같은 5ㆍ18민주화운동 관련자 가족이 고유의 위자료 청구권을 행사하여 대법원판결로 확정된 사례도 존재한다. 다수의견이 말하는 권리행사의 객관적, 합리적 기대가능성으로 어떻게 설명할 것인가. 이 점이 다수의견이 특정 사건의 권리구제만을 위해 소멸시효에 관한 기본 법리를 허물었다는 비판에서 자유로울 수 없는 이유이자, 이 사건에는 법률상 장애사유가 없으므로 보상금 등 지급결정일부터 소멸시효가 진행한다고 보는 것이 보편타당하고 상식적인 법 해석인 이유이다. 다수의견이 판례의 변경을 의도하는 것이 아니라면, 관련자 가족을 구제하기 위하여 소멸시효 항변의 권리남용 법리를 내세운 별개의견의 접근법이 차라리 솔직하다. 2) 민법의 소멸시효 관련 다른 규정들과의 관계 문제 다수의견은 민법의 소멸시효 관련 다른 규정들과의 관계에서도 그대로 받아들이기 어렵다. 가) 미성년자의 성적 침해로 인한 손해배상청구권의 소멸시효(민법 제766조 제3항) 2020. 10. 20. 법률 제17503호로 개정되어 같은 날 시행된 개정 민법은 불법행위로 인한 손해배상청구권의 소멸시효를 규정하는 제766조에 제3항을 신설하여 ""미성년자가 성폭력, 성추행, 성희롱, 그 밖의 성적 침해를 당한 경우에 이로 인한 손해배상청구권의 소멸시효는 그가 성년이 될 때까지는 진행되지 아니한다.""라고 규정하였다. 개정이유는 ""현행 민법에 따르면 미성년자가 성적 침해를 당한 경우에도 일반 손해배상청구권과 동일하게 부모 등 법정대리인이 손해 및 가해자를 안 날부터 3년이 지나거나 성적 침해가 발생한 날부터 10년이 지나면 소멸시효가 완성되어 손해배상을 청구할 수 없다. 그런데 미성년자를 대상으로 하는 성폭력범죄 등은 주변인들이 가해자인 경우가 많아 대리인을 통한 권한 행사가 어려운 상황이다. 이를 고려하여, 해당 미성년자가 성년이 될 때까지 손해배상청구권의 소멸시효가 진행되지 아니하도록 하여 미성년자인 피해자가 성년이 된 후 스스로 가해자에게 손해배상을 청구할 수 있도록 보장함으로써 성적 침해를 당한 미성년자에 대한 보호를 강화하려는 것""이라고 한다. 그런데 미성년자가 성적 침해를 당한 경우 대리인을 통한 권리행사가 어려운 상황이라면 다수의견에 따를 때 권리행사의 객관적, 합리적 기대가능성이 없어 소멸시효가 진행하지 않을 것이다. 그러므로 미성년자의 성적 침해로 인한 손해배상청구권의 소멸시효는 미성년자가 성년이 된 때부터 진행한다는 내용의 조항을 별도로 신설할 이유가 없다. 오히려 개정이유에서 밝히고 있듯이 ""현행 민법에 따를 때"" 위와 같은 사정은 사실상 장애에 불과하여 소멸시효의 진행을 막지 못하므로, 제766조 제3항을 두어 미성년자가 성년이 될 때까지 소멸시효가 진행하지 못하게 한 것이다. 이와 같이 다수의견은 민법 제766조 제3항의 신설 취지에도 부합하지 아니한다. 나) 시효정지 제도(민법 제179조부터 제182조) 민법은 제7장 소멸시효에서 소멸시효의 중","동의 및 청구서’의 서식, 보상금 등 지급결정 당시는 장기소멸시효 완성을 배척할 법리나 입법이 존재하지 않아 소를 제기했더라도 소멸시효 완성을 이유로 소가 인용되기 어려웠던 사정, 당시 사회적 분위기 등에 따라, 관련자의 가족들이 보상금 등 수령으로 일체의 손해배상 문제가 포괄적ㆍ종국적으로 정리되었다고 이해한 것",미검수
법제처 OPEN API/prec,616527,2023다285162,손해배상(국),https://www.law.go.kr/DRF/lawService.do?OC=test&target=prec&ID=616527&type=HTML,(조 번호 미표기),(판단 불명확),판단 불명확,,,,"피해 일체에 대하여 재판상 화해의 효력을 부여하고 있었다고 하더라도 이는 어디까지나 관련자 본인에 대한 것으로 한정될 뿐이고, 관련자의 가족에게는 이 사건 화해간주조항이 피고를 상대로 고유의 위자료를 청구하는 데 법률상 장애사유가 되고 있었다고 볼 수는 없다. 보상금 동의수령 유족이든 보상금 미수령 가족이든 보상심의위원회의 보상금 등 지급결정일 이후부터는 이 사건 화해간주조항과 관계없이 독자적으로 고유의 위자료 청구를 할 수 있었다. 실제로 이 사건 위헌결정 이전에도 5ㆍ18민주화운동 관련자가 구 광주민주화보상법에 따른 보상금 등을 지급받은 후 관련자의 가족들이 고유의 위자료를 청구하여 인용된 사안이 존재한다(대법원 2015. 5. 28. 선고 2013다208333 판결, ‘아람회 사건’ 피해자들에 관한 대법원 2011. 1. 13. 선고 2010다28833 판결 등). 다) 보상금 동의수령 유족이 ""그 보상금 등을 받을 때에는 그 사건에 대하여 화해계약하는 것이며 그 사건에 관하여 어떠한 방법으로라도 다시 청구하지 아니하겠음을 서약함""이라고 기재된 ‘동의 및 청구서’를 제출한 사실은 인정된다. 그러나 위와 같은 서약은 구 광주민주화보상법이 보상하는, 관련자가 입은 손해에 대하여 유족의 상속분 범위 내에서 화해계약이 이루어졌음을 확인하는 의미이지, 구 광주민주화보상법이 예정한 보상의 대상이 아닌, 관련자의 가족 고유의 위자료 청구권에 대하여도 화해계약이 이루어졌다는 의미로 해석되지는 않는다. 설령 관련자의 가족들이 구 광주민주화보상법 관련 규정의 의미나 화해계약의 효력 범위를 잘못 이해하여 이 사건 위헌결정일까지도 피고를 상대로 가족 고유의 위자료 청구권을 행사할 수 있음을 알지 못하였고, 알지 못함에 과실이 없다고 하더라도, 앞서 본 법리에 비추어 이러한 사유로 권리를 행사할 수 없었다고 볼 수는 없다. 관련자 가족들의 위와 같은 사유는 시효 진행에 방해가 되는 법률상 장애사유가 아니다. 2) 이와 같이 보는 것이 소멸시효 관련 제도와 소멸시효 기산점에 관한 법리를 상식적이고 논리적으로 해석ㆍ적용하는 것이다. 이는 이 사건 원심을 비롯하여 5ㆍ18민주화운동 관련자 가족 고유의 위자료 청구권의 소멸시효 완성 여부가 쟁점이 되었던 다수의 하급심이 그간의 대법원 판례에 근거하여 취한 입장이기도 하다. 마. 입법을 통한 구제 필요성 피해자 보호 필요성의 당위만을 앞세워 법원이 현행법상 소멸시효 제도의 틀을 넘어 법리적인 문제점을 초월한 판단을 할 수는 없다. 현 단계에서 5ㆍ18민주화운동 관련자 가족들이 겪은 고통에 대한 배상은 국민 전체의 여론과 국가 재정, 유사 사건의 처리 문제 등 여러 사정을 종합적으로 고려한 입법정책적 차원에서 이루어져야 한다. 구 광주민주화보상법이 보상하지 않은 관련자나 관련자 가족의 정신적 손해에 대하여 국가로 하여금 일정한 보상금 또는 배상금 등을 지급하도록 구 광주민주화보상법의 현행 법률인「5ㆍ18민주화운동 관련자 보상 등에 관한 법률」을 개정하는 방안을 생각해 볼 수 있다. 또는 별개의견이 제안한 바와 같이 5ㆍ18민주화운동과 관련하여 입은 피해 중 정신적 피해에 대한 손해배상청구권은 시효로 인하여 소멸하지 않는다는 조항을 신설하고, 부칙에서 신설 조항을 개정법률 시행 당시 소멸시효가 완성된 손해배상청구권에도 적용하도록 하면서 이미 판결이 확정된 경우 재심을 허용하는 방안도 가능할 것이다. 입법을 통한 전체적이고 통일적인 해결은 이 사건 원고들과 동일하게 5ㆍ18민주화운동에서 희생된 관련자의 가족임에도 이 사건 판결 선고 전에 청구기각 판결이 먼저 확정됨으로써 사법적 구제를 받지 못하게 된 피해자들까지 형평의 문제없이 함께 구제할 수 있는 방법이기도 하다. 특정 사안에 대한 권리구제의 필요성이 크다고 하여 사법 해석이 입법의 영역을 넘나드는 것은 사법의 본질에 반하는 것이다. 삼권분립을 통한 법의 지배라는 원칙을 포기하지 않는 한 말이다. 바. 맺음말 5ㆍ18민주화운동 관련자의 가족인 원고들 고유의 위자료 청구권 행사에는 이 사건 화해간주조항의 존재가 법률상 장애사유였다고 볼 수 없다.","할 수 있었다. 실제로 이 사건 위헌결정 이전에도 5ㆍ18민주화운동 관련자가 구 광주민주화보상법에 따른 보상금 등을 지급받은 후 관련자의 가족들이 고유의 위자료를 청구하여 인용된 사안이 존재한다(대법원 2015. 5. 28. 선고 2013다208333 판결, ‘아람회 사건’ 피해자들에 관한 대법원 2011. 1. 13. 선고 2010다28833 판결 등). 다) 보상금 동의수령 유족이 ""그 보상금 등을 받을 때에는 그 사건에 대하여 화해계약하는 것이며 그 사건에 관하여 어떠한 방법으로라도 다시 청구하지 아니하겠음을 서약함""이",미검수
법제처 OPEN API/prec,612847,2022다225897,보험금,https://www.law.go.kr/DRF/lawService.do?OC=test&target=prec&ID=612847&type=HTML,(조 번호 미표기),(판단 불명확),판단 불명확,,,,"4. 10. 방카슈랑스 담당자를 통해 보험회사인 피고와 상속만기형 즉시연금보험계약을 체결하고 보험료를 모두 납부하였다(이하 원고들이 피고와 체결한 각 보험계약을 ‘이 사건 각 보험계약’이라 하고, 대상 상품을 ‘이 사건 보험상품’이라 한다). 당시 원고들에게는 가입설계서와 상품설명서가 각각 제시ㆍ교부되었다. 다. (1) 이 사건 각 보험계약 약관(이하 ‘이 사건 약관’이라 한다)에는, 상속만기형 즉시연금보험 상품에 관하여 지급할 보험금의 종류로 (생존)연금과 사망보험금, 만기환급금이 명시되어 있고, 공시이율의 적용 및 공시에 관하여 ""이 보험에 대한 적립이율은 매월 1일 회사가 공시하는 공시이율로 합니다.""라는 내용이 기재되어 있으며, 이에 부가하여 ‘최저보증이율’이란 ‘보험회사에서 보증하는 최저한도의 적용이율’이라고 명시되어 있다. 또한 가입자 유의사항으로 ""계약자적립금은 납입한 보험료 중 부가보험료를 제외한 금액이 공시이율로 적립된 금액입니다.""라는 내용이 포함되어 있고, 약관 별표1의 보험금 지급기준표에는 상속만기형 상품의 만기환급금 지급금액이 ""계약자적립금(이미 납입한 주계약 기본보험료 해당액)""이고, 연금으로 ""연금개시 이후 만 1개월 경과 계약해당일부터 매월 계약해당일에 연금개시 시 계약자적립금을 기준으로 만기환급금을 고려한 금액을 기준으로 선택한 보험기간(10년, 15년, 20년, 30년) 동안 나누어 계산한 연금월액을 지급한다.""라는 내용이 기재되어 있으며, 주석 조항으로 ""‘계약자적립금’이란 이 보험의 ‘보험료 및 책임준비금 산출방법서’에서 정한 방법에 따라 계산한 금액을 말합니다.""라는 내용과 ""연금의 계산은 공시이율을 적용하여 계산되기 때문에 공시이율이 변경되면 연금도 변경됩니다.""라는 내용 및 ""이 보험의 공시이율은 가입 후 10년 미만에는 연복리 2.5%, 10년 이후에는 연복리 2.0%를 최저로 합니다.""라는 내용이 각 부기되어 있다. 피고는 원고들에게 연금개시 시점 이후 매월 연금월액 형태로 생존연금을 지급하였는데, 그 액수는 ""순보험료에 피고가 매월 정하는 공시이율을 곱하여 계산한 금액(이하 이를 ‘공시이율 적용이익’이라 한다)""에 못 미치는 금액이었다. (2) 원고들에게 교부된 각 가입설계서에는 연금 지급재원과 순수 종신연금형과 상속종신형, 상속만기형 상품을 비교하여 각 연금월액이 예시되어 있고, 그 밖에 상속만기형 연금형태 및 만기환급금에 관하여 ""매월 계약해당일에 연금재원을 기준으로 만기환급금을 고려한 금액 기준으로 보험기간(10년/15년/20년/30년) 동안 나누어 계산한 금액을 지급합니다. 만기환급금이란, 피보험자(보험대상자)가 보험기간이 끝날 때까지 살아 있을 때의 계약자적립금(이미 납입한 주계약 기본보험료 및 추가납입보험료의 합계)입니다."", ""예시된 연금재원 및 생존연금은 2012. 4. 공시이율(5%)을 기준으로 계산한 금액이며, 향후 공시이율 변동 시에는 예시금액과 상이할 수 있습니다."", ""이 보험의 적립이율(공시이율)은 2012. 4. 현재 5%이며, 최저보증이율은 가입 후 10년 미만에는 연복리 2.5%, 10년 이후에는 연복리 2.0%입니다.""라는 등의 내용이 포함되어 있다. (3) 이 사건 보험상품에 대한 보험료 및 책임준비금 산출방법서(이하 ‘이 사건 산출방법서’라 한다)는 산식으로 구성되어 있는데 그중 상속만기형의 생존연금액의 계산방식을 간략히 설명하면, 순보험료를 공시이율에 따라 만기까지 복리로 적립한 금액(= 순보험료 + 만기까지 복리계산 공시이율 적용이익 총액)에서 기지급한 생존연금을 공시이율에 따라 만기까지 복리로 적립한 금액과 만기에 지급할 만기보험금(= 납입보험료)을 차감한 후 남은 잔액을, 지급되는 시점까지 매 기간 동일한 금액으로 지급되도록 현재가치로 할인하는 방식이라고 할 수 있다. 라. 원고들은, 피고가 공시이율 적용이익 전액을 생존연금으로 지급하여야 함에도 공","라 한다)에는, 상속만기형 즉시연금보험 상품에 관하여 지급할 보험금의 종류로 (생존)연금과 사망보험금, 만기환급금이 명시되어 있고, 공시이율의 적용 및 공시에 관하여",미검수
법제처 OPEN API/prec,612847,2022다225897,보험금,https://www.law.go.kr/DRF/lawService.do?OC=test&target=prec&ID=612847&type=HTML,(조 번호 미표기),(판단 불명확),판단 불명확,,,," 각 보험계약과 같은 상속만기형 즉시연금보험에서 보험계약자가 매월 지급받는 연금월액은 당해 보험계약 체결 여부에 영향을 미치는 중요한 사항이므로, 보험자인 피고는 보험계약자인 원고들에게 수학식에 의한 복잡한 연금계산방법 자체를 설명하지는 못한다고 하더라도 적어도 이 사건 만기환급금 지급재원 공제 방식의 대략적인 내용을 명시하여 설명할 의무가 있다. 그런데 이 사건 약관에 연금월액을 ""계약자적립금을 기준으로 만기환급금을 고려한 금액을 기준으로 선택한 보험기간 동안 나누어 계산""한다는 취지의 조항 및 그중 ""‘계약자적립금’이란 이 보험의 ‘보험료 및 책임준비금 산출방법서’에서 정한 방법에 따라 계산한 금액""을 말한다는 포괄적 지시조항을 둔 것만으로는 그 명시ㆍ설명의무가 충분히 이행되었다고 보기 어렵다. 그 이유는 다음과 같다. (1) 상속만기형 즉시연금보험은 납입보험료에서 위험보험료, 계약체결비용 및 계약관리비용을 차감한 순보험료를 공시이율에 따라 만기까지 복리로 적립한 금액 중에서 납입보험료 상당액을 만기환급금 지급재원으로 확보해 두고 나머지 금액을 재원으로 생존연금을 지급하도록 설계된 상품이다. 이 사건 각 보험계약이 이 사건 만기환급금 지급재원 공제 방식을 기반으로 설계되어 있다는 점은 즉시연금보험 상품의 유형별 기본 구조ㆍ원리와 무배당 보험의 특성 등을 종합적으로 이해하여야만 도출될 수 있는 내용이므로, 평균적 고객의 이해가능성을 기준으로 할 때 별도로 명시하거나 설명하지 않아도 보험계약자가 충분히 예상할 수 있는 사항이라고 보기는 어렵다. (2) 이 사건 약관은 상속만기형 즉시연금보험의 생존연금 지급금액에 관하여 ‘공시이율을 적용’하고 ‘계약자적립금을 기준으로’ 하며, 또한 ‘만기환급금을 고려한 금액을 기준으로’ 한다는 내용과 ‘운용자산이익률 및 시중금리가 하락하더라도 보험회사에서 보증하는 최저한도의 적용이율’인 ‘최저보증이율’을 공시이율 대신 적용한다는 내용 등을 정하고 있기는 하지만, 그 외 만기환급금을 어떻게 고려한다는 것인지 등 생존연금 산출방식에 대한 구체적인 기재는 없고, 다만 생존연금 계산 기준이 되는 ‘계약자적립금’을 ‘산출방법서에 정한 바에 따라’ 계산한다는 포괄적 지시조항을 두고 있을 뿐이며, 이 사건 산출방법서에 비로소 ‘연금액의 계산에 관한 사항’으로 연금월액 계산방법이 산식으로 나타나 있다. 그러나 산출방법서는 보험상품에 관한 기초서류로서 열람 신청의 대상이 될 뿐이고 복잡한 산식으로만 이루어져 있어 별도의 설명 없이 그 내용을 이해하기도 쉽지 않다. (3) 원고들에게 교부된 각 가입설계서에 즉시연금보험 유형별로 생존연금 예시금액이 기재되어 있고 그 예시금액을 확인하게 하는 정도의 설명이 이루어졌으며 해당 예시금액이 실제 공시이율 적용이익보다 적은 금액이라고 하더라도, 보험계약자로서는 예시된 이율을 실제 대입하여 계산해 보고 그 차이를 규명해 보지 않고서는 그 현상 및 근거까지 파악하기 어렵고, 또 예시금액만으로 연금액이 최저보증이율로 계산한 액수보다 적게 되는 현상까지 예상할 수 있었다고 볼 수는 없다. 보험계약자로서는 보험상품의 기간이 달라짐에 따라 연금월액이 변동되는 여러 경우를 상정할 수 있으므로, 별도의 명시ㆍ설명 없이 가입설계서에 드러난 내용만으로 이 사건 만기환급금 지급재원 공제 방식과 그에 따른 효과를 인식할 수 있다고 보기도 어렵다. (4) 이 사건 보험상품을 원고들에게 판매한 방카슈랑스 담당자 역시 이 사건 만기환급금 지급재원 공제 방식을 잘 알지 못한 상태에서 이 사건 보험상품에 대하여 설명했던 것으로 보이고, 달리 이 사건 각 보험계약 체결 당시 약관에 기재된 ‘만기환급금을 고려하여’ 연금월액을 지급한다는 내용이 무슨 뜻인지에 관하여 원고들에게 개별적으로 구체적인 설명이 이루어졌다고 볼 만한 사정도 없다. 다. 그렇다면 피",계약자적립금을 기준으로 만기환급금을 고려한 금액을 기준으로 선택한 보험기간 동안 나누어 계산,미검수
법제처 OPEN API/prec,612847,2022다225897,보험금,https://www.law.go.kr/DRF/lawService.do?OC=test&target=prec&ID=612847&type=HTML,(조 번호 미표기),(판단 불명확),판단 불명확,,,,"각 보험계약이 이 사건 만기환급금 지급재원 공제 방식을 기반으로 설계되어 있다는 점은 즉시연금보험 상품의 유형별 기본 구조ㆍ원리와 무배당 보험의 특성 등을 종합적으로 이해하여야만 도출될 수 있는 내용이므로, 평균적 고객의 이해가능성을 기준으로 할 때 별도로 명시하거나 설명하지 않아도 보험계약자가 충분히 예상할 수 있는 사항이라고 보기는 어렵다. (2) 이 사건 약관은 상속만기형 즉시연금보험의 생존연금 지급금액에 관하여 ‘공시이율을 적용’하고 ‘계약자적립금을 기준으로’ 하며, 또한 ‘만기환급금을 고려한 금액을 기준으로’ 한다는 내용과 ‘운용자산이익률 및 시중금리가 하락하더라도 보험회사에서 보증하는 최저한도의 적용이율’인 ‘최저보증이율’을 공시이율 대신 적용한다는 내용 등을 정하고 있기는 하지만, 그 외 만기환급금을 어떻게 고려한다는 것인지 등 생존연금 산출방식에 대한 구체적인 기재는 없고, 다만 생존연금 계산 기준이 되는 ‘계약자적립금’을 ‘산출방법서에 정한 바에 따라’ 계산한다는 포괄적 지시조항을 두고 있을 뿐이며, 이 사건 산출방법서에 비로소 ‘연금액의 계산에 관한 사항’으로 연금월액 계산방법이 산식으로 나타나 있다. 그러나 산출방법서는 보험상품에 관한 기초서류로서 열람 신청의 대상이 될 뿐이고 복잡한 산식으로만 이루어져 있어 별도의 설명 없이 그 내용을 이해하기도 쉽지 않다. (3) 원고들에게 교부된 각 가입설계서에 즉시연금보험 유형별로 생존연금 예시금액이 기재되어 있고 그 예시금액을 확인하게 하는 정도의 설명이 이루어졌으며 해당 예시금액이 실제 공시이율 적용이익보다 적은 금액이라고 하더라도, 보험계약자로서는 예시된 이율을 실제 대입하여 계산해 보고 그 차이를 규명해 보지 않고서는 그 현상 및 근거까지 파악하기 어렵고, 또 예시금액만으로 연금액이 최저보증이율로 계산한 액수보다 적게 되는 현상까지 예상할 수 있었다고 볼 수는 없다. 보험계약자로서는 보험상품의 기간이 달라짐에 따라 연금월액이 변동되는 여러 경우를 상정할 수 있으므로, 별도의 명시ㆍ설명 없이 가입설계서에 드러난 내용만으로 이 사건 만기환급금 지급재원 공제 방식과 그에 따른 효과를 인식할 수 있다고 보기도 어렵다. (4) 이 사건 보험상품을 원고들에게 판매한 방카슈랑스 담당자 역시 이 사건 만기환급금 지급재원 공제 방식을 잘 알지 못한 상태에서 이 사건 보험상품에 대하여 설명했던 것으로 보이고, 달리 이 사건 각 보험계약 체결 당시 약관에 기재된 ‘만기환급금을 고려하여’ 연금월액을 지급한다는 내용이 무슨 뜻인지에 관하여 원고들에게 개별적으로 구체적인 설명이 이루어졌다고 볼 만한 사정도 없다. 다. 그렇다면 피고가 이 사건 만기환급금 지급재원 공제 방식에 대하여 명시ㆍ설명의무를 이행하지 않았다는 원심의 판단은 정당하고, 상고이유 주장과 같이 보험약관의 명시ㆍ설명의무의 대상 및 면제사유와 재판상 자백 등에 관한 법리오해, 심리미진 또는 판단 누락 등의 잘못이 없다. 3. 피고의 명시ㆍ설명의무 위반에 따른 법률 효과에 관하여 가. 원심의 판단 원심은, 명시ㆍ설명의무 위반의 효과로 이 사건 약관 별표1 보험금지급기준표 만기환급형의 연금월액 지급금액에 관한 내용 가운데 ‘만기환급금을 고려한 금액을 기준으로’라는 부분을 보험계약의 내용으로 주장할 수 없게 되면, 이 사건 각 보험계약에 따라 지급해야 할 연금월액을 피고 주장처럼 산출방법서에 정한 대로 해석하는 것은 평균적 고객의 이해가능성 기준에 어긋나고, 이 사건 약관 중 위 연금월액 지급금액에 관한 부분을 원고들 주장처럼 ‘연금개시 시 계약자적립금을 기준으로 공시이율을 곱하여 계산한 연금월액 전액의 지급’이라고 해석하는 것까지 가능한 이상 약관 작성자 불이익 원칙에 따라 피고는 원고들에게 미지급 생존연금 중 원고들이 구하는 부분 및 이에 대한 지연손해금을 ",공시이율을 적용’하고 ‘계약자적립금을 기준으로,미검수
법제처 OPEN API/prec,612847,2022다225897,보험금,https://www.law.go.kr/DRF/lawService.do?OC=test&target=prec&ID=612847&type=HTML,(조 번호 미표기),위험,판례 문맥 추론 · 단일 신호,위험,,," 명시ㆍ설명의무 위반의 효과로 이 사건 약관 별표1 보험금지급기준표 만기환급형의 연금월액 지급금액에 관한 내용 가운데 ‘만기환급금을 고려한 금액을 기준으로’라는 부분을 보험계약의 내용으로 주장할 수 없게 되면, 이 사건 각 보험계약에 따라 지급해야 할 연금월액을 피고 주장처럼 산출방법서에 정한 대로 해석하는 것은 평균적 고객의 이해가능성 기준에 어긋나고, 이 사건 약관 중 위 연금월액 지급금액에 관한 부분을 원고들 주장처럼 ‘연금개시 시 계약자적립금을 기준으로 공시이율을 곱하여 계산한 연금월액 전액의 지급’이라고 해석하는 것까지 가능한 이상 약관 작성자 불이익 원칙에 따라 피고는 원고들에게 미지급 생존연금 중 원고들이 구하는 부분 및 이에 대한 지연손해금을 지급할 의무가 있다고 판단하였다. 나. 대법원의 판단 그러나 원심의 이러한 판단은 다음과 같은 이유로 받아들이기 어렵다. (1) 명시ㆍ설명의무 위반으로 보험약관의 전부 또는 일부 조항이 보험계약의 내용으로 되지 못하는 경우 보험계약은 나머지 부분만으로 유효하게 존속하고, 다만 유효한 부분만으로는 보험계약의 목적 달성이 불가능하거나 그 유효한 부분이 한쪽 당사자에게 부당하게 불리한 경우에는 보험계약이 전부 무효가 된다(약관법 제16조). 그리고 나머지 부분만으로 보험계약이 유효하게 존속하는 경우에 당해 보험계약의 내용은 나머지 부분의 보험약관 해석을 통하여 확정되어야 한다(위 대법원 2014다81542 판결 참조). 보험약관은 신의성실의 원칙에 따라 당해 약관의 목적과 취지를 고려하여 공정하고 합리적으로 해석하되, 개개의 계약당사자가 꾀한 목적이나 의사를 참작함이 없이 평균적 고객의 이해가능성을 기준으로 보험단체 전체의 이해관계를 고려하여 객관적ㆍ획일적으로 해석하여야 한다(대법원 2010. 11. 25. 선고 2010다45777 판결, 대법원 2025. 3. 13. 선고 2023다250746 판결 등 참조). (2) 이러한 법리에 비추어 기록과 원심판결 이유를 살펴본다. 본래 연금액 또는 보험금의 계산에 관한 조항이 보험계약의 내용으로 되지 않는다면 연금보험계약 자체를 무효로 볼 여지가 있다(위 대법원 2014다81542 판결 참조). 그런데 이 사건의 경우, 이 사건 만기환급금 지급재원 공제 방식이 이 사건 각 보험계약의 내용에서 제외된다고 하더라도 나머지 부분만으로 이 사건 각 보험계약이 유효하게 존속한다고 보는 것이 합리적이다. 이 사건 각 보험계약과 같은 상속만기형 즉시연금보험 상품 및 그와 함께 판매되어 온 다른 즉시연금보험 상품의 목적ㆍ구조와 거래관행, 이 사건 각 보험계약을 체결한 평균적 고객이 이 사건 약관을 이해함으로써 기대할 수 있었던 정당한 이익의 수준이나 보험단체 전체의 이해관계, 원고들에게 교부된 각 가입설계서에 즉시연금보험 유형별로 생존연금의 예시금액이 기재되어 있는 점 등을 종합하여 각 가입설계서를 비롯한 이 사건 각 보험계약의 나머지 부분 보험약관을 객관적ㆍ획일적으로 해석하면, 원고들에게 매월 지급될 생존연금 액수는 본래의 산출방법서에서 정한 내용에 따라 산출된다고 해석할 수 있다. 이러한 해석이 이 사건 각 보험계약의 목적 달성을 불가능하게 하거나 어느 한쪽 당사자에게 부당하게 불리한 해석이라고 보기 어렵고, 무엇보다 이 사건 각 보험계약을 무효로 해석하는 것이 오히려 보험계약자인 원고들에게 불리한 결과를 가져올 수 있으며, 현 시점에 이르러 이 사건 각 보험계약 전부를 무효로 보는 것은 원고들뿐 아니라 즉시연금보험 상품을 개발하고 판매해 온 피고의 의사에도 부합한다고 보기 어려운 사정까지 고려하면, 이로써 이 사건 각 보험계약은 나머지 부분만으로도 유효하게 존속한다고 보는 것이 타당하고, 결국 피고가 이 사건 각 보험계약에 따라 원고들에게 지급하여야 하는 생존연금액은 달라지지 않는다. (3) 결국 원고들의 청구를 모",연금개시 시 계약자적립금을 기준으로 공시이율을 곱하여 계산한 연금월액 전액의 지급,미검수
법제처 OPEN API/prec,614541,2022가합107693,보험에관한소송,https://www.law.go.kr/DRF/lawService.do?OC=test&target=prec&ID=614541&type=HTML,(조 번호 미표기),(판단 불명확),판단 불명확,,,,"계약을 체결한 후 주기적으로 병원을 전전하며 여러 가지 진단명으로 반복하여 입원하였는데, 보험사고인 재해와 질병이 짧은 주기로 반복하여 발생하였고, 사실 확인이 어려운 단독사고인 경우가 다수이며, 동일 또는 유사 병명으로 한 병원에서 입원치료를 받다가 퇴원 당일 다른 병원에 입원한 경우도 존재하는 점, ③ 甲이 일부 보험회사와 보험계약을 체결할 때 작성한 보험계약서에 ‘다른 보험회사에 생명보험, 손해보험 등을 가입하고 있는지’에 관한 질문에 ‘아니오’로 답변함으로써 동종의 다른 보험에 가입한 사실을 허위로 고지하기도 하였던 점 등 제반 사정에 비추어 보면, 위 보험계약은 생명·신체 등에 대한 우연한 위험에 대처하기 위한 목적으로 체결된 것이 아니라 甲이 다수의 보험계약을 체결한 후 보험사고를 가장하거나 질병의 정도를 실제보다 과장하여 과다하게 입원하는 등의 방법으로 보험금을 부정하게 취득할 목적으로 체결한 것이라고 봄이 타당하므로, 민법 제103조의 선량한 풍속 기타 사회질서에 반하는 계약으로서 무효이고, ① 甲이 형사판결 확정으로 보험금을 반환한 후에 위 보험계약에 기하여 보험금을 부정취득할 목적이 없어졌다고 인정할 증거가 없어 위 보험계약이 국가의 추인에 따라 새로운 보험계약으로서 유효하게 체결되었다고 볼 수 없는 점, ② 보험금 부정취득 목적이 소멸되지 않은 상태에서 국가가 보험료를 수령하였다고 하여 甲에게 보험계약 유지를 신뢰할 만한 정당한 기대가 발생하였다고 할 수 없는 점, ③ 甲이 지급한 보험료는 무효인 보험계약을 유지시키기 위하여 지급한 불법원인 급여로서 민법 제746조에 따라 반환을 구하지 못하는 점 등에 비추어 甲의 무효행위 추인 주장, 권리남용 항변, 상계항변 또한 모두 이유가 없으므로, 甲은 국가에 지급받은 보험금을 부당이득으로 반환하여야 한다고 한 사례이다. ]]> ]]> 【피 고】 피고 (소송대리인 법무법인 한앤율 담당변호사 조민지) 【변론종결】2025. 7. 17. 【주 문】 1. 원고와 피고 사이에 체결된 별지1 목록 기재 각 보험계약은 무효임을 확인한다. 2. 피고는 원고에게 52,660,000원 및 위 돈 중 50,840,000원에 대하여는 2022. 8. 2.부터, 1,820,000원에 대하여는 2023. 9. 12.부터 각 다 갚는 날까지 연 12%의 비율로 계산한 돈을 지급하라. 3. 소송비용은 피고가 부담한다. 4. 제2항은 가집행할 수 있다. 【청구취지】 주위적으로 주문 제1, 2항 및 예비적으로 원고와 피고 사이에 체결된 별지1 목록 기재 각 보험계약은 이 사건 소장 부본 송달일에 해지되었음을 확인한다. 【이 유】 1. 기초 사실 가. 피고는 우체국예금·보험에 관한 법률에 따라 우체국보험을 영위하는 원고와, 피보험자 및 보험수익자를 피고 자신으로 하여 2007. 3. 12. 별지1 목록 제1항 기재 보험계약을, 2008. 1. 29. 별지1 목록 제2항 기재 보험계약을, 2008. 2. 5. 별지1 목록 제3항 기재 보험계약(이하 ‘이 사건 각 보험계약’이라 하고, 별지 목록 순번에 따라 ‘제○ 보험계약’이라 한다)을 각 체결하였다. 나. 이 사건 각 보험계약은 질병 또는 재해로 인하여 그 치료를 목적으로 입원하였을 때 입원 1일당 2만 원을 보험금으로 지급하는 것 등을 보장 내용으로 한다. 다. 피고는 2015. 8. 12. ‘2009. 5.경부터 2012. 11.경까지 원고를 기망하여 정상적으로 입원치료를 받은 것처럼 보험금을 청구하고 보험금 합계 48,142,250원을 수령하였다.’는 사실을 포함하여, 다수의 보험회사들을 기망하여 보험금을 교부받았다는 아래 내용의 범죄사실로 사기죄가 인정되어 징역 1년에 집행유예 2년을 선고받았고(서울남부지방법원 2014고단4592","다른 보험회사에 생명보험, 손해보험 등을 가입하고 있는지",미검수
법제처 OPEN API/prec,616719,2024나2048856,부당이득금,https://www.law.go.kr/DRF/lawService.do?OC=test&target=prec&ID=616719&type=HTML,(조 번호 미표기),(판단 불명확),판단 불명확,,,,"부재료는 가맹본부가 지정하는 업체에서 공급받아야 하는 필수품목에 해당한다고 보인다), 이는 가맹점사업자의 계약의 자유를 과도하게 제한하는 결과를 초래할 수 있어 부당하다. ④ 한편, ‘협의’의 사전적 의미는 ‘서로의 의견이 일치함’을 의미하는 합의와 달리 ‘둘 이상의 사람이 서로 협력하여 논의함’을 의미하는 것으로 그 사전적 의미가 다르고, 이 사건 각 가맹계약서는 ‘협의’와 ‘합의’를 구분하여 사용하고 있는데, 이 사건 각 가맹계약 제28조 제1항은 원·부재료 가격 변경을 ‘합의’가 아닌 ‘협의’의 대상으로 명시하고 있다. ⑤ 가맹사업법 제14조의2 제2항에서도 가맹본부와 가맹계약을 체결·유지하고 있는 가맹점사업자로만 구성된 가맹점사업자단체는 그 가맹본부에 대하여 가맹계약의 변경 등 거래 조건에 대한 협의를 요청할 수 있다고 규정하여, 거래조건 변경을 협의의 대상으로 규정하고 있다. ⑥ 만약 원·부재료 가격 변경 시 단순히 의견 수렴 및 교환 절차를 넘어 가맹점사업자들 전부와의 의사 합치를 요한다면, 가맹점사업자들 사이에 서로 이해관계가 일치하지 않을 경우 가맹본부로서는 외부의 시장 환경 및 경제여건의 변화에 탄력적으로 대응하는 데 어려움을 겪을 수밖에 없고, 피고가 1,000명이 넘는 가맹점사업자들과 거래를 하면서 가맹사업의 통일성 및 상품·용역의 동일성을 유지할 수 없어 가맹사업 자체의 유지·운영이 곤란해질 우려도 있다(이에 대하여 원고들은, 가맹사업법은 가맹점사업자와 소비자 간 거래 단계에서 품질기준 준수만을 요구하고 있는 점, 가맹본부가 가맹점사업자에게 원·부재료를 공급하는 것 자체가 가맹법상 가맹사업의 본질적 내용에 해당하는 것이 아니라는 점 등을 근거로, 원·부재료 가격을 가맹점사업자들에게 통일적으로 적용해야 하는 것은 아니라는 취지로 주장하나, 원·부재료의 공급가격에 차이가 생길 경우, 가맹점사업자들 간의 원가 구조에 중대한 불균형을 초래할 수 있고, 영업상의 공정한 경쟁을 저해하며 가맹사업의 균형성과 일관성을 해치게 될 수 있으므로, 원고들이 들고 있는 사정만으로, 가맹본부가 전체 가맹점사업자와 사이에 원·부재료의 공급가격을 동일하게 적용하고자 하는 것이 불필요한 것이라고 단정할 수는 없다). 이러한 사정을 고려할 때, 이 사건 각 가맹계약이 원·부재료의 가격 변경과 관련한 절차를 ‘합의’가 아닌 ‘협의’의 대상으로 정한 것은, 가맹사업의 일관성을 확보함과 동시에 가맹점사업자의 의견을 반영하기 위한 절충적 방안으로 이해하는 것이 타당하다. 3. 1, 2차 물대인상에 있어 실체적 하자(가격 변경의 필요성이 있는지)가 있는지에 관한 판단 』 ○ 제12면 제4행의 ""2차 물대인상""을 ""1, 2차 물대인상""으로 고친다. ○ 제12면 제17행의 ""가맹사업자들에게""를 ""가맹점사업자들에게""로 고친다. ○ 제13면 제5행과 제6행 사이에 다음의 내용을 추가한다. 『4) 가맹본부의 물품공급은 가맹사업의 본질적 요소가 아니므로, 피고가 가맹점사업자들로 하여금 자신을 거쳐 물품을 공급받도록 하면서 계약 체결 시점에 이미 정해진 물품 공급가격을 변경하고자 한다면 물품구입 및 공급에 직접적으로 소요되는 비용이 증가하였다는 등의 사정이 있어야 이를 정당화할 수 있는 것인데, 피고가 가격 인상 필요성의 원인으로 들고 있는 인건비나 임차료, 고정자산투자와 관련된 감가상각비 등은 물품공급 여부와 무관하게 소요되는 고정비적 성격의 비용에 불과하고, 영업이익률을 높이기 위한 목적 또한 물품구입 및 공급비용과는 무관한 사정으로, 위와 같은 사유는 물대인상을 정당화하는 근거가 되지 못한다.』 ○ 제13면 제7행부터 마지막 행까지를 다음과 같이 고친다. 『1) 앞서 든 증거들, 갑 제4, 18호증, 을 제23호증의 각 기재에 의하면, 1차 물대인상 전, 피고가 거래처인 □□□ 주식회","협의’와 ‘합의’를 구분하여 사용하고 있는데, 이 사건 각 가맹계약 제28조 제1항은 원·부재료 가격 변경을",미검수
법제처 OPEN API/prec,616719,2024나2048856,부당이득금,https://www.law.go.kr/DRF/lawService.do?OC=test&target=prec&ID=616719&type=HTML,(조 번호 미표기),(판단 불명확),판단 불명확,,,,"호증""으로 고친다. ○ 제28면 제16행의 ""원고의""를 ""원고들의""로 고친다. ○ 제29면 제10행 말미에 아래 내용을 추가한다. 『또한 구 가맹사업법(2024. 1. 2. 법률 제19912호로 개정되기 전의 것) 제11조 제2항 제12호 및 동법 시행령(2023. 11. 16. 대통령령 제33873호로 개정되기 전의 것) 제12조 제2호에 의하면, 가맹계약서에는 ""가맹점사업자의 영업설비·집기 등의 설치와 유지·보수 및 그 비용의 부담에 관한 사항""이 기재되어야 한다고 규정하고 있는데, 피고는 최초로 가맹점사업자들에게 POS 사용료를 부과하기 약 1년 전부터 아래 나)항에서 보는 바와 같이 가맹점사업자들에게 이 사건 교체에 관해 알린 후, 2023. 11. 6. 정보공개서 및 가맹계약서 수시변경등록 절차를 진행하여 POS 사용료를 가맹계약서(2023. 11. 29. 개정) 제19조의 계속가맹금 항목에 포함시켰는바, 이로써 POS 사용료 부과에 관한 근거가 마련되었다고도 볼 수 있다.』 ○ 제29면 제20행의 ""위 자료에도""부터 제30면 제1행까지를 다음과 같이 고친다. 『위 자료에 ‘신규 POS 시스템으로 교체한 이후 30,000원(부가가치세 제외)의 이용료가 부과된다.’는 내용이 기재되어 있다.』 ○ 제30면 제9행의 ""불리한 것으로""부터 제12행까지를 ""불리한 것으로 보이지 아니한다.""로 고친다. 3. 추가 판단 가. 원고들의 주장 요지 1) 원고들 가) 1차 물대인상 당시 △△패티의 구입단가는 팩당 6,490원에서 6,190원으로 인하된 상태였고, 2차 물대인상 당시 △△패티의 구입단가는 팩당 5,990원으로, 가슴살패티의 구입단가는 4,500원에서 4,480원으로 인하된 상태였다. 또한 피고의 매출액 대비 원가 비율은 해를 거듭할수록 하락하였고, 매출액 대비 영업이익률은 급상승하였다. 그럼에도 불구하고 피고는 △△패티와 가슴살패티의 구입단가 인상으로 인한 비용 증가가 있다거나, 외부 환경 변화로 인하여 누적된 비용증가가 있는 것처럼 가맹점사업자들을 기망하여 1, 2차 물대인상을 진행하였는바, 원고들은 2024. 6. 18.자 준비서면의 송달로써 이를 취소한다. 따라서 피고는 원고들에게 1, 2차 물대인상에 따라 피고가 원고들로부터 취득한 부당이득금 원금과 로열티 및 이에 따른 부가가치세 합계액 및 이에 대한 지연손해금을 지급할 의무가 있다. 나) 선택적으로, 피고는 이 사건 각 가맹계약 제28조 제1항을 위반하여 1, 2차 물대인상에 따른 가격인상분 상당의 이익을 취득하였고, 이로써 원고들에게 동액 상당의 손해를 입혔으므로, 이 사건 각 가맹계약 제44조 제1항에 따라 계약위반으로 지급받은 물대인상분 상당액 및 이에 대한 지연손해금을 지급할 의무가 있다. 2) 원고 9, 원고 49, 원고 62, 원고 67, 원고 77 피고는 1차 물대인상 이후 위 원고들과 가맹계약을 체결하면서 1차 물대인상 전 가격으로 △△패티를 공급하기로 약정하였음에도, 위 원고들에게 1차 물대인상 후의 가격으로 △△패티를 공급하였다. 따라서 피고는 위 원고들에게 이 사건 각 가맹계약 제44조 제1항에 따라 손해배상으로서 약정 가격과 실제 공급가격의 차액에 해당하는 금액을 지급할 의무가 있다. 나. 부당이득반환 청구에 관한 판단 살피건대, 1, 2차 물대인상 당시 가격 인상의 필요성이 없었다고 단정하기 어려운 점은 앞서 본 바와 같고, 피고가 가맹점사업자들에게 1, 2차 물대인상 당시 제시한 자료가 허위의 자료라는 점을 인정할 아무런 증거가 없는 점(원고들은, 피고가 브라질산 △△패티 구입가격 및 국내산 가슴살패티의 구입가격이 각각 20% 또는 19% 정도 올랐음을 근거로 제시한 것이 허위의 정보라고 주장하나, 피고가 제시한 △△패티와 가슴살",맹점사업자의 영업설비·집기 등의 설치와 유지·보수 및 그 비용의 부담에 관한 사항,미검수
법제처 OPEN API/prec,609337,2024나65751,분담금반환청구등,https://www.law.go.kr/DRF/lawService.do?OC=test&target=prec&ID=609337&type=HTML,(조 번호 미표기),위험,판례 문맥 추론 · 단일 신호,위험,,,"】1. 기초사실 가. 피고는 평택시 (지번 생략) 일원에 아파트를 건설하여 분양하는 사업(이하 ‘이 사건 사업’이라고 한다)을 하기 위하여 결성된 비법인사단이다. 나. 원고는 2021. 6. 12. 피고와 사이에 이 사건 사업으로 신축될 아파트 1세대를 분양받기 위하여 업무대행비를 포함한 분담금을 339,200,000원으로 정하여 조합원가입계약(이하 ‘이 사건 조합원가입계약’이라고 한다)을 체결하였다. 다. 원고는 2021. 6. 12. 피고 측으로부터 ‘피고는 계약자 선착순 내지 행운 이벤트 당첨자인 원고에게 20,000,000원 상당의 고품격 가전제품(광파오븐, 3구 인덕션, 식기세척기, 시스템 에어컨, 스타일러, 워시타워, 김치냉장고)과 안방에 설치되는 고급 붙박이장을 무상으로 제공한다’는 내용의 확약서(이하 ‘이 사건 확약서’라고 하고, 위 확약서에 따른 약정을 ‘이 사건 무상제공 약정’이라고 한다)를 교부받았다. 라. 원고는 2021. 6. 12. 30,000,000원, 2021. 7. 26. 25,000,000원, 2022. 2. 10. 20,000,000원 등 합계 75,000,000원의 분담금을 피고가 지정하는 계좌에 납입하였다. 마. 피고는 2022. 2. 4. 주택설립인가 신청을 하여 2022. 9. 1. 평택시로부터 지역주택조합 설립인가를 받았다. 바. 피고는 2024. 9. 7. 조합원 정기총회를 개최하여 이 사건 확약서에서 무상으로 제공하기로 정한 품목의 내용을 안방과 거실의 시스템 에어컨으로 축소하되 그 비용은 새로운 시공사가 부담하는 것으로 변경하는 ‘가전제품 무상제공 변경 승인 건’을 의결하였다. 사. 한편 피고의 조합규약(이하 ‘이 사건 조합규약’이라고 한다) 중 이 사건과 관련된 내용은 다음과 같다. 제28조(총회의 의결사항) ① 다음 각 호의 사항은 총회의 의결을 거쳐 결정한다. 3. 예산으로 정한 사항 외에 조합원의 부담이 될 계약 제39조(시공사의 선정 및 사업시행계약) ① 시공자는 주택법에 의한 공동 사업 주체의 요건을 갖추어야 하며, 총회의 의결을 거쳐 선정하여야 한다. 제44조(조합주택의 공급) ③ 조합원의 동호수 결정은 조합이 지정한 시기에 분담금 납입 순서 등 기타 공정한 방법에 의하여 결정한다. [인정근거] 다툼 없는 사실, 갑 1호증 내지 갑 4호증, 갑 6호증의 1, 2, 갑 15, 19호증, 을 2, 7, 19호증의 각 기재 및 변론 전체의 취지 2. 원고의 주장 요지 가. 이 사건 확약서에 따른 이 사건 무상제공 약정은 피고 조합원의 분담금을 가중시킬 우려가 있는 행위에 해당하는바, 이는 총유물의 관리 및 처분행위 내지 이 사건 조합규약 제28조의 ‘예산으로 정한 사항 외에 조합원의 부담이 될 계약’에 해당하여 총회의 의결이 필요하다. 그럼에도 피고는 총회의 의결을 거치지 아니하고 이 사건 확약서를 교부하였으므로, 이 사건 무상제공 약정은 무효이다. 나아가 원고는 이 사건 확약서를 교부받지 아니하였으면 이 사건 조합원가입계약을 체결하지 아니하였을 것이어서, 이 사건 확약서의 내용은 이 사건 조합원가입계약과 일체를 이루는 것이므로, 민법 제137조 소정의 일부무효 법리에 따라 이 사건 조합원가입계약도 무효이다. 나. 피고는 원고에게 이 사건 조합원가입계약 체결 당시 ① 원고가 지급할 분담금은 평당 9,000,000원대로 확정되어 이 사건 조합원가입계약에서 정한 분담금 이외에 추가분담금은 없다고 광고하고 설명하였으나, 시공사와의 공사도급계약에 따라 추가분담금이 발생되어 원고는 분담금을 추가로 지급하게 되었고, ② △△건설 주식회사와는 MOU계약을 체결하였을 뿐 공사도급계약을 체결한 바가 없었음에도 위 아파트의 시공사가 △△건설 주식회사인 것처럼 홍보하였고, 또한 조합원가입계약 체결 당시 동호수를 지",라고 한다)을 체결하였다. 다. 원고는 2021. 6. 12. 피고 측으로부터,미검수
법제처 OPEN API/prec,609337,2024나65751,분담금반환청구등,https://www.law.go.kr/DRF/lawService.do?OC=test&target=prec&ID=609337&type=HTML,제5조,위험,판례 문맥 추론 · 단일 신호,위험,,," 거고 추가로 더 내는 건 없어요.""라고 답변한 사실, 피고의 2024. 9. 7.자 조합원 정기총회에서 대출금리 및 물가상승 등으로 인하여 추가 분담금을 납부하기로 하는 내용의 ‘조합원 추가분담금 결정의 건’이 상정되어 의결된 사실은 인정된다. 그러나 앞서 든 증거, 을 4호증의 기재에 변론 전체의 취지를 종합하여 인정되는 다음과 같은 사정들 즉, ① 이 사건 조합원가입계약 제5조(조합원 분담금 및 관리)의 제5항(특약사항) 제1호는 ‘건축 규모의 증감(지하주차장 포함), 세대별 단위면적(공급면적)이 증감될 수 있으며, 이에 따른 조합원분담금의 금액조정에 관하여 원고는 피고의 임원회에 위임하고, 피고는 변경내용을 확정하여 사업계획승인 후 조합원에게 개별 통지하고, 원고는 이에 동의하고 승인한다.’, 제9호는 ‘인, 허가 시 사업규모가 변경될 경우는 조합 총회에서 조합원분담금을 변경할 수 있다.’, 제10호는 ‘주택조합사업은 토지확보 및 조합원의 동의, 기타 요인 등으로 사업이 지연될 수 있으며, 그에 따른 사업비의 증가로 추가 분담금이 발생할 수 있음.’이라고 명시하고 있는 점, ② 원고는 피고에게 조합원가입 체크리스트를 제출하면서 6항의 ‘가입계약서 제5조[조합원 분담금 및 관리]에 따른 조합분담금 납부일정에 대한 설명을 들으셨습니까?’, 7항의 ‘조합원 분담금은 납부 일정에 따라 납입하여야 하며, 연체시 연 11%의 연체이자 발생과 계약해지의 사유가 된다는 설명을 들으셨습니까?’에 대하여 ‘예’란에 각 체크 표시를 한 점, ③ 원고는, 이 사건 조합원가입계약서상 분담금이 증감될 수 있다는 부분은 신의성실의 원칙을 위반하여 공정성을 잃은 조항이고, 피고가 위와 같이 중요한 내용을 원고에게 구체적으로 명시하여 설명하지 아니하였으므로 약관의 규제에 관한 법률 제3조 제3항 및 제6조를 위반하여 무효라고 주장하나, 원고가 주장하는 사정이나 제출된 증거만으로는 분담금 증감 조항이 원고에게 부당하게 불리하여 공정성을 잃은 조항으로 무효라고 보기 어렵고, 또한 이 사건 조합원가입계약서에는 조합원분담금은 사업인허가 과정에서 증감될 수 있다는 취지가 반복적으로 기재되어 있고, 원고는 이 사건 조합원가입계약 당시 계약서의 내용을 본인이 읽었다는 취지로 자필 기재하고 날인한 후 같은 취지의 조합원가입 체크리스트와 확약서를 제출한 점에 비추어 보면, 피고가 이에 대한 설명의무를 위반하였다고 보기도 어려운 점, ④ 앞서 본 900만원대 분담금은 분양홍보자료에 기재된 내용일 뿐, 이 사건 조합원가입계약의 내용으로 볼 수는 없고, 홍보자료 자체에서도 위 900만원대 분담금이 확정 분양가라고 명시되어 있지 않은 점, ⑤ 원고가 피고 직원으로부터 추가 분담금이 없다고 설명을 들었다는 시점은 조합원가입계약 체결 당시가 아니라 그로부터 약 1년 6개월 이후인 점 등에 비추어 보면, 원고가 제출한 증거만으로는 피고가 이 사건 조합원가입계약 체결 당시 원고에게 추가 분담금이 확정적으로 발생하지 않는다고 설명하였다고 인정하기에 부족하고 달리 이를 인정할 증거가 없으며, 또한 조합원 모집 과정에서 ‘시세대비 저렴한 900만원대 (3.3㎡/평균) 분담금’이라는 홍보가 이루어졌다고 하더라도 이는 조합원 모집과 관련하여 과장하여 표현한 것에 불과한 것으로 보이고, 이로써 피고가 추가 분담금과 관련하여 거래에 있어 중요한 사항에 관하여 구체적 사실을 신의성실의 의무에 비추어 비난받을 정도의 방법으로 허위로 고지하여 기망행위를 하였다고 인정하기 어렵다. 따라서 원고의 이 부분 주장은 이유 없다. 2) 시공사 및 동호수 지정 관련 사기 주장에 대한 판단 앞서 든 증거, 을 21호증의 기재, 갑 12호증의 영상에 의하면, 원고가 이 사건 조합원가입계약 체결 당시 이 사건 아파트 중 (동호수 생략)을 공급받기를 희망한다는 내용의 조합원가입 희망 동호수 신청서를 함께 작성하여 피고에게 제출한 사실, 피고의 조합원 가입을 홍보하는 자료에 ‘△△건설’ 또는 △△건설 주식회사(이하 ‘소외 1 회사’라고 한다)의 아파트 브랜드명인 ‘(브랜드명 생략)’이 기재되","건축 규모의 증감(지하주차장 포함), 세대별 단위면적(공급면적)이 증감될 수 있으며, 이에 따른 조합원분담금의 금액조정에 관하여 원고는 피고의 임원회에 위임하고, 피고는 변경내용을 확정하여 사업계획승인 후 조합원에게 개별 통지하고, 원고는 이에 동의하고 승인한다",미검수
법제처 OPEN API/prec,609337,2024나65751,분담금반환청구등,https://www.law.go.kr/DRF/lawService.do?OC=test&target=prec&ID=609337&type=HTML,(조 번호 미표기),(판단 불명확),판단 불명확,,,,"1항에서 시공사의 선정은 총회의 의결을 거치도록 정하고, 제44조 제3항에서 조합원의 동호수 결정은 공정한 방법에 의하여 결정한다고 정하고 있는 점, ② 원고는 2021. 6. 12. 피고에게 ‘피고 조합원으로서 주택조합설립인가를 신청함에 있어 조합규약을 숙지하였으며, 이에 동의하고 이의 없음을 확인한다’는 내용의 조합규약 동의서를 제출한 점, ③ 피고는 이 사건 조합원가입계약 체결 이전에 이미 소외 1 회사와 ‘○○○ 지역주택조합 사업 추진을 위한 사업협약(MOU)’을 체결하였고, 이를 근거로 홍보자료나 홍보관에 소외 1 회사의 아파트 브랜드인 ‘(브랜드명 생략)’을 사용했던 점, ④ 피고는 창립총회에서 의결을 통해 소외 1 회사를 시공사로 선정하였으나, 추가 분담금 문제 등으로 인해 이 사건 조합원조합가입계약 체결일로부터 3년이 경과한 2024.경에 이르러서 시공사를 소외 3 회사로 변경한 점, ⑤ 원고가 작성한 위 조합원가입 희망 동호수 신청서에는 ‘피고의 상기 목적물에 대한 조합원 가입신청을 함에 있어 향후 인, 허가 과정에서 다소 변경될 수 있음을 인지하며, 이를 명확히 하고자 다음과 같이 희망 동호수를 신청합니다.’라는 내용이 함께 기재되어 있는 점, ⑥ 원고는 이 사건 조합원가입계약체결 당시인 2021. 6. 12. 피고에게 ‘이 사건 사업으로 신축될 아파트를 향후 주택사업계획 승인 이후 건축개요가 변경이 없을 경우 희망 동호수를 배정받으며, 변경시 동호수 배정은 사업주체의 방식에 따르기로 하여 조합원가입계약을 체결하였으며, 향후 사업추진 및 인, 허가 진행 결과에 따라 변경이 있을 수 있음을 충분히 인지하고 확인합니다.’라는 내용의 확약서를 제출하였고, 또한 피고에게 제출한 조합원가입 체크리스트의 5항에는 ‘계약시 신청한 희망 동호수는 인허가 과정에서 동호수 증감 등으로 인해 변경될 수 있으며 사업계획 승인 후 확정된다는 것에 대한 설명을 들으셨습니까?’라고 기재되어 있고 원고는 이에 대하여 ‘예’란에 체크 표시를 한 점 등에 비추어 보면, 원고가 제출한 증거만으로는 피고가 시공사 선정 및 동호수 지정과 관련하여 구체적 사실을 신의성실의 의무에 비추어 비난받을 정도의 방법으로 허위로 고지하여 기망행위를 하였다고 인정하기에 부족하고, 달리 이를 인정할 증거가 없으므로, 원고의 이 부분 주장 역시 이유 없다. 3) 이 사건 무상제공 약정 관련 사기 주장에 대한 판단 갑 5호증의 기재에 의하면, 피고는 분양홍보자료에서 조합원 가입시 선착순으로 20,000,000원 상당의 가전제품을 제공한다고 광고한 사실을 인정할 수 있고, 이 사건 확약서에도 ‘선착순’으로 가전제품을 무상으로 제공한다고 기재되어 있는 사실, 이 사건 확약서상 무상제공되는 품목은 가전제품(광파오븐, 3구 인덕션, 식기세척기, 시스템 에어컨, 스타일러, 워시타워, 김치냉장고)과 안방에 설치되는 붙박이장 가구였으나, 피고의 2024. 9. 7.자 정기총회에서 무상제공 품목이 안방과 거실의 시스템 에어컨으로 축소되는 내용의 가전제품 무상제공 변경 승인의 건이 가결된 사실 등은 앞서 본 바와 같다. 그런데 앞서 든 증거와 갑 14, 16호증, 을 23, 24호증의 각 기재 및 음성에 변론 전체의 취지를 종합하여 인정되는 다음과 같은 사정들 즉, ① 원고는 2021. 2. 22. 주식회사 □□□(이하 ‘소외 2 회사’라고 한다)와 사이에 소외 2 회사가 사업계획 및 인, 허가, 각종 용역 및 계약 업무지원, 사업부지 확보 등 피고의 업무를 대행하도록 하는 계약을 체결하였고, 이후 피고와 소외 2 회사는 2021. 3. 10. 주식회사 ☆☆☆디엔씨(이하 ‘소외 4 회사’라고 한다)가 피고 조합원을 모집하는 업무를 대행하도록 하는 계약(이하 ‘이 사건 업무대행계약’이라고 한다)을 체결한 점, ② 이 사건 업무",○○○ 지역주택조합 사업 추진을 위한 사업협약(MOU),미검수
법제처 OPEN API/prec,609337,2024나65751,분담금반환청구등,https://www.law.go.kr/DRF/lawService.do?OC=test&target=prec&ID=609337&type=HTML,(조 번호 미표기),(판단 불명확),판단 불명확,,,,"터 3년이 경과한 2024.경에 이르러서 시공사를 소외 3 회사로 변경한 점, ⑤ 원고가 작성한 위 조합원가입 희망 동호수 신청서에는 ‘피고의 상기 목적물에 대한 조합원 가입신청을 함에 있어 향후 인, 허가 과정에서 다소 변경될 수 있음을 인지하며, 이를 명확히 하고자 다음과 같이 희망 동호수를 신청합니다.’라는 내용이 함께 기재되어 있는 점, ⑥ 원고는 이 사건 조합원가입계약체결 당시인 2021. 6. 12. 피고에게 ‘이 사건 사업으로 신축될 아파트를 향후 주택사업계획 승인 이후 건축개요가 변경이 없을 경우 희망 동호수를 배정받으며, 변경시 동호수 배정은 사업주체의 방식에 따르기로 하여 조합원가입계약을 체결하였으며, 향후 사업추진 및 인, 허가 진행 결과에 따라 변경이 있을 수 있음을 충분히 인지하고 확인합니다.’라는 내용의 확약서를 제출하였고, 또한 피고에게 제출한 조합원가입 체크리스트의 5항에는 ‘계약시 신청한 희망 동호수는 인허가 과정에서 동호수 증감 등으로 인해 변경될 수 있으며 사업계획 승인 후 확정된다는 것에 대한 설명을 들으셨습니까?’라고 기재되어 있고 원고는 이에 대하여 ‘예’란에 체크 표시를 한 점 등에 비추어 보면, 원고가 제출한 증거만으로는 피고가 시공사 선정 및 동호수 지정과 관련하여 구체적 사실을 신의성실의 의무에 비추어 비난받을 정도의 방법으로 허위로 고지하여 기망행위를 하였다고 인정하기에 부족하고, 달리 이를 인정할 증거가 없으므로, 원고의 이 부분 주장 역시 이유 없다. 3) 이 사건 무상제공 약정 관련 사기 주장에 대한 판단 갑 5호증의 기재에 의하면, 피고는 분양홍보자료에서 조합원 가입시 선착순으로 20,000,000원 상당의 가전제품을 제공한다고 광고한 사실을 인정할 수 있고, 이 사건 확약서에도 ‘선착순’으로 가전제품을 무상으로 제공한다고 기재되어 있는 사실, 이 사건 확약서상 무상제공되는 품목은 가전제품(광파오븐, 3구 인덕션, 식기세척기, 시스템 에어컨, 스타일러, 워시타워, 김치냉장고)과 안방에 설치되는 붙박이장 가구였으나, 피고의 2024. 9. 7.자 정기총회에서 무상제공 품목이 안방과 거실의 시스템 에어컨으로 축소되는 내용의 가전제품 무상제공 변경 승인의 건이 가결된 사실 등은 앞서 본 바와 같다. 그런데 앞서 든 증거와 갑 14, 16호증, 을 23, 24호증의 각 기재 및 음성에 변론 전체의 취지를 종합하여 인정되는 다음과 같은 사정들 즉, ① 원고는 2021. 2. 22. 주식회사 □□□(이하 ‘소외 2 회사’라고 한다)와 사이에 소외 2 회사가 사업계획 및 인, 허가, 각종 용역 및 계약 업무지원, 사업부지 확보 등 피고의 업무를 대행하도록 하는 계약을 체결하였고, 이후 피고와 소외 2 회사는 2021. 3. 10. 주식회사 ☆☆☆디엔씨(이하 ‘소외 4 회사’라고 한다)가 피고 조합원을 모집하는 업무를 대행하도록 하는 계약(이하 ‘이 사건 업무대행계약’이라고 한다)을 체결한 점, ② 이 사건 업무대행계약서 제6조는 영업활동시 비용분담을 규정하고 있는데, 제6조 제1항 제6호에서는 피고와 업무대행사인 소외 2 회사가 부담할 비용으로 주택홍보관 오픈시 이벤트 및 홍보 판촉물, 방문/계약고객용 사은품, 경품 비용 등을 규정하고 있고, 같은 조 제2항 제4호에서는 조합원 모집대행사인 소외 4 회사가 부담할 비용으로 조합원 모집 촉진을 위한 업무수행에 필요한 비용 등을 규정하고 있는 점, ③ 이 사건 확약서에 따라 가전제품 및 가구를 제공하는데 필요한 비용은 이 사건 업무대행계약서 제6조 제1항 제6호 소정의 주택관 홍보관 오픈시의 판촉물, 사은품이나 경품의 비용이 아니라 같은 조 제2항 제4호 소정의 조합원 모집 촉진을 위한 업무수행에 필요한 비용에 해당하는 것으로 보이는 점, ④ 따라서 비록 대외적으로 피고가 원고에게 무상으로 가전제품 및 가구를 제공하도록 정하긴 하였으나, 대내적으로 그 비용은 소외 4 회사가 부담하기로 정한 것으로 보이는 점, ⑤ 일부 조합원들은 조합원가입계약체결 당시 소외 2 회사로부터 무상으로 가전제품을 제공받는다고 설명을 들은 것으로 보이","사건 사업으로 신축될 아파트를 향후 주택사업계획 승인 이후 건축개요가 변경이 없을 경우 희망 동호수를 배정받으며, 변경시 동호수 배정은 사업주체의 방식에 따르기로 하여 조합원가입계약을 체결하였으며, 향후 사업추진 및 인, 허가 진행 결과에 따라 변경이 있을 수 있음을 충분히 인지하고 확인합니다",미검수
법제처 OPEN API/prec,605033,2024다215375,손해배상(기)등·손해배상(기)[해외 파생상품시장거래에서 투자중개업자의 장중 반대매매를 정한 약관 조항의 효력과 적용 범위 및 투자중개업자의 선관주의의무 위반 여부 등이 문제된 사건],https://www.law.go.kr/DRF/lawService.do?OC=test&target=prec&ID=605033&type=HTML,(조 번호 미표기),(판단 불명확),판단 불명확,,,,"3.까지 순차로 투자신탁 형식의 전문투자형 사모집합투자기구인 이 사건 펀드를 설정하고, 그 투자신탁재산을 「자본시장과 금융투자업에 관한 법률」(이하 ‘자본시장법’이라 한다)에 따른 신탁업자인 나머지 피고들에게 신탁하여 운용하였다. 나. 피고들은 자본시장법상 투자중개업자인 원고 명의로 해외 파생상품 거래를 하기 위해 원고와「해외 파생상품 시장거래 총괄계좌 설정약관」(이하 ‘이 사건 약관’이라 한다)에 의한 계좌설정계약을 체결하고 이 사건 계좌를 개설하였다. 원고는 피고 △△△자산운용에 「해외 파생상품 거래 위험고지서 및 거래설명서」(이하 ‘이 사건 설명서’라 한다)를 교부하였다. 다. 이 사건 약관 제14조 제1항은 고객의 귀책사유나 원고에게 책임이 없는 불가피한 사유가 있는 경우 외에는 고객이 위탁증거금의 추가예탁요구를 통보받고도 지정된 기한 내에 이행하지 아니한 경우에 미결제약정의 반대매매를 하도록 정하였다. 같은 조 제2항은 ""회사(원고)는 제1항에도 불구하고 장중에 시세의 급격한 변동 등으로 인하여 고객의 평가위탁총액이 위탁증거금의 20%보다 낮은 경우에는 위탁증거금의 추가 예탁을 요구하지 아니하고 필요한 수량만큼 미결제약정을 반대매매하고 예탁한 대용증권을 처분할 수 있다.""라고 정하고 있다(이하 이 사건 약관 제14조 제2항을 ‘이 사건 약관 조항’이라 한다). 라. 피고 △△△자산운용은 고유재산 및 이 사건 펀드의 투자신탁재산을 주로 오사카 증권거래소의 장내 파생상품인 ‘Nikkei 225 Index’(이하 ‘니케이 지수’라 한다)의 풋옵션(이하 ‘니케이 풋옵션’이라 한다)에 투자하였다. 니케이 지수는 2020. 2. 하순부터 하락세를 보이다 2020. 2. 28. 약 3.67% 하락하였고, 다수의 풋옵션 매도 포지션을 취하던 이 사건 계좌의 자산평가액도 급격히 하락하였다. 마. 결국 원고는 이 사건 계좌에 관한 평가위탁총액이 위탁증거금의 20%에 미달하게 되었다는 이유로 이 사건 약관 조항에 근거하여 2020. 2. 29. 00:00경부터 같은 날 05:30경까지 피고들에게 위탁증거금의 추가예탁요구를 하지 아니하고 이 사건 계좌의 니케이 풋옵션 등을 반대매매로 청산하였다(이하 ‘이 사건 반대매매’라 한다). 바. 원고의 본소청구 중 미수금 청구는 피고들에 대해 이 사건 약관 제14조 제3항에 따라 원고가 이 사건 반대매매 과정에서 대신하여 납부한 결제대금과 미납수수료에 이자를 더한 금액의 지급을 구하는 것이다(원고는 원심판결의 본소 중 손해배상청구 부분에 대하여 상고하지 않았다). 사. 피고들은 이 사건 반대매매 실행이 위법하다며 위 본소청구를 다투는 한편, 위법한 이 사건 반대매매로 인해 이 사건 계좌에 보유하고 있었던 예탁금 상당액의 손해를 입게 되었다고 주장하며 반소청구로서 원고를 상대로 자본시장법 제64조 제1항 또는 민법 제750조의 불법행위책임 및 채무불이행책임에 기한 손해배상을 구하고 있다. 2. 원심의 판단 원심은 다음과 같은 이유로 이 사건 약관 조항에 기한 이 사건 반대매매를 위법하다고 보았다. 가. 이 사건 약관 조항에 의한 반대매매는 자본시장법이 원칙적으로 금지하는 일임매매에 해당하고, 자본시장법 제71조 제6호 단서, 제7조 제4항 및 그 위임에 따른 자본시장과 금융투자업에 관한 법률 시행령(이하 ‘자본시장법 시행령’이라 한다) 제7조 제3항 제3호 등에 의해 예외적으로 허용되는 일임매매가 아니다. 따라서 이 사건 약관 조항은 자본시장법 규정을 위반한 것으로 무효이고, 이 사건 반대매매는 법률적 근거 없이 실행된 것이다. 나. 이 사건 설명서의 내용과 반대매매의 취지 등을 고려하면 유럽형 옵션인 니케이 풋옵션에 이 사건 약관 조항을 적용할 수 없다. 다. 이 사건 약관 조항에 의한 반대매매 실행의 요건인 ‘평가위탁총액이 위탁증거금의 20%보다 낮은 경우’에서 ‘평가위탁총액’은 옵션의",사건 약관’이라 한다)에 의한 계좌설정계약을 체결하고 이 사건 계좌를 개설하였다. 원고는 피고 △△△자산운용에 「해외 파생상품 거래 위험고지서 및 거래설명서,미검수
법제처 OPEN API/prec,605033,2024다215375,손해배상(기)등·손해배상(기)[해외 파생상품시장거래에서 투자중개업자의 장중 반대매매를 정한 약관 조항의 효력과 적용 범위 및 투자중개업자의 선관주의의무 위반 여부 등이 문제된 사건],https://www.law.go.kr/DRF/lawService.do?OC=test&target=prec&ID=605033&type=HTML,제14조,(판단 불명확),판단 불명확,,,," 피고들은 자본시장법상 투자중개업자인 원고 명의로 해외 파생상품 거래를 하기 위해 원고와「해외 파생상품 시장거래 총괄계좌 설정약관」(이하 ‘이 사건 약관’이라 한다)에 의한 계좌설정계약을 체결하고 이 사건 계좌를 개설하였다. 원고는 피고 △△△자산운용에 「해외 파생상품 거래 위험고지서 및 거래설명서」(이하 ‘이 사건 설명서’라 한다)를 교부하였다. 다. 이 사건 약관 제14조 제1항은 고객의 귀책사유나 원고에게 책임이 없는 불가피한 사유가 있는 경우 외에는 고객이 위탁증거금의 추가예탁요구를 통보받고도 지정된 기한 내에 이행하지 아니한 경우에 미결제약정의 반대매매를 하도록 정하였다. 같은 조 제2항은 ""회사(원고)는 제1항에도 불구하고 장중에 시세의 급격한 변동 등으로 인하여 고객의 평가위탁총액이 위탁증거금의 20%보다 낮은 경우에는 위탁증거금의 추가 예탁을 요구하지 아니하고 필요한 수량만큼 미결제약정을 반대매매하고 예탁한 대용증권을 처분할 수 있다.""라고 정하고 있다(이하 이 사건 약관 제14조 제2항을 ‘이 사건 약관 조항’이라 한다). 라. 피고 △△△자산운용은 고유재산 및 이 사건 펀드의 투자신탁재산을 주로 오사카 증권거래소의 장내 파생상품인 ‘Nikkei 225 Index’(이하 ‘니케이 지수’라 한다)의 풋옵션(이하 ‘니케이 풋옵션’이라 한다)에 투자하였다. 니케이 지수는 2020. 2. 하순부터 하락세를 보이다 2020. 2. 28. 약 3.67% 하락하였고, 다수의 풋옵션 매도 포지션을 취하던 이 사건 계좌의 자산평가액도 급격히 하락하였다. 마. 결국 원고는 이 사건 계좌에 관한 평가위탁총액이 위탁증거금의 20%에 미달하게 되었다는 이유로 이 사건 약관 조항에 근거하여 2020. 2. 29. 00:00경부터 같은 날 05:30경까지 피고들에게 위탁증거금의 추가예탁요구를 하지 아니하고 이 사건 계좌의 니케이 풋옵션 등을 반대매매로 청산하였다(이하 ‘이 사건 반대매매’라 한다). 바. 원고의 본소청구 중 미수금 청구는 피고들에 대해 이 사건 약관 제14조 제3항에 따라 원고가 이 사건 반대매매 과정에서 대신하여 납부한 결제대금과 미납수수료에 이자를 더한 금액의 지급을 구하는 것이다(원고는 원심판결의 본소 중 손해배상청구 부분에 대하여 상고하지 않았다). 사. 피고들은 이 사건 반대매매 실행이 위법하다며 위 본소청구를 다투는 한편, 위법한 이 사건 반대매매로 인해 이 사건 계좌에 보유하고 있었던 예탁금 상당액의 손해를 입게 되었다고 주장하며 반소청구로서 원고를 상대로 자본시장법 제64조 제1항 또는 민법 제750조의 불법행위책임 및 채무불이행책임에 기한 손해배상을 구하고 있다. 2. 원심의 판단 원심은 다음과 같은 이유로 이 사건 약관 조항에 기한 이 사건 반대매매를 위법하다고 보았다. 가. 이 사건 약관 조항에 의한 반대매매는 자본시장법이 원칙적으로 금지하는 일임매매에 해당하고, 자본시장법 제71조 제6호 단서, 제7조 제4항 및 그 위임에 따른 자본시장과 금융투자업에 관한 법률 시행령(이하 ‘자본시장법 시행령’이라 한다) 제7조 제3항 제3호 등에 의해 예외적으로 허용되는 일임매매가 아니다. 따라서 이 사건 약관 조항은 자본시장법 규정을 위반한 것으로 무효이고, 이 사건 반대매매는 법률적 근거 없이 실행된 것이다. 나. 이 사건 설명서의 내용과 반대매매의 취지 등을 고려하면 유럽형 옵션인 니케이 풋옵션에 이 사건 약관 조항을 적용할 수 없다. 다. 이 사건 약관 조항에 의한 반대매매 실행의 요건인 ‘평가위탁총액이 위탁증거금의 20%보다 낮은 경우’에서 ‘평가위탁총액’은 옵션의 실시간 가격 변동을 반영하지 않고 산정해야 하고, 이에 따르면 이 사건 반대매매는 해당 요건을 갖추지 못한 상태에서 실행된 것이다. 라. 원고는 이 사건 약관 조항에 의한 반대매매를 실행하는 과정에서 선량한 관리자의 주의의무 내지 충실의무를 부담하는데, 이 사건 반대매매를 실시할 때 그 주의의무 등을 다하지 않았다. 3. 대법원의 판단 그러나 위와 같은 원심의 판단은 다음과 같은 이유로 수긍할 수 없다. 가. 이 사건 약관 조항의 ","고객의 귀책사유나 원고에게 책임이 없는 불가피한 사유가 있는 경우 외에는 고객이 위탁증거금의 추가예탁요구를 통보받고도 지정된 기한 내에 이행하지 아니한 경우에 미결제약정의 반대매매를 하도록 정하였다. 같은 조 제2항은 ""회사(원고)는 제1항에도 불구하고 장중에 시세의 급격한 변동 등으로 인하여 고객의 평가위탁총액이 위탁증거금의 20%보다 낮은 경우에는 위탁증거금의 추가 예탁을 요구하지 아니하고 필요한 수량만큼 미결제약정을 반대매매하고 예탁한 대용증권을 처분할 수 있다.",미검수
법제처 OPEN API/prec,605033,2024다215375,손해배상(기)등·손해배상(기)[해외 파생상품시장거래에서 투자중개업자의 장중 반대매매를 정한 약관 조항의 효력과 적용 범위 및 투자중개업자의 선관주의의무 위반 여부 등이 문제된 사건],https://www.law.go.kr/DRF/lawService.do?OC=test&target=prec&ID=605033&type=HTML,제14조,(판단 불명확),판단 불명확,,,,"하지 아니한 경우에 미결제약정의 반대매매를 하도록 정하였다. 같은 조 제2항은 ""회사(원고)는 제1항에도 불구하고 장중에 시세의 급격한 변동 등으로 인하여 고객의 평가위탁총액이 위탁증거금의 20%보다 낮은 경우에는 위탁증거금의 추가 예탁을 요구하지 아니하고 필요한 수량만큼 미결제약정을 반대매매하고 예탁한 대용증권을 처분할 수 있다.""라고 정하고 있다(이하 이 사건 약관 제14조 제2항을 ‘이 사건 약관 조항’이라 한다). 라. 피고 △△△자산운용은 고유재산 및 이 사건 펀드의 투자신탁재산을 주로 오사카 증권거래소의 장내 파생상품인 ‘Nikkei 225 Index’(이하 ‘니케이 지수’라 한다)의 풋옵션(이하 ‘니케이 풋옵션’이라 한다)에 투자하였다. 니케이 지수는 2020. 2. 하순부터 하락세를 보이다 2020. 2. 28. 약 3.67% 하락하였고, 다수의 풋옵션 매도 포지션을 취하던 이 사건 계좌의 자산평가액도 급격히 하락하였다. 마. 결국 원고는 이 사건 계좌에 관한 평가위탁총액이 위탁증거금의 20%에 미달하게 되었다는 이유로 이 사건 약관 조항에 근거하여 2020. 2. 29. 00:00경부터 같은 날 05:30경까지 피고들에게 위탁증거금의 추가예탁요구를 하지 아니하고 이 사건 계좌의 니케이 풋옵션 등을 반대매매로 청산하였다(이하 ‘이 사건 반대매매’라 한다). 바. 원고의 본소청구 중 미수금 청구는 피고들에 대해 이 사건 약관 제14조 제3항에 따라 원고가 이 사건 반대매매 과정에서 대신하여 납부한 결제대금과 미납수수료에 이자를 더한 금액의 지급을 구하는 것이다(원고는 원심판결의 본소 중 손해배상청구 부분에 대하여 상고하지 않았다). 사. 피고들은 이 사건 반대매매 실행이 위법하다며 위 본소청구를 다투는 한편, 위법한 이 사건 반대매매로 인해 이 사건 계좌에 보유하고 있었던 예탁금 상당액의 손해를 입게 되었다고 주장하며 반소청구로서 원고를 상대로 자본시장법 제64조 제1항 또는 민법 제750조의 불법행위책임 및 채무불이행책임에 기한 손해배상을 구하고 있다. 2. 원심의 판단 원심은 다음과 같은 이유로 이 사건 약관 조항에 기한 이 사건 반대매매를 위법하다고 보았다. 가. 이 사건 약관 조항에 의한 반대매매는 자본시장법이 원칙적으로 금지하는 일임매매에 해당하고, 자본시장법 제71조 제6호 단서, 제7조 제4항 및 그 위임에 따른 자본시장과 금융투자업에 관한 법률 시행령(이하 ‘자본시장법 시행령’이라 한다) 제7조 제3항 제3호 등에 의해 예외적으로 허용되는 일임매매가 아니다. 따라서 이 사건 약관 조항은 자본시장법 규정을 위반한 것으로 무효이고, 이 사건 반대매매는 법률적 근거 없이 실행된 것이다. 나. 이 사건 설명서의 내용과 반대매매의 취지 등을 고려하면 유럽형 옵션인 니케이 풋옵션에 이 사건 약관 조항을 적용할 수 없다. 다. 이 사건 약관 조항에 의한 반대매매 실행의 요건인 ‘평가위탁총액이 위탁증거금의 20%보다 낮은 경우’에서 ‘평가위탁총액’은 옵션의 실시간 가격 변동을 반영하지 않고 산정해야 하고, 이에 따르면 이 사건 반대매매는 해당 요건을 갖추지 못한 상태에서 실행된 것이다. 라. 원고는 이 사건 약관 조항에 의한 반대매매를 실행하는 과정에서 선량한 관리자의 주의의무 내지 충실의무를 부담하는데, 이 사건 반대매매를 실시할 때 그 주의의무 등을 다하지 않았다. 3. 대법원의 판단 그러나 위와 같은 원심의 판단은 다음과 같은 이유로 수긍할 수 없다. 가. 이 사건 약관 조항의 무효 여부 1) 자본시장법 제71조 제6호는 투자중개업자가 투자자로부터 금융투자상품에 대한 투자판단의 전부 또는 일부를 일임받아 투자자별로 구분하여 금융투자상품을 취득·처분, 그 밖의 방법으로 운용하는 행위(이하 ‘일임매매 행위’라 한다)를 원칙적으로 금지하면서, 다만 투자일임업으로 행하는 경우, 자본시장법 제7조 제4항",사건 약관 조항’이라 한다). 라. 피고 △△△자산운용은 고유재산 및 이 사건 펀드의 투자신탁재산을 주로 오사카 증권거래소의 장내 파생상품인,미검수
법제처 OPEN API/prec,605033,2024다215375,손해배상(기)등·손해배상(기)[해외 파생상품시장거래에서 투자중개업자의 장중 반대매매를 정한 약관 조항의 효력과 적용 범위 및 투자중개업자의 선관주의의무 위반 여부 등이 문제된 사건],https://www.law.go.kr/DRF/lawService.do?OC=test&target=prec&ID=605033&type=HTML,(조 번호 미표기),(판단 불명확),판단 불명확,,,," 시행령’이라 한다) 제7조 제3항 제3호 등에 의해 예외적으로 허용되는 일임매매가 아니다. 따라서 이 사건 약관 조항은 자본시장법 규정을 위반한 것으로 무효이고, 이 사건 반대매매는 법률적 근거 없이 실행된 것이다. 나. 이 사건 설명서의 내용과 반대매매의 취지 등을 고려하면 유럽형 옵션인 니케이 풋옵션에 이 사건 약관 조항을 적용할 수 없다. 다. 이 사건 약관 조항에 의한 반대매매 실행의 요건인 ‘평가위탁총액이 위탁증거금의 20%보다 낮은 경우’에서 ‘평가위탁총액’은 옵션의 실시간 가격 변동을 반영하지 않고 산정해야 하고, 이에 따르면 이 사건 반대매매는 해당 요건을 갖추지 못한 상태에서 실행된 것이다. 라. 원고는 이 사건 약관 조항에 의한 반대매매를 실행하는 과정에서 선량한 관리자의 주의의무 내지 충실의무를 부담하는데, 이 사건 반대매매를 실시할 때 그 주의의무 등을 다하지 않았다. 3. 대법원의 판단 그러나 위와 같은 원심의 판단은 다음과 같은 이유로 수긍할 수 없다. 가. 이 사건 약관 조항의 무효 여부 1) 자본시장법 제71조 제6호는 투자중개업자가 투자자로부터 금융투자상품에 대한 투자판단의 전부 또는 일부를 일임받아 투자자별로 구분하여 금융투자상품을 취득·처분, 그 밖의 방법으로 운용하는 행위(이하 ‘일임매매 행위’라 한다)를 원칙적으로 금지하면서, 다만 투자일임업으로 행하는 경우, 자본시장법 제7조 제4항 및 그 위임에 따른 자본시장법 시행령 제7조 제3항 제3호에 의하여 투자자가 금융투자상품의 매매, 그 밖의 거래에 따른 결제나 증거금의 추가 예탁 또는 자본시장법 제72조에 따른 신용공여와 관련한 담보비율 유지의무나 상환의무를 이행하지 아니한 경우에 투자중개업자가 투자자로부터 따로 대가 없이 약관 등에 따라 금융투자상품의 매도권한(파생상품인 경우에는 이미 매도한 파생상품의 매수권한을 포함한다)을 일임받아 그 금융투자상품을 취득·처분, 그 밖의 방법으로 운용하는 행위 등을 예외적으로 허용한다. 투자자가 파생상품 거래를 하기 위해 투자중개업자와 체결한 계좌설정계약의 약관 등에서 장중 시세의 급격한 변동으로 투자자의 파생상품 등 보유자산 가액이 일정 증거금 수준에 미달한 경우 투자중개업자로 하여금 투자자의 파생상품 등에 관한 반대거래(이하 ‘장중 반대매매’라 한다)를 통해 청산할 수 있게 정하였다면, 그와 같은 거래행위는 파생상품 등의 취득·처분에 관한 수량, 가격 및 시기 등에 관한 투자판단을 투자자로부터 일임받아 그에 관한 취득·처분 등의 행위를 하는 것으로서 자본시장법 제71조 제6호에서 규정하는 일임매매 행위에 해당한다고 보는 것이 입법자의 의도나 법문언에 충실한 해석이다. 그런데 위와 같은 약관 등에 의하여 자신이 보유한 파생상품 등에 관한 반대거래가 이루어지는 것을 원하지 않는 투자자는 파생상품 등 보유자산 가액이 일정 증거금 수준에 미달하지 않도록 관리해야 하고 장중에 시세가 급격히 변동하여 일정 증거금 수준에 미달하게 된 경우에는 투자중개업자로부터 추가예탁요구를 받지 않더라도 부족분을 만회할 수 있도록 지체 없이 추가 예탁을 하는 등의 조치를 취해야 한다. 이러한 투자중개업자의 ‘장중 반대매매’ 행위는 투자자가 파생상품 등 거래에 따른 증거금의 추가 예탁을 해야 함에도 이를 하지 않은 경우에 투자자로부터 파생상품 등의 매도와 매수권한을 일임받아 그 파생상품 등을 거래한 것이므로, 자본시장법 제7조 제4항 및 그 위임에 따른 자본시장법 시행령 제7조 제3항 제3호가 예외적으로 허용하는 일임매매에 해당한다고 볼 수 있다. 2) 앞서 본 사실관계를 위와 같은 법리에 비추어 살펴본다. 이 사건 약관 조항은 ""장중에 시세의 급격한 변동 등으로 인하여 고객의 평가위탁총액이 위탁증거금의 20%보다 낮은 경우에는 위탁증거금의 추",평가위탁총액이 위탁증거금의 20%보다 낮은 경우,미검수
법제처 OPEN API/prec,605033,2024다215375,손해배상(기)등·손해배상(기)[해외 파생상품시장거래에서 투자중개업자의 장중 반대매매를 정한 약관 조항의 효력과 적용 범위 및 투자중개업자의 선관주의의무 위반 여부 등이 문제된 사건],https://www.law.go.kr/DRF/lawService.do?OC=test&target=prec&ID=605033&type=HTML,(조 번호 미표기),안전,판례 문맥 추론 · 신호 혼재,안전,,,"른 증거금의 추가 예탁을 해야 함에도 이를 하지 않은 경우에 투자자로부터 파생상품 등의 매도와 매수권한을 일임받아 그 파생상품 등을 거래한 것이므로, 자본시장법 제7조 제4항 및 그 위임에 따른 자본시장법 시행령 제7조 제3항 제3호가 예외적으로 허용하는 일임매매에 해당한다고 볼 수 있다. 2) 앞서 본 사실관계를 위와 같은 법리에 비추어 살펴본다. 이 사건 약관 조항은 ""장중에 시세의 급격한 변동 등으로 인하여 고객의 평가위탁총액이 위탁증거금의 20%보다 낮은 경우에는 위탁증거금의 추가 예탁을 요구하지 아니하고 필요한 수량만큼 미결제약정을 반대매매하고 예탁한 대용증권을 처분할 수 있다.""라고 정하여 장중 시세의 급격한 변동으로 투자자인 피고들의 파생상품 등 보유자산 가액이 위탁증거금의 20%에 미달하게 되면 투자중개업자인 원고로 하여금 이 사건 계좌의 파생상품 등에 관하여 장중 반대매매를 통해 청산할 수 있게 하였다. 피고들은 이 사건 계좌를 통해 투자한 파생상품인 니케이 풋옵션의 평가금액을 포함한 평가위탁총액이 위탁증거금의 20%에 미달하지 않도록 관리해야 하고, 그에 미달하는 상황이 발생하면 원고의 추가예탁요구가 없더라도 지체 없이 추가 예탁을 해야 한다. 만약 피고들의 추가 예탁이 이루어지지 않는 경우에는 원고가 이 사건 약관 조항에 의한 장중 반대매매를 실행하여 피고들의 파생상품 등 거래를 청산할 수 있다. 3) 따라서 이 사건 약관 조항에 의한 장중 반대매매는 자본시장법 규정이 예외적으로 허용하는 일임매매에 해당하고, 이 사건 약관 조항이 자본시장법을 위반한 것으로 무효라고 할 수 없다. 나. 유럽형 옵션인 니케이 풋옵션이 이 사건 약관 조항의 적용대상인지 여부 1) 파생상품에는 기초자산이나 기초자산의 가격·이자율·지표·단위 또는 이를 기초로 하는 지수 등에 의하여 산출된 금전 등을 장래의 특정 시점에 인도할 것을 약정하는 계약인 선도(forward)와 선도를 표준화하여 거래소에서 거래하는 선물(future, 이하 ‘협의의 선물’이라 한다), 당사자 어느 한쪽의 의사표시에 의하여 기초자산이나 기초자산의 가격·이자율·지표·단위 또는 이를 기초로 하는 지수 등에 의하여 산출된 금전 등을 수수하는 거래를 성립시킬 수 있는 권리를 부여하는 것을 약정하는 계약인 옵션(option) 등이 있다(자본시장법 제5조 제1항 제1호, 제2호). 옵션은 권리 행사 가능 시기에 따라 만기에만 권리를 행사할 수 있는 유럽형 옵션과 만기 전에도 언제든지 권리를 행사할 수 있는 미국형 옵션으로 나눌 수 있다. 유럽형 옵션의 경우 만기에 이르러야 옵션이 정한 거래를 성립시키는 권리가 행사될 수 있으므로, 만기 도래 전에는 거래 당사자의 결제불이행 위험이 현실화되지 않는다. 하지만 유럽형 옵션의 만기 도래 전이라도 급격한 시세의 변동으로 만기에 투자자가 감당하기 어려운 거액의 결제를 해야 하는 상황이 발생할 가능성이 증가하고 그에 비해 투자자의 위탁증거금 액수는 결제예상금액에 크게 미달하는 등으로 만기 시점의 결제불이행 위험이 발생할 우려가 커졌을 경우 투자중개업자는 결제불이행 위험의 현실화 및 더 큰 손실 발생을 막기 위한 조치를 취할 필요가 있고, 이를 위하여 장중 반대매매에 관한 약관을 둘 수 있다고 보아야 한다. 2) 원심판결 이유를 위와 같은 법리와 기록에 비추어 살펴본다. 가) 피고들이 투자한 니케이 풋옵션은 대체로 만기가 2020. 3. 12.이었고, 그 만기가 도래하였을 때 옵션 매수자가 권리를 행사할 수 있는 유럽형 옵션이다. 원고가 이 사건 약관에 따라 이 사건 반대매매를 실행한 시점은 니케이 풋옵션 만기 전이므로 옵션 매수자의 권리 행사에 따른 결제불이행 위험이 현실화된 상황은 아니었다. 하지만 니케이 풋옵션과 같은 유럽형 옵션의 경우에도 만기 시점의 결제불이행 위험이 급증하고 더 큰 투자손실이 발생하는 상황에 대비하기 위하여 장중 반매매매 조치를 취하게 할 필요가 있으므로, 원고는 유럽형 ","조항은 ""장중에 시세의 급격한 변동 등으로 인하여 고객의 평가위탁총액이 위탁증거금의 20%보다 낮은 경우에는 위탁증거금의 추가 예탁을 요구하지 아니하고 필요한 수량만큼 미결제약정을 반대매매하고 예탁한 대용증권을 처분할 수 있다.",미검수
법제처 OPEN API/prec,605033,2024다215375,손해배상(기)등·손해배상(기)[해외 파생상품시장거래에서 투자중개업자의 장중 반대매매를 정한 약관 조항의 효력과 적용 범위 및 투자중개업자의 선관주의의무 위반 여부 등이 문제된 사건],https://www.law.go.kr/DRF/lawService.do?OC=test&target=prec&ID=605033&type=HTML,제1조,(판단 불명확),판단 불명확,,,,"도 만기 시점의 결제불이행 위험이 급증하고 더 큰 투자손실이 발생하는 상황에 대비하기 위하여 장중 반매매매 조치를 취하게 할 필요가 있으므로, 원고는 유럽형 옵션에 대해서도 장중 반대매매를 허용하는 약관을 둘 수 있다. 나) 이 사건 약관은 투자자가 원고를 통하여 원고의 명의로 해외 파생상품 시장거래를 함에 필요한 사항을 사전에 약정함을 목적으로 한다(이 사건 약관 제1조). 이 사건 약관 조항이 반대매매의 대상으로 정한 미결제약정은 ‘새로운 매수 또는 매도로 보유한 약정을 각각 매도 또는 매수거래로 소멸시키지 않고 계속 보유하고 있는 약정’을 의미한다(이 사건 약관 제2조 제4호). 이 사건 약관은 해외 파생상품 전반을 대상으로 하고 그 적용대상에 유럽형 옵션을 배제하지 않았다. 다) 원고가 해외 파생상품 거래의 위험 등을 설명하고 일반적인 정보를 제공하는 등의 목적으로 피고 측에게 교부한 이 사건 설명서 중 이 사건 약관 조항에 의한 장중 반대매매에 대해 설명한 부분에서는 ""해외선물은 가격변동성이 높고 위탁증거금이 낮아 장중에 미수발생 가능성이 있다.""라고 하면서 이 사건 약관 조항에 의한 장중 반대매매가 실행될 수 있음을 안내하고 있다. 그런데 아래와 같은 사정에 비추어 보면, 위와 같은 설명 부분에 ‘(해외)선물’이라고만 기재되어 있더라도 유럽형 옵션인 니케이 풋옵션을 비롯한 ‘(해외)옵션’을 장중 반대매매의 대상에서 배제하는 의미로 해석할 수 없다. (1) ‘선물’이라는 용어는 ‘옵션’과 구별하여 기초자산이나 기초자산의 가격·이자율·지표·단위 또는 이를 기초로 하는 지수 등에 의하여 산출된 금전 등을 장래의 특정 시점에 인도할 것을 약정하는 계약인 선도를 표준화하여 거래소에서 거래되는 파생상품(협의의 선물)을 칭할 때 사용되지만, 경우에 따라 협의의 선물과 옵션을 포괄하는 파생상품을 가리킬 때 사용되기도 한다. 예를 들어 구 선물거래법(2007. 8. 3. 법률 제8635호 자본시장과 금융투자업에 관한 법률 부칙 제2조로 폐지) 제3조 제1호는 ‘협의의 선물’과 ‘옵션’거래를 통틀어서 ‘선물’거래로 정의하였고, 「금융위원회의 설치 등에 관한 법률」 제19조에 따라 금융위원회에 설치된 증권‘선물’위원회는 파생상품 중 ‘협의의 선물’에 한정하는 것이 아니라 ‘옵션’을 포함하여 파생상품 전반에 대한 불공정거래에 관한 조사 등의 업무를 수행한다. (2) 이 사건 약관에서도 ‘(해외)옵션’을 포함하는 해외 파생상품을 통틀어 칭할 때 ‘(해외)선물’이라는 용어를 사용한 것으로 볼 수 있다. 이 사건 약관 제9조는 고객이 신규주문을 위탁할 때에 사전에 위탁증거금을 예탁하도록 하고, 제10조는 평가예탁총액이 원고가 설정한 유지증거금 수준보다 낮은 경우 일정한 시한 이전에 위탁증거금을 추가 예탁하도록 정하였다. 이와 같은 위탁증거금 신규 내지 추가 예탁과 관련하여 위 약관의 별첨 제1항과 제2항에서는 ‘(해외)선물’ 위탁증거금, ‘(해외)선물’ 추가증거금이라는 용어를 사용하였지만, 그 예탁은 파생상품 중 ‘협의의 선물’ 거래에 한정되는 것이 아니라 ‘옵션’을 포함한 해외 파생상품 전반을 대상으로 한 거래를 하기 위해 이행되어야 하는 것이다. 이 사건 약관 제12조는 투자자가 일정 시한까지 결제대금을 납입할 의무를 부담하도록 정하였는데, 그 약관의 별첨 제3항에서도 ‘(해외)선물’ 결제대금 납입시한이라고 정하였지만, 이 역시 파생상품 중 ‘협의의 선물’ 거래뿐 아니라 ‘옵션’을 포함한 파생상품 전반에 관한 거래에서 결제대금을 납입할 의무를 부담한다는 의미이다. 만약 이 사건 약관에서 사용한 ‘(해외)선물’이라는 용어가 파생상품 중 ‘협의의 선물’만 가리키는 것으로 해석한다면, 파생상품 중 ‘협의의 선물’뿐 아니라 ‘옵션’을 포함하여 파생상품 전반에 관한 매매의 위탁과 관련하여 투자자의 결제이행을 보증하기 위한 목적을 가지는 위탁증거금의 예탁과 관련",새로운 매수 또는 매도로 보유한 약정을 각각 매도 또는 매수거래로 소멸시키지 않고 계속 보유하고 있는 약정,미검수
법제처 OPEN API/prec,605033,2024다215375,손해배상(기)등·손해배상(기)[해외 파생상품시장거래에서 투자중개업자의 장중 반대매매를 정한 약관 조항의 효력과 적용 범위 및 투자중개업자의 선관주의의무 위반 여부 등이 문제된 사건],https://www.law.go.kr/DRF/lawService.do?OC=test&target=prec&ID=605033&type=HTML,(조 번호 미표기),(판단 불명확),판단 불명확,,,,"유한 약정을 각각 매도 또는 매수거래로 소멸시키지 않고 계속 보유하고 있는 약정’을 의미한다(이 사건 약관 제2조 제4호). 이 사건 약관은 해외 파생상품 전반을 대상으로 하고 그 적용대상에 유럽형 옵션을 배제하지 않았다. 다) 원고가 해외 파생상품 거래의 위험 등을 설명하고 일반적인 정보를 제공하는 등의 목적으로 피고 측에게 교부한 이 사건 설명서 중 이 사건 약관 조항에 의한 장중 반대매매에 대해 설명한 부분에서는 ""해외선물은 가격변동성이 높고 위탁증거금이 낮아 장중에 미수발생 가능성이 있다.""라고 하면서 이 사건 약관 조항에 의한 장중 반대매매가 실행될 수 있음을 안내하고 있다. 그런데 아래와 같은 사정에 비추어 보면, 위와 같은 설명 부분에 ‘(해외)선물’이라고만 기재되어 있더라도 유럽형 옵션인 니케이 풋옵션을 비롯한 ‘(해외)옵션’을 장중 반대매매의 대상에서 배제하는 의미로 해석할 수 없다. (1) ‘선물’이라는 용어는 ‘옵션’과 구별하여 기초자산이나 기초자산의 가격·이자율·지표·단위 또는 이를 기초로 하는 지수 등에 의하여 산출된 금전 등을 장래의 특정 시점에 인도할 것을 약정하는 계약인 선도를 표준화하여 거래소에서 거래되는 파생상품(협의의 선물)을 칭할 때 사용되지만, 경우에 따라 협의의 선물과 옵션을 포괄하는 파생상품을 가리킬 때 사용되기도 한다. 예를 들어 구 선물거래법(2007. 8. 3. 법률 제8635호 자본시장과 금융투자업에 관한 법률 부칙 제2조로 폐지) 제3조 제1호는 ‘협의의 선물’과 ‘옵션’거래를 통틀어서 ‘선물’거래로 정의하였고, 「금융위원회의 설치 등에 관한 법률」 제19조에 따라 금융위원회에 설치된 증권‘선물’위원회는 파생상품 중 ‘협의의 선물’에 한정하는 것이 아니라 ‘옵션’을 포함하여 파생상품 전반에 대한 불공정거래에 관한 조사 등의 업무를 수행한다. (2) 이 사건 약관에서도 ‘(해외)옵션’을 포함하는 해외 파생상품을 통틀어 칭할 때 ‘(해외)선물’이라는 용어를 사용한 것으로 볼 수 있다. 이 사건 약관 제9조는 고객이 신규주문을 위탁할 때에 사전에 위탁증거금을 예탁하도록 하고, 제10조는 평가예탁총액이 원고가 설정한 유지증거금 수준보다 낮은 경우 일정한 시한 이전에 위탁증거금을 추가 예탁하도록 정하였다. 이와 같은 위탁증거금 신규 내지 추가 예탁과 관련하여 위 약관의 별첨 제1항과 제2항에서는 ‘(해외)선물’ 위탁증거금, ‘(해외)선물’ 추가증거금이라는 용어를 사용하였지만, 그 예탁은 파생상품 중 ‘협의의 선물’ 거래에 한정되는 것이 아니라 ‘옵션’을 포함한 해외 파생상품 전반을 대상으로 한 거래를 하기 위해 이행되어야 하는 것이다. 이 사건 약관 제12조는 투자자가 일정 시한까지 결제대금을 납입할 의무를 부담하도록 정하였는데, 그 약관의 별첨 제3항에서도 ‘(해외)선물’ 결제대금 납입시한이라고 정하였지만, 이 역시 파생상품 중 ‘협의의 선물’ 거래뿐 아니라 ‘옵션’을 포함한 파생상품 전반에 관한 거래에서 결제대금을 납입할 의무를 부담한다는 의미이다. 만약 이 사건 약관에서 사용한 ‘(해외)선물’이라는 용어가 파생상품 중 ‘협의의 선물’만 가리키는 것으로 해석한다면, 파생상품 중 ‘협의의 선물’뿐 아니라 ‘옵션’을 포함하여 파생상품 전반에 관한 매매의 위탁과 관련하여 투자자의 결제이행을 보증하기 위한 목적을 가지는 위탁증거금의 예탁과 관련한 조항은 ‘옵션’거래에 적용할 수 없게 되는데, 이는 파생상품을 거래하는 평균적인 투자자가 이해하고 있는 내용과 상반되고, 약관의 전체적인 논리적 맥락 속에서 갖는 의미에도 부합하지 않는다. (3) 파생상품 중 ‘협의의 선물’ 거래에 대하여 매 거래일마다 보유하고 있는 미결제약정 및 당일에 체결된 모든 거래를 선물정산가격으로 평가하여 수수하는 이른바 ‘일일정산’이 이루어진다 하더라도, 이는 장 종료 후 일정 시점(이",해외선물은 가격변동성이 높고 위탁증거금이 낮아 장중에 미수발생 가능성이 있다,미검수
법제처 OPEN API/prec,605033,2024다215375,손해배상(기)등·손해배상(기)[해외 파생상품시장거래에서 투자중개업자의 장중 반대매매를 정한 약관 조항의 효력과 적용 범위 및 투자중개업자의 선관주의의무 위반 여부 등이 문제된 사건],https://www.law.go.kr/DRF/lawService.do?OC=test&target=prec&ID=605033&type=HTML,제12조,(판단 불명확),판단 불명확,,,,"예탁하도록 정하였다. 이와 같은 위탁증거금 신규 내지 추가 예탁과 관련하여 위 약관의 별첨 제1항과 제2항에서는 ‘(해외)선물’ 위탁증거금, ‘(해외)선물’ 추가증거금이라는 용어를 사용하였지만, 그 예탁은 파생상품 중 ‘협의의 선물’ 거래에 한정되는 것이 아니라 ‘옵션’을 포함한 해외 파생상품 전반을 대상으로 한 거래를 하기 위해 이행되어야 하는 것이다. 이 사건 약관 제12조는 투자자가 일정 시한까지 결제대금을 납입할 의무를 부담하도록 정하였는데, 그 약관의 별첨 제3항에서도 ‘(해외)선물’ 결제대금 납입시한이라고 정하였지만, 이 역시 파생상품 중 ‘협의의 선물’ 거래뿐 아니라 ‘옵션’을 포함한 파생상품 전반에 관한 거래에서 결제대금을 납입할 의무를 부담한다는 의미이다. 만약 이 사건 약관에서 사용한 ‘(해외)선물’이라는 용어가 파생상품 중 ‘협의의 선물’만 가리키는 것으로 해석한다면, 파생상품 중 ‘협의의 선물’뿐 아니라 ‘옵션’을 포함하여 파생상품 전반에 관한 매매의 위탁과 관련하여 투자자의 결제이행을 보증하기 위한 목적을 가지는 위탁증거금의 예탁과 관련한 조항은 ‘옵션’거래에 적용할 수 없게 되는데, 이는 파생상품을 거래하는 평균적인 투자자가 이해하고 있는 내용과 상반되고, 약관의 전체적인 논리적 맥락 속에서 갖는 의미에도 부합하지 않는다. (3) 파생상품 중 ‘협의의 선물’ 거래에 대하여 매 거래일마다 보유하고 있는 미결제약정 및 당일에 체결된 모든 거래를 선물정산가격으로 평가하여 수수하는 이른바 ‘일일정산’이 이루어진다 하더라도, 이는 장 종료 후 일정 시점(이 사건의 경우 08~09시)에 정산을 하는 것이다. 따라서 해외시장에서 거래되는 ‘협의의 선물’의 경우에도 장중에 급격한 가격 변동으로 결제불이행 위험이 현실화되어 미수가 발생하는 것은 아니고 장 종료 후 일일정산을 거친 다음에 비로소 미수가 발생할 수 있을 뿐이다. 더욱이 만기 전에도 언제든지 권리를 행사할 수 있는 미국형 옵션의 경우에는 장중에 옵션 매수자의 권리 행사로 인하여 결제불이행 위험이 빠르게 현실화되고 미수가 발생할 가능성이 있으므로, ‘협의의 선물’과 마찬가지로 장중 반대매매에 관한 약관을 둘 필요성이 크다. (4) 결국 이 사건 설명서의 내용 중 장중 반대매매의 이유를 설명하는 ""해외선물은 장중에 미수발생 가능성이 있다.""라는 부분은 ‘협의의 선물’에 대한 거래에 한정하여 장중 반대매매가 실행될 수 있음을 안내하기 위한 것이 아니라, 장중에 급격한 가격 변동으로 결제불이행 위험이 현실화되거나 크게 증가할 수 있는 ‘(해외)선물’ 및 ‘(해외)옵션’ 거래 모두를 대상으로 원고가 위험의 현실화에 대비하기 위하여 장중 반대매매를 실행할 수 있다는 취지로 볼 수 있다. 3) 따라서 유럽형 옵션인 니케이 풋옵션 역시 이 사건 약관 조항에 기한 장중 반대매매의 대상이 된다. 다. 이 사건 약관 조항에 의한 장중 반대매매 실행 요건 충족 여부 1) 원심판결 이유를 관련 법리와 기록에 비추어 살펴본다. 가) 이 사건 약관 조항은 ""장중에 시세의 급격한 변동 등으로 인하여 고객의 ‘평가위탁총액’이 위탁증거금의 20%보다 낮은 경우""에 원고가 투자자에게 위탁증거금의 추가 예탁을 요구하지 않은 채로 반대매매를 실행할 수 있도록 하였다. 이는 ‘장중에’ 시세가 급격하게 변동하여 결제불이행 위험이 커졌을 때 그 위험이 현실화되거나 더 큰 손실이 발생하는 것을 막기 위한 조치로 원고에게 신속하게 반대매매를 실행할 권한을 부여한 것이다. 나) 이 사건 약관에는 ‘평가위탁총액’의 의미와 산정 방법을 명시하는 규정을 두지 않았다. 그런데 이 사건 설명서는 장중 반대매매 실행 요건의 충족 여부를 판단하는 기준으로 ‘평가위탁총액’이 아니라 ‘평가예탁총액’ 또는 ‘예탁자산평가액’이라는 용어를 혼용하면서 이 사건 계좌의 예탁금을 ‘예탁자산평가액’으로 실시간 관리한다고","투자자가 일정 시한까지 결제대금을 납입할 의무를 부담하도록 정하였는데, 그 약관의 별첨 제3항에서도 ‘(해외)선물’ 결제대금 납입시한이",미검수
법제처 OPEN API/prec,605033,2024다215375,손해배상(기)등·손해배상(기)[해외 파생상품시장거래에서 투자중개업자의 장중 반대매매를 정한 약관 조항의 효력과 적용 범위 및 투자중개업자의 선관주의의무 위반 여부 등이 문제된 사건],https://www.law.go.kr/DRF/lawService.do?OC=test&target=prec&ID=605033&type=HTML,(조 번호 미표기),(판단 불명확),판단 불명확,,,," 이행되어야 하는 것이다. 이 사건 약관 제12조는 투자자가 일정 시한까지 결제대금을 납입할 의무를 부담하도록 정하였는데, 그 약관의 별첨 제3항에서도 ‘(해외)선물’ 결제대금 납입시한이라고 정하였지만, 이 역시 파생상품 중 ‘협의의 선물’ 거래뿐 아니라 ‘옵션’을 포함한 파생상품 전반에 관한 거래에서 결제대금을 납입할 의무를 부담한다는 의미이다. 만약 이 사건 약관에서 사용한 ‘(해외)선물’이라는 용어가 파생상품 중 ‘협의의 선물’만 가리키는 것으로 해석한다면, 파생상품 중 ‘협의의 선물’뿐 아니라 ‘옵션’을 포함하여 파생상품 전반에 관한 매매의 위탁과 관련하여 투자자의 결제이행을 보증하기 위한 목적을 가지는 위탁증거금의 예탁과 관련한 조항은 ‘옵션’거래에 적용할 수 없게 되는데, 이는 파생상품을 거래하는 평균적인 투자자가 이해하고 있는 내용과 상반되고, 약관의 전체적인 논리적 맥락 속에서 갖는 의미에도 부합하지 않는다. (3) 파생상품 중 ‘협의의 선물’ 거래에 대하여 매 거래일마다 보유하고 있는 미결제약정 및 당일에 체결된 모든 거래를 선물정산가격으로 평가하여 수수하는 이른바 ‘일일정산’이 이루어진다 하더라도, 이는 장 종료 후 일정 시점(이 사건의 경우 08~09시)에 정산을 하는 것이다. 따라서 해외시장에서 거래되는 ‘협의의 선물’의 경우에도 장중에 급격한 가격 변동으로 결제불이행 위험이 현실화되어 미수가 발생하는 것은 아니고 장 종료 후 일일정산을 거친 다음에 비로소 미수가 발생할 수 있을 뿐이다. 더욱이 만기 전에도 언제든지 권리를 행사할 수 있는 미국형 옵션의 경우에는 장중에 옵션 매수자의 권리 행사로 인하여 결제불이행 위험이 빠르게 현실화되고 미수가 발생할 가능성이 있으므로, ‘협의의 선물’과 마찬가지로 장중 반대매매에 관한 약관을 둘 필요성이 크다. (4) 결국 이 사건 설명서의 내용 중 장중 반대매매의 이유를 설명하는 ""해외선물은 장중에 미수발생 가능성이 있다.""라는 부분은 ‘협의의 선물’에 대한 거래에 한정하여 장중 반대매매가 실행될 수 있음을 안내하기 위한 것이 아니라, 장중에 급격한 가격 변동으로 결제불이행 위험이 현실화되거나 크게 증가할 수 있는 ‘(해외)선물’ 및 ‘(해외)옵션’ 거래 모두를 대상으로 원고가 위험의 현실화에 대비하기 위하여 장중 반대매매를 실행할 수 있다는 취지로 볼 수 있다. 3) 따라서 유럽형 옵션인 니케이 풋옵션 역시 이 사건 약관 조항에 기한 장중 반대매매의 대상이 된다. 다. 이 사건 약관 조항에 의한 장중 반대매매 실행 요건 충족 여부 1) 원심판결 이유를 관련 법리와 기록에 비추어 살펴본다. 가) 이 사건 약관 조항은 ""장중에 시세의 급격한 변동 등으로 인하여 고객의 ‘평가위탁총액’이 위탁증거금의 20%보다 낮은 경우""에 원고가 투자자에게 위탁증거금의 추가 예탁을 요구하지 않은 채로 반대매매를 실행할 수 있도록 하였다. 이는 ‘장중에’ 시세가 급격하게 변동하여 결제불이행 위험이 커졌을 때 그 위험이 현실화되거나 더 큰 손실이 발생하는 것을 막기 위한 조치로 원고에게 신속하게 반대매매를 실행할 권한을 부여한 것이다. 나) 이 사건 약관에는 ‘평가위탁총액’의 의미와 산정 방법을 명시하는 규정을 두지 않았다. 그런데 이 사건 설명서는 장중 반대매매 실행 요건의 충족 여부를 판단하는 기준으로 ‘평가위탁총액’이 아니라 ‘평가예탁총액’ 또는 ‘예탁자산평가액’이라는 용어를 혼용하면서 이 사건 계좌의 예탁금을 ‘예탁자산평가액’으로 실시간 관리한다고 설명하고 고객의 예탁자산을 실시간으로 모니터링하여 손실액이 과다할 경우에 반대매매로 처분할 수 있다고 안내한다. 그리고 이 사건 약관 제2조 제5호는 ‘평가예탁총액’을 고객의 계좌에 남아 있는 현금, 대용증권의 평가금액 및",(해외)선물’이라는 용어가 파생상품 중,미검수
법제처 OPEN API/prec,605033,2024다215375,손해배상(기)등·손해배상(기)[해외 파생상품시장거래에서 투자중개업자의 장중 반대매매를 정한 약관 조항의 효력과 적용 범위 및 투자중개업자의 선관주의의무 위반 여부 등이 문제된 사건],https://www.law.go.kr/DRF/lawService.do?OC=test&target=prec&ID=605033&type=HTML,(조 번호 미표기),(판단 불명확),판단 불명확,,,,"래 모두를 대상으로 원고가 위험의 현실화에 대비하기 위하여 장중 반대매매를 실행할 수 있다는 취지로 볼 수 있다. 3) 따라서 유럽형 옵션인 니케이 풋옵션 역시 이 사건 약관 조항에 기한 장중 반대매매의 대상이 된다. 다. 이 사건 약관 조항에 의한 장중 반대매매 실행 요건 충족 여부 1) 원심판결 이유를 관련 법리와 기록에 비추어 살펴본다. 가) 이 사건 약관 조항은 ""장중에 시세의 급격한 변동 등으로 인하여 고객의 ‘평가위탁총액’이 위탁증거금의 20%보다 낮은 경우""에 원고가 투자자에게 위탁증거금의 추가 예탁을 요구하지 않은 채로 반대매매를 실행할 수 있도록 하였다. 이는 ‘장중에’ 시세가 급격하게 변동하여 결제불이행 위험이 커졌을 때 그 위험이 현실화되거나 더 큰 손실이 발생하는 것을 막기 위한 조치로 원고에게 신속하게 반대매매를 실행할 권한을 부여한 것이다. 나) 이 사건 약관에는 ‘평가위탁총액’의 의미와 산정 방법을 명시하는 규정을 두지 않았다. 그런데 이 사건 설명서는 장중 반대매매 실행 요건의 충족 여부를 판단하는 기준으로 ‘평가위탁총액’이 아니라 ‘평가예탁총액’ 또는 ‘예탁자산평가액’이라는 용어를 혼용하면서 이 사건 계좌의 예탁금을 ‘예탁자산평가액’으로 실시간 관리한다고 설명하고 고객의 예탁자산을 실시간으로 모니터링하여 손실액이 과다할 경우에 반대매매로 처분할 수 있다고 안내한다. 그리고 이 사건 약관 제2조 제5호는 ‘평가예탁총액’을 고객의 계좌에 남아 있는 현금, 대용증권의 평가금액 및 미결제약정의 평가금액을 합한 금액을 말한다고 규정한다. 이와 같은 이 사건 약관 조항의 취지와 이 사건 설명서의 내용 등을 종합하여 보면, 이 사건 약관 조항의 ‘평가위탁총액’은 ‘평가예탁총액’과 동일하게 투자자의 계좌에 남아 있는 현금, 대용증권의 평가금액과 미결제약정의 평가금액을 합산한 금액을 의미하고, 그중 미결제약정의 평가금액은 피고들이 보유한 파생상품의 시세 변동을 실시간으로 반영하는 방식으로 산정해야 한다. 다) 이처럼 원고가 이 사건 반대매매를 실행하였을 무렵에 피고들이 투자한 니케이 풋옵션 등의 실시간 시세 변동을 반영하여 평가위탁총액을 산정하면 그 금액이 위탁증거금의 20% 미만으로 하락한 상황이었을 가능성이 높아 보인다. 2) 따라서 이 사건 반대매매 당시 이 사건 약관 조항에 의한 장중 반대매매 실행 요건이 충족되었다고 볼 여지가 크다. 라. 원고가 이 사건 반대매매를 실행하는 과정에서 선량한 관리자의 주의의무 등을 위반하였는지 여부 1) 투자중개업자는 자본시장법 제37조 제1항에 의하여 신의성실의 원칙에 따라 공정하게 투자중개업을 영위할 의무를 부담하고, 그 의무를 위반하거나 업무를 소홀히 하여 투자자에게 손해를 발생시킨 경우에는 자본시장법 제64조 제1항에 따라 손해를 배상할 책임이 있다. 투자중개업자가 투자자의 파생상품 거래와 관련한 증거금이 부족할 경우에 투자자의 파생상품 등을 청산할 권한을 일임받아 이를 실행하는 경우에도 선량한 관리자로서의 주의를 다하여 투자자의 손실을 최소한도에 그치도록 해야 하는 의무를 부담한다(대법원 2003. 1. 10. 선고 2000다50312 판결 등 참조). 이 경우 투자중개업자가 선관주의의무를 위반하였는지 여부는 파생상품의 급격한 평가가치 하락의 원인과 가격 전망, 증거금 부족액과 이를 만회하기 위해 실행한 처분 규모, 반대매매 실행 당시 시장 상황과 주문 방식, 급격한 가격 변동과 반대매매 실행 가능성에 대한 투자자의 인식 여부 등 여러 사정을 참작하여 전문가인 투자중개업자가 합리적인 판단을 하였다고 볼 수 있는지를 기준으로 판단하여야 한다. 다만 투자중개업자가 전문가라 하더라도 불확실성과 변동성이 큰 파생상품의 가격을 정확하게 예측하는 것은 사실상 불",장중에 시세의 급격한 변동 등으로 인하여 고객의,미검수
법제처 OPEN API/prec,605033,2024다215375,손해배상(기)등·손해배상(기)[해외 파생상품시장거래에서 투자중개업자의 장중 반대매매를 정한 약관 조항의 효력과 적용 범위 및 투자중개업자의 선관주의의무 위반 여부 등이 문제된 사건],https://www.law.go.kr/DRF/lawService.do?OC=test&target=prec&ID=605033&type=HTML,(조 번호 미표기),(판단 불명확),판단 불명확,,,,"위탁총액’이 위탁증거금의 20%보다 낮은 경우""에 원고가 투자자에게 위탁증거금의 추가 예탁을 요구하지 않은 채로 반대매매를 실행할 수 있도록 하였다. 이는 ‘장중에’ 시세가 급격하게 변동하여 결제불이행 위험이 커졌을 때 그 위험이 현실화되거나 더 큰 손실이 발생하는 것을 막기 위한 조치로 원고에게 신속하게 반대매매를 실행할 권한을 부여한 것이다. 나) 이 사건 약관에는 ‘평가위탁총액’의 의미와 산정 방법을 명시하는 규정을 두지 않았다. 그런데 이 사건 설명서는 장중 반대매매 실행 요건의 충족 여부를 판단하는 기준으로 ‘평가위탁총액’이 아니라 ‘평가예탁총액’ 또는 ‘예탁자산평가액’이라는 용어를 혼용하면서 이 사건 계좌의 예탁금을 ‘예탁자산평가액’으로 실시간 관리한다고 설명하고 고객의 예탁자산을 실시간으로 모니터링하여 손실액이 과다할 경우에 반대매매로 처분할 수 있다고 안내한다. 그리고 이 사건 약관 제2조 제5호는 ‘평가예탁총액’을 고객의 계좌에 남아 있는 현금, 대용증권의 평가금액 및 미결제약정의 평가금액을 합한 금액을 말한다고 규정한다. 이와 같은 이 사건 약관 조항의 취지와 이 사건 설명서의 내용 등을 종합하여 보면, 이 사건 약관 조항의 ‘평가위탁총액’은 ‘평가예탁총액’과 동일하게 투자자의 계좌에 남아 있는 현금, 대용증권의 평가금액과 미결제약정의 평가금액을 합산한 금액을 의미하고, 그중 미결제약정의 평가금액은 피고들이 보유한 파생상품의 시세 변동을 실시간으로 반영하는 방식으로 산정해야 한다. 다) 이처럼 원고가 이 사건 반대매매를 실행하였을 무렵에 피고들이 투자한 니케이 풋옵션 등의 실시간 시세 변동을 반영하여 평가위탁총액을 산정하면 그 금액이 위탁증거금의 20% 미만으로 하락한 상황이었을 가능성이 높아 보인다. 2) 따라서 이 사건 반대매매 당시 이 사건 약관 조항에 의한 장중 반대매매 실행 요건이 충족되었다고 볼 여지가 크다. 라. 원고가 이 사건 반대매매를 실행하는 과정에서 선량한 관리자의 주의의무 등을 위반하였는지 여부 1) 투자중개업자는 자본시장법 제37조 제1항에 의하여 신의성실의 원칙에 따라 공정하게 투자중개업을 영위할 의무를 부담하고, 그 의무를 위반하거나 업무를 소홀히 하여 투자자에게 손해를 발생시킨 경우에는 자본시장법 제64조 제1항에 따라 손해를 배상할 책임이 있다. 투자중개업자가 투자자의 파생상품 거래와 관련한 증거금이 부족할 경우에 투자자의 파생상품 등을 청산할 권한을 일임받아 이를 실행하는 경우에도 선량한 관리자로서의 주의를 다하여 투자자의 손실을 최소한도에 그치도록 해야 하는 의무를 부담한다(대법원 2003. 1. 10. 선고 2000다50312 판결 등 참조). 이 경우 투자중개업자가 선관주의의무를 위반하였는지 여부는 파생상품의 급격한 평가가치 하락의 원인과 가격 전망, 증거금 부족액과 이를 만회하기 위해 실행한 처분 규모, 반대매매 실행 당시 시장 상황과 주문 방식, 급격한 가격 변동과 반대매매 실행 가능성에 대한 투자자의 인식 여부 등 여러 사정을 참작하여 전문가인 투자중개업자가 합리적인 판단을 하였다고 볼 수 있는지를 기준으로 판단하여야 한다. 다만 투자중개업자가 전문가라 하더라도 불확실성과 변동성이 큰 파생상품의 가격을 정확하게 예측하는 것은 사실상 불가능하므로, 반대매매 대상이 된 파생상품의 가격이 하락 또는 상승하는 경향이 뚜렷하여 투자자의 손실을 최소화할 수 있는 거래 기회가 있음을 확실하게 예상할 수 있었다는 등의 특별한 사정이 없는 한 사후적으로 실제 반대매매 결과보다 더 나은 조건으로 반대매매를 할 기회가 있었다는 등의 사정만으로는 선관주의의무를 위반하였다고 할 수 없다. 2) 원심판결 이유를 위와 같은 법리와 기록에 비추어 살펴본다. 가) 피고들은 고유재산 내지 이 사건 펀드의 투자신탁재산을 주로 니케이 지수의 풋옵션에 투자하면서, 행사가격이 기초자산의 지",평가위탁총액’의 의미와 산정 방법을 명시하는 규정을 두지 않았다. 그런데 이 사건 설명서는 장중 반대매매 실행 요건의 충족 여부를 판단하는 기준으로,미검수
법제처 OPEN API/prec,605033,2024다215375,손해배상(기)등·손해배상(기)[해외 파생상품시장거래에서 투자중개업자의 장중 반대매매를 정한 약관 조항의 효력과 적용 범위 및 투자중개업자의 선관주의의무 위반 여부 등이 문제된 사건],https://www.law.go.kr/DRF/lawService.do?OC=test&target=prec&ID=605033&type=HTML,제2조,(판단 불명확),판단 불명확,,,,". 그런데 이 사건 설명서는 장중 반대매매 실행 요건의 충족 여부를 판단하는 기준으로 ‘평가위탁총액’이 아니라 ‘평가예탁총액’ 또는 ‘예탁자산평가액’이라는 용어를 혼용하면서 이 사건 계좌의 예탁금을 ‘예탁자산평가액’으로 실시간 관리한다고 설명하고 고객의 예탁자산을 실시간으로 모니터링하여 손실액이 과다할 경우에 반대매매로 처분할 수 있다고 안내한다. 그리고 이 사건 약관 제2조 제5호는 ‘평가예탁총액’을 고객의 계좌에 남아 있는 현금, 대용증권의 평가금액 및 미결제약정의 평가금액을 합한 금액을 말한다고 규정한다. 이와 같은 이 사건 약관 조항의 취지와 이 사건 설명서의 내용 등을 종합하여 보면, 이 사건 약관 조항의 ‘평가위탁총액’은 ‘평가예탁총액’과 동일하게 투자자의 계좌에 남아 있는 현금, 대용증권의 평가금액과 미결제약정의 평가금액을 합산한 금액을 의미하고, 그중 미결제약정의 평가금액은 피고들이 보유한 파생상품의 시세 변동을 실시간으로 반영하는 방식으로 산정해야 한다. 다) 이처럼 원고가 이 사건 반대매매를 실행하였을 무렵에 피고들이 투자한 니케이 풋옵션 등의 실시간 시세 변동을 반영하여 평가위탁총액을 산정하면 그 금액이 위탁증거금의 20% 미만으로 하락한 상황이었을 가능성이 높아 보인다. 2) 따라서 이 사건 반대매매 당시 이 사건 약관 조항에 의한 장중 반대매매 실행 요건이 충족되었다고 볼 여지가 크다. 라. 원고가 이 사건 반대매매를 실행하는 과정에서 선량한 관리자의 주의의무 등을 위반하였는지 여부 1) 투자중개업자는 자본시장법 제37조 제1항에 의하여 신의성실의 원칙에 따라 공정하게 투자중개업을 영위할 의무를 부담하고, 그 의무를 위반하거나 업무를 소홀히 하여 투자자에게 손해를 발생시킨 경우에는 자본시장법 제64조 제1항에 따라 손해를 배상할 책임이 있다. 투자중개업자가 투자자의 파생상품 거래와 관련한 증거금이 부족할 경우에 투자자의 파생상품 등을 청산할 권한을 일임받아 이를 실행하는 경우에도 선량한 관리자로서의 주의를 다하여 투자자의 손실을 최소한도에 그치도록 해야 하는 의무를 부담한다(대법원 2003. 1. 10. 선고 2000다50312 판결 등 참조). 이 경우 투자중개업자가 선관주의의무를 위반하였는지 여부는 파생상품의 급격한 평가가치 하락의 원인과 가격 전망, 증거금 부족액과 이를 만회하기 위해 실행한 처분 규모, 반대매매 실행 당시 시장 상황과 주문 방식, 급격한 가격 변동과 반대매매 실행 가능성에 대한 투자자의 인식 여부 등 여러 사정을 참작하여 전문가인 투자중개업자가 합리적인 판단을 하였다고 볼 수 있는지를 기준으로 판단하여야 한다. 다만 투자중개업자가 전문가라 하더라도 불확실성과 변동성이 큰 파생상품의 가격을 정확하게 예측하는 것은 사실상 불가능하므로, 반대매매 대상이 된 파생상품의 가격이 하락 또는 상승하는 경향이 뚜렷하여 투자자의 손실을 최소화할 수 있는 거래 기회가 있음을 확실하게 예상할 수 있었다는 등의 특별한 사정이 없는 한 사후적으로 실제 반대매매 결과보다 더 나은 조건으로 반대매매를 할 기회가 있었다는 등의 사정만으로는 선관주의의무를 위반하였다고 할 수 없다. 2) 원심판결 이유를 위와 같은 법리와 기록에 비추어 살펴본다. 가) 피고들은 고유재산 내지 이 사건 펀드의 투자신탁재산을 주로 니케이 지수의 풋옵션에 투자하면서, 행사가격이 기초자산의 지수보다 낮은 풋옵션을 매도하여 수취한 옵션 프리미엄으로 수익을 올리고 매도한 풋옵션의 행사가격보다 높은 행사가격의 풋옵션을 매수하여 위험을 헤지(hedge)하는 방식의 투자 전략을 취하였다. 그에 따라 피고들은 니케이 지수가 일정 범위 내에 있을 때에는 안정적인 수익을 얻게 되지만, 니케이 지수가 예상 외로 급락하는 경우에는 매우 큰 손실을 입을 수 있었다. 그런데 니케이 지수는 2020. 2. 하순부터 하락세를 보이다가 이 사건 반대매매 실행 직전인 2020. 2. 28. 급락하였고, 피고들이 투자한 니케이 풋옵션의 평가가치도 크게","평가예탁총액’을 고객의 계좌에 남아 있는 현금, 대용증권의 평가금액 및 미결제약정의 평가금액을 합한 금액을 말한다고 규정한다. 이와 같은 이 사건 약관 조항의 취지와 이 사건 설명서의 내용 등을 종합하여 보면, 이 사건 약관 조항의",미검수
법제처 OPEN API/prec,600563,2024다232721,채무부존재확인[휴대전화 위탁판매업자인 원고가 위탁판매계약을 체결하고 판매 수수료를 지급한 휴대전화 대리점인 피고를 상대로 판매 수수료 반환채무의 부존재 확인을 구하는 사건],https://www.law.go.kr/DRF/lawService.do?OC=test&target=prec&ID=600563&type=HTML,(조 번호 미표기),위험,판례 문맥 추론 · 단일 신호,위험,,,"【주 문】 원심판결을 파기하고, 사건을 수원지방법원에 환송한다. 【이 유】 상고이유를 판단한다. 1. 사안의 개요 원심판결 이유와 기록에 따르면 다음과 같은 사실을 알 수 있다. 가. 원고는 2020. 10.경 주식회사 □□□(이하 ‘소외 회사’라 한다)의 대리점인 피고와 사이에 피고로부터 휴대전화 등을 공급받아 판매하는 위탁판매계약(이하 ‘이 사건 위탁판매계약’이라 한다)을 체결하였다. 나. 이 사건 위탁판매계약 제15조는 ‘정책 및 환수’라는 제목 아래 ‘매월 공지되는 단가표 및 정책표에 근거하여 기준한다.’고 정하고 있다. 피고는 자신이 운영하는 인터넷 카페에 수시로 단가표와 정책표를 공지하였는데, 2020. 12.경 피고가 위 인터넷 카페에 게시한 정책표(이하 ‘이 사건 정책표’라 한다) 중 유지기간 미준수로 인한 수수료 환수 기준의 내용은 다음과 같다. 구분내용차감금액유지기간 미준수기간 내 해지신규D +183일R/B 전액 다. 소외 회사는 원고의 하부 판매점인 ◇◇◇을 통하여 외국인인 소비자 2명에게 휴대전화를 각 판매하고 위 소비자들과 각 통신계약(이하 ‘이 사건 각 통신계약’이라 한다)을 체결하였으며, 피고는 원고에게 합계 1,009,800원을 판매 수수료로 지급하였다. 위 소비자들이 이용요금을 미납하자 소외 회사는 이 사건 각 통신계약에 따라 개통된 휴대전화번호의 이용을 정지하였고, 그 후에도 이용요금이 납부되지 않자 이 사건 각 통신계약을 직권으로 해지하였다. 2. 원심의 판단 원심은 판시와 같은 이유로 다음과 같이 판단하였다. 이 사건 정책표에서 정한 수수료 환수 기준은 이 사건 위탁판매계약에 적용된다. 위 수수료 환수 기준에 따르면 신규로 체결된 통신계약이 그 유지기간 183일이 경과되지 아니한 때에 해지되는 경우에는 원고는 피고에게 지급받은 수수료 전액을 반환하여야 하고, 이러한 유지기간에 이용정지 기간은 포함되지 아니한다. 이 사건 각 통신계약은 이용정지 기간을 제외한 유지기간이 183일을 경과하기 전에 직권해지 되었으므로, 원고는 피고로부터 지급받은 수수료 합계 1,009,800원을 반환할 의무가 있다. 3. 상고이유 중 이 사건 정책표에서 정한 수수료 환수 기준은 이 사건 위탁판매계약에 적용되어서는 아니 된다는 등의 주장에 관한 판단 원심판결의 이유를 관련 법리와 기록에 비추어 살펴보면, 원심판단은 수긍할 수 있고, 거기에 상고이유 주장과 같이 논리와 경험의 법칙에 반하여 자유심증주의의 한계를 벗어나거나 계약의 해석 및 적용 등에 관한 법리를 오해하여 판결에 영향을 미친 잘못이 없다. 4. 상고이유 중 원고는 피고에게 수수료 반환의무가 없다는 주장에 관한 판단 그러나 원고에게 수수료 반환의무가 있다는 원심판단은 다음과 같은 이유에서 그대로 받아들이기 어렵다. 가. 관련 법리 「약관의 규제에 관한 법률」(이하 ‘약관법’이라 한다) 제6조 제1항, 제2항 제1호에 따라 고객에 대하여 부당하게 불리한 조항으로서 ‘신의성실의 원칙을 위반하여 공정성을 잃은 약관 조항’이라는 이유로 무효라고 보기 위해서는, 약관 조항이 고객에게 다소 불이익하다는 점만으로는 부족하고, 약관 작성자가 거래상의 지위를 남용하여 계약 상대방의 정당한 이익과 합리적인 기대에 반하여 형평에 어긋나는 약관 조항을 작성·사용함으로써 건전한 거래질서를 훼손하는 등 고객에게 부당하게 불이익을 주었다는 점이 인정되어야 한다. 그리고 이와 같이 약관 조항의 무효 사유에 해당하는 ‘고객에게 부당하게 불리한 조항’인지는 약관 조항에 의하여 고객에게 생길 수 있는 불이익의 내용과 불이익 발생의 개연성, 당사자들 사이의 거래과정에 미치는 영향, 관계 법령의 규정 등 모든 사정을 종합하여 판단하여야 한다(대법원 2014. 6. 12. 선고",라 한다)을 체결하였다. 나. 이 사건 위탁판매계약 제15조는,미검수
법제처 OPEN API/prec,600563,2024다232721,채무부존재확인[휴대전화 위탁판매업자인 원고가 위탁판매계약을 체결하고 판매 수수료를 지급한 휴대전화 대리점인 피고를 상대로 판매 수수료 반환채무의 부존재 확인을 구하는 사건],https://www.law.go.kr/DRF/lawService.do?OC=test&target=prec&ID=600563&type=HTML,제15조,위험,판례 문맥 추론 · 단일 신호,위험,,,"기간이 183일을 경과하지 않으면 통신계약이 해지된 데 관하여 원고에게 귀책사유가 있는지 여부와 관계없이, 해지 당시 유지기간이 얼마인지에 관계없이 일률적으로 원고가 지급받은 수수료 전액을 반환하도록 정하고 있다. 이는 수수료를 반환하여야 하는 원고의 합리적인 기대에 반하고 형평에 어긋나는 내용이다. 라) 이 사건 정책표 중 수수료 환수 기준에 관하여 이 사건 위탁판매계약 제15조에서는 ‘매월 공지되는 단가표 및 정책표에 근거하여 기준한다.’고만 규정하고 있을 뿐이고, 보다 구체적인 내용에 대해서는 원고가 알 수 없으며 피고가 일방적으로 정할 수 있도록 규정되어 있다. 이 사건 정책표 중 수수료 환수 기준을 정함에 있어 원고에게 충분히 의견을 개진할 수 있는 기회가 부여되었다고 볼 만한 자료가 없고, 오히려 원고로서는 그 내용을 제대로 알지 못한 채 이 사건 위탁판매계약 제15조에 따라 이 사건 정책표가 이 사건 위탁판매계약의 내용에 편입되는 데 동의한 것으로 보일 뿐이다. 2) 사정이 이러하다면 원심으로서는 이 사건 정책표에서 정한 수수료 환수 기준이 약관법 제6조 제1항에서 정한 ‘신의성실의 원칙을 위반하여 공정성을 잃은 약관 조항’에 해당하여 무효인지 여부를 심리한 다음 이를 전제로 원고가 피고에게 수수료를 반환할 의무가 있는지 여부를 판단하였어야 한다. 그런데도 원심은 이에 관한 심리·판단을 하지 아니한 채 이 사건 정책표 중 수수료 환수 기준이 당연히 유효함을 전제로 하여 원고에게 수수료 전액에 대한 반환의무가 있음을 인정하였다. 이러한 원심판결에는 약관법 제6조 제1항에서 정한 ‘신의성실의 원칙을 위반하여 공정성을 잃은 약관 조항’ 등에 관한 법리를 오해하여 필요한 심리를 다하지 아니함으로써 판결에 영향을 미친 잘못이 있다. 5. 결론 그러므로 원심판결을 파기하고, 사건을 다시 심리·판단하도록 원심법원에 환송하기로 하여, 관여 대법관의 일치된 의견으로 주문과 같이 판결한다. 대법관 권영준(재판장) 김상환(주심) 오경미 박영재 ]]>",매월 공지되는 단가표 및 정책표에 근거하여 기준한다,미검수
법제처 OPEN API/prec,242129,2021다308030,마일리지지급[항공사 마일리지에 유효기간을 둔 항공사 약관 조항의 효력이 문제된 사건],https://www.law.go.kr/DRF/lawService.do?OC=test&target=prec&ID=242129&type=HTML,(조 번호 미표기),위험,판례 문맥 추론 · 단일 신호,위험,,," 유효하고 유효기간 내에 사용되지 않은 마일리지는 소멸되며(단, 개정 이전 적립 마일리지에는 유효기간 미적용), 2) 피고들 항공사 또는 제휴 항공사를 이용한 마일리지는 탑승일로부터, 제휴사를 이용한 마일리지는 회원 계좌에 적립된 날로부터 유효기간이 적용된다는 내용의 약관 조항을 두었다(△△△ 회원 약관 제4조, □□□클럽 일반규정 제6조, 이하 통틀어 ‘이 사건 약관 조항’이라 한다). 다. 원고들은, 이 사건 약관 조항은 1) 마일리지를 이용하여 피고들 항공사에서 보너스 항공권 구입을 위해서는 최소 5,000 마일리지가 필요함에도 고객들의 권리행사 가능 여부와 관계없이 적립 시점을 소멸시효 기산일로 정하고 있고, 2) 마일리지 추가 적립 시 이루어지는 채무의 승인 등의 시효 중단사유도 인정하지 않고 적립 시부터 일정 기간이 경과하면 마일리지가 곧바로 소멸하도록 정하고 있어, 고객에게 부당하게 불리한 조항으로서 공정성을 잃어 무효라고 주장하면서 피고들이 유효기간 10년 경과를 이유로 소멸시킨 각 마일리지의 지급을 구하였다. 2. 불공정 약관 조항 해당 여부 가. 「약관의 규제에 관한 법률」(이하 ‘약관법’이라 한다) 제6조 제1항, 제2항 제1호에 따라 고객에 대하여 부당하게 불리한 조항으로서 ‘신의성실의 원칙을 위반하여 공정성을 잃은 약관 조항’이라는 이유로 무효라고 보기 위해서는, 그 약관 조항이 고객에게 다소 불이익하다는 점만으로는 부족하고, 약관 작성자가 거래상의 지위를 남용하여 계약 상대방의 정당한 이익과 합리적인 기대에 반하여 형평에 어긋나는 약관 조항을 작성·사용함으로써 건전한 거래질서를 훼손하는 등 고객에게 부당하게 불이익을 주었다는 점이 인정되어야 한다(대법원 2017. 4. 13. 선고 2016다274904 판결, 대법원 2022. 5. 12. 선고 2020다278873 판결 참조). 그리고 이와 같이 약관 조항의 무효 사유에 해당하는 ‘고객에게 부당하게 불리한 조항’인지는 관계 법령이나 거래관행 등에 비추어 해당 약관 조항이 고객에게 어떠한 불이익을 발생시키는지, 고객이 사업자와 개별적으로 합의하였더라도 동일한 내용이 포함되었으리라고 할 수 있는지, 고객의 불이익을 정당화할 만한 사업주의 정당한 이익이나 합리적 사유가 있는지, 사업자가 고객의 불이익을 상쇄하거나 최소화할 만한 합리적인 조치를 두어 고객의 이익도 충분히 배려하였는지 등을 다른 약관 조항 등 계약 전체의 내용, 계약을 통해 추구하고자 한 이익의 내용과 그 사이의 균형, 거래관계의 실질적인 사정, 사업의 특성 등에 비추어 심사할 필요가 있다. 나. 원심판결 이유와 기록에 의하여 인정되는 다음의 사정을 위 법리에 비추어 보면, 이 사건 약관 조항이 약관법 제6조 제1항의 ‘신의성실의 원칙을 위반하여 공정성을 잃은 약관 조항’이라고 보기는 어렵다. 1) 고객이 취득한 항공마일리지는 재화나 서비스를 교환하는 수단으로 사용되고, 사업자는 마일리지의 판매, 소진 과정에서 이윤을 창출하므로, 항공마일리지가 재산적 가치가 있음은 부인하기 어렵다. 그러나 마일리지 제도의 구체적인 내용이나 마일리지의 가치는 약관을 통해 약정된 범위 내에서 인정되는 것이고, 사업자는 사적 자치의 한계를 벗어나지 않는 한 원칙적으로 마일리지 제도의 유지 여부, 마일리지 취득조건, 마일리지의 교환대상이 되는 재화나 서비스, 유효기간 등에 관한 계약내용 형성의 자유를 가진다. 이러한 특성에 비추어 마일리지는 전형적인 채권으로 포섭되기 어려운 특수한 유형의 재산권으로, 항공마일리지 제도에 민·상법상 채권의 소멸시효 규정이 당연히 적용되어야 하는 것은 아니다. 다만 그 제도의 유사성에 비추어 민·상법 규정상 채권에 부여하는 보호의 수준은 약관상 제도가 고객에게 부당하게 불리하게 설계되어 있는지를 판단하는 일응의 기준이 될 수 있다. 2) 이에 비추어 살피건대, 비록 이 사건 약관 조항이 마일리지 적립일을 유효기간 기산일로 삼고 달리 유효기간의 중단사유를 인정하지 않는 방식으로 운영되고 있기는 하나, 이 사건 약관 조항은 상인인 피고들이 부담하는 채무에 관한 것임에도 상사시효","라 한다). 다. 원고들은, 이 사건 약관 조항은 1) 마일리지를 이용하여 피고들 항공사에서 보너스 항공권 구입을 위해서는 최소 5,000 마일리지가 필요함에도 고객들의 권리행사 가능 여부와 관계없이 적립 시점을 소멸시효 기산일로 정하고 있고, 2) 마일리지 추가 적립 시 이루어지는 채무의 승인 등의 시효 중단사유도 인정하지 않고 적립 시부터 일정 기간이 경과하면 마일리지가 곧바로 소멸하도록 정하고 있어, 고객에게 부당하게 불리한 조항으로서 공정성을 잃어 무효라고 주장하면서 피고들이 유효기간 10년 경과를 이유로 소멸시킨 각 마일리지의 지급을 구하였다. 2. 불공정 약관 조항 해당 여부 가. 「약관의 규제에 관한 법률",미검수
법제처 OPEN API/prec,605165,2023다298892,보험금,https://www.law.go.kr/DRF/lawService.do?OC=test&target=prec&ID=605165&type=HTML,(조 번호 미표기),위험,판례 문맥 추론 · 단일 신호,위험,,," 소외인과 사이에 보험기간을 소외인의 하자담보책임기간과 같은 기간으로 정하여 이 사건 주택의 하자보수에 관한 이 사건 보험계약을 체결하였다. 이 사건 보험계약의 내용에 비추어 볼 때, 이 사건 주택의 하자가 보험기간 내에 발생한 이상 보험기간이 종료한 후에 하자보수 요청이 있었다고 하더라도 피고는 이 사건 보험계약에 따라 보험금 지급책임을 부담한다. 한편 이 사건 보험계약의 공동주택하자특별약관(이하 ‘특별약관’이라고만 한다) 제3조는 주의 촉구적인 규정으로 해석하여야 하고, 설령 특별약관 제3조가 보험기간 내에 하자보수청구가 없으면 피고의 보험금 지급책임이 면제되는 것으로 해석되더라도, 이는 고객에게 부당하게 불리한 조항으로서 「약관의 규제에 관한 법률」(이하 ‘약관법’이라 한다) 제6조 제1항에서 정한 ‘신의성실의 원칙을 위반하여 공정성을 잃은 약관 조항’에 해당하여 무효이다. 나. 대법원의 판단 1) 관련 법리 가) 구 공동주택관리법(2017. 4. 18. 법률 제14793호로 개정되기 전의 것, 이하 같다) 제37조 제1항은 ‘사업주체(건설산업기본법 제28조에 따라 하자담보책임이 있는 자로서 제36조 제1항에 따른 사업주체로부터 건설공사를 일괄 도급받아 건설공사를 수행한 자가 따로 있는 경우에는 그 자를 말한다)는 담보책임기간에 하자가 발생한 경우에는 해당 공동주택의 제1호부터 제4호까지에 해당하는 자 또는 제5호에 해당하는 자의 청구에 따라 그 하자를 보수하여야 한다. 이 경우 하자보수의 절차 및 종료 등에 필요한 사항은 대통령령으로 정한다.’고 규정하고 있다. 구 공동주택관리법 시행령(2017. 9. 29. 대통령령 제28350호로 개정되기 전의 것, 이하 같다)은 위와 같은 위임에 따라 제38조에서 하자보수 절차를, 제39조에서 담보책임 종료를 각 규정하고 있다. 이러한 관련 규정의 문언 내용과 입법 취지 등에 비추어 볼 때 구 공동주택관리법 제37조 제1항에서 정한 사업주체의 하자담보책임기간은 그 기간 내에 발생한 하자에 대하여 사업주체가 입주자대표회의 등에 하자담보책임을 진다는 하자발생기간을 의미한다. 구 공동주택관리법 시행령 제38조 제1항에서 ‘법 제37조 제1항 각호 외의 부분 후단에 따라 입주자대표회의 등 또는 임차인 등은 공동주택에 하자가 발생한 경우에는 담보책임기간 내에 사업주체에게 하자보수를 청구하여야 한다.’고 규정하고 있기는 하지만 이는 구 공동주택관리법 제37조 제1항 후문에서 위임한 하자보수 절차에 관한 조항이라고 보아야 하는 것이지, 위 조항으로 구 공동주택관리법 제37조 제1항에서 정한 사업주체의 하자담보책임기간의 법적 성격을 달리 볼 수는 없다. 나) 보증보험이란 피보험자와 어떠한 법률관계를 가진 보험계약자(주계약상의 채무자)의 채무불이행으로 인하여 피보험자(주계약상의 채권자)가 입게 될 손해의 전보를 보험자가 인수하는 것을 내용으로 하는 손해보험으로서, 피보험자가 보험자를 상대로 보험금청구권을 행사하기 위해서는 보험계약자의 주계약상의 채무불이행이라고 하는 ‘보험사고의 발생’과 이에 기한 ‘피보험자의 재산상 손해의 발생’이라는 두 요건을 필요로 한다. 즉, 보험자는 보험계약자가 주계약에 따른 채무를 이행하지 아니함으로써 피보험자가 입게 되는 손해를 약관이 정하는 바에 따라 그리고 그 보험계약금액의 범위 내에서 보상하는 것이다(대법원 2003. 9. 26. 선고 2001다68914 판결, 대법원 2004. 12. 24. 선고 2004다20265 판결 참조). 특히 보험사고란 보험계약에서 보험자의 보험금 지급책임을 구체화하는 불확정한 사고를 의미하는 것으로서, 보증보험에서 보험사고가 구체적으로 무엇인지는 당사자 사이의 약정으로 계약내용에 편입된 보험약관과 보험약관이 인용하고 있는 보험증권 및 주계약의 구체적인 내용 등을 종합하여 결정하여야 한다. 그리고 보증보험증권에 보험기간이 정해져 있는 경우에는 보험사고가 그 기간 내에 발생한 때에 한하여 보험자가 보험계약상의 책임을 지는 것이 원칙이지만, 보증보험계약의 목적이 ","특별약관’이라고만 한다) 제3조는 주의 촉구적인 규정으로 해석하여야 하고, 설령 특별약관 제3조가 보험기간 내에 하자보수청구가 없으면 피고의 보험금 지급책임이 면제되는 것으로 해석되더라도, 이는 고객에게 부당하게 불리한 조항으로서 「약관의 규제에 관한 법률",미검수
법제처 OPEN API/prec,605165,2023다298892,보험금,https://www.law.go.kr/DRF/lawService.do?OC=test&target=prec&ID=605165&type=HTML,(조 번호 미표기),위험,판례 문맥 추론 · 단일 신호,위험,,,"보책임기간 내에 발생한 하자에 대하여 소외인의 하자보수의무 불이행으로 인한 손해를 보상하기 위한 것인데도 그 보험기간은 소외인의 하자담보책임기간과 같으므로 특단의 사정이 없는 한 피고는 이 사건 보험계약의 보험기간 내에 발생한 하자에 대하여는 보험기간이 종료한 후에 하자보수청구와 소외인의 하자보수의무 불이행이 있었다고 하더라도 보험자로서 책임을 부담한다. 이 사건 보험계약 보통약관 제1조의 ‘보험계약자가 하자담보책임기간 안에 발생한 하자에 대하여 보수나 보완청구를 받았음에도 이를 이행하지 않음으로써 피보험자가 입은 손해를 보상한다.’는 내용도 이러한 취지로 볼 수 있다. 이 사건 주택의 하자가 제1 내지 제3 보험증권의 각 보험기간 내에 발생하였다면 위 각 보험기간이 종료한 후에 소외인에 대하여 하자보수청구가 이루어졌다고 하더라도 피고는 이 사건 보험계약에 따른 보험자로서 위 하자에 대하여 보험가입금액의 범위 내에서 보험금을 지급할 의무가 있다. 나) 한편 특별약관 제2조는 ‘회사는 준공검사 또는 검수를 받은 후 보험기간 내에 발생한 하자에 대하여 피보험자가 보험기간 내에 보험계약자에게 하자보수를 청구한 경우 보험계약자가 하자를 보수하지 않아 피보험자가 입은 손해를 보험증권에 기재된 내용과 이 약관에 따라 보상한다.’고, 제3조는 ‘보험기간이 만료되기 전까지 피보험자의 보험계약자에 대한 하자보수청구가 없는 경우에 우리 회사는 보험금 지급책임을 부담하지 않는다.’고 하여 보험기간 내에 하자보수청구가 이루어지지 않았다면 설령 보험기간 내에 하자가 발생하였다고 하더라도 피고의 보험금 지급책임이 없는 것처럼 규정하고 있다. 그러나 위와 같은 사실관계에다가 기록에 따라 인정되는 여러 사정을 앞서 본 법리에 비추어 살펴보면, 피고의 보험금 지급책임을 제한한 특별약관 제2조, 제3조는 보험계약자인 소외인에게 부당하게 불리한 조항으로서 약관법 제6조 제1항에서 정한 ‘신의성실의 원칙을 위반하여 공정성을 잃은 약관 조항’에 해당하여 무효라고 보아야 한다. 그 이유는 다음과 같다. (1) 특별약관은 피고가 소외인을 비롯하여 하자보수에 관한 보증보험계약을 체결한 다수의 보험계약자들과 사이에 보험금 지급 요건과 기준, 면책사유 등을 정하기 위하여 일정한 형식으로 미리 마련한 계약의 내용으로서 약관법 제2조 제1호에서 정한 ‘약관’에 해당한다. (2) 소외인은 이 사건 주택의 건축주로서 이 사건 주택의 하자보수에 관한 보증보험계약을 1회성으로 체결하는 사람인데 반하여 피고는 하자보수에 관한 보증보험업 등을 영위하기 위하여 설립되어 수많은 하자보수보증보험계약을 체결한 법인으로서, 피고가 소외인보다 거래상 우월한 지위에 있다고 보아야 한다. (3) 사업주체의 하자담보책임기간에 관한 구 공동주택관리법 제37조 제1항, 사업주체의 하자보수보증보험 가입의무에 관한 구 공동주택관리법 제38조 제1항, 구 공동주택관리법 시행령 제41조 제1항의 문언과 취지 등에 비추어 보면, 소외인과 같은 건축주 겸 하자보수보증보험 계약자로서는 보험기간 내에 공동주택에 하자가 발생하기만 하면 비록 보험기간이 지난 후에 하자보수청구가 이루어지더라도 보험자는 보험금 지급책임을 부담하고, 이로써 하자보수의무를 면하게 될 것이라는 합리적인 기대를 갖고 있다고 볼 수 있다. 그런데 피고가 이 사건 보험계약의 내용에 편입시킨 특별약관 제2조, 제3조에 따르면 보험기간 내에 하자보수청구가 이루어지지 않았다면 설령 보험기간 내에 하자가 발생하였다고 하더라도 피고는 보험금 지급책임을 부담하지 않으므로, 소외인으로서는 하자보수의무를 면하지 못할 가능성이 있다. (4) 사업주체의 하자담보책임기간의 법적 성격을 권리행사기간으로 규정한 제38조 제1항을 포함한 공동주택관리법 시행령이 제정·시행됨에 따라 같은 내용을 규정한 특별약관이 제정·시행되었다고 하더라도 피고에게는 보험금 지급책임을 제한하려는",보험계약자가 하자담보책임기간 안에 발생한 하자에 대하여 보수나 보완청구를 받았음에도 이를 이행하지 않음으로써 피보험자가 입은 손해를 보상한다,미검수
법제처 OPEN API/prec,605165,2023다298892,보험금,https://www.law.go.kr/DRF/lawService.do?OC=test&target=prec&ID=605165&type=HTML,제2조,위험,판례 문맥 추론 · 단일 신호,위험,,,"입은 손해를 보상한다.’는 내용도 이러한 취지로 볼 수 있다. 이 사건 주택의 하자가 제1 내지 제3 보험증권의 각 보험기간 내에 발생하였다면 위 각 보험기간이 종료한 후에 소외인에 대하여 하자보수청구가 이루어졌다고 하더라도 피고는 이 사건 보험계약에 따른 보험자로서 위 하자에 대하여 보험가입금액의 범위 내에서 보험금을 지급할 의무가 있다. 나) 한편 특별약관 제2조는 ‘회사는 준공검사 또는 검수를 받은 후 보험기간 내에 발생한 하자에 대하여 피보험자가 보험기간 내에 보험계약자에게 하자보수를 청구한 경우 보험계약자가 하자를 보수하지 않아 피보험자가 입은 손해를 보험증권에 기재된 내용과 이 약관에 따라 보상한다.’고, 제3조는 ‘보험기간이 만료되기 전까지 피보험자의 보험계약자에 대한 하자보수청구가 없는 경우에 우리 회사는 보험금 지급책임을 부담하지 않는다.’고 하여 보험기간 내에 하자보수청구가 이루어지지 않았다면 설령 보험기간 내에 하자가 발생하였다고 하더라도 피고의 보험금 지급책임이 없는 것처럼 규정하고 있다. 그러나 위와 같은 사실관계에다가 기록에 따라 인정되는 여러 사정을 앞서 본 법리에 비추어 살펴보면, 피고의 보험금 지급책임을 제한한 특별약관 제2조, 제3조는 보험계약자인 소외인에게 부당하게 불리한 조항으로서 약관법 제6조 제1항에서 정한 ‘신의성실의 원칙을 위반하여 공정성을 잃은 약관 조항’에 해당하여 무효라고 보아야 한다. 그 이유는 다음과 같다. (1) 특별약관은 피고가 소외인을 비롯하여 하자보수에 관한 보증보험계약을 체결한 다수의 보험계약자들과 사이에 보험금 지급 요건과 기준, 면책사유 등을 정하기 위하여 일정한 형식으로 미리 마련한 계약의 내용으로서 약관법 제2조 제1호에서 정한 ‘약관’에 해당한다. (2) 소외인은 이 사건 주택의 건축주로서 이 사건 주택의 하자보수에 관한 보증보험계약을 1회성으로 체결하는 사람인데 반하여 피고는 하자보수에 관한 보증보험업 등을 영위하기 위하여 설립되어 수많은 하자보수보증보험계약을 체결한 법인으로서, 피고가 소외인보다 거래상 우월한 지위에 있다고 보아야 한다. (3) 사업주체의 하자담보책임기간에 관한 구 공동주택관리법 제37조 제1항, 사업주체의 하자보수보증보험 가입의무에 관한 구 공동주택관리법 제38조 제1항, 구 공동주택관리법 시행령 제41조 제1항의 문언과 취지 등에 비추어 보면, 소외인과 같은 건축주 겸 하자보수보증보험 계약자로서는 보험기간 내에 공동주택에 하자가 발생하기만 하면 비록 보험기간이 지난 후에 하자보수청구가 이루어지더라도 보험자는 보험금 지급책임을 부담하고, 이로써 하자보수의무를 면하게 될 것이라는 합리적인 기대를 갖고 있다고 볼 수 있다. 그런데 피고가 이 사건 보험계약의 내용에 편입시킨 특별약관 제2조, 제3조에 따르면 보험기간 내에 하자보수청구가 이루어지지 않았다면 설령 보험기간 내에 하자가 발생하였다고 하더라도 피고는 보험금 지급책임을 부담하지 않으므로, 소외인으로서는 하자보수의무를 면하지 못할 가능성이 있다. (4) 사업주체의 하자담보책임기간의 법적 성격을 권리행사기간으로 규정한 제38조 제1항을 포함한 공동주택관리법 시행령이 제정·시행됨에 따라 같은 내용을 규정한 특별약관이 제정·시행되었다고 하더라도 피고에게는 보험금 지급책임을 제한하려는 목적이 있었다고 보이고, 앞서 본 바와 같이 피고가 보험금 지급책임을 부담하지 않는 경우에는 소외인과 같은 하자보수보증보험 계약자로서는 하자보수의무를 면하지 못할 수 있다. 따라서 피고의 보험금 지급책임의 요건 또는 면책사유에 해당하는 특별약관 제2조, 제3조는 보험계약자에게 불리한 내용이다. (5) 한편 특별약관 제2조, 제3조가 소외인과의 협의를 통하여 규정되었다거나, 특별약관 제2조, 제3조가 이 사건 보험계약의 내용에 편입되는 대가로 보험료가 감액되었다거나, 피고가 소외인에게 특별약관 제2조, 제3조의 세부적이고 구체적인 내용을 서면으로 제공하는 등 그 내용을 상세히 고지하였다고 ",회사는 준공검사 또는 검수를 받은 후 보험기간 내에 발생한 하자에 대하여 피보험자가 보험기간 내에 보험계약자에게 하자보수를 청구한 경우 보험계약자가 하자를 보수하지 않아 피보험자가 입은 손해를 보험증권에 기재된 내용과 이 약관에 따라 보상한다,미검수
법제처 OPEN API/prec,622295,2023가합101281,매매잔금 등 청구의 소,https://www.law.go.kr/DRF/lawService.do?OC=test&target=prec&ID=622295&type=HTML,(조 번호 미표기),안전,판례 문맥 추론 · 신호 혼재,안전,,,"원 지위를 상실하였으므로, 결국 피고 55는 조합원 가입계약에 따른 2차 분담금계약금 지급의무가 없다. 6. 위약금 지급의무의 존부 가. 당사자들의 주장 1) 원고 피고들이 조합원 자격을 상실한 것은 이 사건 조합원 가입계약 제10조 제2항에 따른 의무를 위반한 것이므로, 조합원 자격을 상실한 피고들은 위 가입계약 제10조 제3항(갑3, 이하 ‘이 사건 환불규정’이라 한다) 및 원고 규약 제12조 제4항에 따라 원고에게 위약금을 지급할 의무가 있다. 2) 피고 ㉠ 위 환불규정 및 원고 규약이 위약금 지급의 근거로 해석된다고 하더라도, 이는 약관의 규제에 관한 법률(이하 ‘약관법’이라 한다) 제6조 제2항 제1호, 제7조 제2호, 제8조, 제9조 제4호에 위반하여 무효이다(피고 24). ㉡ 피고들이 조합원 자격을 상실하면 원고 규약 제12조 제2항에 의해 조합원 지위를 자동으로 상실하게 되는 것일 뿐 이것이 원고에 대한 관계에서 채무불이행이 되는 것은 아니다. 또한 위 환불규정, 원고 규약 제12조 제4항은 자격을 상실한 조합원에 대한 환불의 근거규정일 뿐 원고의 위약금 청구의 근거가 될 수 없다(피고 15, 피고 24, 피고 31, 피고 54, 피고 55). ㉢ 장기간 주택건설사업을 추진하지 못해 조합원들을 오랜 시간 불안한 상태로 방치한 원고가 오히려 피고들이 조합원 자격을 유지하지 못한 것을 탓하며 위약금 등을 요구하는 것은 신의칙에 반한다(피고 15, 피고 31, 피고 54, 피고 55). 나. 이 사건 환불규정의 해석 1) 위약금 근거 해당 여부 원고가 피고들의 위약금 지급의무의 근거로 주장하는 조합원 가입계약(갑3) 및 원고 규약(갑2)의 내용은 아래와 같다. [조합원 가입계약]제10조[조합원의 자격상실]① ""갑""은 ""을""이 다음 각 호에 해당하는 행위를 하는 경우, 이행의 최고 또는 기타 별도의 조치 없이 본 계약을 즉시 해지할 수 있으며, 이때 ""을""은 ""갑""의 조합원 자격을 상실하고 이와 관련하여 일체의 민ㆍ형사상 이의를 제기할 수 없다.6. 주택법 등 관계법령 또는 △△△ 지역주택조합규약(이하 ""조합규약""이라 함)에 의거 주택조합의 조합원 자격을 상실하였을 때③ ""을""이 제1항 내지 제2항에 해당하여 조합원 자격을 상실하거나 탈퇴하는 경우, ""을""이 기납입한 조합원분담금 중 ""갑""에게 귀속되는 위약금(조합원분담금 총 약정금의 10%), 업무추진비, 조합이 대납한 중도금 대출이자 및 연체이자를 공제한 납입 원금만을 ""을""명의의 계좌로 환불처리하되 환불시기는 해당 세대에 관하여 신규 조합원 또는 일반분양자로 대체되어 입금이 완료되었을 때 환불하기로 한다.[원고 규약]제12조 (조합원의 탈퇴ㆍ자격상실ㆍ제명)② 관계법령 및 이 규약에서 정하는 조합원 자격에 해당하지 않게 된 자의 조합원 자격은 자동 상실된다.④ 탈퇴, 조합원자격의 상실, 제명 등으로 조합원의 지위를 상실한 자에 대하여는 해당 조합원이 납입한 제 납입금에서 소정의 공동분담금 및 위약금(조합원 분담금 총약정금의 10%), 업무추진비, 조합이 대납한 중도금대출이자 및 연체이자 등을 공제한 잔액을(무이자)환불하며, 환불시기는 신규 조합원 및 일반분양자가 대체되어 납부금을 납부한 시기로 한다. 또한 이사회의 의결로서 공제할 분담금 및 환급시기를 따로 정할 수 있다. 위약금이란 당사자가 장래 채무를 이행하지 않을 경우 이에 대한 손해배상 또는 제재로서 지급할 것을 미리 약속한 돈을 의미하여 이미 그 자체에 ‘지급의무의 존재’를 내포하고 있으므로, 위 가입계약 및 규약에 ‘위약금 등을 공제한 기 납입금 원금만을 반환한다’고만 규정되어 있다고 하더라도 이는 피고들의 위약금 지급의무를 전제로 이를 공제한다는 취지로 해석하는 것이 타당하다. 한편 이 사건 조합원 가입계약은, 피고들이 조합원으로서 원고가 추진하는 주택건설사업의 사업비 등을 분담금의 형태로 부담하고, 원고가 주택건설사업을 수행, 주택을 신축하면 조","라 한다) 및 원고 규약 제12조 제4항에 따라 원고에게 위약금을 지급할 의무가 있다. 2) 피고 ㉠ 위 환불규정 및 원고 규약이 위약금 지급의 근거로 해석된다고 하더라도, 이는 약관의 규제에 관한 법률(이하",미검수
법제처 OPEN API/prec,612931,2023가합50498,채무부존재확인·수수료반환,https://www.law.go.kr/DRF/lawService.do?OC=test&target=prec&ID=612931&type=HTML,(조 번호 미표기),위험,판례 문맥 추론 · 단일 신호,위험,,,"본소와 반소를 함께 본다. 1. 기초사실 가. 당사자들의 지위 1) 피고는 보험계약 모집 업무를 목적으로 설립된 회사로서 위촉계약을 체결한 보험설계사를 통해 보험회사의 보험상품을 대리 판매한 후 보험회사로부터 보험계약 모집에 따른 수수료를 지급받아 운영되고 있다. 2) 원고들은 피고와 FC(보험설계사를 의미한다. 이하 같다) 위촉계약(이하 ‘이 사건 위촉계약’이라 한다)을 체결하여 보험계약을 모집하는 업무를 수행하다가 원고 1은 2019. 7. 2., 원고 2, 원고 3, 원고 5, 원고 6은 2019. 7. 1., 원고 4는 2019. 6. 2.경 이 사건 위촉계약을 해지하였다. 나. 피고의 수수료 환수 통지 피고는 2021. 3. 12. 원고들에게 ‘환수 수수료 상환 안내’라는 제목의 내용증명우편을 보내 원고들이 모집한 보험계약이 해지, 해약, 실효되었음을 이유로 아래 표 기재와 같이 원고들에게 지급한 수수료 중 일부를 환수하겠다고 통지하였다. 원고원고 1원고 2원고 3원고 4원고 5원고 6 환수 요청금액34,911,73012,691,01910,063,0929,762,9146,479,1364,548,532 다. 수수료 환수에 관한 내부 규정 피고의 내부 규정인 「영업제규정」 중 수수료 환수와 관련한 내용(이하 ‘이 사건 수수료 환수규정’이라 한다)은 아래와 같다. 〈제4장 환수규정과 보증관리〉 ○ 환수기준 1. 실효 및 해약에 의한 환수는 회차별 환수율 적용하에 지급수수료 한도 내에서 환수 2. 민원에 의한 환수는 총 지급된 수수료 100% 환수조치 ○ 회차별 환수율 미유지 회차2회3회4회5회6회7회8회9회 환수율100%100%95%90%85%80%75%70% 미유지 회차10회11회12회13회14회15회16회17회 환수율65%60%50%40%30%20%10%5% 【인정근거】 다툼 없는 사실, 갑 제1 내지 5호증(가지번호 있는 경우 가지번호 포함, 이하 같음), 을 제1, 2, 4호증의 각 기재, 변론 전체의 취지 2. 본소청구에 관한 판단 가. 원고들의 주장 요지 이 사건 위촉계약서에 수수료 환수에 관한 내용이 존재하지 않고, 이 사건 수수료 환수규정이 이 사건 위촉계약의 내용에 포함된다고 가정하더라도, 원고들은 이 사건 위촉계약 체결 당시 피고로부터 수수료 환수규정에 관한 설명을 듣지 못하였으므로, 피고가 이 사건 수수료 환수규정을 들어 수수료 반환을 요구하는 것은 약관의 규제에 관한 법률(이하 ‘약관규제법’이라 한다)에 위반된다. 나아가 설령 원고들이 이 사건 수수료 환수규정에 관한 설명을 들었다고 하더라도, 이 사건 수수료 환수규정은 보험업법 제85조의3 제1항에서 금지하고 있는 ‘제7호 정당한 사유 없이 보험설계사에게 지급한 수수료를 환수하는 행위’에 해당하여 허용되지 아니하고, 보험계약자에 의하여 보험계약이 실효, 해지, 해약된 경우에 원고들에게 그 실효, 해지 등에 관한 책임이 있는지 여부를 불문하고 수수료를 환수할 수 있도록 정한 것은 원고들에게 일방적으로 불공정한 약관으로서 약관규제법 제6조에 따라 무효이다. 따라서 원고들의 피고에 대한 수수료 반환채무는 존재하지 아니한다. 한편, 피고는 이 사건 위촉계약이 해지된 후에도 유지되고 있는 보험계약에 관한 수수료를 원고들에게 지급할 의무가 있음에도 이를 지급하지 않고 있으므로 피고는 원고들에게 잔여 수수료를 지급할 의무가 있다. 나. 채무부존재확인청구에 관한 판단 1) 관련 법리 금전채무 부존재확인소송에 있어서는 채무자인 원고가 먼저 청구를 특정하여 채무발생의 원인사실을 부정하는 주장을 하면 채권자인 피고는 권리관계의 요건사실에 관하여 주장·입증책임을 부담한다(대법원 1998. 3. 13. 선고 97다45259 판결 등 참조). 2) 이 사건 위촉계약 및 수수료 환수규정이 약관규제법의 적용을 받는 약관에 해당하는지 여부 약관이란 그 명칭이나 형태 또는 범위를 불문하고 계약의 일방 당사자가 다수 상대방과 계약을 체결하기 위하여 일정한 형식에 의하여 ","라 한다)을 체결하여 보험계약을 모집하는 업무를 수행하다가 원고 1은 2019. 7. 2., 원고 2, 원고 3, 원고 5, 원고 6은 2019. 7. 1., 원고 4는 2019. 6. 2.경 이 사건 위촉계약을 해지하였다. 나. 피고의 수수료 환수 통지 피고는 2021. 3. 12. 원고들에게",미검수
법제처 OPEN API/prec,612931,2023가합50498,채무부존재확인·수수료반환,https://www.law.go.kr/DRF/lawService.do?OC=test&target=prec&ID=612931&type=HTML,(조 번호 미표기),(판단 불명확),판단 불명확,,,,"른바 ‘모집 수수료’와 ‘유지 수수료’를 구분하여 정하고 있지 않다. 피고는, 보험계약 체결일 익월에 지급하는 수수료는 보험설계사가 보험계약자를 모집한 대가로 지급하는 수수료, 즉 ‘모집 수수료’에 해당하고, 7개월째부터 19개월째까지 지급하는 수수료는 그 보험계약을 유지하는 업무에 대한 대가로 지급하는 수수료, 즉 ‘유지 수수료’에 해당한다고 주장하나, 이 사건 위촉계약서 및 피고의 영업제규정을 살펴보더라도 그와 같이 수수료를 ‘유지 수수료’와 ‘모집 수수료’로 구분하여 볼 만한 근거를 찾을 수 없고, 그밖에 이를 인정할 증거가 없다. ③ 이 사건 위촉계약 제5조에서 ‘회사는 FC에게 위촉업무 수행의 대가로 회사에서 정한 규정에 의거 소정의 수수료를 지급한다’라고 정하고 있고, 제4조에서 ‘①회사와 제휴된 보험회사의 상품판매 중개, ②기타 회사가 위탁한 업무’를 위촉업무로 정하고 있다. 위 각 조항을 포함한 이 사건 위촉계약 및 영업제규정의 내용과 보험설계사들이 실제로 수행하는 업무의 내용에 비추어 보면 보험설계사들의 주된 업무는 보험상품 판매 중개 업무로 보이고, 피고도 그로 인하여 각 보험회사로부터 수수료를 지급받아 수익을 얻게 되며 피고는 그 중 피고의 수익금과 운영비용 등을 제외한 나머지 금액으로 보험설계사들에게 수수료를 지급하는 것이므로 피고가 원고들에게 지급하였거나 지급하기로 약정한 수수료는 원고들의 보험상품 판매 중개 업무에 대한 대가라고 해석하는 것이 자연스럽고, 위와 같은 업무의 비중 및 피고의 수익에 기여하는 비중에 비추어 볼 때 전체 수수료 400~480% 중 보험계약 체결일 익월에 지급받는 200~280%만이 보험설계사가 보험계약자를 모집한 대가에 해당하고, 7개월째부터 19개월째까지 지급하는 나머지 200%가 그와 같이 체결한 보험계약을 유지하는 업무에 대한 대가에 해당한다는 피고의 주장과 같이 해석하는 것이 오히려 부자연스럽다. ④ 이 법원의 각 보험회사에 대한 금융거래정보제출명령결과에 비추어 보면, 보험회사는 피고에게 피고 소속 보험설계사들이 판매한 보험상품과 관련하여 매월 수수되는 보험료에 비례하여 일정 비율의 수수료를 지급해 온 것으로 보이고, 보험계약자가 일시에 상품 대가를 지급하는 것이 아니라 매월 보험료를 납입함에 따라 수익이 보험계약 유지 기간 중 분할하여 발생하고 해지 등으로 보험계약이 중도에 해지되는 경우에는 그와 같이 분할하여 발생하던 수익 역시 중단되어 당초 계약 체결 당시 예상되었던 수익의 일부를 얻지 못하게 되는 보험상품의 특성상 그 판매 중개 수수료도 보험 계약이 일정기간 유지될 것을 전제로 분납하여 지급하기로 정한 것으로 보인다. 그와 같은 보험상품 판매 중개 업무의 특수성을 고려하여 원고들과 피고 사이에서도 원고들에게 보험 모집 수수료를 일시에 지급하는 방식이 아니라, 보험계약이 유지되는 것을 전제로 20개월에 걸쳐 분납하여 지급하기로 약정하였다고 봄이 상당하고, 위 ‘유지수수료’라는 명칭도 수수료 지급 대상 보험계약이 중도에 해지되지 아니하고 일정기간 ‘유지’됨을 전제로 하는 수수료로 해석하는 것이 위와 같은 수수료 지급의 구조나 문언에 비추어 자연스럽다. ⑤ 한편, 피고는 이 사건 위촉계약이 해지되었으므로 원고들에게 더 이상 수수료를 지급할 근거가 없다고 주장한다. 그러나 피고의 사업 구조는 피고가 보험회사로부터 지급받는 판매 중개 수수료에서 영업비용 및 수익금 등을 공제한 후에 나머지 금액에서 일정 수수료를 원고들에게 지급하는 구조이고, 피고가 원고들에게 지급하는 수수료도 기본적으로 피고가 보험회사로부터 지급받는 수수료와 연동된다고 보는 것이 타당하다. 그런데 원고들이 모집한 보험 계약이 유지되는 한 원고들이 피고와의 위촉계약을 해지한다고 하더라도 피고가 각 보험회사로부터 얻는 중개 수수료 수익에는 변함이 없으므로, 그렇다면 피고의 수수료 수익에 관한 원고들의 기여는 원고들과 피고 사이에 위촉계약이 해촉되는지 여부와 상관없이 유지되는 것으로 보인다. 이와 같은 사정에 비추어 보더라도 이 사건 위촉계약 및 영업제규","및 피고의 영업제규정을 살펴보더라도 그와 같이 수수료를 ‘유지 수수료’와 ‘모집 수수료’로 구분하여 볼 만한 근거를 찾을 수 없고, 그밖에 이를 인정할 증거가 없다. ③ 이 사건 위촉계약 제5조에서 ‘회사는 FC에게 위촉업무 수행의 대가로 회사에서 정한 규정에 의거 소정의 수수료를 지급한다",미검수
법제처 OPEN API/prec,616597,2023가단5114713,납입금반환청구의소,https://www.law.go.kr/DRF/lawService.do?OC=test&target=prec&ID=616597&type=HTML,(조 번호 미표기),(판단 불명확),판단 불명확,,,,"(이하 ‘이 사건 사업’이라 한다)을 시행하기 위하여 설립된 지역주택조합으로, 2018. 10. 15. 조합설립인가를, 2020. 9. 3. 사업계획승인을 받았다. 2) 원고는 2018. 11. 17. 피고와 사이에 피고의 조합원으로 가입하여 이 사건 사업에 따라 신축될 아파트 중 59㎡형 주택 1채를 분양받기로 하는 조합원 가입계약을 체결하였고(이하 ‘이 사건 계약’이라 한다), 피고에게 별지 표의 ‘납입일자’란 기재 각 일자에 분담금으로 별지 표의 ‘납입금액’란 기재 각 돈을 지급하여, 합계 350,082,900원을 지급하였다. 나. 이 사건 계약 및 피고 조합규약의 내용 1) 이 사건 계약의 주요 내용은 아래와 같다. 제2조(업무의 대행 등에 대한 동의) 1) ""을(원고)""은 ""갑(피고)""의 지역주택조합(추진위원회 포함) 설립행위 및 이와 관련한 업무집행에 있어 ""갑""의 대표성을 인정하며 다음 각 호에 대한 ""갑""의 권한 및 업무추진에 대하여 이의 없이 동의하기로 한다. ① 조합 설립행위 및 설립 중인 조합 업무 일체[조합설립 추진위원회 구성 및 임원선임, 조합설립(변경)인가 신청, 조합원 가입자 관리, 조합자금(분담금 등) 차입·관리·집행, 해산 및 청산, 동·호수 지정(추첨) 등 기타 사업추진과 관련된 일체 업무] ② 지역주택조합의 세대별 분담금 및 일반 (임의)분양 세대의 분양금 확정·관리 ③ 사업계획(사업계획변경 포함) 결정에 관한 사항(세대수, 평형, 연면적, 층수, 배치 등)과 건축관련법규에 따라 인, 허가 진행과정에서 관련법규와 허가관청의 조례 등으로 인하여 불가피하게 설계변경(용적율, 연면적, 세대수, 평형, 동, 층, 호수, 향)부분이 발생하여 부득이하게 기존 가입한 조합원의 동, 층, 호수, 향, 타입이 변경될 경우 (재)배정되는 세대배치의 업무일체 ⑪ 기타 조합주택건립(준공, 입주, 청산)시까지의 관련업무 일체 2) ""갑""은 제1항 각호의 권한과 업무 일체를 업무대행사인 ""병""에게 대행케 하고, 이에 대한 보수는""을""이 납부한 업무대행비로 지급함에 이의 없이 동의한다. ? 제3조(조합원의 자격) 1) ""을""은 주택법령(동법 시행령, 시행규칙, 기타 조례 등 포함)에 규정한 지역주택조합원의 자격에 문제가 없음을 보증하며, 준공, 입주 시까지 그 자격을 유지하기로 한다. 2) ""을""은 전산조회 등으로 조합원 무자격 또는 자격상실 등이 발생하여 조합원이 될 수 없는 경우, ""을""의 책임으로 자격을 갖춘 자를 조합원으로 승계할 수 있도록 조치하기로 한다. 제4조(조합원분담금 및 업무대행비) ""을""은 ‘본 사업’을 위해 다음과 같이 ""갑""에게 조합원분담금 및 업무대행비를 부담·납부하기로 한다. ? (단위:원) 주택형조합원분담금 및 업무대행비 조합원분담금업무대행비 59㎡형560,000,00020,000,000 1)""을""은 ‘본 사업’의 원활한 진행을 위하여 조합원분담금(업무대행비 포함)을 첨부 조합원분담금 납부일정에 따라 지체 없이 납부하기로 한다. 2) 상기 조합원분담금은 ""을""의 입주예정 대상 평형별 세대수의 평균산출로 책정된 금액으로 향후 조합 총회를 통해 동별, 층별, 향별, 호별 기타 세대 가치를 고려한 차등적용 공급금액으로 조합원 개별 분담금을 확정, 결정하기로 한다. 4) 상기 조합원분담금은 물가상승률과 관련없이 공급하는 금액으로‘본 사업’의 토지 및 건축물 소유권이전비용, 학교용지부담금 등 관련법규에 따라 개별적으로 발생하는 부담금 및 제세공과금은 준공 시 ""을""이 별도 부담키로 한다. 6) ""병""의 조합사업시행용역에 대한 업무대행비는 ""을""이 조합가입 계약일로부터 조합아파트 입주 시까지 ""갑""의 조합사무 시행업무 대행에 대한 용역보수로서, 업무대행비에 대하여는 ""을""과의 별도의 회계","라 한다), 피고에게 별지 표의 ‘납입일자",미검수
법제처 OPEN API/prec,616597,2023가단5114713,납입금반환청구의소,https://www.law.go.kr/DRF/lawService.do?OC=test&target=prec&ID=616597&type=HTML,(조 번호 미표기),위험,판례 문맥 추론 · 단일 신호,위험,,,"조합총회 결의를 통하여 원고에게 추가분담금 491,300,000원을 요구하였다. 2) 원고는 2023. 3. 20. 세대주를 처로 변경하는 세대주변경 신고를 함으로써 그 동안 유지하고 있던 세대주 자격을 상실하였다. 【인정근거】다툼 없는 사실, 갑 제1 내지 5호증의 각 기재, 변론 전체의 취지 2. 원고의 청구원인 요지 가. 주위적 청구 1) 이 사건 계약서에는 조합원분담금이 5억 6,000만 원이라고 기재되어 있고, 이 사건 계약서의 해석상 위 분담금은 동, 층, 향, 호가 달라지지 않는 이상 확정분담금에 해당한다고 해석하여야 하며, 피고는 이 사건 계약 체결 당시 추가분담금이 발생할 것이라는 사실을 고지하지도 않았다. 그런데 피고는 추가분담금을 납입하도록 하는 결의를 하였다. 원고는 피고의 이러한 기망행위로 인하여 추가분담금이 발생하지 않을 것이라는 착오에 빠져 이 사건 계약을 체결하였으므로, 이 사건 소장부본의 송달로써 사기 또는 착오를 이유로 이 사건 계약을 취소하는바, 피고는 원고에게 부당이득으로 원고가 지급한 분담금 350,082,900원 및 이에 대한 지연손해금을 반환할 의무가 있다. 2) 선택적으로, 원고는 추가분담금의 발생 및 그 규모를 예상할 수 없었고, 이러한 사정은 원고가 이 사건 계약 체결 당시 예견할 수 없었던 현저한 사정변경에 해당한다. 또한 피고가 총회결의를 통하여 추가분담금을 납입하도록 한 것은 합리적 이유 없이 계약조건의 변경을 강제하는 것으로서 이행거절의 의사표시에 해당한다. 이에 원고는 이 사건 소장부본의 송달로써 사정변경 내지 피고의 이행거절을 이유로 이 사건 계약을 해제하는바, 피고는 원고에게 부당이득으로 1)항 기재 돈을 반환할 의무가 있다. 나. 예비적 청구 1) 원고는 2023. 3. 20. 세대주 지위를 상실하였으므로, 피고 조합규약 제12조 제2항에 따라 조합원자격을 자동 상실하게 되었다. 피고 조합규약 제12조 제4항은 조합원자격으로 조합원의 지위를 상실한 자에 대하여는 조합원이 납입한 제 납입금에서 소정의 공동부담금을 공제한 잔액을 환급청구일로부터 30일 이내에 지급한다고 정하고 있는데, 조합규약은 이러한 경우 공제하여야 할 공동부담금을 특정하지 않고 있고, 피고 총회의 의결로 공제할 공동부담금이 정해진 바 없으며, 조합원자격을 자동상실하는 경우 공동부담금을 공제한 납입금을 반환하도록 한 위 규정은 약관의 규제에 관한 법률(이하 ‘약관법’이라 한다) 제6조 내지 민법 제103조에 의하여 무효이다. 따라서 피고는 원고에게 공동부담금을 공제하지 아니하고 원고가 기지급한 납입금 전액을 반환할 의무가 있다. 2) 선택적으로, 원고는 추가분담금 발생을 예상할 수 없었고, 추가분담금을 감당할 수 있는 경제적 여력이 없는바, 이는 피고 조합규약 제12조 제1항 단서에서 정한 ‘부득이한 사정’에 해당한다. 원고는 이 사건 소장부본의 송달을 통하여 피고에게 조합 탈퇴 의사를 표시함으로써 피고로부터 탈퇴하므로, 피고는 원고에게 원고가 지급한 납입금을 반환할 의무가 있다. 3. 주위적 청구에 관한 판단 가. 사기로 인한 취소 주장에 관한 판단 피고가 총회결의를 통하여 원고에게 추가분담금 491,300,000원을 요구한 사실은 앞서 본 바와 같다. 그러나 앞서 본 기초사실 및 앞서 든 증거들에 의하여 인정되는 아래와 같은 사정들을 종합하면, 위 사실만으로 피고가 추가분담금이 발생할 것임에도 원고와 확정부담금 약정을 체결하여 원고를 기망하였다거나 추가분담금 발생 여부에 관하여 고지 의무가 있음에도 원고에게 이를 고지하지 않음으로써 원고를 기망하였다고 인정하기에 부족하고, 달리 이를 인정할 증거가 없다. 따라서 원고의 이 부분 주장은 이유 없다. ① 주택법상 지역주택조합사","조합원분담금이 5억 6,000만 원이",미검수
법제처 OPEN API/prec,616597,2023가단5114713,납입금반환청구의소,https://www.law.go.kr/DRF/lawService.do?OC=test&target=prec&ID=616597&type=HTML,(조 번호 미표기),(판단 불명확),판단 불명확,,,,"업 등 사업의 성패를 좌우하는 여러 변수들이 많고, 사업이 종료되기까지 상당한 시간이 소요되어 최초 사업계획이 변경될 가능성이 매우 높으며, 그에 따라 조합원 분담금 또한 변경될 여지가 많다. ② 이 사건 계약서에는 원고가 부담하는 조합원분담금 5억 6,000만 원이 확정분담금이라거나 추가분담금이 발생하지 않을 것이라는 내용의 기재는 없다. ③ 오히려 이 사건 계약서에는 ""사업규모는 사업진행 및 인·허가 과정 또는 측량결과에 따라 다소 변동될 수 있음."", ""원고는 피고의 지역주택조합의 세대별 분담금 확정·관리에 대한 피고의 권한 및 업무추진에 대하여 이의 없이 동의하기로 한다(제2조 제1항 제2호)."", ""조합원분담금은 향후 조합 총회를 통해 동별, 층별, 향별, 호별 기타 세대 가치를 고려한 차등적용 공급금액으로 조합원 개별 분담금을 확정, 결정하기로 한다(제4조 제2항)."", ""상기 조합원분담금은 물가상승률과 관련없이 공급하는 금액으로, 본 사업의 토지 및 건축물 소유권이전비용, 학교용지부담금 등 관련법규에 따라 개별적으로 발생하는 부담금 및 제세공과금은 준공 시 을(원고)이 별도 부담키로 한다(제4조 제4항).""라고 기재되어 있는바, 이 사건 계약 당시 분담금은 확정되어 있지 아니하였고, 이 사건 계약은 이 사건 사업추진 과정에서 분담금액이 변동되거나 추가분담금의 발생이 있을 수 있음을 전제하고 있다(원고는 이 사건 계약서에 기재된 조합원분담금이 동, 층, 향, 호가 달라지지 않을 경우에는 확정분담금인 것으로 해석하여야 한다고 주장하나, 이 사건 계약 내용에 의하면, 이 사건 계약 당시 분담금액 및 구체적 사업 규모와 사업 내용이 확정되어 있지 아니하였을 뿐더러 구체적 동, 층, 향, 호와 무관하게 이 사건 사업과 관련하여 발생하는 비용도 원고가 추가로 부담한다는 내용도 포함되어 있으므로, 이 사건 계약서에 기재된 조합원분납금을 확정분담금이라고 해석할 수는 없다). ④ 피고가 원고에게 추가분담금이 발생하지 않는다고 설명하였다는 등의 사정을 찾아볼 수 없다. ⑤ 부동산 거래에 있어 거래 상대방이 일정한 사정에 관한 고지를 받았더라면 그 거래를 하지 않았을 것임이 경험칙상 명백한 경우에는 신의성실의 원칙상 사전에 상대방에게 그와 같은 사정을 고지할 의무가 있다고 할 것인데(대법원 2006. 10. 12. 선고 2004다48515 판결 참조), 위와 같은 사정들에 비추어 보면, 원고로서도 추가분담금 발생가능성에 대하여 예상할 수 있었다고 봄이 상당한바, 피고에게 추가분담금 발생가능성을 고지할 의무가 있다고 보기도 어렵다. 나. 착오로 인한 취소 주장에 관한 판단 1) 동기의 착오가 법률행위 내용의 중요 부분에 관한 착오라는 이유로 표의자가 법률행위를 취소하려면 우선 그 동기를 당해 의사표시의 내용으로 삼을 것을 상대방에게 표시하고 의사표시의 해석상 법률행위의 내용으로 되어 있다고 인정되어야 한다(대법원 2008. 2. 1. 선고 2006다71724 판결 참조). 이 사건 계약이 확정분담금 계약이라고 볼 수 없고, 추가분담금이 발생하지 않는다는 것이 이 사건 계약의 내용으로 편입되었다고도 볼 수 없음은 앞서 본 바와 같은바, 이에 대한 원고의 착오는 동기의 착오에 해당한다. 그런데 원고가 추가분담금이 발생하지 않을 것이라는 동기를 피고에게 표시하여 그것이 이 사건 계약의 내용이 되었다고 인정할 증거가 없다. 2) 한편, 착오가 상대방에 의하여 유발되었거나 상대방 측으로부터 제공된 경우에는 동기의 착오라도 중요 부분의 착오로서 취소할 수 있다(대법원 1987. 7. 21. 선고 85다카2339 판결 참조). 그러나 가.항에서 인정한 사정들을 종합하면, 피고가 추가부담금이 발생하지 않을 것이라는 원고의 착오를 유발하였다고 인정하기에 부족하고, 달리 이를",사업규모는 사업진행 및 인·허가 과정 또는 측량결과에 따라 다소 변동될 수 있음,미검수
법제처 OPEN API/prec,241081,2023다202228,임대차보증금반환,https://www.law.go.kr/DRF/lawService.do?OC=test&target=prec&ID=241081&type=HTML,(조 번호 미표기),(판단 불명확),판단 불명확,,,,"대하였다(이하 ‘2차 임대차계약’이라 한다). 라. 원고는 2017. 2. 20. 소외인과 사이에, 2차 임대차보증금반환채권에 관하여 담보한도액 2억 1,600만 원의 근질권설정계약(이하 ‘2차 근질권설정계약’이라 한다)을 체결하였는데, 위 근질권설정계약 제2조 제2항은 임대차계약의 기간연장, 갱신을 한 때에는 그 위에도 근질권의 효력이 미친다(이하 ‘이 사건 조항’이라 한다)고 규정하고 있다. 마. 피고는 2017. 2. 20. 2차 근질권설정계약을 이의 없이 승낙하면서 원고로부터 ‘질권설정승낙서 및 임차보증금반환확약서’를 받아 서명 후 원고에게 교부하였는데, 위 서류 말미에는 ""자동연장특약: 임대차계약이 만료되어 동일한 임대인과 임차인이 위 기재된 임대차내역과 동일한 임차조건으로 재계약(갱신)이 된 경우 해당 질권설정에 대한 승낙내용은 재계약된 임차기간에 동일하게 적용됩니다.""라는 문구가 부동문자로 기재되어 있다(이하 ‘이 사건 특약’이라 한다). 바. 원고는 2019. 1. 22. 소외인의 통지대리인으로 피고에게, 소외인의 피고에 대한 임대차보증금반환채권(보증금 2억 5,000만 원, 임차기간 2015. 2. 17.부터 2020. 2. 17.까지)에 원고의 질권이 설정되어 있다는 내용의 질권설정통지서를 보냈고, 2019. 1. 25. 위 통지서가 피고에게 도달하였다. 사. 원고는 2019. 2. 13. 소외인과 사이에, 소외인의 피고에 대한 임대차보증금반환채권에 관하여 담보한도액 2억 1,600만 원의 근질권설정계약서(이하 ‘3차 근질권설정계약’이라 한다)를 작성하였는데, 위 계약서의 임대조건 중 임차기간은 공란으로 되어 있었고, 피고가 별도로 위 근질권설정에 승낙한 바는 없다. 아. 피고는 2019. 6. 2. 임대차계약 합의해지로 소외인에게 2019. 8. 30.까지 보증금 2억 5,000만 원을 반환하였다. 2. 원심의 판단 원심은 그 판시와 같은 이유로, 이 사건 조항 및 특약은 「약관의 규제에 관한 법률」(이하 ‘약관법’이라 한다) 제9조 제6호에 의하여 무효이고, 원고는 피고에 대한 통지 및 승낙이 없는 3차 근질권설정계약으로 피고에게 대항할 수 없으므로, 피고에게 근질권설정계약에 따른 보증금의 반환을 청구할 수 없다고 판단하였다. 3. 대법원의 판단 그러나 원심의 위와 같은 판단은 다음과 같은 이유로 그대로 수긍하기 어렵다. 가. 원고와 소외인 사이의 2차 근질권설정계약이 유효하게 성립하였고 피고가 이를 승낙한 이상 2차 임대차계약의 기간만료로 임대차보증금반환채권의 변제기가 도래한 것이고, 원고가 사전 동의한 임대차계약의 기간연장 또는 갱신으로 그 변제기가 연장될 뿐 2차 근질권설정계약이 효력을 상실하지 않으므로, 이 사건 조항 및 특약의 존부와 무관하게, 원고는 사전동의한 기간만료 후 근질권을 실행하여 피고에게 그 피담보채권액 상당의 임대차보증금의 반환을 구할 수 있다. 나. 그뿐만 아니라 약관법 제9조는 ""계약의 해제·해지에 관하여 정하고 있는 약관의 내용 중 다음 각호의 어느 하나에 해당되는 내용을 정하고 있는 조항은 무효로 한다.""라고 규정하고, 같은 조 제6호는 ""계속적인 채권관계의 발생을 목적으로 하는 계약에서 그 존속기간을 부당하게 단기 또는 장기로 하거나 묵시적인 기간의 연장 또는 갱신이 가능하도록 정하여 고객에게 부당하게 불이익을 줄 우려가 있는 조항""을 들고 있다. 소외인의 특정대출금 및 그 이자채무에 관한 근질권설정계약 또는 그에 대한 피고의 원고에 대한 승낙은 계속적 채권관계의 발생을 목적으로 하는 계약으로 보기 어려우므로, 이 사건 조항 및 특약이 약관법 제9조 제6호의 적용대상이 된다고 볼 수 없다. 다. 근질권설정계약이 유효하게 성립한 후 임대차계약이 기간연장 또는 갱신된 경우 기존 임대차보증금반환채권에 근질권의 효력이 미치",라 한다)고 규정하고 있다. 마. 피고는 2017. 2. 20. 2차 근질권설정계약을 이의 없이 승낙하면서 원고로부터,미검수
법제처 OPEN API/prec,241081,2023다202228,임대차보증금반환,https://www.law.go.kr/DRF/lawService.do?OC=test&target=prec&ID=241081&type=HTML,(조 번호 미표기),위험,판례 문맥 추론 · 단일 신호,위험,,,"원고로부터 ‘질권설정승낙서 및 임차보증금반환확약서’를 받아 서명 후 원고에게 교부하였는데, 위 서류 말미에는 ""자동연장특약: 임대차계약이 만료되어 동일한 임대인과 임차인이 위 기재된 임대차내역과 동일한 임차조건으로 재계약(갱신)이 된 경우 해당 질권설정에 대한 승낙내용은 재계약된 임차기간에 동일하게 적용됩니다.""라는 문구가 부동문자로 기재되어 있다(이하 ‘이 사건 특약’이라 한다). 바. 원고는 2019. 1. 22. 소외인의 통지대리인으로 피고에게, 소외인의 피고에 대한 임대차보증금반환채권(보증금 2억 5,000만 원, 임차기간 2015. 2. 17.부터 2020. 2. 17.까지)에 원고의 질권이 설정되어 있다는 내용의 질권설정통지서를 보냈고, 2019. 1. 25. 위 통지서가 피고에게 도달하였다. 사. 원고는 2019. 2. 13. 소외인과 사이에, 소외인의 피고에 대한 임대차보증금반환채권에 관하여 담보한도액 2억 1,600만 원의 근질권설정계약서(이하 ‘3차 근질권설정계약’이라 한다)를 작성하였는데, 위 계약서의 임대조건 중 임차기간은 공란으로 되어 있었고, 피고가 별도로 위 근질권설정에 승낙한 바는 없다. 아. 피고는 2019. 6. 2. 임대차계약 합의해지로 소외인에게 2019. 8. 30.까지 보증금 2억 5,000만 원을 반환하였다. 2. 원심의 판단 원심은 그 판시와 같은 이유로, 이 사건 조항 및 특약은 「약관의 규제에 관한 법률」(이하 ‘약관법’이라 한다) 제9조 제6호에 의하여 무효이고, 원고는 피고에 대한 통지 및 승낙이 없는 3차 근질권설정계약으로 피고에게 대항할 수 없으므로, 피고에게 근질권설정계약에 따른 보증금의 반환을 청구할 수 없다고 판단하였다. 3. 대법원의 판단 그러나 원심의 위와 같은 판단은 다음과 같은 이유로 그대로 수긍하기 어렵다. 가. 원고와 소외인 사이의 2차 근질권설정계약이 유효하게 성립하였고 피고가 이를 승낙한 이상 2차 임대차계약의 기간만료로 임대차보증금반환채권의 변제기가 도래한 것이고, 원고가 사전 동의한 임대차계약의 기간연장 또는 갱신으로 그 변제기가 연장될 뿐 2차 근질권설정계약이 효력을 상실하지 않으므로, 이 사건 조항 및 특약의 존부와 무관하게, 원고는 사전동의한 기간만료 후 근질권을 실행하여 피고에게 그 피담보채권액 상당의 임대차보증금의 반환을 구할 수 있다. 나. 그뿐만 아니라 약관법 제9조는 ""계약의 해제·해지에 관하여 정하고 있는 약관의 내용 중 다음 각호의 어느 하나에 해당되는 내용을 정하고 있는 조항은 무효로 한다.""라고 규정하고, 같은 조 제6호는 ""계속적인 채권관계의 발생을 목적으로 하는 계약에서 그 존속기간을 부당하게 단기 또는 장기로 하거나 묵시적인 기간의 연장 또는 갱신이 가능하도록 정하여 고객에게 부당하게 불이익을 줄 우려가 있는 조항""을 들고 있다. 소외인의 특정대출금 및 그 이자채무에 관한 근질권설정계약 또는 그에 대한 피고의 원고에 대한 승낙은 계속적 채권관계의 발생을 목적으로 하는 계약으로 보기 어려우므로, 이 사건 조항 및 특약이 약관법 제9조 제6호의 적용대상이 된다고 볼 수 없다. 다. 근질권설정계약이 유효하게 성립한 후 임대차계약이 기간연장 또는 갱신된 경우 기존 임대차보증금반환채권에 근질권의 효력이 미치는 데 계약당사자의 추가적 합의나 제3채무자의 동의나 승낙이 필요하다고 볼 수 없어, 이 사건 조항 및 특약으로 피고의 제3채무자로서의 지위가 불리하게 변경된다고 볼 수도 없으므로 이를 고객에게 부당하게 불이익을 줄 우려가 있는 조항으로 볼 수도 없다. 그런데도 원심은 이 사건 조항 및 특약이 약관법에 따라 무효라고 보았을 뿐 아니라 3차 근질권설정계약에 유효한 통지나 승낙이 없다는 이유로 원고가 피고에게 근질권설정계약에 따른 보증금의 반환을 구할 수 없다고 판단하였다. 원심의 판단에는 근질권설정계약의 효력이 미치는 범위, 약관법 제9조 제6호에 관한 법리 등을 오해하여 판결에 영향을 미친 잘못이 있다. 4. 그러므로 원심판결을 파기하고, 사건을 다시 심리·판단하게 하도록 원심법원에 환송하기로 하여, 관여 대법관의 일치","라 한다). 바. 원고는 2019. 1. 22. 소외인의 통지대리인으로 피고에게, 소외인의 피고에 대한 임대차보증금반환채권(보증금 2억 5,000만 원, 임차기간 2015. 2. 17.부터 2020. 2. 17.까지)에 원고의 질권이 설정되어 있다는 내용의 질권설정통지서를 보냈고, 2019. 1. 25. 위 통지서가 피고에게 도달하였다. 사. 원고는 2019. 2. 13. 소외인과 사이에, 소외인의 피고에 대한 임대차보증금반환채권에 관하여 담보한도액 2억 1,600만 원의 근질권설정계약서(이하",미검수
법제처 OPEN API/prec,241081,2023다202228,임대차보증금반환,https://www.law.go.kr/DRF/lawService.do?OC=test&target=prec&ID=241081&type=HTML,(조 번호 미표기),위험,판례 문맥 추론 · 단일 신호,위험,,," 같은 판단은 다음과 같은 이유로 그대로 수긍하기 어렵다. 가. 원고와 소외인 사이의 2차 근질권설정계약이 유효하게 성립하였고 피고가 이를 승낙한 이상 2차 임대차계약의 기간만료로 임대차보증금반환채권의 변제기가 도래한 것이고, 원고가 사전 동의한 임대차계약의 기간연장 또는 갱신으로 그 변제기가 연장될 뿐 2차 근질권설정계약이 효력을 상실하지 않으므로, 이 사건 조항 및 특약의 존부와 무관하게, 원고는 사전동의한 기간만료 후 근질권을 실행하여 피고에게 그 피담보채권액 상당의 임대차보증금의 반환을 구할 수 있다. 나. 그뿐만 아니라 약관법 제9조는 ""계약의 해제·해지에 관하여 정하고 있는 약관의 내용 중 다음 각호의 어느 하나에 해당되는 내용을 정하고 있는 조항은 무효로 한다.""라고 규정하고, 같은 조 제6호는 ""계속적인 채권관계의 발생을 목적으로 하는 계약에서 그 존속기간을 부당하게 단기 또는 장기로 하거나 묵시적인 기간의 연장 또는 갱신이 가능하도록 정하여 고객에게 부당하게 불이익을 줄 우려가 있는 조항""을 들고 있다. 소외인의 특정대출금 및 그 이자채무에 관한 근질권설정계약 또는 그에 대한 피고의 원고에 대한 승낙은 계속적 채권관계의 발생을 목적으로 하는 계약으로 보기 어려우므로, 이 사건 조항 및 특약이 약관법 제9조 제6호의 적용대상이 된다고 볼 수 없다. 다. 근질권설정계약이 유효하게 성립한 후 임대차계약이 기간연장 또는 갱신된 경우 기존 임대차보증금반환채권에 근질권의 효력이 미치는 데 계약당사자의 추가적 합의나 제3채무자의 동의나 승낙이 필요하다고 볼 수 없어, 이 사건 조항 및 특약으로 피고의 제3채무자로서의 지위가 불리하게 변경된다고 볼 수도 없으므로 이를 고객에게 부당하게 불이익을 줄 우려가 있는 조항으로 볼 수도 없다. 그런데도 원심은 이 사건 조항 및 특약이 약관법에 따라 무효라고 보았을 뿐 아니라 3차 근질권설정계약에 유효한 통지나 승낙이 없다는 이유로 원고가 피고에게 근질권설정계약에 따른 보증금의 반환을 구할 수 없다고 판단하였다. 원심의 판단에는 근질권설정계약의 효력이 미치는 범위, 약관법 제9조 제6호에 관한 법리 등을 오해하여 판결에 영향을 미친 잘못이 있다. 4. 그러므로 원심판결을 파기하고, 사건을 다시 심리·판단하게 하도록 원심법원에 환송하기로 하여, 관여 대법관의 일치된 의견으로 주문과 같이 판결한다. 대법관 오경미(재판장) 김선수(주심) 노태악 서경환 ]]>","및 특약의 존부와 무관하게, 원고는 사전동의한 기간만료 후 근질권을 실행하여 피고에게 그 피담보채권액 상당의 임대차보증금의 반환을 구할 수 있다. 나. 그뿐만 아니라 약관법 제9조는 ""계약의 해제·해지에 관하여 정하고 있는 약관의 내용 중 다음 각호의 어느 하나에 해당되는 내용을 정하고 있는 조항은 무효로 한다.",미검수
법제처 OPEN API/prec,605565,2023나2008554,손해배상(기)등·손해배상(기),https://www.law.go.kr/DRF/lawService.do?OC=test&target=prec&ID=605565&type=HTML,(조 번호 미표기),(판단 불명확),판단 불명확,,,,"계좌(계좌번호 5 생략)를 개설하여 주었다(이하 이 사건 펀드에 대하여 설정된 계좌를 포함하여 ‘이 사건 계좌’라 한다). 피고 △△△자산운용은 자기의 고유재산으로 해외 장내파생상품을 거래하기 위하여 위 계좌를 개설하였다. 3) 원고는 이 사건 계좌를 개설하면서 피고 △△△자산운용으로부터 직접 또는 이 사건 펀드의 이름으로 해외 파생상품시장거래 총괄계좌 설정약관(갑 제1호증, 이하 ‘이 사건 약관’이라 한다)에 대한 동의를 받았고, 원고가 피고 △△△자산운용에 파생상품 거래에 따르는 위험에 관한 설명을 하고 거래설명서 또는 안내서(을 제11호증, 이하 ‘이 사건 설명서’라 한다)를 교부하였음을 확인받았다. 가) 이 사건 약관은 해외 장내파생상품 거래의 위탁에 관하여 규율하는 약관으로서 그 주요 내용은 아래와 같다. 제2조(용어정의)이 약관에서 사용하는 용어의 정의는 다음 각 호와 같다.4. ""미결제약정""이란 새로운 매수 또는 매도로 보유한 약정을 각각 매도 또는 매수거래로 소멸시키지 않고 계속 보유하고 있는 약정을 말한다.5. ""평가예탁총액""이란 고객의 계좌에 남아 있는 현금, 대용증권의 평가금액 및 미결제약정의 평가금액을 합한 금액을 말한다.제9조(위탁증거금의 예탁)고객은 신규주문을 위탁하는 경우에는 미리 위탁증거금을 예탁하여야 한다. 이 경우 위탁증거금은 〈별첨〉에서 정하는 금액으로 하며 위탁증거금 중 반드시 현금으로 예탁하도록 회사가 요구하는 금액은 현금으로 예탁한다.제10조(위탁증거금의 추가예탁)고객은 평가예탁총액이 회사가 사전에 안내한 유지증거금 수준보다 낮은 경우에는 〈별첨〉에서 정하는 시한 이전에 필요한 증거금 수준 이상의 위탁증거금을 추가로 예탁한다.제11조(위탁증거금 반환)회사는 고객이 예탁한 현금 및 대용증권의 합계액에서 평가손실을 차감한 금액이 증거금 필요액을 초과하는 경우 이를 반환할 수 있다.제14조(위탁증거금 또는 결제대금의 미납 시 처리)① 회사는 다음 각 호의 어느 하나에 해당하는 경우에는 고객에 대한 최고 또는 사전승인 없이 고객의 미결제약정을 반대매매하고 예탁한 대용증권을 처분하여 미납된 위탁증거금 또는 결제대금에 충당한다. 1. 고객이 회사로부터 위탁증거금의 추가예탁 또는 결제대금의 납입 요구를 통보받고도 지정된 기한 내에 이를 이행하지 아니한 경우 2. 회사가 고객의 귀책사유 또는 회사에게 책임이 없는 불가피한 사유로 인하여 위탁증거금의 추가예탁 또는 결제대금의 납입 시한 이전에 고객에게 추가예탁 또는 납입 요구를 하지 못한 경우② 회사는 제1항에도 불구하고 장중에 시세의 급격한 변동 등으로 인하여 고객의 평가위탁총액이 위탁증거금의 20%보다 낮은 경우에는 고객에 대하여 위탁증거금의 추가예탁을 요구하지 아니하고 필요한 수량만큼 고객의 미결제약정을 반대매매하고 예탁한 대용증권을 처분할 수 있다.③ 제1항 또는 제2항에 따른 업무처리에도 불구하고 고객의 위탁증거금 또는 결제대금에 대하여 부족분이 발생하여 회사가 대신 내거나 고객이 회사에 납부하여야 할 수수료를 납부하지 아니한 경우 고객은 회사가 대신 낸 원금 또는 미납수수료에 9.9%의 이자를 합한 금액을 회사에 납부하여야 한다.제27조(관계법규등 준수)고객과 회사는 「자본시장과 금융투자업에 관한 법률」, 같은 법 시행령 및 시행규칙, 금융투자업규정 및 같은 규정 시행세칙, 한국금융투자협회 업무규정 등과 해외파생상품거래와 관련한 해당국가의 법령 또는 해외파생상품거래소, 청산기관, 해외파생상품시장회원, 해외파생상품중개인의 규정 등(이하 ""관계법규등""이라 한다)을 준수한다.〈별첨〉1. 제9조의 ""〈별첨〉에서 정하는"" 금액은 다음과 같다.*해외선물 위탁증거금은 CME,주3) SGX,주4) EUREX,주5) HKEX주6) 등 해외거래소에 정하는 위탁증거금 및 유지증거금을 따르며, 해외거래소의 사정에 따라 수시로 변동될 수 있음.*당사의 경우 홈페이지(웹사이트 주소 생략) 내 위탁증거금","사건 약관’이라 한다)에 대한 동의를 받았고, 원고가 피고 △△△자산운용에 파생상품 거래에 따르는 위험에 관한 설명을 하고 거래설명서 또는 안내서(을 제11호증, 이하",미검수
법제처 OPEN API/prec,605565,2023나2008554,손해배상(기)등·손해배상(기),https://www.law.go.kr/DRF/lawService.do?OC=test&target=prec&ID=605565&type=HTML,제14조,(판단 불명확),판단 불명확,,,,".23,387-92-0.392%2020. 2. 25.22,605-782-3.344%2020. 2. 26.22,426-179-0.792%2020. 2. 27.21,948-478-2.131%2020. 2. 28.21,143-805-3.668% 2) 원고가 피고 △△△자산운용에 교부한 이 사건 설명서에 따르면, 원고는 장중 위험도가 80%에 이르게 되는 경우 이 사건 약관 제14조 제2항에 의한 반대매매를 실시할 수 있다. 위 설명서에는 위험도를 ‘(1- 평가예탁총액/위탁증거금) × 100%’ 또는 ‘(1- 예탁자산평가액/위탁증거금) × 100%’로 계산한다고 기재되어 있다. 3) 2020. 2. 28.자 니케이 지수의 급격한 하락에 의하여 풋옵션의 가격이 올라가자, 피고 △△△자산운용이 개설한 계좌(계좌번호 5 생략)의 위험도는 원고가 계산한 값에 의하면 같은 날 12:33경 10%를 넘어가게 되었다. 위 계좌의 위험도는 도쿄 증권거래소의 주식 시장이 폐장하여 니케이 지수가 고정된 이후에도 상승하여, 같은 날 17:42경 50%를 초과하게 되었고, 2020. 2. 29. 00:02경에는 80%를 돌파하게 되었다. 이 사건 펀드 계좌의 위험도 역시 원고가 계산한 값에 의하면 2020. 2. 28. 14:32경 10%를 넘은 이후 2020. 2. 29. 00:00경 80%를 돌파하였다. 4) 이에 원고는 2020. 2. 29. 0시경부터 야간시장이 폐장하는 같은 날 05:30경까지 이 사건 계좌에 있었던 니케이 풋옵션 전부에 대한 반대매매를 실행하였다(이하 ‘이 사건 반대매매’라 한다). 5) 피고 △△△자산운용과 이 사건 펀드가 이 사건 반대매매가 실행되기 이전인 2020. 2. 28. 이 사건 계좌에 보유하고 있었던 예탁금은 아래 표5.의 ‘예탁금’란 기재 각 예탁금과 같다. 그런데 원고는 2020. 3. 2. (은행명 생략) 런던지점에 이 사건 반대매매를 위한 결제대금으로 같은 표의 ‘결제대금’란 기재 각 돈에 해당하는 금액을 지급하였다. 표5. 이 사건 계좌예탁금결제대금피고 △△△자산운용의 계좌(계좌번호 5 생략)2원345,298,615엔223,765,915엔82,305.03홍콩달러(펀드명 1 생략)394,260,943엔566,178,175엔262,276.83홍콩달러(펀드명 2 생략)245,281,395엔538,393,025엔(펀드명 3 생략)715,785,654엔1,523,858,315엔(펀드명 4 생략)619,669,597엔834,895,315엔 6) 이 사건 펀드에 편입된 신탁재산의 2022. 8. 1.자 가액은 아래 표6.의 ‘신탁재산의 가액’란 기재 각 돈과 같다. 표6. 사모투자신탁명신탁업자신탁재산의 가액(펀드명 1 생략)피고 □□□증권216,903,518원(펀드명 2 생략)185,757,305원(펀드명 3 생략)584,951,498원(펀드명 4 생략)피고 ○○○증권359,261,273원 [인정 근거] 다툼 없는 사실, 갑 제1 내지 7, 10, 11, 25, 41호증(가지번호 있는 것은 각 가지번호 포함, 이하 같다), 을 제3, 11, 14, 19, 22, 23, 27, 28, 30, 31, 33, 45, 59호증의 각 기재, 제1심 법원의 피고 ○○○증권, □□□증권에 대한 각 금융거래정보회신결과, 변론 전체의 취지 2. 당사자들의 주장 요지 가. 본소 1) 미수금 청구 가) 이 사건 약관 제14조 제3항은 원고가 고객의 위탁증거금 또는 결제대금에서 부족한 금액을 대신 부담한 경우, 고객이 원고에게 위 금액 및 이에 대한 지연손해금을 지급하도록 정하고 있다. 나) 이 사건 펀드에 대한 미수금에 관하여 보면, 원고는 이 사건 반대매매를 실행하면서 (은행명 생략) 런던지점에 이 사건 표5.의 ‘결제대금’란 기재 각 돈에 해당하는 결제대금을 지급하였다. 원고는 이 사건 표5",(1- 평가예탁총액/위탁증거금) × 100%,미검수
법제처 OPEN API/prec,605565,2023나2008554,손해배상(기)등·손해배상(기),https://www.law.go.kr/DRF/lawService.do?OC=test&target=prec&ID=605565&type=HTML,제14조,(판단 불명확),판단 불명확,,,,"예탁을 이행하지 아니한 경우’, 같은 법 시행령 제7조 제3항 제5호, 금융투자업규정 제2-32조 제2항 제1호 가목은 ‘투자자가 위탁증거금 또는 결제대금의 추가예탁요구를 통보받고 시한 내에 추가예탁의무를 이행하지 아니한 경우’에 약관에 의하여 권한을 위임받았음을 전제로 반대매매를 실시할 수 있다는 취지로 규정하여 위 각 조항이 마진콜을 전제로 하지 않는 이 사건 약관 제14조 제2항을 정당화한다고 할 수 없다. 한편 금융투자업규정 제2-32조 제2항 제1호 나목은 ‘투자자의 귀책사유 또는 금융투자업자에게 책임이 없는 불가피한 사유로 추가예탁시한 이전에 투자자에게 위탁증거금 또는 결제대금의 추가예탁요구를 하지 못한 경우’라고 규정하고 있기는 하다. 그러나 위 규정은 추가예탁시한의 존재를 전제로 하고 있을 뿐만 아니라 이 사건 약관 제14조 제1항 제2호에서 이미 이와 동일한 내용을 규정하고 있다. 또한 마진콜 없이 반대매매를 할 수 있는 요건으로 이 사건 약관 제14조 제2항이 정한 ‘장중에 시세의 급격한 변동 등으로 인하여 고객의 평가위탁총액이 위탁증거금의 20%보다 낮은 경우’가 투자자의 귀책사유 또는 금융투자업자에게 책임이 없는 불가피한 사유로 마진콜을 할 수 없는 경우에 해당한다고 보기도 어렵다. 따라서 위 규정 역시 이 사건 약관 제14조 제2항을 정당화한다고 할 수 없다. 다) 자본시장법은 투자중개업자의 일임매매를 전면적으로 금지하되 예외적인 경우에 한하여 허용하는 방식으로 이를 규율하고 있으며, 투자자 보호 및 건전한 거래질서 도모라는 위 자본시장법 관계 법령의 입법 목적을 고려하여 볼 때 이 사건 약관 제14조 제2항은 자본시장법에 위반하여 그 효력을 인정할 수 없다. 2) 이 사건 약관 제14조 제2항이 유럽형 옵션에 대하여 적용되지 않는지 여부 설령 이 사건 약관 제14조 제2항이 무효가 아니라고 하더라도, 기초사실, 앞서 든 증거들, 을 제50, 60호증의 각 기재 및 변론 전체의 취지에 의하여 인정할 수 있는 아래와 같은 사실 내지 사정 등을 종합하면, 이 사건 약관 제14조 제2항은 유럽형 옵션인 니케이 풋옵션에 대하여 적용될 수 없다고 봄이 타당하므로, 이 사건 반대매매는 적법한 법률적 근거 없이 실행된 것으로서 위법하다[이 사건 약관 제14조 제2항이 유럽형 옵션인 니케이 풋옵션에 대하여 적용될 수 없다고 판단한 이상, 이 사건 약관 제14조 제2항이 약관법에 위반된다는 피고(반소원고)들의 주장은 살피지 않기로 한다]. ① 이 사건 약관 제14조 제2항의 적용 범위와 관련된 논점들에 대한 증인 소외 1, 소외 2의 견해를 정리하면 아래와 같다. 논점증인 소외 1증인 소외 2일일정산의 의미- 매 거래일마다 보유하고 있는 미결제약정 및 당일에 체결된 모든 거래를 정산가격으로 평가하여 거래소를 통하여 현금 등을 수수하는 행위를 의미- 통상 옵션에 한해서만 실시되며, 선물의 경우 실시되지 않음- 선물, 미국형 옵션의 경우 실시되지만, 유럽형 옵션의 경우 실시되지 않음유럽형 옵션의 만기 전 미수 발생 가능성- 마진콜이 있었음에도 예탁금을 추가로 납부하지 않은 경우에 미수가 발생할 수 있음- 만기 전에 옵션 가격 변동에 의한 미수가 발생할 수 있으며, 이 사건의 경우가 그에 해당하는 실례임- 만기 전에 옵션 가격 변동에 의한 미수 발생 가능성은 없음투자중개업자가 파생상품의 유형에 따라 취급을 달리하여야 하는지 여부- 파생상품마다 손익 구조, 위험성이 다르므로 취급을 달리하여야 함- 정산 시스템이 파생상품의 유형에 따라 달리 적용되기 때문에 취급을 달리하여야 함이 사건 설명서에 기재된 ‘선물’의 의미- 옵션을 포함하는 광의의 의미로 사용됨- 옵션이 아닌, 선물 자체만을 의미함 ② 피고 △△△자산운용이 원고와 이 사건 약관에 따른 이 사건 위탁계약을 체결할 때 원고로부터 이 사건 설명서를 교부받았고, 이 사건 설명서의 표지에는 ""본 위험고지서 및 거래설명서는 『자본시장법과 금융투자에 관한 법률』 및 금융투자업규정에 따라,",정당화한다고 할 수 없다. 한편 금융투자업규정 제2-32조 제2항 제1호 나목은 ‘투자자의 귀책사유 또는 금융투자업자에게 책임이 없는 불가피한 사유로 추가예탁시한 이전에 투자자에게 위탁증거금 또는 결제대금의 추가예탁요구를 하지 못한 경우,미검수
법제처 OPEN API/prec,605565,2023나2008554,손해배상(기)등·손해배상(기),https://www.law.go.kr/DRF/lawService.do?OC=test&target=prec&ID=605565&type=HTML,제14조,(판단 불명확),판단 불명확,,,,"자업자에게 책임이 없는 불가피한 사유로 추가예탁시한 이전에 투자자에게 위탁증거금 또는 결제대금의 추가예탁요구를 하지 못한 경우’라고 규정하고 있기는 하다. 그러나 위 규정은 추가예탁시한의 존재를 전제로 하고 있을 뿐만 아니라 이 사건 약관 제14조 제1항 제2호에서 이미 이와 동일한 내용을 규정하고 있다. 또한 마진콜 없이 반대매매를 할 수 있는 요건으로 이 사건 약관 제14조 제2항이 정한 ‘장중에 시세의 급격한 변동 등으로 인하여 고객의 평가위탁총액이 위탁증거금의 20%보다 낮은 경우’가 투자자의 귀책사유 또는 금융투자업자에게 책임이 없는 불가피한 사유로 마진콜을 할 수 없는 경우에 해당한다고 보기도 어렵다. 따라서 위 규정 역시 이 사건 약관 제14조 제2항을 정당화한다고 할 수 없다. 다) 자본시장법은 투자중개업자의 일임매매를 전면적으로 금지하되 예외적인 경우에 한하여 허용하는 방식으로 이를 규율하고 있으며, 투자자 보호 및 건전한 거래질서 도모라는 위 자본시장법 관계 법령의 입법 목적을 고려하여 볼 때 이 사건 약관 제14조 제2항은 자본시장법에 위반하여 그 효력을 인정할 수 없다. 2) 이 사건 약관 제14조 제2항이 유럽형 옵션에 대하여 적용되지 않는지 여부 설령 이 사건 약관 제14조 제2항이 무효가 아니라고 하더라도, 기초사실, 앞서 든 증거들, 을 제50, 60호증의 각 기재 및 변론 전체의 취지에 의하여 인정할 수 있는 아래와 같은 사실 내지 사정 등을 종합하면, 이 사건 약관 제14조 제2항은 유럽형 옵션인 니케이 풋옵션에 대하여 적용될 수 없다고 봄이 타당하므로, 이 사건 반대매매는 적법한 법률적 근거 없이 실행된 것으로서 위법하다[이 사건 약관 제14조 제2항이 유럽형 옵션인 니케이 풋옵션에 대하여 적용될 수 없다고 판단한 이상, 이 사건 약관 제14조 제2항이 약관법에 위반된다는 피고(반소원고)들의 주장은 살피지 않기로 한다]. ① 이 사건 약관 제14조 제2항의 적용 범위와 관련된 논점들에 대한 증인 소외 1, 소외 2의 견해를 정리하면 아래와 같다. 논점증인 소외 1증인 소외 2일일정산의 의미- 매 거래일마다 보유하고 있는 미결제약정 및 당일에 체결된 모든 거래를 정산가격으로 평가하여 거래소를 통하여 현금 등을 수수하는 행위를 의미- 통상 옵션에 한해서만 실시되며, 선물의 경우 실시되지 않음- 선물, 미국형 옵션의 경우 실시되지만, 유럽형 옵션의 경우 실시되지 않음유럽형 옵션의 만기 전 미수 발생 가능성- 마진콜이 있었음에도 예탁금을 추가로 납부하지 않은 경우에 미수가 발생할 수 있음- 만기 전에 옵션 가격 변동에 의한 미수가 발생할 수 있으며, 이 사건의 경우가 그에 해당하는 실례임- 만기 전에 옵션 가격 변동에 의한 미수 발생 가능성은 없음투자중개업자가 파생상품의 유형에 따라 취급을 달리하여야 하는지 여부- 파생상품마다 손익 구조, 위험성이 다르므로 취급을 달리하여야 함- 정산 시스템이 파생상품의 유형에 따라 달리 적용되기 때문에 취급을 달리하여야 함이 사건 설명서에 기재된 ‘선물’의 의미- 옵션을 포함하는 광의의 의미로 사용됨- 옵션이 아닌, 선물 자체만을 의미함 ② 피고 △△△자산운용이 원고와 이 사건 약관에 따른 이 사건 위탁계약을 체결할 때 원고로부터 이 사건 설명서를 교부받았고, 이 사건 설명서의 표지에는 ""본 위험고지서 및 거래설명서는 『자본시장법과 금융투자에 관한 법률』 및 금융투자업규정에 따라, 귀하가 해외파생상품거래를 시작하기 전에 해외파생상품거래의 위험 등을 설명하기 위하여 금융투자회사가 의무적으로 교부하는 것입니다.""라고, 이 사건 설명서의 목적에 관하여 ""해외파생상품거래를 하려는 고객에게 해외파생상품거래에 대한 일반적인 정보를 제공하고 아울러 고객이 거래를 시작하기 전에 더 많은 정보를 숙지하고 금융투자회사의 파생상품 투자상담사에게 심",장중에 시세의 급격한 변동 등으로 인하여 고객의 평가위탁총액이 위탁증거금의 20%보다 낮은 경우,미검수
법제처 OPEN API/prec,605565,2023나2008554,손해배상(기)등·손해배상(기),https://www.law.go.kr/DRF/lawService.do?OC=test&target=prec&ID=605565&type=HTML,제14조,(판단 불명확),판단 불명확,,,," 적용된다고 하더라도, 기초사실, 앞서 든 증거들, 갑 제20, 21호증, 을 제32, 33호증의 각 기재 및 변론 전체의 취지를 종합하여 인정할 수 있는 아래의 사실 내지 사정 등을 고려하여 보면, 원고는 이 사건 약관 제14조 제2항의 요건이 갖추어지지 않았음에도 이 사건 반대매매를 실시한 것으로 봄이 타당한바, 이 사건 반대매매는 위법하다. (1) 이 사건 약관 제14조 제2항의 요건인 ""장중에 시세의 급격한 변동 등"", ""고객의 평가위탁총액이 위탁증거금의 20%보다 낮은 경우""에 관하여 본다. ① 먼저 ""장중에 시세의 급격한 변동 등""의 의미에 관하여 본다. 옵션의 야간시장 중에는 니케이 지수가 고정되어 있어 지수의 변동이 있을 수 없으므로, 위 문구 중 ‘장중’이 옵션의 정규시장 및 야간시장을 의미한다면, ‘시세의 급격한 변동’은 자연스럽게 니케이 풋옵션 가격의 급격한 변동을 의미하는 것으로 귀결된다. 그렇다면 위 ‘장중’이 옵션의 정규시장 및 야간시장을 의미하는지, 기초자산인 니케이 지수가 집계되는 도쿄 증권거래소 주식시장의 개장시간을 의미하는지 문제된다. 이 사건 약관에서 규율하는 거래는 해외 파생상품의 기초 자산이 아닌 해외 파생상품 자체이며, 오사카 증권거래소는 정규시장뿐만 아니라 야간시장에서도 니케이 풋옵션을 거래할 수 있도록 하고 있다. 또한 이 사건 설명서에 ""특히 야간시간에는 해외선물계좌에 원화 입출금이 불가능하므로 장중 반대매매가 발생하지 않도록 유의하여 주시기 바랍니다.""고 기재하여, 야간시장에도 장중 반대매매가 실행될 수 있음을 원고와 해외 장내파생상품 거래 위탁에 관한 계약을 체결한 투자자들에게 알리고 있다. 뿐만 아니라 이 사건 약관 제14조 제2항은 옵션 가격의 변동에 따른 위탁증거금 또는 결제대금 미납 사태를 미연에 예방하기 위한 목적으로 장중 반대매매를 규정한 것인데, 위 문구를 니케이 지수가 집계되는 도쿄 증권거래소의 주식시장 개장 시간에 니케이 지수가 급격하게 변동하는 경우로 해석한다면, 야간시장에도 옵션 가격이 충분히 등락할 수 있음에도 이에 대응하여 장중 반대매매를 실행할 수 없게 되어 이 사건 약관 제14조 제2항의 취지에 부합하지도 않게 된다. 그렇다면 위 ‘장중’은 옵션의 정규시장 및 야간시장을 의미한다고 할 것이므로, ""장중에 시세의 급격한 변동""은 오사카 증권거래소의 옵션 정규시장 및 야간시장에서 니케이 풋옵션의 가격이 급격하게 변동하는 경우로 해석하여야 한다. ② 다음 ""고객의 평가위탁총액이 위탁증거금의 20%보다 낮은 경우""의 의미에 관하여 본다. 이 사건 설명서는 이 사건 약관 제14조 제2항에서 정한 장중 반대매매에 관한 설명을 부가하면서, 위험도 산정에 관하여 ‘(1- 평가예탁총액/위탁증거금) × 100%’ 또는 ‘(1- 예탁자산평가액/위탁증거금) × 100%’라고 기재하여 위 문구 중 ‘평가위탁총액’이 아닌 ‘평가예탁총액’이라는 단어를 사용하고 있다. 원고는 위험도의 도달 수준에 따라 SMS을 발송하여 위험도를 안내하고 있고, 위험도의 산정 방식 및 위험도가 평가위탁총액이 위탁증거금의 20%보다 낮은지 여부를 측정하는 지표로서 기능하고 있으며, 이 사건 설명서가 앞서 본 바와 같이 이 사건 약관을 구체화하는 기능을 수행하고 있음을 종합하여 보면, 위 문구의 ‘평가위탁총액’은 이 사건 설명서에 기재된 ‘평가예탁총액’ 또는 ‘예탁자산의 평가액’을 의미하는 것으로 이해함이 타당하다. 그런데 원고의 주장에 의하여도 평가예탁총액은 예수금에서 수수료를 공제하고 옵션 매매대금을 더한 값으로 계산되는바, 옵션의 실시간 가격 변동에 따른 평가손실을 반영하지 않으므로 평가위탁총액 또한 이와 같이 이해하는 것이 타당하다. 또한 오사카 증권거래소의 증거금 산정례에 의하더라도, 옵션의 실시간 가격 변동에 따른 평가손익이 평가예탁총액의 산정에 ","장중에 시세의 급격한 변동 등"", ""고객의 평가위탁총액이 위탁증거금의 20%보다 낮은 경우",미검수
법제처 OPEN API/prec,605565,2023나2008554,손해배상(기)등·손해배상(기),https://www.law.go.kr/DRF/lawService.do?OC=test&target=prec&ID=605565&type=HTML,제14조,(판단 불명확),판단 불명확,,,,"은 옵션 가격의 변동에 따른 위탁증거금 또는 결제대금 미납 사태를 미연에 예방하기 위한 목적으로 장중 반대매매를 규정한 것인데, 위 문구를 니케이 지수가 집계되는 도쿄 증권거래소의 주식시장 개장 시간에 니케이 지수가 급격하게 변동하는 경우로 해석한다면, 야간시장에도 옵션 가격이 충분히 등락할 수 있음에도 이에 대응하여 장중 반대매매를 실행할 수 없게 되어 이 사건 약관 제14조 제2항의 취지에 부합하지도 않게 된다. 그렇다면 위 ‘장중’은 옵션의 정규시장 및 야간시장을 의미한다고 할 것이므로, ""장중에 시세의 급격한 변동""은 오사카 증권거래소의 옵션 정규시장 및 야간시장에서 니케이 풋옵션의 가격이 급격하게 변동하는 경우로 해석하여야 한다. ② 다음 ""고객의 평가위탁총액이 위탁증거금의 20%보다 낮은 경우""의 의미에 관하여 본다. 이 사건 설명서는 이 사건 약관 제14조 제2항에서 정한 장중 반대매매에 관한 설명을 부가하면서, 위험도 산정에 관하여 ‘(1- 평가예탁총액/위탁증거금) × 100%’ 또는 ‘(1- 예탁자산평가액/위탁증거금) × 100%’라고 기재하여 위 문구 중 ‘평가위탁총액’이 아닌 ‘평가예탁총액’이라는 단어를 사용하고 있다. 원고는 위험도의 도달 수준에 따라 SMS을 발송하여 위험도를 안내하고 있고, 위험도의 산정 방식 및 위험도가 평가위탁총액이 위탁증거금의 20%보다 낮은지 여부를 측정하는 지표로서 기능하고 있으며, 이 사건 설명서가 앞서 본 바와 같이 이 사건 약관을 구체화하는 기능을 수행하고 있음을 종합하여 보면, 위 문구의 ‘평가위탁총액’은 이 사건 설명서에 기재된 ‘평가예탁총액’ 또는 ‘예탁자산의 평가액’을 의미하는 것으로 이해함이 타당하다. 그런데 원고의 주장에 의하여도 평가예탁총액은 예수금에서 수수료를 공제하고 옵션 매매대금을 더한 값으로 계산되는바, 옵션의 실시간 가격 변동에 따른 평가손실을 반영하지 않으므로 평가위탁총액 또한 이와 같이 이해하는 것이 타당하다. 또한 오사카 증권거래소의 증거금 산정례에 의하더라도, 옵션의 실시간 가격 변동에 따른 평가손익이 평가예탁총액의 산정에 반영되지 않는다. 오사카 증권거래소는, 위탁증거금을 SPAN 증거금액에 옵션가격증거금을 더함으로써 산정하며, 평가예탁총액(오사카 증권거래소는 이를 ‘수입증거금’이라고 부르고 있다)을 ‘대용증권액 + 납입현금 ± 선물거래의 계산상 손익액 ± 선물거래의 미결제손익액 ± 미결제옵션거래대금’으로 산정한다. 옵션가격증거금액은 매도포지션의 처분금액(옵션 매수대금)에서 매수포지션의 처분금액(옵션 매도대금)을 차감하는 방식으로 구하므로, 옵션 가격의 실시간 변동이 위탁증거금의 산정에 반영된다고 볼 수 있다. 그런데 니케이 풋옵션에 대한 평가예탁총액은 사실상 ‘대용증권액 + 납입현금 ± 미결제옵션거래대금’으로 산정되는데, 미결제옵션거래대금은 계약 시점의 옵션 매매대금을 의미하는 것으로 해당 시점에 이미 확정되는 것이므로 옵션 가격의 실시간 변동에 따른 평가손익이 반영될 여지가 없다. 옵션 가격의 실시간 변동에 따른 평가손익이 이미 위탁증거금의 산정에 반영됨에도 이에 더하여 평가위탁총액의 산정에도 위와 같은 평가손익이 반영된다고 한다면, 장중 반대매매의 실행 여부를 판단함에 있어 평가손익이 미치는 영향이 과장될 수밖에 없다. 따라서 이 사건의 경우와 같이 풋옵션의 가격이 급작스레 상승하여 급격한 평가손실을 보게 되는 경우에는 장중 반대매매의 요건 충족이 더욱 쉬워지게 되어 고객인 투자자의 입장에서 더욱 불리할 수밖에 없다. 그렇다면 ""장중에 시세의 급격한 변동""은 옵션의 실시간 가격 변동을 반영하지 않는 평가예탁총액 또는 예탁자산의 평가액이 위탁증거금의 20%보다 낮은 경우로 해석하여야 한다. (2) 이 사건 반대매매가 실행되기 전날인 2020. 2. 28. 니케이 풋옵션의 행사가격별 가격의 추이를 보면 아래 표10.과 같은바, 정규시장부터 풋옵션의 가격이 급격하게 상승하고 있음을 확인할 수 있고 이러한 상승 추세는 야간시장에도 꺾이지 않았는바, ""장중에 시세의 급격한 변동""이 이 사건 반대매매를 실행할 무렵에 있었음을 인정할 수","면 위 ‘장중’은 옵션의 정규시장 및 야간시장을 의미한다고 할 것이므로, ""장중에 시세의 급격한 변동""은 오사카 증권거래소의 옵션 정규시장 및 야간시장에서 니케이 풋옵션의 가격이 급격하게 변동하는 경우로 해석하여야 한다. ② 다음 ""고객의 평가위탁총액이 위탁증거금의 20%보다 낮은 경우""의 의미에 관하여 본다. 이 사건 설명서는 이 사건 약관 제14조 제2항에서 정한 장중 반대매매에 관한 설명을 부가하면서, 위험도 산정에 관하여 ‘(1- 평가예탁총액/위탁증거금) × 100%’ 또는 ‘(1- 예탁자산평가액/위탁증거금) × 100%",미검수
법제처 OPEN API/prec,605565,2023나2008554,손해배상(기)등·손해배상(기),https://www.law.go.kr/DRF/lawService.do?OC=test&target=prec&ID=605565&type=HTML,(조 번호 미표기),(판단 불명확),판단 불명확,,,,"액/위탁증거금) × 100%’라고 기재하여 위 문구 중 ‘평가위탁총액’이 아닌 ‘평가예탁총액’이라는 단어를 사용하고 있다. 원고는 위험도의 도달 수준에 따라 SMS을 발송하여 위험도를 안내하고 있고, 위험도의 산정 방식 및 위험도가 평가위탁총액이 위탁증거금의 20%보다 낮은지 여부를 측정하는 지표로서 기능하고 있으며, 이 사건 설명서가 앞서 본 바와 같이 이 사건 약관을 구체화하는 기능을 수행하고 있음을 종합하여 보면, 위 문구의 ‘평가위탁총액’은 이 사건 설명서에 기재된 ‘평가예탁총액’ 또는 ‘예탁자산의 평가액’을 의미하는 것으로 이해함이 타당하다. 그런데 원고의 주장에 의하여도 평가예탁총액은 예수금에서 수수료를 공제하고 옵션 매매대금을 더한 값으로 계산되는바, 옵션의 실시간 가격 변동에 따른 평가손실을 반영하지 않으므로 평가위탁총액 또한 이와 같이 이해하는 것이 타당하다. 또한 오사카 증권거래소의 증거금 산정례에 의하더라도, 옵션의 실시간 가격 변동에 따른 평가손익이 평가예탁총액의 산정에 반영되지 않는다. 오사카 증권거래소는, 위탁증거금을 SPAN 증거금액에 옵션가격증거금을 더함으로써 산정하며, 평가예탁총액(오사카 증권거래소는 이를 ‘수입증거금’이라고 부르고 있다)을 ‘대용증권액 + 납입현금 ± 선물거래의 계산상 손익액 ± 선물거래의 미결제손익액 ± 미결제옵션거래대금’으로 산정한다. 옵션가격증거금액은 매도포지션의 처분금액(옵션 매수대금)에서 매수포지션의 처분금액(옵션 매도대금)을 차감하는 방식으로 구하므로, 옵션 가격의 실시간 변동이 위탁증거금의 산정에 반영된다고 볼 수 있다. 그런데 니케이 풋옵션에 대한 평가예탁총액은 사실상 ‘대용증권액 + 납입현금 ± 미결제옵션거래대금’으로 산정되는데, 미결제옵션거래대금은 계약 시점의 옵션 매매대금을 의미하는 것으로 해당 시점에 이미 확정되는 것이므로 옵션 가격의 실시간 변동에 따른 평가손익이 반영될 여지가 없다. 옵션 가격의 실시간 변동에 따른 평가손익이 이미 위탁증거금의 산정에 반영됨에도 이에 더하여 평가위탁총액의 산정에도 위와 같은 평가손익이 반영된다고 한다면, 장중 반대매매의 실행 여부를 판단함에 있어 평가손익이 미치는 영향이 과장될 수밖에 없다. 따라서 이 사건의 경우와 같이 풋옵션의 가격이 급작스레 상승하여 급격한 평가손실을 보게 되는 경우에는 장중 반대매매의 요건 충족이 더욱 쉬워지게 되어 고객인 투자자의 입장에서 더욱 불리할 수밖에 없다. 그렇다면 ""장중에 시세의 급격한 변동""은 옵션의 실시간 가격 변동을 반영하지 않는 평가예탁총액 또는 예탁자산의 평가액이 위탁증거금의 20%보다 낮은 경우로 해석하여야 한다. (2) 이 사건 반대매매가 실행되기 전날인 2020. 2. 28. 니케이 풋옵션의 행사가격별 가격의 추이를 보면 아래 표10.과 같은바, 정규시장부터 풋옵션의 가격이 급격하게 상승하고 있음을 확인할 수 있고 이러한 상승 추세는 야간시장에도 꺾이지 않았는바, ""장중에 시세의 급격한 변동""이 이 사건 반대매매를 실행할 무렵에 있었음을 인정할 수 있다. 표10. 시간대행사가격 16,000(단위: point)행사가격 17,000(단위: point)행사가격 18,000(단위: point)행사가격 19,000(단위: point)2020. 2. 28. 09:00722541202020. 2. 28. 13:0050791352402020. 2. 28. 18:0059951652802020. 2. 28. 24:0075130215360 그러나 이 사건 반대매매를 실행할 무렵 평가위탁총액과 위탁증거금을 비교하면 아래 표11.과 같은바, 평가위탁총액이 위탁증거금의 20%를 하회한다고 할 수 없으므로 이 사건 반대매매는 이 부분 요건을 갖추지 못한 상태에서 실행되었다. 표11. 이 사건 계좌피고 △△△자산 운용계좌(펀드명 1 생략)(펀드명 2 ",평가위탁총액’은 이 사건 설명서에 기재된,미검수
법제처 OPEN API/prec,237881,2020다232709,채무부존재확인·보험금,https://www.law.go.kr/DRF/lawService.do?OC=test&target=prec&ID=237881&type=HTML,(조 번호 미표기),위험,판례 문맥 추론 · 단일 신호,위험,,," 【이 유】 상고이유를 판단한다. 1. 원심판결 이유와 기록에 의하면 다음과 같은 사실을 알 수 있다. 가. 망 소외인(이하 ‘망인’이라고 한다)은 2014. 3. 26. 원고(반소피고, 이하 ‘원고’라고 한다)와 신(新)장기간병요양진단비를 보험금으로 지급하는 내용의 원심 판시 이 사건 보험계약을 체결하고 그 무렵 원고에게 보험료를 지급하였다. 나. 이 사건 보험계약에 편입된 보통약관(이하 ‘이 사건 보통약관’이라고 한다)은 계약의 소멸과 보험금 지급사유에 관하여 다음과 같이 정하고 있고, 이 사건 보험계약에 편입된 특별약관(이하 ‘이 사건 보통약관’과 함께 ‘이 사건 보험약관’이라고 한다)도 보험금 지급사유에 관하여 동일한 취지로 규정하고 있다. 1) 피보험자가 보험기간 중 사망할 경우 이 사건 보험계약은 소멸한다(제7조 제1항). 2) 신장기간병요양진단비(1, 2, 3등급) 보험금은 피보험자가 ‘보험기간 중 노인장기요양보험 수급대상으로 인정되었을 경우’ 지급한다(제16조 제1항). ‘노인장기요양보험 수급대상으로 인정되었을 경우’라 함은 ‘국민건강보험공단 등급판정위원회에 의하여 1등급, 2등급 또는 3등급의 장기요양등급을 판정받은 경우’를 말한다(제16조 제2항). 다. 망인은 2017. 6. 1. 국민건강보험공단에 장기요양인정을 신청하였다. 국민건강보험공단은 2017. 6. 8. 망인이 입원해 있던 병원에 방문하여 실사를 한 후 2017. 6. 21. 망인에 대한 장기요양등급을 1등급으로 판정하였다. 라. 망인은 2017. 6. 8. 23:25경 사망하였다. 피고(반소원고, 이하 ‘피고’라고 한다)는 망인의 배우자로서 상속인 중 한 사람이다. 2. 원심은 제1심판결 이유를 인용하여, 이 사건 보험계약에서 정한 ‘보험기간 중 보험사고(등급판정)의 발생’은 장기요양등급 판정의 원인이 되는 사실로서 피보험자의 건강상태가 장기요양을 필요로 하는 정도임이 확인되면 충분하고, 장기요양등급 판정일이 보험계약의 효력이 소멸한 피보험자의 사망 후라도 달리 볼 수 없다고 판단하였다. 3. 그러나 원심의 판단은 다음과 같은 이유로 수긍하기 어렵다. 가. 보험계약의 주요한 부분인 보험사고나 보험금액의 확정절차는 보험증권이나 약관에 기재된 내용에 의해 결정되는 것이 보통이고, 보험증권이나 약관의 내용이 명확하지 않은 경우에는 이에 더하여 당사자가 보험계약을 체결하게 된 경위와 과정, 동일한 종류의 보험계약에 관한 보험회사의 실무처리 관행 등 여러 사정을 참작하여 결정하여야 한다(대법원 2008. 11. 13. 선고 2007다19624 판결, 대법원 2014. 6. 12. 선고 2013다208661 판결 참조). 한편 보험약관은 신의성실의 원칙에 따라 당해 약관의 목적과 취지를 고려하여 공정하고 합리적으로 해석하되, 개개의 계약당사자가 기도한 목적이나 의사를 참작함이 없이 평균적 고객의 이해가능성을 기준으로 보험단체 전체의 이해관계를 고려하여 객관적·획일적으로 해석하여야 한다(대법원 2010. 11. 25. 선고 2010다45777 판결, 대법원 2020. 10. 15. 선고 2020다234538, 234545 판결 등 참조). 보험약관이 비록 보험자가 다수의 보험계약자와 계약을 체결하기 위하여 일방적으로 마련한 것이라고 하더라도, 그 보험약관의 내용 등이 보험계약자의 정당한 이익과 합리적인 기대에 반할 뿐 아니라 사적자치의 한계를 벗어나는 등 무효라고 볼 만한 사정이 없다면, 법원이 이를 함부로 배척하거나 보험약관 내용을 그 목적과 취지 등과 달리 개별 사건마다 임의로 해석하여서는 안 된다. 나. 앞서 본 사실관계에서 알 수 있는 아래의 사정을 이러한 법리에 비추어 살펴보면, 이 사건 보험계약이 정한 보험금 지급사유로서 ‘피보험자가 보험기간 중 노인장기요양보험 수급대상으로 인정되었을 경우’란 특별한 사정이 없는 한 ‘피보험자가 보험기간 중 국민건","사건 보통약관’이라고 한다)은 계약의 소멸과 보험금 지급사유에 관하여 다음과 같이 정하고 있고, 이 사건 보험계약에 편입된 특별약관(이하",미검수
법제처 OPEN API/prec,237881,2020다232709,채무부존재확인·보험금,https://www.law.go.kr/DRF/lawService.do?OC=test&target=prec&ID=237881&type=HTML,(조 번호 미표기),위험,판례 문맥 추론 · 단일 신호,위험,,,"고, 이하 ‘원고’라고 한다)와 신(新)장기간병요양진단비를 보험금으로 지급하는 내용의 원심 판시 이 사건 보험계약을 체결하고 그 무렵 원고에게 보험료를 지급하였다. 나. 이 사건 보험계약에 편입된 보통약관(이하 ‘이 사건 보통약관’이라고 한다)은 계약의 소멸과 보험금 지급사유에 관하여 다음과 같이 정하고 있고, 이 사건 보험계약에 편입된 특별약관(이하 ‘이 사건 보통약관’과 함께 ‘이 사건 보험약관’이라고 한다)도 보험금 지급사유에 관하여 동일한 취지로 규정하고 있다. 1) 피보험자가 보험기간 중 사망할 경우 이 사건 보험계약은 소멸한다(제7조 제1항). 2) 신장기간병요양진단비(1, 2, 3등급) 보험금은 피보험자가 ‘보험기간 중 노인장기요양보험 수급대상으로 인정되었을 경우’ 지급한다(제16조 제1항). ‘노인장기요양보험 수급대상으로 인정되었을 경우’라 함은 ‘국민건강보험공단 등급판정위원회에 의하여 1등급, 2등급 또는 3등급의 장기요양등급을 판정받은 경우’를 말한다(제16조 제2항). 다. 망인은 2017. 6. 1. 국민건강보험공단에 장기요양인정을 신청하였다. 국민건강보험공단은 2017. 6. 8. 망인이 입원해 있던 병원에 방문하여 실사를 한 후 2017. 6. 21. 망인에 대한 장기요양등급을 1등급으로 판정하였다. 라. 망인은 2017. 6. 8. 23:25경 사망하였다. 피고(반소원고, 이하 ‘피고’라고 한다)는 망인의 배우자로서 상속인 중 한 사람이다. 2. 원심은 제1심판결 이유를 인용하여, 이 사건 보험계약에서 정한 ‘보험기간 중 보험사고(등급판정)의 발생’은 장기요양등급 판정의 원인이 되는 사실로서 피보험자의 건강상태가 장기요양을 필요로 하는 정도임이 확인되면 충분하고, 장기요양등급 판정일이 보험계약의 효력이 소멸한 피보험자의 사망 후라도 달리 볼 수 없다고 판단하였다. 3. 그러나 원심의 판단은 다음과 같은 이유로 수긍하기 어렵다. 가. 보험계약의 주요한 부분인 보험사고나 보험금액의 확정절차는 보험증권이나 약관에 기재된 내용에 의해 결정되는 것이 보통이고, 보험증권이나 약관의 내용이 명확하지 않은 경우에는 이에 더하여 당사자가 보험계약을 체결하게 된 경위와 과정, 동일한 종류의 보험계약에 관한 보험회사의 실무처리 관행 등 여러 사정을 참작하여 결정하여야 한다(대법원 2008. 11. 13. 선고 2007다19624 판결, 대법원 2014. 6. 12. 선고 2013다208661 판결 참조). 한편 보험약관은 신의성실의 원칙에 따라 당해 약관의 목적과 취지를 고려하여 공정하고 합리적으로 해석하되, 개개의 계약당사자가 기도한 목적이나 의사를 참작함이 없이 평균적 고객의 이해가능성을 기준으로 보험단체 전체의 이해관계를 고려하여 객관적·획일적으로 해석하여야 한다(대법원 2010. 11. 25. 선고 2010다45777 판결, 대법원 2020. 10. 15. 선고 2020다234538, 234545 판결 등 참조). 보험약관이 비록 보험자가 다수의 보험계약자와 계약을 체결하기 위하여 일방적으로 마련한 것이라고 하더라도, 그 보험약관의 내용 등이 보험계약자의 정당한 이익과 합리적인 기대에 반할 뿐 아니라 사적자치의 한계를 벗어나는 등 무효라고 볼 만한 사정이 없다면, 법원이 이를 함부로 배척하거나 보험약관 내용을 그 목적과 취지 등과 달리 개별 사건마다 임의로 해석하여서는 안 된다. 나. 앞서 본 사실관계에서 알 수 있는 아래의 사정을 이러한 법리에 비추어 살펴보면, 이 사건 보험계약이 정한 보험금 지급사유로서 ‘피보험자가 보험기간 중 노인장기요양보험 수급대상으로 인정되었을 경우’란 특별한 사정이 없는 한 ‘피보험자가 보험기간 중 국민건강보험공단 등급판정위원회에 의하여 장기요양등급을 판정받은 경우’를 말하고, 피보험자가 노인장기요양보험 수급대상에 해당할 정도의 심신상태임이 확인되었다고 하더라도 장기요양등급 판정을 받지 않은 상태에서 보험계약이 소멸하였다면 보험기간 중 보험금 지급사유가 발생하였다고 볼 수 없","과 함께 ‘이 사건 보험약관’이라고 한다)도 보험금 지급사유에 관하여 동일한 취지로 규정하고 있다. 1) 피보험자가 보험기간 중 사망할 경우 이 사건 보험계약은 소멸한다(제7조 제1항). 2) 신장기간병요양진단비(1, 2, 3등급) 보험금은 피보험자가",미검수
법제처 OPEN API/prec,237881,2020다232709,채무부존재확인·보험금,https://www.law.go.kr/DRF/lawService.do?OC=test&target=prec&ID=237881&type=HTML,(조 번호 미표기),위험,판례 문맥 추론 · 단일 신호,위험,,,"다. 국민건강보험공단은 2017. 6. 8. 망인이 입원해 있던 병원에 방문하여 실사를 한 후 2017. 6. 21. 망인에 대한 장기요양등급을 1등급으로 판정하였다. 라. 망인은 2017. 6. 8. 23:25경 사망하였다. 피고(반소원고, 이하 ‘피고’라고 한다)는 망인의 배우자로서 상속인 중 한 사람이다. 2. 원심은 제1심판결 이유를 인용하여, 이 사건 보험계약에서 정한 ‘보험기간 중 보험사고(등급판정)의 발생’은 장기요양등급 판정의 원인이 되는 사실로서 피보험자의 건강상태가 장기요양을 필요로 하는 정도임이 확인되면 충분하고, 장기요양등급 판정일이 보험계약의 효력이 소멸한 피보험자의 사망 후라도 달리 볼 수 없다고 판단하였다. 3. 그러나 원심의 판단은 다음과 같은 이유로 수긍하기 어렵다. 가. 보험계약의 주요한 부분인 보험사고나 보험금액의 확정절차는 보험증권이나 약관에 기재된 내용에 의해 결정되는 것이 보통이고, 보험증권이나 약관의 내용이 명확하지 않은 경우에는 이에 더하여 당사자가 보험계약을 체결하게 된 경위와 과정, 동일한 종류의 보험계약에 관한 보험회사의 실무처리 관행 등 여러 사정을 참작하여 결정하여야 한다(대법원 2008. 11. 13. 선고 2007다19624 판결, 대법원 2014. 6. 12. 선고 2013다208661 판결 참조). 한편 보험약관은 신의성실의 원칙에 따라 당해 약관의 목적과 취지를 고려하여 공정하고 합리적으로 해석하되, 개개의 계약당사자가 기도한 목적이나 의사를 참작함이 없이 평균적 고객의 이해가능성을 기준으로 보험단체 전체의 이해관계를 고려하여 객관적·획일적으로 해석하여야 한다(대법원 2010. 11. 25. 선고 2010다45777 판결, 대법원 2020. 10. 15. 선고 2020다234538, 234545 판결 등 참조). 보험약관이 비록 보험자가 다수의 보험계약자와 계약을 체결하기 위하여 일방적으로 마련한 것이라고 하더라도, 그 보험약관의 내용 등이 보험계약자의 정당한 이익과 합리적인 기대에 반할 뿐 아니라 사적자치의 한계를 벗어나는 등 무효라고 볼 만한 사정이 없다면, 법원이 이를 함부로 배척하거나 보험약관 내용을 그 목적과 취지 등과 달리 개별 사건마다 임의로 해석하여서는 안 된다. 나. 앞서 본 사실관계에서 알 수 있는 아래의 사정을 이러한 법리에 비추어 살펴보면, 이 사건 보험계약이 정한 보험금 지급사유로서 ‘피보험자가 보험기간 중 노인장기요양보험 수급대상으로 인정되었을 경우’란 특별한 사정이 없는 한 ‘피보험자가 보험기간 중 국민건강보험공단 등급판정위원회에 의하여 장기요양등급을 판정받은 경우’를 말하고, 피보험자가 노인장기요양보험 수급대상에 해당할 정도의 심신상태임이 확인되었다고 하더라도 장기요양등급 판정을 받지 않은 상태에서 보험계약이 소멸하였다면 보험기간 중 보험금 지급사유가 발생하였다고 볼 수 없다. 1) 이 사건 보통약관 제16조 제1항, 제2항은 보험금 지급사유로서 ‘노인장기요양보험 수급대상으로 인정되었을 경우’에 관하여 ‘국민건강보험공단 등급판정위원회에 의하여 특정 등급의 장기요양등급을 판정받은 경우’라고 정하고 있어서, 보험금 지급사유로 장기요양등급 판정이 요구된다는 점은 문언상 명백하다. 2) 이 사건 보험약관이 보험금 지급사유인 ‘노인장기요양보험 수급대상으로 인정되었을 경우’의 의미를 ‘국민건강보험공단 등급판정위원회에 의하여 특정한 장기요양등급을 판정받은 경우’로 정한 것은 보험금 지급사유의 발생 여부를 ‘장기요양등급의 판정’을 통해 객관적이고 획일적으로 판단하려는 취지이다. 즉, 이 사건 보험계약은 장기요양의 필요성이 장기요양등급 판정을 통해 객관적으로 인정되었을 때를 보험금 지급사유로 정한 것으로서, 일정한 장해의 발생사실 자체를 보험사",보험기간 중 보험사고(등급판정)의 발생,미검수
법제처 OPEN API/prec,237881,2020다232709,채무부존재확인·보험금,https://www.law.go.kr/DRF/lawService.do?OC=test&target=prec&ID=237881&type=HTML,(조 번호 미표기),위험,판례 문맥 추론 · 신호 혼재,위험,,,", 그 보험약관의 내용 등이 보험계약자의 정당한 이익과 합리적인 기대에 반할 뿐 아니라 사적자치의 한계를 벗어나는 등 무효라고 볼 만한 사정이 없다면, 법원이 이를 함부로 배척하거나 보험약관 내용을 그 목적과 취지 등과 달리 개별 사건마다 임의로 해석하여서는 안 된다. 나. 앞서 본 사실관계에서 알 수 있는 아래의 사정을 이러한 법리에 비추어 살펴보면, 이 사건 보험계약이 정한 보험금 지급사유로서 ‘피보험자가 보험기간 중 노인장기요양보험 수급대상으로 인정되었을 경우’란 특별한 사정이 없는 한 ‘피보험자가 보험기간 중 국민건강보험공단 등급판정위원회에 의하여 장기요양등급을 판정받은 경우’를 말하고, 피보험자가 노인장기요양보험 수급대상에 해당할 정도의 심신상태임이 확인되었다고 하더라도 장기요양등급 판정을 받지 않은 상태에서 보험계약이 소멸하였다면 보험기간 중 보험금 지급사유가 발생하였다고 볼 수 없다. 1) 이 사건 보통약관 제16조 제1항, 제2항은 보험금 지급사유로서 ‘노인장기요양보험 수급대상으로 인정되었을 경우’에 관하여 ‘국민건강보험공단 등급판정위원회에 의하여 특정 등급의 장기요양등급을 판정받은 경우’라고 정하고 있어서, 보험금 지급사유로 장기요양등급 판정이 요구된다는 점은 문언상 명백하다. 2) 이 사건 보험약관이 보험금 지급사유인 ‘노인장기요양보험 수급대상으로 인정되었을 경우’의 의미를 ‘국민건강보험공단 등급판정위원회에 의하여 특정한 장기요양등급을 판정받은 경우’로 정한 것은 보험금 지급사유의 발생 여부를 ‘장기요양등급의 판정’을 통해 객관적이고 획일적으로 판단하려는 취지이다. 즉, 이 사건 보험계약은 장기요양의 필요성이 장기요양등급 판정을 통해 객관적으로 인정되었을 때를 보험금 지급사유로 정한 것으로서, 일정한 장해의 발생사실 자체를 보험사고로 정하는 보험계약과는 목적과 취지를 달리한다. 3) 이 사건 보험계약은 피보험자의 사망으로 소멸하므로 노인장기요양보험 수급대상 인정, 즉 장기요양등급 판정이라는 보험금 지급사유는 피보험자의 사망일 이전에 발생하여야 한다. 피보험자가 장기요양인정 신청을 한 후 사망한 경우, 사망시점과 장기요양등급 판정시점의 선후관계에 따라 보험금 지급 여부가 달라지는 경우가 있다. 그러나 노인장기요양보험법상 장기요양급여는 성질상 피보험자의 생존을 전제로 하므로 장기요양인정 신청인의 사망 후에는 장기요양등급을 판정할 수 없고, 등급판정위원회가 그 사망 사실을 알지 못한 채 장기요양등급 판정을 하였더라도 이는 사망자에 대한 장기요양등급 판정이어서 법률상 효력이 있다고 보기 어렵다. 그러므로 피보험자의 사망 후에 장기요양등급 판정이 이루어졌다고 하여 이 사건 보험약관이 정하는 보험금 지급사유가 발생하였다고 할 수 없다. 이와 같은 경우는 보험금 지급사유 판단에서 등급판정위원회가 장기요양등급 판정을 하기 전에 피보험자의 사망 사실을 알게 되어 판정을 하지 않은 경우 또는 피보험자가 장기요양인정을 받을 정도의 심신상태에 이르렀으나 장기요양인정을 신청하기 전에 사망하여 판정을 받지 못한 경우와 다르지 않다. 이러한 사정과 함께 이 사건 보험계약의 목적과 취지를 고려하면, 피보험자가 장기요양인정 신청을 한 후 사망한 경우 장기요양등급 판정 시점에 따라 보험금 지급 여부가 달라질 수 있다고 하더라도, 그러한 사정만으로 보험계약의 소멸이나 보험금 지급사유에 관한 약관 내용이 보험계약자의 정당한 이익과 합리적인 기대에 반한다거나 사적자치의 한계를 벗어나는 등으로 무효라고 보기 어렵다. 다. 이와 달리 보험기간 중 장기요양등급 판정을 받지 못하더라도 그 원인으로서 장기요양이 필요하다는 사실이 확인되면 보험금 지급사유가 발생한다고 본 원심의 판단에는 보험약관 해석에 관한 법리를 오해하여 판결에 영향을 미친 잘못이 있다. 이를 지적하는 상고이유 주장은 이유 ",피보험자가 보험기간 중 노인장기요양보험 수급대상으로 인정되었을 경우,미검수
법제처 OPEN API/prec,237881,2020다232709,채무부존재확인·보험금,https://www.law.go.kr/DRF/lawService.do?OC=test&target=prec&ID=237881&type=HTML,제16조,위험,판례 문맥 추론 · 신호 혼재,위험,,,"되었을 경우’란 특별한 사정이 없는 한 ‘피보험자가 보험기간 중 국민건강보험공단 등급판정위원회에 의하여 장기요양등급을 판정받은 경우’를 말하고, 피보험자가 노인장기요양보험 수급대상에 해당할 정도의 심신상태임이 확인되었다고 하더라도 장기요양등급 판정을 받지 않은 상태에서 보험계약이 소멸하였다면 보험기간 중 보험금 지급사유가 발생하였다고 볼 수 없다. 1) 이 사건 보통약관 제16조 제1항, 제2항은 보험금 지급사유로서 ‘노인장기요양보험 수급대상으로 인정되었을 경우’에 관하여 ‘국민건강보험공단 등급판정위원회에 의하여 특정 등급의 장기요양등급을 판정받은 경우’라고 정하고 있어서, 보험금 지급사유로 장기요양등급 판정이 요구된다는 점은 문언상 명백하다. 2) 이 사건 보험약관이 보험금 지급사유인 ‘노인장기요양보험 수급대상으로 인정되었을 경우’의 의미를 ‘국민건강보험공단 등급판정위원회에 의하여 특정한 장기요양등급을 판정받은 경우’로 정한 것은 보험금 지급사유의 발생 여부를 ‘장기요양등급의 판정’을 통해 객관적이고 획일적으로 판단하려는 취지이다. 즉, 이 사건 보험계약은 장기요양의 필요성이 장기요양등급 판정을 통해 객관적으로 인정되었을 때를 보험금 지급사유로 정한 것으로서, 일정한 장해의 발생사실 자체를 보험사고로 정하는 보험계약과는 목적과 취지를 달리한다. 3) 이 사건 보험계약은 피보험자의 사망으로 소멸하므로 노인장기요양보험 수급대상 인정, 즉 장기요양등급 판정이라는 보험금 지급사유는 피보험자의 사망일 이전에 발생하여야 한다. 피보험자가 장기요양인정 신청을 한 후 사망한 경우, 사망시점과 장기요양등급 판정시점의 선후관계에 따라 보험금 지급 여부가 달라지는 경우가 있다. 그러나 노인장기요양보험법상 장기요양급여는 성질상 피보험자의 생존을 전제로 하므로 장기요양인정 신청인의 사망 후에는 장기요양등급을 판정할 수 없고, 등급판정위원회가 그 사망 사실을 알지 못한 채 장기요양등급 판정을 하였더라도 이는 사망자에 대한 장기요양등급 판정이어서 법률상 효력이 있다고 보기 어렵다. 그러므로 피보험자의 사망 후에 장기요양등급 판정이 이루어졌다고 하여 이 사건 보험약관이 정하는 보험금 지급사유가 발생하였다고 할 수 없다. 이와 같은 경우는 보험금 지급사유 판단에서 등급판정위원회가 장기요양등급 판정을 하기 전에 피보험자의 사망 사실을 알게 되어 판정을 하지 않은 경우 또는 피보험자가 장기요양인정을 받을 정도의 심신상태에 이르렀으나 장기요양인정을 신청하기 전에 사망하여 판정을 받지 못한 경우와 다르지 않다. 이러한 사정과 함께 이 사건 보험계약의 목적과 취지를 고려하면, 피보험자가 장기요양인정 신청을 한 후 사망한 경우 장기요양등급 판정 시점에 따라 보험금 지급 여부가 달라질 수 있다고 하더라도, 그러한 사정만으로 보험계약의 소멸이나 보험금 지급사유에 관한 약관 내용이 보험계약자의 정당한 이익과 합리적인 기대에 반한다거나 사적자치의 한계를 벗어나는 등으로 무효라고 보기 어렵다. 다. 이와 달리 보험기간 중 장기요양등급 판정을 받지 못하더라도 그 원인으로서 장기요양이 필요하다는 사실이 확인되면 보험금 지급사유가 발생한다고 본 원심의 판단에는 보험약관 해석에 관한 법리를 오해하여 판결에 영향을 미친 잘못이 있다. 이를 지적하는 상고이유 주장은 이유 있다. 4. 그러므로 원심판결을 파기하고, 사건을 다시 심리·판단하도록 원심법원에 환송하기로 하여, 관여 대법관의 일치된 의견으로 주문과 같이 판결한다. 대법관 김선수(재판장) 노태악 오경미(주심) 서경환 ]]>",", 제2항은 보험금 지급사유로서 ‘노인장기요양보험 수급대상으로 인정되었을 경우’에 관하여 ‘국민건강보험공단 등급판정위원회에 의하여 특정 등급의 장기요양등급을 판정받은 경우",미검수
법제처 OPEN API/prec,237881,2020다232709,채무부존재확인·보험금,https://www.law.go.kr/DRF/lawService.do?OC=test&target=prec&ID=237881&type=HTML,(조 번호 미표기),위험,판례 문맥 추론 · 신호 혼재,위험,,," 보험금 지급사유가 발생하였다고 볼 수 없다. 1) 이 사건 보통약관 제16조 제1항, 제2항은 보험금 지급사유로서 ‘노인장기요양보험 수급대상으로 인정되었을 경우’에 관하여 ‘국민건강보험공단 등급판정위원회에 의하여 특정 등급의 장기요양등급을 판정받은 경우’라고 정하고 있어서, 보험금 지급사유로 장기요양등급 판정이 요구된다는 점은 문언상 명백하다. 2) 이 사건 보험약관이 보험금 지급사유인 ‘노인장기요양보험 수급대상으로 인정되었을 경우’의 의미를 ‘국민건강보험공단 등급판정위원회에 의하여 특정한 장기요양등급을 판정받은 경우’로 정한 것은 보험금 지급사유의 발생 여부를 ‘장기요양등급의 판정’을 통해 객관적이고 획일적으로 판단하려는 취지이다. 즉, 이 사건 보험계약은 장기요양의 필요성이 장기요양등급 판정을 통해 객관적으로 인정되었을 때를 보험금 지급사유로 정한 것으로서, 일정한 장해의 발생사실 자체를 보험사고로 정하는 보험계약과는 목적과 취지를 달리한다. 3) 이 사건 보험계약은 피보험자의 사망으로 소멸하므로 노인장기요양보험 수급대상 인정, 즉 장기요양등급 판정이라는 보험금 지급사유는 피보험자의 사망일 이전에 발생하여야 한다. 피보험자가 장기요양인정 신청을 한 후 사망한 경우, 사망시점과 장기요양등급 판정시점의 선후관계에 따라 보험금 지급 여부가 달라지는 경우가 있다. 그러나 노인장기요양보험법상 장기요양급여는 성질상 피보험자의 생존을 전제로 하므로 장기요양인정 신청인의 사망 후에는 장기요양등급을 판정할 수 없고, 등급판정위원회가 그 사망 사실을 알지 못한 채 장기요양등급 판정을 하였더라도 이는 사망자에 대한 장기요양등급 판정이어서 법률상 효력이 있다고 보기 어렵다. 그러므로 피보험자의 사망 후에 장기요양등급 판정이 이루어졌다고 하여 이 사건 보험약관이 정하는 보험금 지급사유가 발생하였다고 할 수 없다. 이와 같은 경우는 보험금 지급사유 판단에서 등급판정위원회가 장기요양등급 판정을 하기 전에 피보험자의 사망 사실을 알게 되어 판정을 하지 않은 경우 또는 피보험자가 장기요양인정을 받을 정도의 심신상태에 이르렀으나 장기요양인정을 신청하기 전에 사망하여 판정을 받지 못한 경우와 다르지 않다. 이러한 사정과 함께 이 사건 보험계약의 목적과 취지를 고려하면, 피보험자가 장기요양인정 신청을 한 후 사망한 경우 장기요양등급 판정 시점에 따라 보험금 지급 여부가 달라질 수 있다고 하더라도, 그러한 사정만으로 보험계약의 소멸이나 보험금 지급사유에 관한 약관 내용이 보험계약자의 정당한 이익과 합리적인 기대에 반한다거나 사적자치의 한계를 벗어나는 등으로 무효라고 보기 어렵다. 다. 이와 달리 보험기간 중 장기요양등급 판정을 받지 못하더라도 그 원인으로서 장기요양이 필요하다는 사실이 확인되면 보험금 지급사유가 발생한다고 본 원심의 판단에는 보험약관 해석에 관한 법리를 오해하여 판결에 영향을 미친 잘못이 있다. 이를 지적하는 상고이유 주장은 이유 있다. 4. 그러므로 원심판결을 파기하고, 사건을 다시 심리·판단하도록 원심법원에 환송하기로 하여, 관여 대법관의 일치된 의견으로 주문과 같이 판결한다. 대법관 김선수(재판장) 노태악 오경미(주심) 서경환 ]]>",노인장기요양보험 수급대상으로 인정되었을 경우,미검수
법제처 OPEN API/prec,240281,2017다237988,보험금,https://www.law.go.kr/DRF/lawService.do?OC=test&target=prec&ID=240281&type=HTML,(조 번호 미표기),(판단 불명확),판단 불명확,,,,"omass Power Plant Co., Ltd., 이하 ‘시행사’라고 한다)는 중국에 사과나무 가지 등을 주연료로 하는 바이오매스 발전소를 건설하여 전력을 생산·판매하는 등의 사업(이하 ‘이 사건 사업’이라고 한다)을 추진하였다. 시행사는 2010. 8. 흑룡강화룡전력공정 유한회사(이하 ‘시공사’라고 한다)와 이 사건 사업을 위한 발전소 공사계약(이하 ‘이 사건 공사계약’이라고 한다)을 체결하였다. 나. 원고는 2010. 9. 시행사에 이 사건 사업비로 미화 4,000만 달러의 범위 내에서 대출하기로 하는 이 사건 대출계약을 시행사와 체결하였다. 원고는 이 사건 대출금 채권을 피담보채권으로 하여 시행사와 이 사건 사업부지 사용권에 관하여 근저당권(이하 ‘이 사건 토지저당권’이라고 한다)을, 중국 및 홍콩 법인인 주주들과 시행사 주식에 관하여 질권(이하 ‘이 사건 주식질권’이라고 한다)을 설정하는 계약을 체결하고, 준거법을 중국법으로 정하였다. 다. 원고는 2010. 9. 29. 이 사건 대출계약과 관련하여 시행사의 비상위험 또는 신용위험이 발생하여 원고가 대출 원리금을 회수할 수 없게 될 경우 피고가 원고에게 대출 원리금의 90%에 해당하는 보험금을 지급하기로 하는 해외사업금융보험계약(이하 ‘이 사건 보험계약’이라고 한다)을 피고와 체결하였다. 이 사건 보험계약에 적용되는 피고의 해외사업금융보험약관(이하 ‘이 사건 약관’이라고 한다)은 아래와 같은 내용을 포함하고 있다. 1) 피고의 보험책임은 ① 금융계약 및 위험담보장치의 효력발생, ② 관련법령에 의하여 요구되는 인허가의 취득 조건이 충족된 후 금융계약에 따라 자금이 인출된 날에 개시된다(제15조). 2) 보험계약자는 손실을 방지하거나 경감하기 위하여 이 보험에 들지 않은 다른 채권에 기울이는 것과 같은 주의를 가지고 최선을 다해 필요한 조치를 취하고 그 결과를 피고에게 알려야 한다. 이 경우 보험계약자는 그러한 조치를 취하기 전에 피고와 협의할 수 있다(제9조 제1항). 3) 피고는 제15조의 보험책임 개시일 전에 발생한 위험으로 인하여 손실이 발생한 경우(제1호) 또는 보험계약자가 제9조의 규정을 위반하여 손실이 발생하거나 확대된 경우(제6호)에 보험금의 전부 또는 일부를 지급하지 않을 수 있고, 보험계약자에 대하여 이미 지급한 보험금의 전부 또는 일부 반환을 청구하거나 보험계약을 해지할 수 있다(제7조 제1항). 라. 원고는 이 사건 대출계약에 따라 시행사에 2010. 9. 30. 미화 23,000,000달러(이하 ‘최초 인출’이라고 한다), 2011. 3. 31. 미화 15,749,195달러를 송금하였다. 원고는 최초 인출 전에 시행사로부터 ‘시공사가 이 사건 공사계약을 위반하여 손실을 입힌 경우 중국 공상은행 주식유한공사가 시행사에 공사 계약금액의 15% 내에서 손실 지급을 보증한다.’는 내용의 위 은행 명의 이행보증서(이하 ‘이 사건 이행보증서’라고 한다)를 제출받았는데, 그 후 이 사건 이행보증서가 위조된 것으로 밝혀졌다. 마. 원고는 시행사로부터 이 사건 대출 원리금을 지급받지 못하자 2013. 10. 7. 피고에게 보험사고(이하 ‘이 사건 사고’라고 한다)가 발생하였다고 통지하고 2014. 1. 6. 보험금을 청구하였다. 2. 보험책임 개시 여부 관련 상고이유에 대한 판단 가. 원심은 다음과 같은 이유로 이 사건 사고 당시 위험담보장치에 해당하는 이 사건 토지저당권과 주식질권의 효력이 발생하지 아니하여 피고의 보험책임이 개시되지 않았다고 판단하였다. 이 사건 토지저당권과 주식질권에 관하여 그 효력요건인 중국 국가외환관리국의 대외담보등기가 마쳐진 사실을 인정할 증거가 부족하고 달리 이를 인정할 증거가 없으므로, 이 사건 사고 당시 이 사건 토지저당권과 주식질권은 무효였다. 2014. 6. 1. 시행된 중국 「국경 간 담보 외환관리규정」에 따라 대외담보등기가 대외담보계약의 효력요건을 구성하지 않게 되었으나, 위와 같은 법령 변경이 있었던 사정만으로 이 사건 토지저당권과 ","라고 한다)을 체결하였다. 나. 원고는 2010. 9. 시행사에 이 사건 사업비로 미화 4,000만 달러의 범위 내에서 대출하기로 하는 이 사건 대출계약을 시행사와 체결하였다. 원고는 이 사건 대출금 채권을 피담보채권으로 하여 시행사와 이 사건 사업부지 사용권에 관하여 근저당권(이하",미검수
법제처 OPEN API/prec,240281,2017다237988,보험금,https://www.law.go.kr/DRF/lawService.do?OC=test&target=prec&ID=240281&type=HTML,(조 번호 미표기),안전,판례 문맥 추론 · 단일 신호,안전,,,"(이하 ‘이 사건 주식질권’이라고 한다)을 설정하는 계약을 체결하고, 준거법을 중국법으로 정하였다. 다. 원고는 2010. 9. 29. 이 사건 대출계약과 관련하여 시행사의 비상위험 또는 신용위험이 발생하여 원고가 대출 원리금을 회수할 수 없게 될 경우 피고가 원고에게 대출 원리금의 90%에 해당하는 보험금을 지급하기로 하는 해외사업금융보험계약(이하 ‘이 사건 보험계약’이라고 한다)을 피고와 체결하였다. 이 사건 보험계약에 적용되는 피고의 해외사업금융보험약관(이하 ‘이 사건 약관’이라고 한다)은 아래와 같은 내용을 포함하고 있다. 1) 피고의 보험책임은 ① 금융계약 및 위험담보장치의 효력발생, ② 관련법령에 의하여 요구되는 인허가의 취득 조건이 충족된 후 금융계약에 따라 자금이 인출된 날에 개시된다(제15조). 2) 보험계약자는 손실을 방지하거나 경감하기 위하여 이 보험에 들지 않은 다른 채권에 기울이는 것과 같은 주의를 가지고 최선을 다해 필요한 조치를 취하고 그 결과를 피고에게 알려야 한다. 이 경우 보험계약자는 그러한 조치를 취하기 전에 피고와 협의할 수 있다(제9조 제1항). 3) 피고는 제15조의 보험책임 개시일 전에 발생한 위험으로 인하여 손실이 발생한 경우(제1호) 또는 보험계약자가 제9조의 규정을 위반하여 손실이 발생하거나 확대된 경우(제6호)에 보험금의 전부 또는 일부를 지급하지 않을 수 있고, 보험계약자에 대하여 이미 지급한 보험금의 전부 또는 일부 반환을 청구하거나 보험계약을 해지할 수 있다(제7조 제1항). 라. 원고는 이 사건 대출계약에 따라 시행사에 2010. 9. 30. 미화 23,000,000달러(이하 ‘최초 인출’이라고 한다), 2011. 3. 31. 미화 15,749,195달러를 송금하였다. 원고는 최초 인출 전에 시행사로부터 ‘시공사가 이 사건 공사계약을 위반하여 손실을 입힌 경우 중국 공상은행 주식유한공사가 시행사에 공사 계약금액의 15% 내에서 손실 지급을 보증한다.’는 내용의 위 은행 명의 이행보증서(이하 ‘이 사건 이행보증서’라고 한다)를 제출받았는데, 그 후 이 사건 이행보증서가 위조된 것으로 밝혀졌다. 마. 원고는 시행사로부터 이 사건 대출 원리금을 지급받지 못하자 2013. 10. 7. 피고에게 보험사고(이하 ‘이 사건 사고’라고 한다)가 발생하였다고 통지하고 2014. 1. 6. 보험금을 청구하였다. 2. 보험책임 개시 여부 관련 상고이유에 대한 판단 가. 원심은 다음과 같은 이유로 이 사건 사고 당시 위험담보장치에 해당하는 이 사건 토지저당권과 주식질권의 효력이 발생하지 아니하여 피고의 보험책임이 개시되지 않았다고 판단하였다. 이 사건 토지저당권과 주식질권에 관하여 그 효력요건인 중국 국가외환관리국의 대외담보등기가 마쳐진 사실을 인정할 증거가 부족하고 달리 이를 인정할 증거가 없으므로, 이 사건 사고 당시 이 사건 토지저당권과 주식질권은 무효였다. 2014. 6. 1. 시행된 중국 「국경 간 담보 외환관리규정」에 따라 대외담보등기가 대외담보계약의 효력요건을 구성하지 않게 되었으나, 위와 같은 법령 변경이 있었던 사정만으로 이 사건 토지저당권과 주식질권이 이 사건 사고 이전으로 소급하여 유효하다고 보기 어렵다. 나. 그러나 원심의 판단은 수긍하기 어렵다. 1) 이 사건 토지저당권과 주식질권은 중국 물권법에 따른 설정등기를 마친 때부터 유효하게 성립하였다고 볼 수 있다. 구체적인 이유는 다음과 같다. 가) 이 사건 사고 당시 시행되던 중국 「경내 기구 대외담보 관리방법」에 따르면 중국 법인이 외국인에게 보유 자산으로 담보를 제공하는 경우 중국 국가외환관리국에 대외담보등기를 마쳐야 했다. 중국 최고인민법원의 「중국 담보법 적용에 관한 몇 가지 문제의 해석」은 대외담보등기를 마치지 않은 경우 대외",라고 한다)을 피고와 체결하였다. 이 사건 보험계약에 적용되는 피고의 해외사업금융보험약관(이하,미검수
법제처 OPEN API/prec,240281,2017다237988,보험금,https://www.law.go.kr/DRF/lawService.do?OC=test&target=prec&ID=240281&type=HTML,제15조,(판단 불명확),판단 불명확,,,,"고법민신2739호]. 라) 원고가 시행사 및 시행사 주주들을 상대로 이 사건 토지저당권과 주식질권의 확인을 구한 중재사건에서도 중국 국제경제무역 중재위원회는 중국 「국경 간 담보 외환관리규정」에 근거하여 ‘이 사건 토지저당권과 주식질권은 중국 물권법상 설정등기를 마쳤을 때 이미 유효하게 성립하였다.’는 취지로 판단하였다. 2) 나아가 최초 인출 당시 이 사건 약관 제15조에서 정한 ‘위험담보장치의 효력발생’이라는 조건이 충족되었으므로 피고의 보험책임은 개시되었다고 보는 것이 타당하다. 그 이유는 다음과 같다. 가) 이 사건 토지저당권과 주식질권은 설정 당시부터 유효하게 성립하였으므로 이 사건 약관 제15조의 문언상 최초 인출일에 ‘위험담보장치의 효력발생’이라는 조건이 충족된 것으로 해석할 수 있다. 나) 이 사건 약관 제15조가 위험담보장치의 효력발생을 피고의 보험책임 개시 조건으로 규정한 취지는 무역보험법 제7조에 따라 보험계약자나 피보험자에 의한 보험사고의 역선택을 방지하고, 보험사고가 발생할 경우 피고의 손실을 최소화하기 위한 것이다. 그런데 이 사건 토지저당권과 주식질권은 적어도 중국 물권법상 성립요건을 충족하여 보험사고의 역선택 가능성이 높다고 보기 어렵다. 이 사건 사고 발생 후 얼마 지나지 않아 중국 「국경 간 담보 외환관리규정」이 시행됨으로써 피고가 보험자대위를 통하여 이 사건 토지저당권과 주식질권을 실행하는 데에도 지장이 없었던 것으로 보인다. 다) 피고 스스로도 이 사건 토지저당권과 주식질권의 설정을 조건으로 자금 인출을 승인한 후 ‘자금 인출 허용에 필요한 조건부 승인사항이 사실상 이행 완료되었음이 확인되었다.’고 사후 승인함으로써 최초 인출 당시 위험담보장치의 효력발생 조건이 충족되었다고 인정하였다. 라) 이 사건 약관 제15조가 규정한 보험책임 개시 조건인 ‘위험담보장치의 효력발생’에 위험담보장치의 효력이 소급하여 발생한 경우도 포함되는지 명백하지 아니하므로, 위와 같이 고객인 원고에게 유리하게 해석하는 것이 약관 해석에서 작성자 불이익의 원칙에 부합한다. 다. 그럼에도 이 사건 사고 당시 위험담보장치의 효력이 발생하지 아니하였다고 보아 피고의 보험책임이 개시되지 않았다고 인정한 원심판단에는 중국법 및 보험약관의 해석에 관한 법리를 오해하거나 필요한 심리를 다하지 않음으로써 판결에 영향을 미친 잘못이 있다. 이를 지적하는 이 부분 상고이유 주장은 이유 있다. 3. 손실방지·경감의무 위반 관련 상고이유에 대한 판단 가. 보험약관은 신의성실의 원칙에 따라 해당 약관의 목적과 취지를 고려하여 공정하고 합리적으로 해석하되, 개개 계약 당사자가 기도한 목적이나 의사를 참작하지 않고 평균적 고객의 이해가능성을 기준으로 보험단체 전체의 이해관계를 고려하여 객관적·획일적으로 해석하여야 한다. 위와 같은 해석을 거친 후에도 약관 조항이 객관적으로 다의적으로 해석되고 그 각각의 해석이 합리성이 있는 등 해당 약관의 뜻이 명백하지 아니한 경우에는 고객에게 유리하게 해석하여야 한다(대법원 2018. 7. 24. 선고 2017다256828 판결, 대법원 2019. 1. 17. 선고 2016다277200 판결 등 참조). 나. 원심은, 원고가 이 사건 이행보증서의 적법성을 확인하지 않는 등 이 사건 대출계약에서 정한 인출 선행조건을 갖추지 못한 상태에서 대출을 실행함으로써 이 사건 약관 제9조 제1항에서 정한 보험계약자의 손실방지·경감의무를 위반하였다고 판단하였다. 다. 그러나 앞서 본 법리에 따라 이 사건 약관 조항을 살펴보면, 이 사건 약관 제9조 제1항에서 정한 보험계약자의 손실방지·경감의무는 원칙적으로 보험사고의 발생을 전제로 한다고 보는 것이 타당하다. 구체적인 이유는 다음과 같다. 1) 이 사건 약관 제9조 제1항에 따르면 보험계약자는 손실을 방지하거나 경감하기 위하여 필요한 조치를 취하고 그 결과를 피고에게 알려야 하며, 이 경우 보험계약자는 그러한 조치를 취하기 전에 피고와 협의할 수 있다. 이",위험담보장치의 효력발생’이라는 조건이 충족되었으므로 피고의 보험책임은 개시되었다고 보는 것이 타당하다. 그 이유는 다음과 같다. 가) 이 사건 토지저당권과 주식질권은 설정 당시부터 유효하게 성립하였으므로 이 사건 약관 제15조의 문언상 최초 인출일에,미검수
법제처 OPEN API/prec,240281,2017다237988,보험금,https://www.law.go.kr/DRF/lawService.do?OC=test&target=prec&ID=240281&type=HTML,제9조,안전,판례 문맥 추론 · 단일 신호,안전,,,"대출을 실행함으로써 이 사건 약관 제9조 제1항에서 정한 보험계약자의 손실방지·경감의무를 위반하였다고 판단하였다. 다. 그러나 앞서 본 법리에 따라 이 사건 약관 조항을 살펴보면, 이 사건 약관 제9조 제1항에서 정한 보험계약자의 손실방지·경감의무는 원칙적으로 보험사고의 발생을 전제로 한다고 보는 것이 타당하다. 구체적인 이유는 다음과 같다. 1) 이 사건 약관 제9조 제1항에 따르면 보험계약자는 손실을 방지하거나 경감하기 위하여 필요한 조치를 취하고 그 결과를 피고에게 알려야 하며, 이 경우 보험계약자는 그러한 조치를 취하기 전에 피고와 협의할 수 있다. 이 사건 약관 제26조는 보험계약자가 제9조의 의무 이행과 관련하여 발생한 소송비용, 변호사 비용 또는 추심위임 수수료를 회수비용으로 정하면서 회수한 금액을 한도로 피고가 위 회수비용을 부담한다고 규정하고 있다. 이 사건 약관 제9조에서 규정한 보험계약자의 조치는 보험사고 발생을 전제로 한다고 해석하는 것이 자연스럽다. 2) ""보험계약자와 피보험자는 손해의 방지와 경감을 위하여 노력하여야 한다.""라고 규정한 상법 제680조 제1항 본문과 유사한 이 사건 약관 제9조 제1항은 상법 제680조의 손해방지의무를 바탕으로 손실방지·경감의무의 정도, 의무이행의 절차 등을 구체화한 규정으로 보인다. 그런데 상법 제680조 제1항이 규정한 손해방지의무는 원칙적으로 보험사고의 발생을 전제로 한다(대법원 2003. 6. 27. 선고 2003다6958 판결 등 참조). 3) 이 사건 약관 제9조에서 말하는 보험계약자의 손실방지·경감의무에 보험사고 발생 전 대출 실행 당시 주의의무가 포함된다고 해석할 여지가 있다고 하더라도, 구체적인 손실방지·경감의무의 내용 및 발생 시기 등에 관하여 따로 정하지 않았으므로 약관의 뜻이 명백하지 아니한 때에 해당한다고 볼 수 있다. 이러한 경우 고객인 원고에게 유리하게 해석하는 것이 약관 해석에서 작성자 불이익의 원칙에 부합한다. 라. 따라서 원심이 인정한 원고의 인출 선행조건 위반행위는 이 사건 사고 전에 발생한 것으로 이 사건 약관 제9조에서 정한 손실방지·경감의무 위반행위에 해당한다고 볼 수 없다. 그럼에도 원고가 이 사건 약관 제9조를 위반하여 보험금 지급거절사유가 존재한다고 인정한 원심판단에는 보험약관의 해석에 관한 법리를 오해하여 판결에 영향을 미친 잘못이 있다. 이를 지적하는 이 부분 상고이유 주장은 이유 있다. 4. 결론 그러므로 나머지 상고이유에 관한 판단을 생략한 채 원심판결을 파기하고, 사건을 다시 심리·판단하도록 원심법원에 환송하기로 하여, 관여 대법관의 일치된 의견으로 주문과 같이 판결한다. 대법관 이흥구(재판장) 안철상(주심) 노정희 오석준 ]]>","하여 필요한 조치를 취하고 그 결과를 피고에게 알려야 하며, 이 경우 보험계약자는 그러한 조치를 취하기 전에 피고와 협의할 수 있다. 이 사건 약관 제26조는 보험계약자가 제9조의 의무 이행과 관련하여 발생한 소송비용, 변호사 비용 또는 추심위임 수수료를 회수비용으로 정하면서 회수한 금액을 한도로 피고가 위 회수비용을 부담한다고 규정하고 있다. 이 사건 약관 제9조에서 규정한 보험계약자의 조치는 보험사고 발생을 전제로 한다고 해석하는 것이 자연스럽다. 2) ""보험계약자와 피보험자는 손해의 방지와 경감을 위하여 노력하여야 한다.",미검수
법제처 OPEN API/prec,240575,2022다298109,보험금,https://www.law.go.kr/DRF/lawService.do?OC=test&target=prec&ID=240575&type=HTML,(조 번호 미표기),(판단 불명확),판단 불명확,,,,"고, 이 부분 사건을 서울중앙지방법원에 환송한다. 【이 유】 상고이유를 판단한다. 1. 원심판결 및 원심이 인용한 제1심판결 이유와 기록에 의하면 다음과 같은 사실을 알 수 있다. 가. 원고는 보험회사인 피고와 사이에, 2011. 7. 15. 상해일반후유장해를 입은 경우 보험금을 지급받기로 하는 ‘무배당삼성화재통합보험수퍼플러스’ 각 보험계약(이하 ‘이 사건 상해보험계약’이라 한다)을 체결하였고, 이와는 별도로 2012. 9. 20. 자동차 사고의 상해로 인하여 장해를 입은 경우 3억 원을 최고 한도로 지급받는 등의 ‘개인용애니카’ 자동차보험계약(이하 ‘이 사건 자동차보험계약’이라 한다)을 체결하였다. 나. 그 후 원고는 2013. 5. 4. 이 사건 자동차보험계약의 피보험차량을 운전하던 중 다른 차량을 뒤에서 들이받는 사고(이하 ‘이 사건 교통사고’라 한다)로 부상을 당해 입원치료 및 통원치료를 받고, 2013. 5. 10. 상세불명의 척수질환으로 수술치료 등을 받았다. 다. 원고는 피고를 상대로, 자신이 이 사건 교통사고로 인해 척수질환 등의 상해를 입어 후유장해가 발생하였다는 이유로 이 사건 상해보험계약 및 자동차보험계약에서 정한 각 보험금의 지급을 구하는 이 사건 소를 제기하였다. 라. 한편 이 사건 자동차보험계약의 보험약관에 의하면, 후유장해의 상실수익액 계산 시 노동능력상실률 인정 방법에 관하여 ‘맥브라이드식 장해평가방법에 따라 일반의 옥내 또는 옥외 근로자를 기준으로 실질적으로 부상 치료·진단을 실시한 의사 또는 해당 과목 전문의가 진단·판정한 타당한 노동능력상실률을 적용하며, 동 판정과 관련하여 다툼이 있을 경우 보험금 청구권자와 보험회사가 협의하여 정한 제3의 전문의료기관의 전문의에게 판정을 의뢰할 수 있음.’이라고 정하고 있다. 제1심은 2016. 2. 19. 가톨릭대학교 여의도성모병원장에게 원고의 노동능력상실률에 관한 신체감정을 촉탁하여, 2016. 8. 29. 여의도성모병원장으로부터 맥브라이드식 장해평가방법에 의하면 원고의 노동능력상실률이 21%에 해당한다는 신체감정촉탁 결과를 회신받았다. 2. 원심은 판시와 같은 이유로, 피고가 원고에게 이 사건 상해보험계약에서 정한 보험금을 지급할 의무가 있고, 이 사건 자동차보험계약에 의한 보험금 청구에 관하여는 보험약관의 해석상 맥브라이드식 장해평가방법이 아닌 다른 기준에 의한 판단자료에 근거하여 원고의 노동능력상실률을 인정할 수 있다고 보아 원고의 노동능력상실률을 44.72%로 인정하면서 피고의 기왕증 기여도 공제 주장에 대하여는 보험약관상 근거가 없다는 이유로 배척하여, 원고의 이 사건 청구를 일부 인용하였다. 3. 그러나 원심판단 중 이 사건 자동차보험계약의 보험금 청구 부분은 아래와 같은 이유로 수긍하기 어렵다. 가. 이 사건 자동차보험계약 관련 노동능력상실률 인정 방법에 관하여 1) 자기신체사고 자동차보험은 피보험자가 피보험자동차를 소유·사용·관리하는 동안에 생긴 피보험자동차의 사고로 인하여 상해를 입었을 때에 보험자가 보험약관에 정한 사망보험금이나 부상보험금 또는 후유장해보험금 등을 지급할 책임을 지는 것으로서 인보험의 일종이기는 하나, 피보험자가 급격하고도 우연한 외부로부터 생긴 사고로 인하여 신체에 상해를 입은 경우에 그 결과에 따라 보험약관에 정한 보상금을 지급하는 보험이어서 그 성질상 ‘상해보험’에 속한다(대법원 2004. 7. 9. 선고 2003다29463 판결 등 참조). 당사자 사이에 보험약관을 기초로 보험계약이 체결된 때에는 특별한 사정이 없는 한 그 보험약관은 계약 내용에 포함시키기로 합의된 것으로서 계약당사자에 대하여 구속력을 갖고(대법원 1999. 7. 23. 선고 98다31868 판결 등 참조), 이러한 보험약관은 신의성실의 원칙에 따라 당해 약관의 목적과 취지를 고려하여 공정하고 합리적으로 해석하되, ","라 한다)을 체결하였고, 이와는 별도로 2012. 9. 20. 자동차 사고의 상해로 인하여 장해를 입은 경우 3억 원을 최고 한도로 지급받는 등의",미검수
법제처 OPEN API/prec,240575,2022다298109,보험금,https://www.law.go.kr/DRF/lawService.do?OC=test&target=prec&ID=240575&type=HTML,(조 번호 미표기),(판단 불명확),판단 불명확,,,,"인 피고와 사이에, 2011. 7. 15. 상해일반후유장해를 입은 경우 보험금을 지급받기로 하는 ‘무배당삼성화재통합보험수퍼플러스’ 각 보험계약(이하 ‘이 사건 상해보험계약’이라 한다)을 체결하였고, 이와는 별도로 2012. 9. 20. 자동차 사고의 상해로 인하여 장해를 입은 경우 3억 원을 최고 한도로 지급받는 등의 ‘개인용애니카’ 자동차보험계약(이하 ‘이 사건 자동차보험계약’이라 한다)을 체결하였다. 나. 그 후 원고는 2013. 5. 4. 이 사건 자동차보험계약의 피보험차량을 운전하던 중 다른 차량을 뒤에서 들이받는 사고(이하 ‘이 사건 교통사고’라 한다)로 부상을 당해 입원치료 및 통원치료를 받고, 2013. 5. 10. 상세불명의 척수질환으로 수술치료 등을 받았다. 다. 원고는 피고를 상대로, 자신이 이 사건 교통사고로 인해 척수질환 등의 상해를 입어 후유장해가 발생하였다는 이유로 이 사건 상해보험계약 및 자동차보험계약에서 정한 각 보험금의 지급을 구하는 이 사건 소를 제기하였다. 라. 한편 이 사건 자동차보험계약의 보험약관에 의하면, 후유장해의 상실수익액 계산 시 노동능력상실률 인정 방법에 관하여 ‘맥브라이드식 장해평가방법에 따라 일반의 옥내 또는 옥외 근로자를 기준으로 실질적으로 부상 치료·진단을 실시한 의사 또는 해당 과목 전문의가 진단·판정한 타당한 노동능력상실률을 적용하며, 동 판정과 관련하여 다툼이 있을 경우 보험금 청구권자와 보험회사가 협의하여 정한 제3의 전문의료기관의 전문의에게 판정을 의뢰할 수 있음.’이라고 정하고 있다. 제1심은 2016. 2. 19. 가톨릭대학교 여의도성모병원장에게 원고의 노동능력상실률에 관한 신체감정을 촉탁하여, 2016. 8. 29. 여의도성모병원장으로부터 맥브라이드식 장해평가방법에 의하면 원고의 노동능력상실률이 21%에 해당한다는 신체감정촉탁 결과를 회신받았다. 2. 원심은 판시와 같은 이유로, 피고가 원고에게 이 사건 상해보험계약에서 정한 보험금을 지급할 의무가 있고, 이 사건 자동차보험계약에 의한 보험금 청구에 관하여는 보험약관의 해석상 맥브라이드식 장해평가방법이 아닌 다른 기준에 의한 판단자료에 근거하여 원고의 노동능력상실률을 인정할 수 있다고 보아 원고의 노동능력상실률을 44.72%로 인정하면서 피고의 기왕증 기여도 공제 주장에 대하여는 보험약관상 근거가 없다는 이유로 배척하여, 원고의 이 사건 청구를 일부 인용하였다. 3. 그러나 원심판단 중 이 사건 자동차보험계약의 보험금 청구 부분은 아래와 같은 이유로 수긍하기 어렵다. 가. 이 사건 자동차보험계약 관련 노동능력상실률 인정 방법에 관하여 1) 자기신체사고 자동차보험은 피보험자가 피보험자동차를 소유·사용·관리하는 동안에 생긴 피보험자동차의 사고로 인하여 상해를 입었을 때에 보험자가 보험약관에 정한 사망보험금이나 부상보험금 또는 후유장해보험금 등을 지급할 책임을 지는 것으로서 인보험의 일종이기는 하나, 피보험자가 급격하고도 우연한 외부로부터 생긴 사고로 인하여 신체에 상해를 입은 경우에 그 결과에 따라 보험약관에 정한 보상금을 지급하는 보험이어서 그 성질상 ‘상해보험’에 속한다(대법원 2004. 7. 9. 선고 2003다29463 판결 등 참조). 당사자 사이에 보험약관을 기초로 보험계약이 체결된 때에는 특별한 사정이 없는 한 그 보험약관은 계약 내용에 포함시키기로 합의된 것으로서 계약당사자에 대하여 구속력을 갖고(대법원 1999. 7. 23. 선고 98다31868 판결 등 참조), 이러한 보험약관은 신의성실의 원칙에 따라 당해 약관의 목적과 취지를 고려하여 공정하고 합리적으로 해석하되, 개개의 계약당사자가 기도한 목적이나 의사를 참작함이 없이 평균적 고객의 이해가능성을 기준으로 보험단체 전체의 이해관계를 고려하여 객관적·획일적으로 해석하여야 하며(대법원 2010. 11. 25. 선고 2010다45777 판",라 한다)을 체결하였다. 나. 그 후 원고는 2013. 5. 4. 이 사건 자동차보험계약의 피보험차량을 운전하던 중 다른 차량을 뒤에서 들이받는 사고(이하,미검수
법제처 OPEN API/prec,240575,2022다298109,보험금,https://www.law.go.kr/DRF/lawService.do?OC=test&target=prec&ID=240575&type=HTML,(조 번호 미표기),위험,판례 문맥 추론 · 단일 신호,위험,,," 이 사건 자동차보험계약의 피보험차량을 운전하던 중 다른 차량을 뒤에서 들이받는 사고(이하 ‘이 사건 교통사고’라 한다)로 부상을 당해 입원치료 및 통원치료를 받고, 2013. 5. 10. 상세불명의 척수질환으로 수술치료 등을 받았다. 다. 원고는 피고를 상대로, 자신이 이 사건 교통사고로 인해 척수질환 등의 상해를 입어 후유장해가 발생하였다는 이유로 이 사건 상해보험계약 및 자동차보험계약에서 정한 각 보험금의 지급을 구하는 이 사건 소를 제기하였다. 라. 한편 이 사건 자동차보험계약의 보험약관에 의하면, 후유장해의 상실수익액 계산 시 노동능력상실률 인정 방법에 관하여 ‘맥브라이드식 장해평가방법에 따라 일반의 옥내 또는 옥외 근로자를 기준으로 실질적으로 부상 치료·진단을 실시한 의사 또는 해당 과목 전문의가 진단·판정한 타당한 노동능력상실률을 적용하며, 동 판정과 관련하여 다툼이 있을 경우 보험금 청구권자와 보험회사가 협의하여 정한 제3의 전문의료기관의 전문의에게 판정을 의뢰할 수 있음.’이라고 정하고 있다. 제1심은 2016. 2. 19. 가톨릭대학교 여의도성모병원장에게 원고의 노동능력상실률에 관한 신체감정을 촉탁하여, 2016. 8. 29. 여의도성모병원장으로부터 맥브라이드식 장해평가방법에 의하면 원고의 노동능력상실률이 21%에 해당한다는 신체감정촉탁 결과를 회신받았다. 2. 원심은 판시와 같은 이유로, 피고가 원고에게 이 사건 상해보험계약에서 정한 보험금을 지급할 의무가 있고, 이 사건 자동차보험계약에 의한 보험금 청구에 관하여는 보험약관의 해석상 맥브라이드식 장해평가방법이 아닌 다른 기준에 의한 판단자료에 근거하여 원고의 노동능력상실률을 인정할 수 있다고 보아 원고의 노동능력상실률을 44.72%로 인정하면서 피고의 기왕증 기여도 공제 주장에 대하여는 보험약관상 근거가 없다는 이유로 배척하여, 원고의 이 사건 청구를 일부 인용하였다. 3. 그러나 원심판단 중 이 사건 자동차보험계약의 보험금 청구 부분은 아래와 같은 이유로 수긍하기 어렵다. 가. 이 사건 자동차보험계약 관련 노동능력상실률 인정 방법에 관하여 1) 자기신체사고 자동차보험은 피보험자가 피보험자동차를 소유·사용·관리하는 동안에 생긴 피보험자동차의 사고로 인하여 상해를 입었을 때에 보험자가 보험약관에 정한 사망보험금이나 부상보험금 또는 후유장해보험금 등을 지급할 책임을 지는 것으로서 인보험의 일종이기는 하나, 피보험자가 급격하고도 우연한 외부로부터 생긴 사고로 인하여 신체에 상해를 입은 경우에 그 결과에 따라 보험약관에 정한 보상금을 지급하는 보험이어서 그 성질상 ‘상해보험’에 속한다(대법원 2004. 7. 9. 선고 2003다29463 판결 등 참조). 당사자 사이에 보험약관을 기초로 보험계약이 체결된 때에는 특별한 사정이 없는 한 그 보험약관은 계약 내용에 포함시키기로 합의된 것으로서 계약당사자에 대하여 구속력을 갖고(대법원 1999. 7. 23. 선고 98다31868 판결 등 참조), 이러한 보험약관은 신의성실의 원칙에 따라 당해 약관의 목적과 취지를 고려하여 공정하고 합리적으로 해석하되, 개개의 계약당사자가 기도한 목적이나 의사를 참작함이 없이 평균적 고객의 이해가능성을 기준으로 보험단체 전체의 이해관계를 고려하여 객관적·획일적으로 해석하여야 하며(대법원 2010. 11. 25. 선고 2010다45777 판결, 대법원 2020. 10. 15. 선고 2020다234538, 234545 판결 등 참조), 보험약관이 비록 보험자가 다수의 보험계약자와 계약을 체결하기 위하여 일방적으로 마련한 것이라고 하더라도, 그 보험약관의 내용 등이 보험계약자의 정당한 이익과 합리적인 기대에 반할 뿐 아니라 사적자치의 한계를 벗어나는 등 무효라고 볼 만한 사정이 없다면, 법원이 이를 함부로 배척하거나 보험약관 내용을 그 목적과 취지 등과 달리 개별 사건마다 임의적으로 해석하여서는 아니 된다. 2) 앞서 본 사실관계와 기록에 의하여 알 수 있는 다음과 같은 사정을 위 법리에 비추어 보면, 이 사건 교통사고로 인한 원고의 노동능력상실률은 당사자가 계약 내용으로 정한 이","및 자동차보험계약에서 정한 각 보험금의 지급을 구하는 이 사건 소를 제기하였다. 라. 한편 이 사건 자동차보험계약의 보험약관에 의하면, 후유장해의 상실수익액 계산 시 노동능력상실률 인정 방법에 관하여 ‘맥브라이드식 장해평가방법에 따라 일반의 옥내 또는 옥외 근로자를 기준으로 실질적으로 부상 치료·진단을 실시한 의사 또는 해당 과목 전문의가 진단·판정한 타당한 노동능력상실률을 적용하며, 동 판정과 관련하여 다툼이 있을 경우 보험금 청구권자와 보험회사가 협의하여 정한 제3의 전문의료기관의 전문의에게 판정을 의뢰할 수 있음.’이",미검수
법제처 OPEN API/prec,240575,2022다298109,보험금,https://www.law.go.kr/DRF/lawService.do?OC=test&target=prec&ID=240575&type=HTML,(조 번호 미표기),위험,판례 문맥 추론 · 단일 신호,위험,,,"의 한계를 벗어나는 등 무효라고 볼 만한 사정이 없다면, 법원이 이를 함부로 배척하거나 보험약관 내용을 그 목적과 취지 등과 달리 개별 사건마다 임의적으로 해석하여서는 아니 된다. 2) 앞서 본 사실관계와 기록에 의하여 알 수 있는 다음과 같은 사정을 위 법리에 비추어 보면, 이 사건 교통사고로 인한 원고의 노동능력상실률은 당사자가 계약 내용으로 정한 이 사건 보험약관에 따라 ‘맥브라이드식 장해평가방법’에 의하여 정하여야 하고, 이를 다른 보험약관에서 정한 기준 등을 토대로 판단할 수는 없다고 봄이 타당하다. 가) 이 사건 자동차보험계약의 보험약관에 의하면, 원고와 피고는 피보험자의 후유장해의 상실수익액 계산을 위한 노동능력상실률은 원칙적으로 ‘실질적으로 부상 치료·진단을 실시한 의사 또는 해당 과목 전문의가 진단·판정한 맥브라이드식 장해평가방법’에 따르기로 약정하였음이 문언상 명백하다. 나) 또한 위 보험약관에서 ‘그 판정과 관련하여 다툼이 있을 경우 보험금 청구권자와 보험회사가 협의하여 정한 제3의 전문의료기관의 전문의에게 판정을 의뢰할 수 있다.’는 내용이 추가되어 있긴 하나, 이는 일방 당사자로부터 의뢰를 받은 의사 등의 진단·판정 결과에 대하여 상대방이 그 결과를 온전히 신뢰하지 못할 수도 있다는 측면 등을 고려하여, 그와 같은 다툼이 있는 경우에는 당사자들이 협의하여 다시 정한 제3의 전문의 등에게 재차 진단·판정을 의뢰할 수 있다는 취지로 해석된다. 다) 따라서 위 보험약관의 해석상 당사자 사이에 다툼이 있다는 사정만으로 노동능력상실률에 대하여 진단·판정을 담당하는 의료기관을 변경할 수 있는 외에, 나아가 그 판단 기준인 맥브라이드식 장해평가방법까지 변경하여 다른 방법 등으로 이를 진단·평가할 수 있다는 것으로 해석되지 않고, 이는 평균적인 보험계약자의 이해가능성 등에 비추어 보더라도 달리 보기 어렵다. 라) 특히 노동능력상실률은 단순한 의학적 신체기능장애율이 아니라 피해자의 연령, 교육 정도, 종전 직업의 성질과 직업경력 및 기능숙련 정도, 신체기능장애 정도, 유사직종이나 타직종에의 전업가능성과 그 확률, 기타 사회적, 경제적 조건을 모두 참작하여 경험칙에 따라 정한 수익상실률로서 법관의 자의가 배제된 합리적이고 객관성이 있어야 하는데(대법원 1990. 4. 13. 선고 89다카982 판결, 대법원 2019. 5. 30. 선고 2015다8902 판결 등 참조), ‘맥브라이드식 장해평가방법’은 이를 평가하기 위하여 널리 통용되고 있는 장해평가방법 중 하나이다. 이러한 측면에서 보더라도 당사자들이 그 노동능력상실률 판단 기준을 맥브라이드식 장해평가방법으로 약정한 것이 어느 당사자 일방에게 현저하게 불리하다거나 불합리하여 이를 배제해야 한다고 보기도 어렵다. 마) 원심으로서는 만일 원고에 대한 신체감정촉탁 결과를 그대로 신뢰하기 어려웠다면, 다른 의료기관 등에 재차 신체감정촉탁 등을 하는 등 맥브라이드식 장해평가방법에 따른 증거자료 등을 토대로 원고의 노동능력상실률을 정할 수 있음은 별론으로 하고, 이와 달리 이 사건 자동차보험계약이 아닌 다른 보험계약에서 정한 장해분류표 등을 기준으로 원고의 노동능력상실률을 임의로 정하는 것은 당사자들이 약정한 보험계약 약관의 해석 범위를 벗어날 뿐만 아니라, 앞서 본 보험약관의 해석 원칙에도 부합하지 않는 것으로 보인다. 나. 기지급 치료비 중 기왕증 기여도 해당 금액의 공제 주장에 관하여 1) 상해보험은 일반적으로 보험사고 이외에 피보험자의 질병 기타 기왕증이 공동 원인이 되어 상해에 영향을 미친 경우에도 사고로 인한 상해와 그 결과인 사망이나 후유장해 사이에 인과관계가 인정되면 보험계약 체결 시 약정한 대로 보험금을 지급할 의무가 발생한다. 다만 보험약관에 계약체결 전에 이미 존재한 신체 장해, 질병의 영향에 따라 상해가 중하게 된 때에는 그 영향이 없었을 때에 상당하는 금액을 결정하여 지급하기로 하는 내용이 있는 경우에는 지급될 보험금액을 산정함에 있어서 그 약관 조항에 따라 피","맥브라이드식 장해평가방법’에 의하여 정하여야 하고, 이를 다른 보험약관에서 정한 기준 등을 토대로 판단할 수는 없다고 봄이 타당하다. 가) 이 사건 자동차보험계약의 보험약관에 의하면, 원고와 피고는 피보험자의 후유장해의 상실수익액 계산을 위한 노동능력상실률은 원칙적으로",미검수
법제처 OPEN API/prec,240575,2022다298109,보험금,https://www.law.go.kr/DRF/lawService.do?OC=test&target=prec&ID=240575&type=HTML,(조 번호 미표기),(판단 불명확),판단 불명확,,,,"기준 등을 토대로 판단할 수는 없다고 봄이 타당하다. 가) 이 사건 자동차보험계약의 보험약관에 의하면, 원고와 피고는 피보험자의 후유장해의 상실수익액 계산을 위한 노동능력상실률은 원칙적으로 ‘실질적으로 부상 치료·진단을 실시한 의사 또는 해당 과목 전문의가 진단·판정한 맥브라이드식 장해평가방법’에 따르기로 약정하였음이 문언상 명백하다. 나) 또한 위 보험약관에서 ‘그 판정과 관련하여 다툼이 있을 경우 보험금 청구권자와 보험회사가 협의하여 정한 제3의 전문의료기관의 전문의에게 판정을 의뢰할 수 있다.’는 내용이 추가되어 있긴 하나, 이는 일방 당사자로부터 의뢰를 받은 의사 등의 진단·판정 결과에 대하여 상대방이 그 결과를 온전히 신뢰하지 못할 수도 있다는 측면 등을 고려하여, 그와 같은 다툼이 있는 경우에는 당사자들이 협의하여 다시 정한 제3의 전문의 등에게 재차 진단·판정을 의뢰할 수 있다는 취지로 해석된다. 다) 따라서 위 보험약관의 해석상 당사자 사이에 다툼이 있다는 사정만으로 노동능력상실률에 대하여 진단·판정을 담당하는 의료기관을 변경할 수 있는 외에, 나아가 그 판단 기준인 맥브라이드식 장해평가방법까지 변경하여 다른 방법 등으로 이를 진단·평가할 수 있다는 것으로 해석되지 않고, 이는 평균적인 보험계약자의 이해가능성 등에 비추어 보더라도 달리 보기 어렵다. 라) 특히 노동능력상실률은 단순한 의학적 신체기능장애율이 아니라 피해자의 연령, 교육 정도, 종전 직업의 성질과 직업경력 및 기능숙련 정도, 신체기능장애 정도, 유사직종이나 타직종에의 전업가능성과 그 확률, 기타 사회적, 경제적 조건을 모두 참작하여 경험칙에 따라 정한 수익상실률로서 법관의 자의가 배제된 합리적이고 객관성이 있어야 하는데(대법원 1990. 4. 13. 선고 89다카982 판결, 대법원 2019. 5. 30. 선고 2015다8902 판결 등 참조), ‘맥브라이드식 장해평가방법’은 이를 평가하기 위하여 널리 통용되고 있는 장해평가방법 중 하나이다. 이러한 측면에서 보더라도 당사자들이 그 노동능력상실률 판단 기준을 맥브라이드식 장해평가방법으로 약정한 것이 어느 당사자 일방에게 현저하게 불리하다거나 불합리하여 이를 배제해야 한다고 보기도 어렵다. 마) 원심으로서는 만일 원고에 대한 신체감정촉탁 결과를 그대로 신뢰하기 어려웠다면, 다른 의료기관 등에 재차 신체감정촉탁 등을 하는 등 맥브라이드식 장해평가방법에 따른 증거자료 등을 토대로 원고의 노동능력상실률을 정할 수 있음은 별론으로 하고, 이와 달리 이 사건 자동차보험계약이 아닌 다른 보험계약에서 정한 장해분류표 등을 기준으로 원고의 노동능력상실률을 임의로 정하는 것은 당사자들이 약정한 보험계약 약관의 해석 범위를 벗어날 뿐만 아니라, 앞서 본 보험약관의 해석 원칙에도 부합하지 않는 것으로 보인다. 나. 기지급 치료비 중 기왕증 기여도 해당 금액의 공제 주장에 관하여 1) 상해보험은 일반적으로 보험사고 이외에 피보험자의 질병 기타 기왕증이 공동 원인이 되어 상해에 영향을 미친 경우에도 사고로 인한 상해와 그 결과인 사망이나 후유장해 사이에 인과관계가 인정되면 보험계약 체결 시 약정한 대로 보험금을 지급할 의무가 발생한다. 다만 보험약관에 계약체결 전에 이미 존재한 신체 장해, 질병의 영향에 따라 상해가 중하게 된 때에는 그 영향이 없었을 때에 상당하는 금액을 결정하여 지급하기로 하는 내용이 있는 경우에는 지급될 보험금액을 산정함에 있어서 그 약관 조항에 따라 피보험자의 체질 또는 소인 등이 보험사고의 발생 또는 확대에 기여하였다는 사유를 들어 보험금을 감액할 수 있으므로(대법원 2002. 10. 11. 선고 2002다564 판결, 대법원 2007. 10. 11. 선고 2006다42610 판결 등 참조). 피보험자에게 이미 존재하던 신체 장해, 질병의 영향에 따라 상해가 ",그 판정과 관련하여 다툼이 있을 경우 보험금 청구권자와 보험회사가 협의하여 정한 제3의 전문의료기관의 전문의에게 판정을 의뢰할 수 있다,미검수
법제처 OPEN API/prec,240575,2022다298109,보험금,https://www.law.go.kr/DRF/lawService.do?OC=test&target=prec&ID=240575&type=HTML,(조 번호 미표기),(판단 불명확),판단 불명확,,,,"1. 선고 2006다42610 판결 등 참조). 피보험자에게 이미 존재하던 신체 장해, 질병의 영향에 따라 상해가 중하게 된 경우임에도 그 기여도가 반영되지 않은 채 보험금이 지급되었다면, 보험자로서는 기지급한 보험금에서 기왕증의 기여도가 적절히 반영되어 산정되었을 보험금을 공제한 차액에 대하여 반환을 구할 수 있다고 보아야 한다. 2) 기록에 의하면, 이 사건 보험계약의 보험약관 중 특별약관 제132조는 ‘이 특별약관에서 정하지 아니한 사항은 보통약관에 따릅니다.’라고 정하고 있고, 보통약관 [별표 3]의 과실상계 등 부분에서 기왕증과 관련하여 ‘당해 자동차사고가 있기 전에 이미 가지고 있던 증상은 보상하지 아니함. 다만 이미 가지고 있던 증상이라도 당해 사고로 인해 추가된 부분은 보상함.’이라고 정하였음을 알 수 있다. 3) 이러한 기왕증에 관한 보험약관 내용에 따르면, 피보험자인 원고에게 기왕증이 존재하고 그로 인해 원고의 상해가 중하게 되어 치료비가 증가되었다면, 피고로서는 치료비 전액이 아닌 그와 같은 기왕증 기여도를 반영하여 감액된 보험금을 지급할 수 있고, 만일 피고가 원고에게 기왕증 기여도를 반영하지 않은 채 치료비를 모두 지급하였다면, 그 차액 상당을 원고로부터 반환받을 수 있다고 볼 수 있다. 4) 따라서 이 사건 자동차보험계약의 보험약관에는 피고의 기왕증 기여도 공제 주장과 관련한 당사자들의 약정에 따른 법률적 근거가 존재한다고 봄이 타당하다. 다. 그런데도 원심은 이 사건 자동차보험계약의 보험약관에서 정하지 않은 다른 기준으로 원고의 노동능력상실률을 정하고 피고의 기왕증 기여도 관련 공제 주장을 배척하였다. 이러한 원심판단에는 논리와 경험의 법칙을 위반하여 자유심증주의 한계를 벗어나거나 보험계약의 보험약관 해석 등에 관한 법리를 오해하고 필요한 심리를 다하지 아니하여 판결에 영향을 미친 잘못이 있다. 이를 지적하는 피고의 상고이유는 이유 있다. 4. 그러므로 원심판결의 이 사건 자동차보험계약에 의한 보험금 청구에 관한 피고 패소 부분은 파기되어야 할 것인데, 피고가 그중 일부에 대하여만 상고하여 파기 범위는 피고의 상고 부분에 한정되므로, 원심판결의 이 사건 자동차보험계약에 의한 보험금 청구에 관한 피고 패소 부분 중 피고가 다투는 63,127,168원 및 이에 대한 지연손해금 부분을 파기하고, 이 부분 사건을 다시 심리·판단하도록 원심법원에 환송하기로 하여, 관여 대법관의 일치된 의견으로 주문과 같이 판결한다. 대법관 이동원(재판장) 조재연(주심) 민유숙 천대엽 ]]>",보험약관 중 특별약관 제132조는 ‘이 특별약관에서 정하지 아니한 사항은 보통약관에 따릅니다.,미검수
법제처 OPEN API/prec,240575,2022다298109,보험금,https://www.law.go.kr/DRF/lawService.do?OC=test&target=prec&ID=240575&type=HTML,(조 번호 미표기),(판단 불명확),판단 불명확,,,," 그 기여도가 반영되지 않은 채 보험금이 지급되었다면, 보험자로서는 기지급한 보험금에서 기왕증의 기여도가 적절히 반영되어 산정되었을 보험금을 공제한 차액에 대하여 반환을 구할 수 있다고 보아야 한다. 2) 기록에 의하면, 이 사건 보험계약의 보험약관 중 특별약관 제132조는 ‘이 특별약관에서 정하지 아니한 사항은 보통약관에 따릅니다.’라고 정하고 있고, 보통약관 [별표 3]의 과실상계 등 부분에서 기왕증과 관련하여 ‘당해 자동차사고가 있기 전에 이미 가지고 있던 증상은 보상하지 아니함. 다만 이미 가지고 있던 증상이라도 당해 사고로 인해 추가된 부분은 보상함.’이라고 정하였음을 알 수 있다. 3) 이러한 기왕증에 관한 보험약관 내용에 따르면, 피보험자인 원고에게 기왕증이 존재하고 그로 인해 원고의 상해가 중하게 되어 치료비가 증가되었다면, 피고로서는 치료비 전액이 아닌 그와 같은 기왕증 기여도를 반영하여 감액된 보험금을 지급할 수 있고, 만일 피고가 원고에게 기왕증 기여도를 반영하지 않은 채 치료비를 모두 지급하였다면, 그 차액 상당을 원고로부터 반환받을 수 있다고 볼 수 있다. 4) 따라서 이 사건 자동차보험계약의 보험약관에는 피고의 기왕증 기여도 공제 주장과 관련한 당사자들의 약정에 따른 법률적 근거가 존재한다고 봄이 타당하다. 다. 그런데도 원심은 이 사건 자동차보험계약의 보험약관에서 정하지 않은 다른 기준으로 원고의 노동능력상실률을 정하고 피고의 기왕증 기여도 관련 공제 주장을 배척하였다. 이러한 원심판단에는 논리와 경험의 법칙을 위반하여 자유심증주의 한계를 벗어나거나 보험계약의 보험약관 해석 등에 관한 법리를 오해하고 필요한 심리를 다하지 아니하여 판결에 영향을 미친 잘못이 있다. 이를 지적하는 피고의 상고이유는 이유 있다. 4. 그러므로 원심판결의 이 사건 자동차보험계약에 의한 보험금 청구에 관한 피고 패소 부분은 파기되어야 할 것인데, 피고가 그중 일부에 대하여만 상고하여 파기 범위는 피고의 상고 부분에 한정되므로, 원심판결의 이 사건 자동차보험계약에 의한 보험금 청구에 관한 피고 패소 부분 중 피고가 다투는 63,127,168원 및 이에 대한 지연손해금 부분을 파기하고, 이 부분 사건을 다시 심리·판단하도록 원심법원에 환송하기로 하여, 관여 대법관의 일치된 의견으로 주문과 같이 판결한다. 대법관 이동원(재판장) 조재연(주심) 민유숙 천대엽 ]]>",[별표 3]의 과실상계 등 부분에서 기왕증과 관련하여 ‘당해 자동차사고가 있기 전에 이미 가지고 있던 증상은 보상하지 아니함. 다만 이미 가지고 있던 증상이라도 당해 사고로 인해 추가된 부분은 보상함.’이,미검수
법제처 OPEN API/prec,235569,2020다248384,계약금반환·기타(금전),https://www.law.go.kr/DRF/lawService.do?OC=test&target=prec&ID=235569&type=HTML,(조 번호 미표기),(판단 불명확),판단 불명확,,,,"분양사업의 시행사 겸 위탁자인 피고(반소원고) 주식회사 광영산업개발, 주식회사 엠앤씨 및 분양사업자인 피고(반소원고) 신한자산신탁 주식회사[이하 ‘피고(반소원고)’를 ‘피고’라 하고, 회사 명칭에서 ‘주식회사’를 모두 생략한다]와 이 사건 건물 중 B동의 5개 호실을 분양받는 내용의 계약(이하 ‘이 사건 각 공급계약’이라 한다)을 체결하고, 각 호실별로 ‘공급계약서’(이하 ‘이 사건 각 공급계약서’라 한다)와 ‘공급계약서 계약 해제조항 변경동의 각서’(이하 ‘이 사건 각 변경동의 각서’라 한다) 등을 작성한 후 피고 신한자산신탁의 계좌로 15,000,000원(1차 계약금 3,000,000원 × 5개 호실)을 입금하였다. 나. 그런데 원고는 이 사건 각 계약 체결 당시 인감을 소지하지 않아 서명 또는 무인을 하는 방식으로 이 사건 각 공급계약서와 변경동의 각서 등을 작성하였고, 피고들에게 2018. 3. 31.까지 인감과 인감증명서를 지참하여 위와 같이 작성한 문서를 보완하기로 약속하였으나, 약속한 기한까지 이를 이행하지 않았다. 다. 원고는 2018. 4. 2. 피고들의 담당 직원과 통화하면서 이 사건 각 공급계약에 관한 문서 사본을 내줄 것을 요구하였는데, 담당 직원은 위와 같은 약속이 이행되지 않았음을 이유로 그 요구를 거절하였다. 라. 한편 원고가 이 사건 각 공급계약에 따른 계약금 잔금을 지급하지 않자, 피고들과 대우건설은 2018. 4. 20.과 2018. 5. 14. 원고에게 계약금 잔금 및 연체료 등을 납부하라는 취지의 최고장을 발송하였고, 최고장은 그 무렵 원고에게 모두 도달하였다. 마. 피고들과 대우건설은 2018. 5. 25. 원고에게 ‘이 사건 각 공급계약을 해제하고 원고가 납부한 돈은 피고들에게 귀속되며 위약금으로 각 호실별로 계약금 잔금에 해당하는 금원을 지급하라.’는 취지의 내용증명 우편을 발송하였고, 그 내용증명 우편은 2018. 5. 28. 원고에게 도달하였다. 2. 원심은 판시와 같은 이유로 다음과 같이 판단하였다. 피고들은 이 사건 각 공급계약이 체결되고 5일 후 이 사건 각 공급계약에 관한 문서 사본을 내달라는 원고의 요구를 거절함으로써 「약관의 규제에 관한 법률」(이하 ‘약관법’이라 한다) 제3조 제2항 본문에 따른 약관 사본 교부의무를 위반하였으므로 약관법 제3조 제4항에 따라 이를 계약의 내용으로 주장할 수 없다. 이 사건 각 공급계약서와 이 사건 각 변경동의 각서는 이 사건 각 공급계약에 따른 매매대금의 지급시기, 매도인과 매수인의 의무사항 등을 정하고 있는바, 이는 계약의 필수적이고 중요한 내용에 해당하고 이를 제외한 나머지 부분만으로는 계약의 목적 달성이 불가능하므로 약관법 제16조에 따라 이 사건 각 공급계약은 전부 무효로 된다. 3. 그러나 원심의 판단은 다음과 같은 이유로 수긍하기 어렵다. 가. 약관법 제3조 제2항 본문은 “사업자는 계약을 체결할 때에는 고객에게 약관의 내용을 계약의 종류에 따라 일반적으로 예상되는 방법으로 분명하게 밝히고, 고객이 요구할 경우 그 약관의 사본을 고객에게 내주어 고객이 약관의 내용을 알 수 있게 하여야 한다.”라고 규정하고, 같은 조 제4항은 “사업자가 제2항 및 제3항을 위반하여 계약을 체결한 경우에는 해당 약관을 계약의 내용으로 주장할 수 없다.”라고 규정하고 있다. 약관법 제3조 제2항, 제4항이 사업자에 대하여 약관의 명시의무와 약관 사본 교부의무를 부과하고 이를 위반하여 계약을 체결한 경우에는 그 약관을 계약의 내용으로 주장할 수 없도록 한 것은, 고객으로 하여금 각 당사자를 구속하게 될 내용을 미리 알고 약관에 의한 계약을 체결하도록 함으로써 예측하지 못한 불이익을 받게 되는 것을 방지하여 고객을 보호하려는 데 입",(이하 ‘이 사건 각 공급계약서’라 한다)와,미검수
법제처 OPEN API/prec,234455,2018다207076,전기요금부당이득반환청구,https://www.law.go.kr/DRF/lawService.do?OC=test&target=prec&ID=234455&type=HTML,(조 번호 미표기),위험,판례 문맥 추론 · 신호 혼재,위험,,,"234455 2018다207076 20230330 선고 대법원 400201 민사 400101 판결 [1] 구 전기사업법 제16조에 따라 전기판매사업자가 작성한 기본공급약관이 일반적 구속력을 가지는 법규로서의 효력이 있는지 여부(소극) 및 기본공급약관의 조항이 고객에게 부당하게 불리한 조항으로서 ‘신의성실의 원칙을 위반하여 공정성을 잃은 약관 조항’에 해당하는 경우, 약관의 규제에 관한 법률 제6조 제1항, 제2항 제1호에 따라 무효인지 여부(적극) [2] 약관의 규제에 관한 법률 제6조 제1항, 제2항 제1호가 적용되기 위한 요건 및 이때 약관 조항의 무효 사유에 해당하는 ‘고객에게 부당하게 불리한 조항’인지 판단하는 기준 / 전기판매사업자가 작성한 기본공급약관 조항이 주택용 전력의 사용자인 고객에게 부당하게 불리한 조항인지를 판단할 때 고려하여야 할 사항 [3] 전기판매사업자가 관련 규정을 준수하여 기본공급약관을 작성하고 인가를 받은 경우, 약관의 내용이나 그에 포함된 전기요금을 책정하는 과정에서 주택용 전력 사용자의 참여가 제한되는 측면이 있다는 사정만으로 전기판매사업자가 거래상 지위를 남용하여 계약상대방인 고객의 정당한 이익과 합리적인 기대를 침해할 정도로 약관의 내용을 일방적으로 작성한 것으로 볼 수 있는지 여부(소극) [4] 한국전력공사가 작성하여 인가받은 기본공급약관 중 주택용 전력에 관하여 두고 있는 누진요금제가 약관의 규제에 관한 법률 제6조 제2항 제1호에서 정한 ‘고객에게 부당하게 불리한 조항’에 해당하는지 판단하는 기준 [5] 한국전력공사가 작성하여 인가받은 기본공급약관 중 주택용 전력에 관하여 두고 있는 누진요금제의 구간 및 구간별 전기요금이 약관의 규제에 관한 법률 제6조 제2항 제1호에서 정한 ‘고객에게 부당하게 불리한 조항’에 해당하는지 판단하는 기준 ]]> [1] 구 전기사업법(2013. 3. 23. 법률 제11690호로 개정되기 전의 것) 제16조는 공익사업인 전기사업의 합리적 운용과 사용자의 이익보호를 위하여, 계약자유의 원칙을 일부 제한하여 전기판매사업자와 전기사용자 간의 전기공급 계약의 조건을 당사자들이 개별적으로 협정하는 것을 금지하고 전기판매사업자가 작성한 기본공급약관에 따르도록 정하고 있는데, 이러한 기본공급약관은 전기판매사업자와 계약을 체결한 전기사용자에게만 적용되는 것이므로 일반적 구속력을 가지는 법규로서의 효력은 없고, 보통계약 약관으로서의 성질을 가진다. 따라서 기본공급약관의 조항이 고객에게 부당하게 불리한 조항으로서 ‘신의성실의 원칙을 위반하여 공정성을 잃은 약관 조항’에 해당하는 경우에는 약관의 규제에 관한 법률 제6조 제1항, 제2항 제1호에 따라 무효가 된다. [2] 약관의 규제에 관한 법률 제6조 제1항, 제2항 제1호가 적용되기 위해서는 문제 되는 약관 조항이 고객에게 다소 불이익하다는 점만으로는 부족하고, 약관 작성자가 거래상의 지위를 남용하여 계약 상대방의 정당한 이익과 합리적인 기대에 반하여 형평에 어긋나는 약관 조항을 작성·사용함으로써 건전한 거래질서를 훼손하는 등 고객에게 부당하게 불이익을 주었다는 점이 인정되어야 한다. 그리고 이때 약관 조항의 무효 사유에 해당하는 ‘고객에게 부당하게 불리한 조항’인지는 그 조항에 따라 고객에게 생길 수 있는 불이익의 내용과 불이익 발생의 개연성, 당사자들 사이의 거래 과정에 미치는 영향, 관계 법령의 규정 등 모든 사정을 종합하여 판단하여야 한다. 그리고 전기사업의 건전한 발전 도모와 전기사용자의 이익 보호라는 구 전기사업법(2013. 3. 23. 법률 제11690호로 개정되기 전의 것)의 목적(제1조)에서 알 수 있듯이 전기판매사업은 공",신의성실의 원칙을 위반하여 공정성을 잃은 약관 조항,미검수
법제처 OPEN API/prec,234455,2018다207076,전기요금부당이득반환청구,https://www.law.go.kr/DRF/lawService.do?OC=test&target=prec&ID=234455&type=HTML,(조 번호 미표기),위험,판례 문맥 추론 · 단일 신호,위험,,," 정상적으로 영위하는 데에 중대한 영향을 미친다. 따라서 기본공급약관 조항이 주택용 전력의 사용자인 고객에게 부당하게 불리한 조항인지를 판단할 때는 이와 같은 기본공급약관의 특수성을 함께 고려하여야 한다. [3] 구 전기사업법(2013. 3. 23. 법률 제11690호로 개정되기 전의 것, 이하 ‘구 전기사업법’이라고 한다) 등에 의하면 전기판매사업자는 기본공급약관의 내용을 작성하거나 변경할 때 지식경제부장관이 ‘발전사업세부허가기준, 전기요금산정기준, 전력량계허용오차 및 전력계통운영업무에 관한 고시’(2012. 1. 6. 지식경제부 고시 제2012-2호로 개정된 것)를 통해 정한 전기요금 등에 관한 세부적 기준에 따라야 한다[구 전기사업법 제16조 제1항, 구 전기사업법 시행령(2013. 3. 23. 대통령령 제24442호로 개정되기 전의 것) 제7조 제2항]. 이러한 기준에 따라 작성된 기본공급약관은 지식경제부장관의 인가를 받아야 하는데(구 전기사업법 제16조 제1항), 지식경제부장관은 그에 앞서 전기위원회의 심의를 거쳐야 하고(같은 조 제2항), 특히 기본공급약관에 포함된 전기요금을 정하거나 변경하려는 경우에는 기획재정부장관과 협의하여야 한다(물가안정에 관한 법률 제4조 제1항). 이처럼 관련 규정은 전기사용자의 이익을 보호하기 위하여 전기판매사업자가 전기요금 등 세부적인 기준을 자의적으로 설정하지 못하도록 기준을 정하고 있고, 작성 이후에도 기본공급약관에 대한 인가절차 등을 통하여 주무관청의 감독·통제를 받도록 정하고 있다. 위와 같은 기본공급약관의 작성·인가·심의 과정에 참여하는 사람들은 개인으로서 상당수가 주택용 전기사용자의 지위에 있고, 한편 전기 관련 단체 또는 소비자보호 관련 단체에서 10년 이상 종사한 경력이 있는 사람은 기본공급약관을 심의하는 전기위원회의 위원이 될 수 있으며(구 전기사업법 제54조 제1항 제5호), 전기위원회는 산하에 전기요금 분야, 소비자보호 분야의 전문위원회를 구성하여 해당 분야에 관한 학식과 경험이 풍부한 사람을 위원으로 위촉할 수 있다[구 전기사업법 제59조 제1항, 구 전기사업법 시행규칙(2013. 3. 23. 산업통상자원부령 제1호로 개정되기 전의 것) 제26조 제1항, 제3항]. 따라서 전기요금이나 그 밖의 공급조건에 관한 약관이 작성되어 인가되는 과정에서 주택용 전력을 사용하는 소비자의 의견이 반영될 수 있는 길이 열려 있다고 볼 수 있다. 그러므로 전기판매사업자가 관련 규정을 준수하여 기본공급약관을 작성하고 인가를 받았다면 설령 약관의 내용이나 그에 포함된 전기요금을 책정하는 과정에서 주택용 전력 사용자의 참여가 제한되는 측면이 있더라도, 그와 같은 사정만으로는 전기판매사업자가 약관의 작성 과정에서 거래상 지위를 남용하여 계약상대방인 고객의 정당한 이익과 합리적인 기대를 침해할 정도로 약관의 내용을 일방적으로 작성한 것으로 볼 수는 없다. [4] 전기는 국민 개개인의 일상생활에 필요불가결한 재화인 동시에 필수적인 생산요소로서 공공재의 성격을 가진다. 이처럼 한정된 자원인 전기의 효율적 배분을 위하여, 구 전기사업법(2013. 3. 23. 법률 제11690호로 개정되기 전의 것, 이하 ‘구 전기사업법’이라고 한다)은 전기사업의 건전한 발전을 도모하고 전기사용자의 이익을 보호할 것을 목적으로 하면서, 전력공급과 관련하여 지식경제부장관에게 전력수급의 안정을 위한 종합적인 시책을 마련하도록 하고 있다(제1조, 제3조 제1항). 이와 관련하여 지식경제부장관은 ‘발전사업세부허가기준, 전기요금산정기준, 전력량계허용오차 및 전력계통운영업무에 관한 고시’(2012. 1. 6. 지식경제부 고시 제2012-2호로 개정된 것)에서 전기요금의 체계가 전기사용자 간에 부담의 형평이 유지되고 자원이 합리적으로 배분되도록 형성되어야 한다고 규정하면서(제9조 제1항), 구체적으로 ","발전사업세부허가기준, 전기요금산정기준, 전력량계허용오차 및 전력계통운영업무에 관한 고시",미검수
법제처 OPEN API/prec,234455,2018다207076,전기요금부당이득반환청구,https://www.law.go.kr/DRF/lawService.do?OC=test&target=prec&ID=234455&type=HTML,(조 번호 미표기),(판단 불명확),판단 불명확,,,," 판단할 때는 이와 같은 기본공급약관의 특수성을 함께 고려하여야 한다. 나. 원심은, 판시와 같은 사정을 기초로, 피고가 작성하여 구 전기사업법 제16조 제1항에 따라 2012. 8. 6. 지식경제부장관으로부터 인가받은 기본공급약관이 일반적으로 구속력 있는 법규범은 아니고 보통계약 약관으로서의 성질을 가진다고 보고, 그중 주택용 전력에 관한 부분(이하 ‘이 사건 약관’이라고 한다)의 효력을 검토할 때 규범통제기준을 적용할 수는 없다고 판단하였다. 그리고 이 사건 약관에 대하여 약관법 제6조를 적용하면서, 그 약관 조항들에 따라 주택용 전기사용자들에게 발생할 수 있는 불이익과 그 개연성, 안정적인 전력공급 등 전기공급 계약에 미치는 영향, 구 전기사업법, 구 전기사업법 시행령(2013. 3. 23. 대통령령 제24442호로 개정되기 전의 것, 이하 ‘구 전기사업법 시행령’이라고 한다), 「발전사업세부허가기준, 전기요금산정기준, 전력량계허용오차 및 전력계통운영업무에 관한 고시」(2012. 1. 6. 지식경제부 고시 제2012-2호로 개정된 것, 이하 ‘이 사건 고시’라고 한다) 등의 관련 규정과 함께, 이 사건 약관의 특수성을 종합적으로 고려하여 이 사건 약관 조항의 유·무효를 판단하였다. 이러한 원심의 판단은 앞서 본 법리에 따른 것으로서 정당하고, 거기에 상고이유 주장과 같이 이 사건 약관의 법적 성격이나 유효성 판단 기준에 관한 법리를 오해하여 판결에 영향을 미친 잘못이 없다. 2. 이 사건 약관의 작성 과정에서 거래상 지위의 남용이 있었는지 여부 가. 1) 구 전기사업법 등에 의하면 전기판매사업자는 기본공급약관의 내용을 작성하거나 변경할 때 지식경제부장관이 이 사건 고시를 통해 정한 전기요금 등에 관한 세부적 기준에 따라야 한다(구 전기사업법 제16조 제1항, 구 전기사업법 시행령 제7조 제2항). 이러한 기준에 따라 작성된 기본공급약관은 지식경제부장관의 인가를 받아야 하는데(구 전기사업법 제16조 제1항), 지식경제부장관은 그에 앞서 전기위원회의 심의를 거쳐야 하고(같은 조 제2항), 특히 기본공급약관에 포함된 전기요금을 정하거나 변경하려는 경우에는 기획재정부장관과 협의하여야 한다(물가안정에 관한 법률 제4조 제1항 ). 이처럼 관련 규정은 전기사용자의 이익을 보호하기 위하여 전기판매사업자가 전기요금 등 세부적인 기준을 자의적으로 설정하지 못하도록 그 기준을 정하고 있고, 그 작성 이후에도 기본공급약관에 대한 인가절차 등을 통하여 주무관청의 감독·통제를 받도록 정하고 있다. 2) 위와 같은 기본공급약관의 작성·인가·심의 과정에 참여하는 사람들은 개인으로서 상당수가 주택용 전기사용자의 지위에 있고, 한편 전기 관련 단체 또는 소비자보호 관련 단체에서 10년 이상 종사한 경력이 있는 사람은 기본공급약관을 심의하는 전기위원회의 위원이 될 수 있으며(구 전기사업법 제54조 제1항 제5호), 전기위원회는 그 산하에 전기요금 분야, 소비자보호 분야의 전문위원회를 구성하여 해당 분야에 관한 학식과 경험이 풍부한 사람을 그 위원으로 위촉할 수 있다[구 전기사업법 제59조 제1항, 구 전기사업법 시행규칙(2013. 3. 23. 산업통상자원부령 제1호로 개정되기 전의 것, 이하 ‘구 전기사업법 시행규칙’이라고 한다) 제26조 제1항, 제3항]. 따라서 전기요금이나 그 밖의 공급조건에 관한 약관이 작성되어 인가되는 과정에서 주택용 전력을 사용하는 소비자의 의견이 반영될 수 있는 길이 열려 있다고 볼 수 있다. 3) 그러므로 전기판매사업자가 관련 규정을 준수하여 기본공급약관을 작성하고 인가를 받았다면 설령 약관의 내용이나 그에 포함된 전기요금을 책정하는 과정에서 주택용 전력 사용자의 참여가 제한되는 측면이 있더라도, 그와 같은 사정만으로는 전기판매사업자가 약관의 작성 과정에서 그 거래상 지위를 남용하여 계약상대방인 고객의 정당한 이익과 합리적인 기대를 침해할 정도로 그 약관의 내용을 일방적으로 작성한 것으로 볼 수는 없다. 나. 원심은, 판시와 같은 사실을 인정한 다음, 전기판매사업자인 피고가 관련 규정을 준수하여 이 사건 약관을","라고 한다)의 효력을 검토할 때 규범통제기준을 적용할 수는 없다고 판단하였다. 그리고 이 사건 약관에 대하여 약관법 제6조를 적용하면서, 그 약관 조항들에 따라 주택용 전기사용자들에게 발생할 수 있는 불이익과 그 개연성, 안정적인 전력공급 등 전기공급 계약에 미치는 영향, 구 전기사업법, 구 전기사업법 시행령(2013. 3. 23. 대통령령 제24442호로 개정되기 전의 것, 이하",미검수
법제처 OPEN API/prec,234455,2018다207076,전기요금부당이득반환청구,https://www.law.go.kr/DRF/lawService.do?OC=test&target=prec&ID=234455&type=HTML,(조 번호 미표기),위험,판례 문맥 추론 · 단일 신호,위험,,," 보완할 수 있다고 명시하고 있다(같은 조 제2항). 2) 이처럼 누진요금은 관련 규정에 그 근거를 두고 있는 요금방식으로서, 전기를 효율적으로 배분하여 전기사용자의 이익을 보호하려는 데에 그 목적이 있고, 이를 통해 전력수급이 안정되면 주택용 전기사용자들도 일상생활을 정상적으로 영위하는 데 필요한 전기를 안정적으로 공급받는 이익을 얻게 된다. 따라서 이 사건 약관에서 주택용 전력에 관하여 두고 있는 누진요금제(이하 ‘이 사건 누진제’라고 한다)가 관련 규정에서 명시한 누진요금의 도입요건, 즉 전기사용자 간에 부담의 형평이 유지되는 가운데 전기의 합리적 배분을 위해 필요하여 도입된 경우에 해당하고, 구 전기사업법의 목적과 취지에 반하는 정도로 주택용 전기사용자의 이익을 제한하는 요금방식이 아니라면, 설령 이 사건 누진제가 구 전기사업법의 목적과 취지를 달성하는 데 가장 적합한 요금방식이라고 보기에 미흡한 점이 있다고 하더라도, 그러한 내용의 조항이 약관법 제6조 제2항 제1호가 말하는 ‘고객에게 부당하게 불리한 조항’에 해당한다고 할 수는 없다. 나. 원심은, 판시와 같은 사실을 인정한 다음, 수요가 늘어날수록 단위당 발전비용이 늘어나는 전력공급구조의 특수성, 한정된 필수공공재인 전기의 공급이 소득수준이나 계층에 따라 편중되는 것을 방지할 필요성, 주택용 전력의 경우 다른 용도의 전력에 비해 송전·배전비용이 많이 소요되는 등으로 종별원가가 더 높아 그 수요를 조절할 필요가 상대적으로 더 큰 점, 다른 국가들에 비하여 주택용 전력의 사용량 비율이 낮은 것은 경제규모, 산업구조, 생활방식 등 다양한 원인에 따른 것일 수 있고, 따라서 이 사건 누진제 도입으로 주택용 전력 사용이 부당하게 억제되고 있다고 볼 수 없는 점 등을 종합하여, 이 사건 누진제는 도입의 필요성이 인정되고 구 전기사업법의 목적과 취지에 반하는 정도로 주택용 전기사용자의 이익을 제한하지 않으므로, 원고들에게 부당하게 불리하지 않다고 판단하였다. 원심의 이 부분 이유 설시에 다소 부적절한 점이 있으나, 이 사건 누진제의 도입이 원고들에게 부당하게 불리하지 않다는 원심의 결론은 앞서 본 법리에 따른 것으로서 정당하고, 거기에 상고이유 주장과 같이 이 사건 누진제의 공정 여부에 관한 법리를 오해하거나 필요한 심리를 다하지 아니한 채 논리와 경험의 법칙을 위반하여 자유심증주의의 한계를 벗어난 잘못이 없다. 4. 구간별 전기요금이 전기사용자에게 부당하게 불리한지 여부 등 가. 1) 전기요금은 적정 원가에 적정 이윤을 더한 것으로서 총괄원가를 보상하는 수준에서 결정되어야 하는데(구 전기사업법 시행령 제7조 제1항 제1호, 이 사건 고시 제8조 제1항), 이때 총괄원가란 적정 원가에 적정투자보수를 더한 금액을 의미한다(이 사건 고시 제8조 제2항, 물가안정에 관한 법률 시행령 제6조 제2항). 그런데 전기요금 산정에 필요한 원가검증을 위해, 한국전력공사 등은 재무제표, 제조원가증명서 등 회계자료를 지식경제부와 기획재정부에 제출하여야 하고(이 사건 고시 제12조 제2항), 전기판매사업자는 기본공급약관의 인가신청서를 지식경제부장관에게 제출함에 있어서 전기요금 등의 산출근거나 금액결정방법에 관한 설명서도 함께 제출하여야 한다(구 전기사업법 시행규칙 제17조 제1항 제2호). 이처럼 관련 규정은 지식경제부장관이 제출받은 회계자료 등을 통해 총괄원가 및 종별공급원가(총괄원가를 기초로 산정된 용도별 전력의 공급원가, 이하 ‘종별원가’라고 한다)의 적정성을 검토한 다음, 이를 바탕으로 전기판매사업자가 책정한 전기요금이 총괄원가를 보상하는 수준에서 책정되었는지를 평가하는 절차를 마련하고 있다. 2) 한편 적정투자보수는 전기를 생산·공급하기 위하여 직접 활용되고 있는 실제 투자된 자산에 대한 적정한 보수를 말하는데, 구체적으로 요금기저에 적정투자보수율을 곱하는 방법으로 산정한다(이 사건 고시 제15조). 이때 적정투자보수율은 전기사업의 기업성과 공익성을 조화시킬 수 있는 범위 내에서 결정하여야 하고, 원칙적으로 세후자기자본투자보수율과 세후타인자본투자보수율을 적용하여 가중평균한 ","사건 누진제’라고 한다)가 관련 규정에서 명시한 누진요금의 도입요건, 즉 전기사용자 간에 부담의 형평이 유지되는 가운데 전기의 합리적 배분을 위해 필요하여 도입된 경우에 해당하고, 구 전기사업법의 목적과 취지에 반하는 정도로 주택용 전기사용자의 이익을 제한하는 요금방식이 아니라면, 설령 이 사건 누진제가 구 전기사업법의 목적과 취지를 달성하는 데 가장 적합한 요금방식이라고 보기에 미흡한 점이 있다고 하더라도, 그러한 내용의 조항이 약관법 제6조 제2항 제1호가 말하는",미검수
법제처 OPEN API/prec,618551,2020가합581802,위약금등청구,https://www.law.go.kr/DRF/lawService.do?OC=test&target=prec&ID=618551&type=HTML,(조 번호 미표기),(판단 불명확),판단 불명확,,,," 14일이 되는 날을 기준으로 원고의 피고에 대한 이 사건 청구채권과 대등액에서 상계한다. 한편 피고는 이 사건 공급계약의 해제일 이후에도 원고를 대신하여 중도금 대출이자를 대납해주었으므로, 각 대납일을 기준으로 그 대납금 상당의 구상금 채권을 자동채권으로 하여 민법 제492조에 따라 원고의 이 사건 청구채권과 상계한다. 라) 피고의 원고에 대한 책임은 이 사건 공급계약 특약사항 제1조 제2항의 책임한정특약(이하 ‘이 사건 책임한정특약’이라 한다)에 따라 신탁재산 및 신탁계약의 업무범위 내로 한정되므로, ‘신탁재산의 한도 내에서 신탁계약에서 정한 자금집행순서에 따라’, ‘신탁사무처리비용을 공제하고 남은 잔여 신탁재산의 한도 내에서’ 또는 ‘신탁재산의 한도 내에서’ 이행할 책임이 있다는 취지가 주문에 명시되어야 한다. 3. 판단 가. 약정해제권의 발생 여부 1) 이 사건 약정해제권 조항은 매도인의 귀책사유로 입주예정일로부터 3개월을 초과하여 입주가 지연된 경우 매수인이 이 사건 각 공급계약을 해제할 수 있다고 정하고 있는 사실, 피고는 입주예정일인 2019. 12.로부터 3개월이 지난 2020. 3. 말경까지 이 사건 오피스텔을 준공하지 못하여 원고를 입주시키지 못한 사실은 앞서 본 바와 같으므로, 특별한 사정이 없는 한 원고에게 이 사건 약정해제권 조항에 근거한 해제권이 발생하였다. 2) 이에 대하여 피고는 입주일이 지정되어 통보되지 않았으므로 입주가 지연되었다고 볼 수 없다고 주장한다. 그러나 이 사건 공급계약의 문언상 입주예정일이 ‘2019. 12.’임은 명백하고, 피고가 지정하여 통보하여야 하는 것은 ‘입주일’이지 ‘입주예정일’이 아니므로, 피고가 2019. 12.로부터 3개월이 지난 2020. 3. 말경까지 이 사건 오피스텔을 준공하지 못한 이상 입주가 지연되었다고 볼 수 있다. 3) 피고는 위 입주 지연이 전적으로 소외 2 회사의 귀책사유이고 피고에게는 귀책사유가 없다고 주장한다. 그러나 이 사건 각 공급계약상 매도인인 피고는 매수인인 원고에 대한 관계에서 매매목적물인 이 사건 오피스텔을 직접 신축하거나, 제3자로 하여금 신축하게 하는 등의 방법으로 이행기까지 인도할 의무가 있는 것이고, 피고가 소외 2 회사로 하여금 이 사건 오피스텔을 신축하게 한 이상 소외 2 회사의 공사 중단 등으로 인한 이 사건 오피스텔의 준공 및 입주 지연은 매도인인 피고 측 귀책사유에 해당한다. 4) 피고는 이 사건 신탁계약은 신탁원부에 포함되어 등기부에 공시됨으로써 제3자에 대하여도 그 내용으로 대항할 수 있는데, 피고는 이 사건 신탁계약에서 정한 신탁사업 준공기한 내에 이 사건 오피스텔을 준공하였으므로 원고의 입주 지연에 대한 귀책사유가 없다고도 주장한다. 이 사건 신탁계약 특약 제27조 제3항에서 피고의 신탁사업 준공기한을 대출약정상 최초 인출일로부터 28개월 내로 정하고 있는 사실은 앞서 본 바와 같다. 그러나 위 신탁사업 준공기한은 이 사건 신탁계약의 당사자들, 즉 사업자금을 대여해준 1, 2순위 우선수익자 등과의 관계에서 수탁자인 피고가 어느 시점부터 준공 지연으로 인한 손해배상책임을 부담하는지를 정하기 위한 기준으로서 마련된 것으로 보일 뿐이다. 이에 더하여 이 사건 공급계약은 입주예정일을 2019. 12.경으로 명시하고 있고, 이 사건 약정해제권 조항에서는 입주예정일로부터 3개월을 초과하여 입주가 지연된 경우 수분양자가 공급계약을 해제할 수 있다고 정하고 있는 점을 고려할 때, 2020. 3. 말경까지 이 사건 오피스텔이 준공되지 않아 입주가 이루어지지 않은 이상, 이 사건 신탁계약의 제3자에 대한 대항력 유무와 관계없이 피고는 이 사건 각 공급계약의 매도인으로서 입주 지연에 관한 귀책사유가 있다고 봄이 상당하다. 나. 해제권 행사의 적법 여부 1) 일반적으로 동시이행의 관계에 있는 쌍무계약",사건 책임한정특약’이라 한다)에 따라 신탁재산 및 신탁계약의 업무범위 내로 한정되므로,미검수
법제처 OPEN API/prec,618551,2020가합581802,위약금등청구,https://www.law.go.kr/DRF/lawService.do?OC=test&target=prec&ID=618551&type=HTML,(조 번호 미표기),(판단 불명확),판단 불명확,,,,"019. 12.로부터 3개월이 지난 2020. 3. 말경까지 이 사건 오피스텔을 준공하지 못하여 원고를 입주시키지 못한 사실은 앞서 본 바와 같으므로, 특별한 사정이 없는 한 원고에게 이 사건 약정해제권 조항에 근거한 해제권이 발생하였다. 2) 이에 대하여 피고는 입주일이 지정되어 통보되지 않았으므로 입주가 지연되었다고 볼 수 없다고 주장한다. 그러나 이 사건 공급계약의 문언상 입주예정일이 ‘2019. 12.’임은 명백하고, 피고가 지정하여 통보하여야 하는 것은 ‘입주일’이지 ‘입주예정일’이 아니므로, 피고가 2019. 12.로부터 3개월이 지난 2020. 3. 말경까지 이 사건 오피스텔을 준공하지 못한 이상 입주가 지연되었다고 볼 수 있다. 3) 피고는 위 입주 지연이 전적으로 소외 2 회사의 귀책사유이고 피고에게는 귀책사유가 없다고 주장한다. 그러나 이 사건 각 공급계약상 매도인인 피고는 매수인인 원고에 대한 관계에서 매매목적물인 이 사건 오피스텔을 직접 신축하거나, 제3자로 하여금 신축하게 하는 등의 방법으로 이행기까지 인도할 의무가 있는 것이고, 피고가 소외 2 회사로 하여금 이 사건 오피스텔을 신축하게 한 이상 소외 2 회사의 공사 중단 등으로 인한 이 사건 오피스텔의 준공 및 입주 지연은 매도인인 피고 측 귀책사유에 해당한다. 4) 피고는 이 사건 신탁계약은 신탁원부에 포함되어 등기부에 공시됨으로써 제3자에 대하여도 그 내용으로 대항할 수 있는데, 피고는 이 사건 신탁계약에서 정한 신탁사업 준공기한 내에 이 사건 오피스텔을 준공하였으므로 원고의 입주 지연에 대한 귀책사유가 없다고도 주장한다. 이 사건 신탁계약 특약 제27조 제3항에서 피고의 신탁사업 준공기한을 대출약정상 최초 인출일로부터 28개월 내로 정하고 있는 사실은 앞서 본 바와 같다. 그러나 위 신탁사업 준공기한은 이 사건 신탁계약의 당사자들, 즉 사업자금을 대여해준 1, 2순위 우선수익자 등과의 관계에서 수탁자인 피고가 어느 시점부터 준공 지연으로 인한 손해배상책임을 부담하는지를 정하기 위한 기준으로서 마련된 것으로 보일 뿐이다. 이에 더하여 이 사건 공급계약은 입주예정일을 2019. 12.경으로 명시하고 있고, 이 사건 약정해제권 조항에서는 입주예정일로부터 3개월을 초과하여 입주가 지연된 경우 수분양자가 공급계약을 해제할 수 있다고 정하고 있는 점을 고려할 때, 2020. 3. 말경까지 이 사건 오피스텔이 준공되지 않아 입주가 이루어지지 않은 이상, 이 사건 신탁계약의 제3자에 대한 대항력 유무와 관계없이 피고는 이 사건 각 공급계약의 매도인으로서 입주 지연에 관한 귀책사유가 있다고 봄이 상당하다. 나. 해제권 행사의 적법 여부 1) 일반적으로 동시이행의 관계에 있는 쌍무계약에 있어서 상대방의 채무불이행을 이유로 계약을 해제하려고 하는 자는 동시이행관계에 있는 자기 채무의 이행을 제공하여야 하지만, 앞서 든 증거 및 변론 전체의 취지에 의하여 인정할 수 있는 다음과 같은 사정들, 즉 ① 원고가 이 사건 공급계약 해제의 근거로 삼은 이 사건 약정해제권 조항이 수분양자의 분양대금 납부의무의 이행제공을 그 요건으로 명시하지는 않은 점, ② 위 조항은 분양자의 현저한 공급지연(이 사건의 경우 3개월)이 발생한 경우 수분양자들로 하여금 분양계약의 구속력으로부터 용이하게 벗어날 수 있도록 하기 위하여 규정된 것으로 보이는 점, ③ 이 사건 공급계약에 의하면 원고의 잔금 지급일은 ‘입주지정일’인데, 원고의 이 사건 공급계약 해제권 행사 시점까지 피고가 입주지정일을 원고에게 통보한 사실도 없고 당시 이 사건 오피스텔은 준공조차 되지 않은 상태였으므로, 원고가 피고에게 잔금의 이행제공을 하여야 한다고 보기 어려운 점, ④ 만일 위 조항의 존재에도 불구하고 여전히 수분양자가 공급계약을 해제하기 위해서 반대의","2019. 12.’임은 명백하고, 피고가 지정하여 통보하여야 하는 것은",미검수
법제처 OPEN API/prec,618551,2020가합581802,위약금등청구,https://www.law.go.kr/DRF/lawService.do?OC=test&target=prec&ID=618551&type=HTML,(조 번호 미표기),위험,판례 문맥 추론 · 단일 신호,위험,,," 사정들, 즉 ① 원고가 이 사건 공급계약 해제의 근거로 삼은 이 사건 약정해제권 조항이 수분양자의 분양대금 납부의무의 이행제공을 그 요건으로 명시하지는 않은 점, ② 위 조항은 분양자의 현저한 공급지연(이 사건의 경우 3개월)이 발생한 경우 수분양자들로 하여금 분양계약의 구속력으로부터 용이하게 벗어날 수 있도록 하기 위하여 규정된 것으로 보이는 점, ③ 이 사건 공급계약에 의하면 원고의 잔금 지급일은 ‘입주지정일’인데, 원고의 이 사건 공급계약 해제권 행사 시점까지 피고가 입주지정일을 원고에게 통보한 사실도 없고 당시 이 사건 오피스텔은 준공조차 되지 않은 상태였으므로, 원고가 피고에게 잔금의 이행제공을 하여야 한다고 보기 어려운 점, ④ 만일 위 조항의 존재에도 불구하고 여전히 수분양자가 공급계약을 해제하기 위해서 반대의무의 이행제공을 하여야 한다고 본다면, 이는 결국 피고에게 입주예정일부터 3개월의 기간을 추가로 허용하여 주는 피고에게 유리한 결과(즉 입주예정일이 도과되어도 3개월이 지나지 않는 경우에는 수분양자가 ‘반대의무의 이행제공을 하여도’ 계약을 해제할 수 없게 되는 결과)를 초래하게 되는데, 이러한 해석은 수분양자의 해제권을 별도로 규정하고 있는 위 조항의 취지에 반한다고 보이는 점(대법원 2013. 3. 14. 선고 2011다3343 판결 참조) 등을 고려하면, 이 사건 약정해제권 조항에 근거하여 이 사건 각 공급계약을 해제하는 원고로서는 피고에게 잔금의 이행제공을 할 의무가 없다고 봄이 상당하다. 2) 또한 앞서 든 증거 및 변론 전체의 취지에 의하여 인정할 수 있는 다음과 같은 사정들, 즉 ① 매도인의 약정해제에 관한 이 사건 공급계약 제3조 제1항은 최고를 그 요건으로 명시하고 있는 것과 달리, 이 사건 약정해제권 조항은 최고를 요건으로 명시하고 있지 않은 점, ② 이 사건 약정해제권 조항은 이행지체에 의한 법정해제권과는 별개의 해제권을 부여하는 규정인 점 등에 비추어 보면, 원고가 이 사건 약정해제권 조항에 따라 해제권을 행사함에 있어 피고의 분양목적물 인도의무에 대한 최고가 필요하다고 볼 수 없다. 3) 한편 피고는 원고가 피고의 입주연장 요청에 동의하지 않음으로써 이 사건 오피스텔 사업에 참여하는 일원으로서의 협조의무를 전혀 이행하지 않았으므로 원고의 약정해제권 행사는 신의칙상 허용될 수 없다고 주장한다. 그러나 이 사건 오피스텔의 수분양자에 해당하는 원고는 이 사건 공급계약에 따라 피고에게 분양대금을 납부할 의무를 부담할 뿐, 피고의 입주연장 요청에 동의할 의무를 부담하지 않는다. 따라서 피고가 제출한 증거만으로는 원고가 이 사건 공급계약에서 정한 바에 따라 약정해제권을 행사하는 것이 신의성실의 원칙에 반한다고 인정하기 부족하고 달리 이를 인정할 만한 근거가 없다. 따라서 피고의 이 부분 주장은 이유 없다. 4) 그렇다면 원고의 이 사건 약정해제권 조항에 기한 해제권 행사의 의사표시는 적법하고, 이 사건 공급계약은 원고의 위 해제통지에 따라 2020. 5. 28. 해제되었다. 그렇다면 피고는 특별한 사정이 없는 한 원고가 구하는 바에 따라 원고가 기지급한 계약금 및 이에 대하여 연 5%의 비율로 계산한 법정이자(이 사건 각 공급계약 제4조 제3항, 민법 제379조)를 반환하여야 하고, 이 사건 각 공급계약 제4조 제2항에 따라 원고에게 분양대금의 10%에 해당하는 위약금을 지급하여야 한다. 다. 피고의 주장에 관한 판단 1) 양도담보계약에 따른 분양대금반환 채권의 귀속 관련 주장 가) 피고는 원고가 소외 3 은행에 분양대금반환 채권을 양도담보로 제공하였으므로, 원고는 피고에게 기지급 계약금의 반환을 청구할 수 없다고 주장한다. 앞서 든 증거 및 을 제13호증의 기재에 의하면, 원고는 중도금 대출계약을 체결하면서 2018. 7. 30. 소외 3 은행과 ‘이 사건 각 공급계약이 해제되는 경우 원고가 피고, 소외 1 회사에 대하여 가지는 분양대금반환 채권 또는 분양대금을 완납하는 경우 피고, 소외 1 회사에 대하여 가지는 소유권이전등기청구권’에 관하여 양도담보계약(이하 ‘이 사건 양도담보계약","입주지정일’인데, 원고의 이 사건 공급계약 해제권 행사 시점까지 피고가 입주지정일을 원고에게 통보한 사실도 없고 당시 이 사건 오피스텔은 준공조차 되지 않은 상태였으므로, 원고가 피고에게 잔금의 이행제공을 하여야 한다고 보기 어려운 점, ④ 만일 위 조항의 존재에도 불구하고 여전히 수분양자가 공급계약을 해제하기 위해서 반대의무의 이행제공을 하여야 한다고 본다면, 이는 결국 피고에게 입주예정일부터 3개월의 기간을 추가로 허용하여 주는 피고에게 유리한 결과(즉 입주예정일이 도과되어도 3개월이 지나지 않는 경우에는 수분양자가",미검수
법제처 OPEN API/prec,618551,2020가합581802,위약금등청구,https://www.law.go.kr/DRF/lawService.do?OC=test&target=prec&ID=618551&type=HTML,(조 번호 미표기),(판단 불명확),판단 불명확,,,," 해제에 따른 원고의 피고에 대한 분양대금반환 채권은 이 사건 양도담보계약에 따라 중도금 대출금 채무 등의 담보를 위하여 소외 3 은행에 양도되었다고 인정할 수 있으므로, 원고는 피고에게 분양대금반환 채권을 행사할 수 없다. 나) 한편 원고는 피고에 대한 분양대금반환 채권 중 계약금에 해당하는 부분은 여전히 원고에게 남아있다고 주장하는 것으로 보이나, 이 사건 양도담보계약은 그 대상 채권을 ‘중도금 반환채권’이 아니라 ‘분양대금 반환채권’으로 정하고 있으므로 대상 채권에 계약금 상당액도 포함되는 것으로 해석하는 것이 타당한 점, 이 사건 양도담보계약 제3조 제2항에 의하면 소외 3 은행은 양도담보 대상채권을 통하여 대출 약정금의 130%까지 우선변제를 받을 수 있으므로 위 양도담보계약의 당사자들은 중도금 원금을 초과하는 채권을 양도담보 대상으로 정하였다고 볼 수 있는 점 등을 종합하면, 원고의 피고에 대한 계약금 반환채권 역시 이 사건 양도담보계약에 따라 소외 3 은행에 양도되었다고 봄이 타당하다. 따라서 원고의 이 부분 주장은 이유 없다. 2) 이행기 미도래 관련 주장 가) 피고는 이 사건 신탁계약에서 정한 자금집행순서는 각 그보다 선순위인 채권이 모두 이행(집행)되는 것을 불확정기한으로 정한 것이므로, 자금집행순서상 원고의 분양대금반환 및 위약금 채권보다 선순위인 피고의 이 사건 사업 관련 신탁사무처리비용이 아직 변제되지 않은 이상 원고의 분양대금반환 및 위약금 채권은 그 이행기가 도래하지 않았다고 주장한다. 앞서 든 증거, 을 제20호증의 기재 및 변론 전체의 취지에 의하면, 이 사건 신탁계약 특약 제9조 제2항은 신탁계약상 자금집행의 순위를 정하고 있는데 그 순위에 의하면 신탁사무 관리비용이 1순위, 분양계약의 해제 등으로 인한 분양대금반환 채권 및 손해배상금은 5순위인 사실, 같은 조 제7항은 수탁자가 고유계정자금을 신탁사업에 투입한 경우 최우선적으로 자금을 집행하여 회수할 수 있다고 정하고 있는 사실, 위 특약 제9조의4는 신탁사무처리와 관련하여 피고에게 발생한 신탁사무처리비용 등은 최우선으로 지급받는다고 정하고 있는 사실, 피고는 이 사건 사업과 관련하여 공사대금, 제세공과금 등 명목으로 자금을 투입하였고 피고의 재무제표에 의하면 2021. 12. 31. 기준 위 자금 중 31,343,942,333원이 아직 회수되지 못한 사실은 인정된다. 그러나 앞서 든 증거 및 변론 전체의 취지에 의하여 인정할 수 있는 아래와 같은 사정들을 종합하면, 이 사건 신탁계약 특약 제9조 제2항에서 신탁재산의 자금집행순서를 정하고 있다고 하더라도, 이 사건 신탁계약의 당사자가 아닌 원고에 대하여 분양대금반환 및 위약금 채권의 이행기를 불확정기한으로 정한 것이라고 볼 수는 없다. 또한 피고가 투입한 자금이 필요비 내지 유익비로서 이 사건 신탁계약 내지 신탁법에 의하여 최우선적으로 회수할 수 있는 신탁사무처리비용에 해당하고 아직 그 변제가 완료되지 않았다고 하더라도, 원고의 분양대금반환 및 위약금 채권은 이 사건 공급계약 해제통지가 피고에게 도달함과 동시에 그 이행기가 도래하였다고 봄이 상당하고, 이와 달리 피고의 신탁사무처리비용이 모두 변제되고 나서야 비로소 그 이행기가 도래한다고 볼 수는 없다. 따라서 피고의 이 부분 주장은 이유 없다. ① 이 사건 신탁계약 특약 제9조 제3항은 ‘집행순위에 따른 자금집행은 지급시기가 도래한 당해 채무 또는 비용에 대하여 적용하는 것으로 하되(선순위의 자금이 전액 집행되어야 비로소 후순위 자금을 집행할 수 있음을 의미하는 것은 아니다), 후순위 항목의 지급시기가 먼저 도래하고 당해 후순위 항목을 변제 또는 지급하는 경우 나중에 지급기일이 도래하는 선순위 자금집행항목의 집행이 어려울 것으로 예측되는 경우 수탁자는",중도금 반환채권’이 아니라 ‘분양대금 반환채권,미검수
법제처 OPEN API/prec,618551,2020가합581802,위약금등청구,https://www.law.go.kr/DRF/lawService.do?OC=test&target=prec&ID=618551&type=HTML,(조 번호 미표기),(판단 불명확),판단 불명확,,,," 신탁사무처리비용에 해당하고 아직 그 변제가 완료되지 않았다고 하더라도, 원고의 분양대금반환 및 위약금 채권은 이 사건 공급계약 해제통지가 피고에게 도달함과 동시에 그 이행기가 도래하였다고 봄이 상당하고, 이와 달리 피고의 신탁사무처리비용이 모두 변제되고 나서야 비로소 그 이행기가 도래한다고 볼 수는 없다. 따라서 피고의 이 부분 주장은 이유 없다. ① 이 사건 신탁계약 특약 제9조 제3항은 ‘집행순위에 따른 자금집행은 지급시기가 도래한 당해 채무 또는 비용에 대하여 적용하는 것으로 하되(선순위의 자금이 전액 집행되어야 비로소 후순위 자금을 집행할 수 있음을 의미하는 것은 아니다), 후순위 항목의 지급시기가 먼저 도래하고 당해 후순위 항목을 변제 또는 지급하는 경우 나중에 지급기일이 도래하는 선순위 자금집행항목의 집행이 어려울 것으로 예측되는 경우 수탁자는 당해 후순위 자금집행을 보류할 수 있다.’고 정하고 있다. 이는 그 문언의 취지 자체로 자금집행 순서에 있어 후순위 항목인 채권의 이행기가 선순위 항목인 채권보다 먼저 도래할 수 있음을 전제로 하고 있다. ② 한편 이 사건 신탁계약 특약 제9조 제2항, 제9조의4에서 신탁사무처리비용, 분양대금반환 채권, 공사대금, 대출금 등의 자금집행순위를 정하고 있다고 하더라도 이는 신탁계약의 당사자들 사이에서 신탁자금을 집행하는 순서를 상호 약정하는 의미를 가질 뿐이고, 그 자금집행순위가 특정 순위의 위 각 해당 채권에 기한 강제집행에 따르는 신탁재산의 유무나 범위에 영향을 미칠 여지가 있음은 별론으로 하더라도, 특별한 사정이 없는 한 이 사건 신탁계약의 당사자도 아닌 원고의 분양계약 해제에 따른 분양대금반환 및 위약금 채권의 성립과 그 이행기 자체에 영향을 미칠 수 없다. ③ 신탁법 제48조 제1항에는 ‘수탁자는 신탁재산에 대한 민사집행절차 또는 「국세징수법」에 따른 공매절차에서 수익자나 그 밖의 채권자보다 우선하여 신탁의 목적에 따라 신탁재산의 보존, 개량을 위하여 지출한 필요비 또는 유익비의 우선변제를 받을 권리가 있다’고 규정하고 있다. 그러나 위 규정은 그 문언 자체로 다른 신탁채권자가 신청한 민사집행절차나 공매절차에서 수탁자가 자신이 지출한 비용 중 필요비와 유익비를 일반채권에 우선하여 변제받을 수 있다는 것을 의미할 뿐 다른 채권자에 대한 관계에서 우선적으로 직접 지급을 구할 수 있는 권한을 부여한 것으로 볼 수는 없다. 오히려 이 사건 오피스텔 분양은 건축물의 분양에 관한 법률(이하 ‘건축물분양법’이라 한다) 적용 대상인 사실은 당사자 사이에 다툼이 없는데, 위 건축물분양법 시행령 제3조 제1항 제3호에는 ‘법 제4조 제1항 제1호에 따른 신탁계약에는 신탁을 정산할 때에 분양받은 자가 납부한 분양대금을 다른 채권 및 수익자의 권리보다 우선하여 정산하여야 한다는 사항이 포함되어야 한다.’고 규정되어 있다. 또한 건축물분양법 및 건축물분양법 시행령의 각 규정에 따라 체결된 이 사건 신탁계약은 특약 제1조 제2항에서 ‘신탁계약에서 목적으로 하는 신탁사업의 원만하고 안정적인 수행 및 수분양의 보호’를 이 사건 신탁계약 기본계약 및 특약의 목적으로 정하고, 특약 제25조에서 ‘신탁계약의 당사자들은 본 신탁사업에 대하여 건축물분양법이 적용되는 경우, 신탁계약의 다른 조항에도 불구하고 건축물분양법에 정하여진, 신탁을 정산하는 때에 수분양자가 납부한 분양대금을 다른 채권 및 수익자의 권리보다 우선하여 정산한다는 내용을 우선하여 적용하는 것으로 합의한다.’고 정하고 있다. 위와 같이 건축물분양법은 피분양자들을 보호하는 것을 주된 목적으로 제정되었고, 이를 위하여 신탁계약 등에 피분양자가 납부한 분양대금을 다른 채권 및 수익자의 권리보다 우선하여 정산할 것을 규정하도록 하고 있는 점 등에 비추어 보면, 이 사건 신탁계약의 수탁자이자 이 사건 각 공급계약상의 분양자인 피고가 이 사건 신탁계약상의 다른 채권의 존재나 신탁사업 계좌의 자금 고갈 등을 이유로 원고의 분양대금 반환을 거부하는 것을 허용될 수 없다고 할 것이다. ④ 원고가 피고의 귀책사유를 원인으로 이 사건 공급계약을 적","집행순위에 따른 자금집행은 지급시기가 도래한 당해 채무 또는 비용에 대하여 적용하는 것으로 하되(선순위의 자금이 전액 집행되어야 비로소 후순위 자금을 집행할 수 있음을 의미하는 것은 아니다), 후순위 항목의 지급시기가 먼저 도래하고 당해 후순위 항목을 변제 또는 지급하는 경우 나중에 지급기일이 도래하는 선순위 자금집행항목의 집행이 어려울 것으로 예측되는 경우 수탁자는 당해 후순위 자금집행을 보류할 수 있다",미검수
법제처 OPEN API/prec,618551,2020가합581802,위약금등청구,https://www.law.go.kr/DRF/lawService.do?OC=test&target=prec&ID=618551&type=HTML,(조 번호 미표기),(판단 불명확),판단 불명확,,,,"인 사실은 당사자 사이에 다툼이 없는데, 위 건축물분양법 시행령 제3조 제1항 제3호에는 ‘법 제4조 제1항 제1호에 따른 신탁계약에는 신탁을 정산할 때에 분양받은 자가 납부한 분양대금을 다른 채권 및 수익자의 권리보다 우선하여 정산하여야 한다는 사항이 포함되어야 한다.’고 규정되어 있다. 또한 건축물분양법 및 건축물분양법 시행령의 각 규정에 따라 체결된 이 사건 신탁계약은 특약 제1조 제2항에서 ‘신탁계약에서 목적으로 하는 신탁사업의 원만하고 안정적인 수행 및 수분양의 보호’를 이 사건 신탁계약 기본계약 및 특약의 목적으로 정하고, 특약 제25조에서 ‘신탁계약의 당사자들은 본 신탁사업에 대하여 건축물분양법이 적용되는 경우, 신탁계약의 다른 조항에도 불구하고 건축물분양법에 정하여진, 신탁을 정산하는 때에 수분양자가 납부한 분양대금을 다른 채권 및 수익자의 권리보다 우선하여 정산한다는 내용을 우선하여 적용하는 것으로 합의한다.’고 정하고 있다. 위와 같이 건축물분양법은 피분양자들을 보호하는 것을 주된 목적으로 제정되었고, 이를 위하여 신탁계약 등에 피분양자가 납부한 분양대금을 다른 채권 및 수익자의 권리보다 우선하여 정산할 것을 규정하도록 하고 있는 점 등에 비추어 보면, 이 사건 신탁계약의 수탁자이자 이 사건 각 공급계약상의 분양자인 피고가 이 사건 신탁계약상의 다른 채권의 존재나 신탁사업 계좌의 자금 고갈 등을 이유로 원고의 분양대금 반환을 거부하는 것을 허용될 수 없다고 할 것이다. ④ 원고가 피고의 귀책사유를 원인으로 이 사건 공급계약을 적법하게 해제함으로써 분양대금반환 및 위약금 채권이 각 발생하였고, 원고는 피고에게 계약해제를 통지하면서 동시에 분양대금의 반환 및 위약금의 지급을 청구하였다. 이 사건 공급계약의 해제에 따른 분양대금반환 및 위약금 채권은 기한의 정함이 없는 채권에 해당하므로, 이 사건 공급계약의 해제 통지가 피고에게 도달함과 동시에 원고의 분양대금반환 및 위약금 채권의 이행기가 도래하였다고 봄이 상당하다. 나) 한편 피고는 이 사건 신탁계약서가 신탁원부에 포함되어 신탁 등기로 공시되었고 이 사건 공급계약에서도 수분양자들에게 신탁원부를 확인할 의무를 부과하였으므로(특약사항 제1조 제2항), 이 사건 신탁계약 특약의 자금집행순위 규정으로 제3자인 원고에게 대항할 수 있다는 취지로도 주장한다. 그러나 앞서 보았듯이 신탁원부에 기재된 신탁조항은 그 효력을 계약당사자인 신탁자와 수탁자 사이에서 발생시킬 의사로 체결되는 것이므로, 이 사건 신탁계약 특약 제9조, 제9조의4 등의 규정이 신탁계약의 당사자가 아닌 제3자가 수탁자에 대하여 보유하는 채권의 이행기에 직접 적용된다고 보기 어렵다. 더욱이 신탁법 제4조 제1항은 ‘등기 또는 등록할 수 있는 재산권에 관하여는 신탁의 등기 또는 등록을 함으로써 그 재산이 신탁재산에 속한 것임을 제3자에게 대항할 수 있다.’라고 규정하고 있는데, 이는 등기 또는 등록할 수 있는 재산권에 관하여 신탁의 등기를 하면 ‘그 재산이 신탁재산에 속한 것’임을 제3자에게 대항할 수 있다는 의미이므로, 등기된 신탁원부에 기재된 신탁계약 특약의 내용이 모두 제3자에게 대항력을 갖게 된다고 볼 수도 없다. 따라서 이 사건 신탁계약이 신탁 등기로 공시되어 제3자에게 대항력을 갖는지 여부는 원고의 분양대금반환 및 위약금 채권의 이행기 도래와는 무관한 사정이고, 피고의 이 부분 주장은 이유 없다. 3) 지급 보류권 관련 주장 피고는 설령 원고의 분양대금반환 및 위약금 채권의 이행기가 도래하였다고 하더라도, 이 사건 신탁사업 계좌의 자금이 고갈되는 등 선순위인 신탁사무처리비용의 집행이 어려울 것으로 예측되므로, 피고는 후순위인 원고에 대한 분양대금 및 위약금의 지급을 보류할 권리가 있다고 주장한다. 이 사건 신탁계약 특약 제9조 제3항은 후순",신탁계약에서 목적으로 하는 신탁사업의 원만하고 안정적인 수행 및 수분양의 보호,미검수
법제처 OPEN API/prec,618551,2020가합581802,위약금등청구,https://www.law.go.kr/DRF/lawService.do?OC=test&target=prec&ID=618551&type=HTML,(조 번호 미표기),(판단 불명확),판단 불명확,,,,"계약에는 신탁을 정산할 때에 분양받은 자가 납부한 분양대금을 다른 채권 및 수익자의 권리보다 우선하여 정산하여야 한다는 사항이 포함되어야 한다.’고 규정되어 있다. 또한 건축물분양법 및 건축물분양법 시행령의 각 규정에 따라 체결된 이 사건 신탁계약은 특약 제1조 제2항에서 ‘신탁계약에서 목적으로 하는 신탁사업의 원만하고 안정적인 수행 및 수분양의 보호’를 이 사건 신탁계약 기본계약 및 특약의 목적으로 정하고, 특약 제25조에서 ‘신탁계약의 당사자들은 본 신탁사업에 대하여 건축물분양법이 적용되는 경우, 신탁계약의 다른 조항에도 불구하고 건축물분양법에 정하여진, 신탁을 정산하는 때에 수분양자가 납부한 분양대금을 다른 채권 및 수익자의 권리보다 우선하여 정산한다는 내용을 우선하여 적용하는 것으로 합의한다.’고 정하고 있다. 위와 같이 건축물분양법은 피분양자들을 보호하는 것을 주된 목적으로 제정되었고, 이를 위하여 신탁계약 등에 피분양자가 납부한 분양대금을 다른 채권 및 수익자의 권리보다 우선하여 정산할 것을 규정하도록 하고 있는 점 등에 비추어 보면, 이 사건 신탁계약의 수탁자이자 이 사건 각 공급계약상의 분양자인 피고가 이 사건 신탁계약상의 다른 채권의 존재나 신탁사업 계좌의 자금 고갈 등을 이유로 원고의 분양대금 반환을 거부하는 것을 허용될 수 없다고 할 것이다. ④ 원고가 피고의 귀책사유를 원인으로 이 사건 공급계약을 적법하게 해제함으로써 분양대금반환 및 위약금 채권이 각 발생하였고, 원고는 피고에게 계약해제를 통지하면서 동시에 분양대금의 반환 및 위약금의 지급을 청구하였다. 이 사건 공급계약의 해제에 따른 분양대금반환 및 위약금 채권은 기한의 정함이 없는 채권에 해당하므로, 이 사건 공급계약의 해제 통지가 피고에게 도달함과 동시에 원고의 분양대금반환 및 위약금 채권의 이행기가 도래하였다고 봄이 상당하다. 나) 한편 피고는 이 사건 신탁계약서가 신탁원부에 포함되어 신탁 등기로 공시되었고 이 사건 공급계약에서도 수분양자들에게 신탁원부를 확인할 의무를 부과하였으므로(특약사항 제1조 제2항), 이 사건 신탁계약 특약의 자금집행순위 규정으로 제3자인 원고에게 대항할 수 있다는 취지로도 주장한다. 그러나 앞서 보았듯이 신탁원부에 기재된 신탁조항은 그 효력을 계약당사자인 신탁자와 수탁자 사이에서 발생시킬 의사로 체결되는 것이므로, 이 사건 신탁계약 특약 제9조, 제9조의4 등의 규정이 신탁계약의 당사자가 아닌 제3자가 수탁자에 대하여 보유하는 채권의 이행기에 직접 적용된다고 보기 어렵다. 더욱이 신탁법 제4조 제1항은 ‘등기 또는 등록할 수 있는 재산권에 관하여는 신탁의 등기 또는 등록을 함으로써 그 재산이 신탁재산에 속한 것임을 제3자에게 대항할 수 있다.’라고 규정하고 있는데, 이는 등기 또는 등록할 수 있는 재산권에 관하여 신탁의 등기를 하면 ‘그 재산이 신탁재산에 속한 것’임을 제3자에게 대항할 수 있다는 의미이므로, 등기된 신탁원부에 기재된 신탁계약 특약의 내용이 모두 제3자에게 대항력을 갖게 된다고 볼 수도 없다. 따라서 이 사건 신탁계약이 신탁 등기로 공시되어 제3자에게 대항력을 갖는지 여부는 원고의 분양대금반환 및 위약금 채권의 이행기 도래와는 무관한 사정이고, 피고의 이 부분 주장은 이유 없다. 3) 지급 보류권 관련 주장 피고는 설령 원고의 분양대금반환 및 위약금 채권의 이행기가 도래하였다고 하더라도, 이 사건 신탁사업 계좌의 자금이 고갈되는 등 선순위인 신탁사무처리비용의 집행이 어려울 것으로 예측되므로, 피고는 후순위인 원고에 대한 분양대금 및 위약금의 지급을 보류할 권리가 있다고 주장한다. 이 사건 신탁계약 특약 제9조 제3항은 후순위 항목의 지급시기가 먼저 도래하여 자금을 집행할 경우 지급시기가 나중에 도래할 선순위 항목의 집행이 어려울 것으로 예측된다면 그 후순위 항목의 자금집행을 보류할 수 있다는 취지로 규정하고, 피고가 공사대금 및 제세공과금 명목으로 투입한 자금 중 회수되지 않은 금액이 31,343,942,333원인 사실은 앞서 본 바와 같다. 그러나 위 신탁계약의 약정이","신탁계약의 당사자들은 본 신탁사업에 대하여 건축물분양법이 적용되는 경우, 신탁계약의 다른 조항에도 불구하고 건축물분양법에 정하여진, 신탁을 정산하는 때에 수분양자가 납부한 분양대금을 다른 채권 및 수익자의 권리보다 우선하여 정산한다는 내용을 우선하여 적용하는 것으로 합의한다",미검수
법제처 OPEN API/prec,618551,2020가합581802,위약금등청구,https://www.law.go.kr/DRF/lawService.do?OC=test&target=prec&ID=618551&type=HTML,(조 번호 미표기),(판단 불명확),판단 불명확,,,,"의 정함이 없는 채권에 해당하므로, 이 사건 공급계약의 해제 통지가 피고에게 도달함과 동시에 원고의 분양대금반환 및 위약금 채권의 이행기가 도래하였다고 봄이 상당하다. 나) 한편 피고는 이 사건 신탁계약서가 신탁원부에 포함되어 신탁 등기로 공시되었고 이 사건 공급계약에서도 수분양자들에게 신탁원부를 확인할 의무를 부과하였으므로(특약사항 제1조 제2항), 이 사건 신탁계약 특약의 자금집행순위 규정으로 제3자인 원고에게 대항할 수 있다는 취지로도 주장한다. 그러나 앞서 보았듯이 신탁원부에 기재된 신탁조항은 그 효력을 계약당사자인 신탁자와 수탁자 사이에서 발생시킬 의사로 체결되는 것이므로, 이 사건 신탁계약 특약 제9조, 제9조의4 등의 규정이 신탁계약의 당사자가 아닌 제3자가 수탁자에 대하여 보유하는 채권의 이행기에 직접 적용된다고 보기 어렵다. 더욱이 신탁법 제4조 제1항은 ‘등기 또는 등록할 수 있는 재산권에 관하여는 신탁의 등기 또는 등록을 함으로써 그 재산이 신탁재산에 속한 것임을 제3자에게 대항할 수 있다.’라고 규정하고 있는데, 이는 등기 또는 등록할 수 있는 재산권에 관하여 신탁의 등기를 하면 ‘그 재산이 신탁재산에 속한 것’임을 제3자에게 대항할 수 있다는 의미이므로, 등기된 신탁원부에 기재된 신탁계약 특약의 내용이 모두 제3자에게 대항력을 갖게 된다고 볼 수도 없다. 따라서 이 사건 신탁계약이 신탁 등기로 공시되어 제3자에게 대항력을 갖는지 여부는 원고의 분양대금반환 및 위약금 채권의 이행기 도래와는 무관한 사정이고, 피고의 이 부분 주장은 이유 없다. 3) 지급 보류권 관련 주장 피고는 설령 원고의 분양대금반환 및 위약금 채권의 이행기가 도래하였다고 하더라도, 이 사건 신탁사업 계좌의 자금이 고갈되는 등 선순위인 신탁사무처리비용의 집행이 어려울 것으로 예측되므로, 피고는 후순위인 원고에 대한 분양대금 및 위약금의 지급을 보류할 권리가 있다고 주장한다. 이 사건 신탁계약 특약 제9조 제3항은 후순위 항목의 지급시기가 먼저 도래하여 자금을 집행할 경우 지급시기가 나중에 도래할 선순위 항목의 집행이 어려울 것으로 예측된다면 그 후순위 항목의 자금집행을 보류할 수 있다는 취지로 규정하고, 피고가 공사대금 및 제세공과금 명목으로 투입한 자금 중 회수되지 않은 금액이 31,343,942,333원인 사실은 앞서 본 바와 같다. 그러나 위 신탁계약의 약정이 원고에게 적용된다고 볼 수 없음은 앞서 본 논거와 같고, 설령 이와 달리 보더라도 을 제16호증의 기재 및 변론 전체의 취지에 의하여 인정할 수 있는 다음의 사정들, 즉 ① 이 사건 신탁사업 재무상태표에 의하면 2021. 6. 30. 기준 유동자산의 규모가 96,941,490,257원에 이르고, 그 중 당좌자산으로서 분양미수금이 28,652,914,043원(분양계약은 체결되었으나 아직 지급되지 않은 분양대금 액수를 의미하는 것으로 보인다), 재고자산으로서 완성건물의 가액이 59,199,102,152원(아직 분양되지 않고 남아 있는 이 사건 오피스텔 각 세대의 가액으로 보인다)으로 계상되어 있는 점, ② 피고는 위와 같이 313억 원 가량을 투입하여 이 사건 오피스텔을 완공하고 분양사업을 시행함으로써 위 분양미수금 및 완성건물을 자산으로 보유하게 되었고, 향후 분양미수금이 회수되고 추가로 분양이 이루어져 그 분양대금을 지급받게 되면 피고로서는 자신이 투입한 위 비용을 최우선 순위로 회수할 가능성이 충분히 존재하는 것으로 보이는 점, ③ 달리 이 사건 변론종결일 현재 피고가 원고에게 분양대금 및 위약금을 지급할 경우 추후 피고의 선순위 신탁사무처리비용의 집행이 어려울 것으로 예측된다고 인정할 증거가 부족한 점 등을 종합하면, 피고에게 원고에 대한 분양대금 및 위약금 지급을 보류할 권리가 있다고 인정하기 어렵고, 달리 이를 인정할 증거가 없다. 따라서 피고의 이 부분 주장은 이유 없다. 4) 위약금 감액 관련 주장 이 사건 공급계약 제4조 제2항은 위약금 약정으로서 특별한 사정이 없는 한 손해배상액의 예정으로 볼 수 있고, 손해배상의 예정액이 부당히 과다한 경우 법원은","규정으로 제3자인 원고에게 대항할 수 있다는 취지로도 주장한다. 그러나 앞서 보았듯이 신탁원부에 기재된 신탁조항은 그 효력을 계약당사자인 신탁자와 수탁자 사이에서 발생시킬 의사로 체결되는 것이므로, 이 사건 신탁계약 특약 제9조, 제9조의4 등의 규정이 신탁계약의 당사자가 아닌 제3자가 수탁자에 대하여 보유하는 채권의 이행기에 직접 적용된다고 보기 어렵다. 더욱이 신탁법 제4조 제1항은 ‘등기 또는 등록할 수 있는 재산권에 관하여는 신탁의 등기 또는 등록을 함으로써 그 재산이 신탁재산에 속한 것임을 제3자에게 대항할 수 있다.",미검수
법제처 OPEN API/prec,618551,2020가합581802,위약금등청구,https://www.law.go.kr/DRF/lawService.do?OC=test&target=prec&ID=618551&type=HTML,(조 번호 미표기),(판단 불명확),판단 불명확,,,,"사건 공급계약에 관한 일반적인 사항 또는 이 사건 책임한정특약과 무관한 내용들만 기재되어 있을 뿐인 점, ③ 이 사건 공급계약은 수분양자로 하여금 신탁원부를 확인하도록 규정하고는 있으나, 위 신탁원부에 포함된 이 사건 신탁계약서는 그 양이 수십 쪽에 이르고 이 사건 공급계약은 책임한정특약과 관련된 신탁계약의 조항이 어느 것인지 지칭하고 있지 않은 점, ④ 이 사건 책임한정특약은 ‘신탁재산 및 신탁업무 범위 내에서만 책임을 부담’한다는 추상적인 문구로 기재되어 있을 뿐이어서 그 법적 의미와 이로 인하여 수분양자가 장차 감수하여야 하는 불이익이 무엇인지 법률에 문외한인 수분양자들로서는 선뜻 이해하기 어려운 점, ⑤ 피고가 이 사건 오피스텔의 분양 홍보나 공급계약 체결 과정에서 이 사건 책임한정특약의 존재나 그 효과에 관하여 구체적으로 표시하거나 언급하였다고 볼 만한 아무런 자료가 없는 점 등을 종합하면, 위 인정사실만으로는 피고가 이 사건 책임한정특약에 관하여 약관법 제3조 제3항의 설명의무를 다하였다고 인정하기 부족하고, 달리 이를 인정할 증거가 없다. 따라서 피고는 이 사건 책임한정특약을 이 사건 공급계약의 내용으로 주장할 수 없으므로, 원고에 대한 책임이 신탁재산 및 신탁계약의 업무범위 내로 한정된다는 피고의 이 부분 주장은 이유 없다. 라. 소결 따라서 피고는 이 사건 공급계약 해제에 따른 위약금으로 원고에게 15,448,701원 및 이에 대하여 최종 상계적상일 다음 날인 2020. 8. 1.부터 피고가 그 이행의무의 존부나 범위에 관하여 항쟁함이 상당하다고 인정되는 이 판결 선고일인 2022. 11. 9.까지 민법이 정한 연 5%의, 그 다음 날부터 다 갚는 날까지 소송촉진 등에 관한 특례법이 정한 연 12%의 각 비율로 계산한 지연손해금을 지급할 의무가 있다. 4. 결론 그렇다면 원고의 이 사건 청구는 위 인정 범위 내에서 이유 있어 인용하고 나머지 청구는 이유 없어 기각하기로 하여, 주문과 같이 판결한다. 판사 황순현(재판장) 정신영 정중원 ]]>",신탁재산 및 신탁업무 범위 내에서만 책임을 부담,미검수
법제처 OPEN API/prec,608495,2021가단5295915,약정금청구,https://www.law.go.kr/DRF/lawService.do?OC=test&target=prec&ID=608495&type=HTML,(조 번호 미표기),안전,판례 문맥 추론 · 신호 혼재,안전,,," 주장 이 사건 위촉계약서는 소외 회사가 피고 2와 같은 다수의 영업직원과 계약을 체결하기 위하여 만든 동일한 형식과 내용의 통일된 계약서로서 ‘약관’에 해당하고, 이 사건 위촉계약 제12조는 약관의 규제에 관한 법률 제6조 제1, 2항, 제9조 제1호에 반하여 무효이다. 설령 이 사건 위촉계약 제12조가 유효하다고 하더라도, 피고 2는 소외 회사와 이 사건 위촉계약을 합의해지하였으므로 이 사건 위촉계약서 제12조 제2항 후문의 ‘수탁인이 일방적으로 계약을 해지하는 경우’에 해당하지 않고, 따라서 위 조항에 따른 반환의무는 없다. 나. 청구원인에 관한 판단 위 인정 사실에 의하면, 특별한 사정이 없는 한 피고들은 원고에게 청구취지 기재와 같은 환불금액의 10%에 해당하는 돈과 프로모션금원 전액 상당의 돈을 채권양수인인 원고에게 지급할 의무가 있다. 다. 피고들의 주장에 관한 판단 (1) 근로기준법 위반 여부 (가) 관련 법리 근로기준법상의 근로자에 해당하는지 여부는 계약의 형식이 고용계약인지 도급계약인지보다 그 실질에 있어 근로자가 사업 또는 사업장에 임금을 목적으로 종속적인 관계에서 사용자에게 근로를 제공하였는지 여부에 따라 판단하여야 하고, 여기에서 종속적인 관계가 있는지 여부는 업무 내용을 사용자가 정하고 취업규칙 또는 복무(인사)규정 등의 적용을 받으며 업무 수행 과정에서 사용자가 상당한 지휘·감독을 하는지, 사용자가 근무시간과 근무장소를 지정하고 근로자가 이에 구속을 받는지, 노무제공자가 스스로 비품·원자재나 작업도구 등을 소유하거나 제3자를 고용하여 업무를 대행케 하는 등 독립하여 자신의 계산으로 사업을 영위할 수 있는지, 노무 제공을 통한 이윤의 창출과 손실의 초래 등 위험을 스스로 안고 있는지, 보수의 성격이 근로 자체의 대상적 성격인지, 기본급이나 고정급이 정하여졌는지 및 근로소득세의 원천징수 여부 등 보수에 관한 사항, 근로 제공 관계의 계속성과 사용자에 대한 전속성의 유무와 그 정도, 사회보장제도에 관한 법령에서 근로자로서 지위를 인정받는지 등의 경제적·사회적 여러 조건을 종합하여 판단하여야 한다. 다만, 기본급이나 고정급이 정하여졌는지, 근로소득세를 원천징수하였는지, 사회보장제도에 관하여 근로자로 인정받는지 등의 사정은 사용자가 경제적으로 우월한 지위를 이용하여 임의로 정할 여지가 크기 때문에, 그러한 점들이 인정되지 않는다는 것만으로 근로자성을 쉽게 부정하여서는 안 된다(대법원 2006. 12. 7. 선고 2004다29736 판결 등 참조). 그리고 근로자가 일정 기간 근무하기로 하면서 이를 위반할 경우 소정 금원을 사용자에게 지급하기로 약정하는 경우, 그 약정의 취지가 약정한 근무기간 이전에 퇴직하면 그로 인하여 사용자에게 어떤 손해가 어느 정도 발생하였는지 묻지 않고 바로 소정 금액을 사용자에게 지급하기로 하는 것이라면 이는 명백히 근로기준법 제20조에 반하는 것이어서 효력을 인정할 수 없고, 그 약정이 미리 정한 근무기간 이전에 퇴직하였다는 이유로 마땅히 근로자에게 지급되어야 할 임금을 반환하기로 하는 취지일 때에도, 결과적으로 위 조항의 입법 목적에 반하는 것이어서 역시 그 효력을 인정할 수 없다(대법원 2008. 10. 23. 선고 2006다37274 판결 등 참조). 다만, 의무근로기간의 설정 양상, 반환 대상인 금전의 법적 성격 및 규모·액수, 반환 약정을 체결한 목적이나 경위 등을 종합할 때 그러한 반환 약정이 해당 금전을 지급받은 근로자의 퇴직의 자유를 제한하거나 그 의사에 반하는 근로의 계속을 부당하게 강요하는 것이라고 볼 수 없다면, 이는 근로기준법 제20조가 금지하는 약정이라고 보기 어렵다(대법원 2022. 3. 11. 선고 2017다202272 판결). (나) 피고들이 근로기준법상의 근로자에 해당하는지 여부 갑 제2호",수탁인이 일방적으로 계약을 해지하는 경우,미검수
법제처 OPEN API/prec,223803,2018다248855,손해배상(기)·위약벌,https://www.law.go.kr/DRF/lawService.do?OC=test&target=prec&ID=223803&type=HTML,(조 번호 미표기),(판단 불명확),판단 불명확,,,," 의하면 다음 사실 및 사정을 알 수 있다. 가. 원고(반소피고, 이하 ‘원고’라 한다)와 피고(반소원고, 이하 ‘피고’라 한다)는, 원고가 서울 영등포구 (주소 생략)에 있는 ○○○○스포츠센터 (층수 생략)을 무상으로 제공하면 피고가 그곳에 골프 연습시설물을 설치하여 10년간 운영하되, 그 수익을 1/2씩 나누어 갖기로 하는 내용의 공동사업계약(이하 ‘이 사건 계약’이라 한다)을 체결하였다. 나. 원고는 이 사건 계약에 따른 공사 진행 중 피고에게 운영주체 및 운영기간 등에 관한 계약 내용의 변경을 요청하였고, 피고가 이를 거절하자 공사 진행을 방해하였다. 피고는 원고의 공사 방해 등 귀책사유를 이유로 이 사건 계약을 해지한다고 통지하였다. 다. 이 사건 계약 제10조는 ""본 계약상의 의무를 이행하지 아니한 회사가 계약 해지를 당한 경우에는 손해액을 손해배상금으로 상대방 회사에 현금으로만 지급하여야 한다.""라고 정하고, 제11조는 ""손해배상금과는 별도로 의무사항에 대하여 불이행 시 별도의 1,000,000,000원을 의무 불이행한 쪽에서 지불하여야 한다.""라고 정하고 있다(이하 ‘이 사건 위약금 약정’이라 한다). 라. 원심은 피고의 계약 해지는 적법하고, 이 사건 위약금 약정은 위약벌에 해당한다고 판단한 다음 이에 대한 원고의 감액 주장을 받아들이지 않았다. 2. 계약 해지의 적법 여부에 대하여 원심은 다음과 같은 이유로 피고의 계약 해지가 적법하다고 판단하였다. 원고는 골프 연습프로그램의 중앙 제어를 위하여 인터넷 설치가 필수적임에도 건물의 인터넷과 유선통신을 제한하는 등 공사를 방해하였고, 이는 이 사건 계약 불이행의 주된 귀책사유이다. 피고의 하수급업체가 유치권을 행사한 사정만으로 달리 볼 수 없다. 원심판결 이유를 관련 법리와 기록에 비추어 살펴보면, 원심의 판단에 상고이유 주장과 같이 계약 해지에 관한 법리를 오해하거나 논리와 경험의 법칙에 반하여 자유심증주의의 한계를 벗어난 잘못이 없다. 3. 위약금 약정의 법적 성격 및 위약벌을 감액할 수 있는지 여부에 대하여 가. 이 사건 위약금 약정의 법적 성격 당사자 사이에 채무불이행이 있으면 위약금을 지급하기로 약정한 경우 그 위약금 약정이 손해배상액의 예정인지 위약벌인지는, 계약서 등 처분문서의 내용과 계약의 체결 경위, 당사자가 위약금을 약정한 주된 목적 등을 종합하여 구체적인 사건에서 개별적으로 판단해야 할 의사해석의 문제이다. 위약금은 민법 제398조 제4항에 따라 손해배상액의 예정으로 추정되지만, 당사자 사이의 위약금 약정이 채무불이행으로 인한 손해의 배상이나 전보를 위한 것이라고 보기 어려운 특별한 사정, 특히 하나의 계약에 채무불이행으로 인한 손해의 배상에 관하여 손해배상예정에 관한 조항이 따로 있다거나 실손해의 배상을 전제로 하는 조항이 있고 그와 별도로 위약금 조항을 두고 있어서 그 위약금 조항을 손해배상액의 예정으로 해석하게 되면 이중배상이 이루어지는 등의 사정이 있을 때에는 그 위약금은 위약벌로 보아야 한다(대법원 2016. 7. 14. 선고 2013다82944, 82951 판결, 대법원 2020. 11. 12. 선고 2017다275270 판결 등 참조). 위 법리에 비추어 이 사건에 관하여 살펴보면, 이 사건 계약에 실손해의 배상을 전제로 하는 조항이 있고 그와 별도로 위약금 약정 조항을 두고 있는 등 이 사건 위약금 약정이 채무불이행으로 인한 손해의 배상이나 전보를 위한 것이라고 보기 어려운 특별한 사정이 있으므로, 이 사건 위약금 약정은 위약벌의 성격을 가진다고 보아야 한다. 원심판결에 상고이유 주장과 같이 이 사건 위약금 약정의 법적 성격에 관한 법리를 오해한 잘못이 없다. 나. 위약벌을 감액할 수 있는지 여부 1) 대법원은, 위약벌의 약정은 채무의 이행을 확보하기 위하여 정하는 것으로서 손해배상액의 예정과 그 내용이 다르므로 손해배상액의 예정에 관한 민법 제398조 제2항을 유추적용하여 그 액을 감액할 수 없다고 하였다(대법원 1993. 3. 23. 선고 92다46905 ","라 한다)을 체결하였다. 나. 원고는 이 사건 계약에 따른 공사 진행 중 피고에게 운영주체 및 운영기간 등에 관한 계약 내용의 변경을 요청하였고, 피고가 이를 거절하자 공사 진행을 방해하였다. 피고는 원고의 공사 방해 등 귀책사유를 이유로 이 사건 계약을 해지한다고 통지하였다. 다. 이 사건 계약 제10조는",미검수
법제처 OPEN API/prec,223335,2018다248275,소비자권익침해행위금지및중지,https://www.law.go.kr/DRF/lawService.do?OC=test&target=prec&ID=223335&type=HTML,제7조,위험,판례 문맥 추론 · 신호 혼재,위험,,,"과 같이 이 사건 약관 제7조 제2항이 무효라고 볼 수 없다고 판단하였다. 이 조항은 결과적으로는 카드 소유자의 해제권이나 해지권을 제한하지만 그 자체는 「약관의 규제에 관한 법률」(이하 ‘약관법’이라 한다) 제9조 제1호에 정해진 ‘법률에 따른 고객의 해제권 또는 해지권을 배제하거나 그 행사를 제한하는 조항’으로 볼 수 없다. 원고가 제출한 증거만으로는 이 사건 약관 제7조 제2항이 고객에게 불리한 조항으로서 약관법 제6조 제1항에 정해진 ‘신의성실의 원칙에 반하여 공정을 잃은 조항’에 해당한다고 볼 수 없다. 이 사건 약관 제7조 제2항은 티머니 카드 소유자가 카드를 도난당하거나 분실한 경우를 대비하여 그 위험부담에 관하여 정하고 있을 뿐 카드 소유자의 해제권이나 해지권을 제한하고 있지 않는데도 원심이 이 사건 약관 제7조 제2항이 결과적으로 카드 소유자의 해제권이나 해지권을 제한한다고 판단한 부분은 부적절하다. 그러나 이 사건 약관 제7조 제2항이 약관법 제6조 제1항이나 제9조 제1호에 해당하여 무효라는 원고의 주장을 배척한 원심의 결론은 정당하고, 상고이유 주장과 같이 이유를 갖추지 못하거나 심리를 제대로 하지 않은 잘못이 없다. 3. 결론 원고의 상고는 이유 없어 이를 기각하고 상고비용은 패소자가 부담하도록 하여, 대법관의 일치된 의견으로 주문과 같이 판결한다. 대법관 노정희(재판장) 김재형(주심) 안철상 이흥구 ]]>",신의성실의 원칙에 반하여 공정을 잃은 조항,미검수
법제처 OPEN API/prec,221743,2018다224781,물품대금,https://www.law.go.kr/DRF/lawService.do?OC=test&target=prec&ID=221743&type=HTML,(조 번호 미표기),(판단 불명확),판단 불명확,,,,"한다. 피고의 상고를 기각한다. 【이 유】 상고이유(상고이유서 제출기간이 지난 다음 제출된 상고이유보충서들은 이를 보충하는 범위에서)를 판단한다. 1. 사안 개요 원심판결 이유와 기록에 따르면 다음 사실을 알 수 있다. 가. 원고는 2013. 3. 1. 피고와 ‘원고가 제조·가공한 시멘트를 피고가 운영하는 정도산업에 공급하기로 하는 계약’(이하 ‘이 사건 계약’이라 한다)을 체결하였다. 원고는 이 사건 계약에 따라 2013. 3.경부터 2013. 8.경까지 피고에게 합계 27,013,003,013원의 시멘트를 공급하였고, 피고는 원고로부터 공급받은 시멘트 전량을 원고의 모회사인 주식회사 동양(이하 ‘동양’이라 한다)에 공급하였다. 나. 동양은 피고에게 물품대금 명목으로 약속어음을 발행하였고, 피고는 동양으로부터 교부받은 약속어음을 다시 원고에게 물품대금 명목으로 배서·양도하였다. 다. 동양은 2013. 9. 30. 회생절차개시를 신청하였고, 원고가 소지하고 있던 약속어음 중 회생절차개시 후 만기가 도래한 어음금 합계 11,056,233,965원을 결제하지 못하였다. 라. 원고는 위 미결제 약속어음과 별개로 동양이 발행한 약속어음 5장(그중 3장은 나.와 같이 물품대금 명목으로 피고가 배서·양도한 것이다)을 소지하고 있었는데, 동양은 위 약속어음에 관하여 그 만기도래 전에 약속어음금 합계 7,661,571,944원을 임의로 원고에게 변제하였다. 마. 이 사건 회생절차개시 후 동양의 관리인은 위 만기도래 전 어음금채무 변제행위에 대해 서울중앙지방법원 2014회기30호로 부인권을 행사하였고, 위 사건에서 ‘원고가 동양에 3,800,000,000원을 지급한다.’는 화해권고결정이 확정되었다. 원고는 2015. 2. 27. 위 화해권고결정에 따라 동양에 3,800,000,000원을 반환하였다. 바. 원고는 피고에 대하여 ① 동양의 채권과 상계 또는 회생계획에 따른 공제 등을 거쳐 최종 정산된 미결제 약속어음 관련 물품대금 3,303,291,540원, ② 주식회사 우리은행(이하 ‘우리은행’이라 한다)에서 할인을 받았다가 부도로 할인금을 반환한 약속어음 관련 물품대금 578,737,082원, ③ 부인권 행사로 회복한 물품대금 2,495,760,623원(원고가 동양에 반환한 돈을 피고가 배서·양도한 약속어음 3장의 비율로 안분한 금액) 등 합계 6,377,789,245원과 그 지연손해금을 청구하는 이 사건 소를 제기하였다. 원심은 위 ①, ② 청구 부분에 대해서는 그 지연손해금 부분을 포함하여 원고의 청구를 모두 받아들였으나, ③ 청구 부분에 대해서는 원고의 청구를 기각하였다. 2. 피고의 상고이유에 대한 판단 가. 어음 교부가 물품대금 지급을 갈음한 것인지 여부(상고이유 제1점) 피고는 배서·양도한 약속어음의 교부로 피고의 원고에 대한 물품대금 채무가 소멸하였다고 주장하였다. 그러나 원심은 피고가 한 약속어음의 배서·양도가 물품대금의 지급을 위한 것으로 추정되고 물품대금 지급을 갈음한 것으로 볼 증거가 부족하다고 보아 위 주장을 배척하였다. 원심판결 이유를 기록과 관련 법리에 비추어 살펴보면, 원심판결에 상고이유 주장과 같이 어음 교부에 따른 원인채무의 존속 여부에 관한 법리를 오해하거나 논리와 경험의 법칙에 반하여 자유심증주의의 한계를 벗어난 잘못이 없다. 나. 동양의 회생계획에 따른 면책효력이 피고에게 미치는지 여부 등(상고이유 제2점) 원심은 다음과 같이 판단하였다. 원고가 동양의 특수관계인에 해당하여 어음채권 중 90%에 해당하는 금액이 면책되었으므로 공평의 원칙상 「채무자 회생 및 파산에 관한 법률」(이하 ‘채무자회생법’이라 한다) 제250조 제2항 제1호의 예외를 인정하여 면책효력이 피고에게도 미쳐야 한다는 주장은 법적 근거가 없어 받아들일 수 없다. 원고가 동양에 대해 부담하는 채무와 일부 어음채무를 상계하겠다는 의사를 표현했다고 하더라도 당시 해당 어음금은 강행규정에 따라 상계가","라 한다)을 체결하였다. 원고는 이 사건 계약에 따라 2013. 3.경부터 2013. 8.경까지 피고에게 합계 27,013,003,013원의 시멘트를 공급하였고, 피고는 원고로부터 공급받은 시멘트 전량을 원고의 모회사인 주식회사 동양(이하",미검수
법제처 OPEN API/prec,235485,2020다217380,부당이득금,https://www.law.go.kr/DRF/lawService.do?OC=test&target=prec&ID=235485&type=HTML,(조 번호 미표기),위험,판례 문맥 추론 · 신호 혼재,위험,,,"3. 선고 2016다274904 판결 등 참조). 2. 가. 원심판결 이유와 기록에 따르면 다음 사실을 알 수 있다. 1) 피고는 주택법에 따라 울산 중구 (주소 1 생략) 일대를 사업부지로 하여 설립된 지역주택조합이다. 원고는 2016. 2. 29. 피고의 조합원이 되어 위 사업부지에 건축될 아파트 1세대를 공급받기로 하는 내용의 조합가입계약(이하 ‘이 사건 조합가입계약’이라고 한다)을 체결하고, 그 무렵부터 2016. 3. 18.까지 위 조합가입계약에 따른 분담금 및 업무대행비 명목으로 합계 5,000만 원을 지급하였다. 2) 원고는 1994. 4. 15.부터 울산 중구 (주소 2 생략) 토지 및 지상 2층 주택(1층 104.72㎡, 2층 93.64㎡)을 소유하고 있고, 피고는 2016. 10.경 주택조합설립인가 신청을 하였다. 3) 피고 조합규약 제8조 제1항은 조합원의 자격요건으로 ‘주택설립인가 신청일부터 당해 주택조합의 입주가능일까지 주택을 소유하지 아니하거나 주거전용면적 85㎡ 이하의 주택 1채를 소유한 세대주인 자’를 요구하고 있고, 제12조 제2항은 ‘관계 법령 및 본 규약에서 정하는 조합원 자격에 해당하지 않게 된 자의 조합원 자격은 자동 상실된다.’고 정하고 있다. 4) 이 사건 조합가입계약서 제12조 제5항에는 ‘탈퇴, 조합원 자격의 상실, 제명 등으로 조합원의 지위를 상실한 자에 대하여는 조합원이 납입한 제 납입금에서 소정의 공동부담금, 연체료 및 대출금, 미납대출이자 등을 공제한 잔액을 대체 계약자 대금이 입금 완료되었을 때 환불하기로 함(이하 ‘반환시기 제한조항’이라고 한다)을 원칙으로 하며 이에 동의한다. 이 경우 업무대행비는 반환하지 않으며, 납입원금에 대한 이자도 지급하지 않는다.’고 기재되어 있다. 나. 이러한 사실관계를 앞서 본 법리에 비추어 살펴본다. 1) 지역주택조합 사업은 조합 설립 전에 미리 조합원을 모집하면서 그 분담금 등으로 사업부지를 매수하거나 사용승낙을 얻고 그 후 조합설립인가를 받아 소유권을 확보하고 사업승인을 얻어 아파트를 건축하는 방식으로 진행되므로 그 진행과정에서 조합원의 모집, 재정의 확보, 토지매입 작업 등 사업의 성패를 좌우하는 변수가 많음에 따라 최초 사업계획이 변경되거나 당초 예정했던 사업의 진행이 지연되는 등의 사정이 발생할 수 있다. 2) 이러한 지역주택조합 사업의 특성상 지역주택조합이 자격을 상실하거나 자격이 없는 것으로 판명된 조합원에 대하여 즉시 이미 납부한 분담금을 반환하여야 한다면 예기치 않은 재정적 부담으로 인해 조합의 자금계획에 차질이 발생하여 다수의 잔존 조합원들의 이익이 침해될 위험이 있다. 따라서 자격을 상실한 조합원 등에 대한 분담금 반환시기를 대체 계약자의 대금이 입금되었을 때로 정한 것은 타당성이 인정된다. 3) 이 사건 조합가입계약의 반환시기 제한조항은 피고의 분담금 반환의무 자체를 면제하거나 부당하게 경감하는 내용이 아니라 그 반환시기 등만을 제한하고 있고, 조합원 측의 사정, 즉 탈퇴, 조합원 자격의 상실, 제명 등 이 사건 조합가입계약을 체결한 조합원의 지위 상실이라는 사정에 기초하여 적용된다. 4) 반환시기 제한조항에서 정한 분담금의 환불시기인 ‘대체 계약자 대금이 입금 완료되었을 때’는 일종의 불확정기한이라고 할 수 있다. 불확정기한은 위 사실이 발생한 때 또는 발생하지 아니한 것으로 확정된 때에 기한이 도래하므로(대법원 2003. 8. 19. 선고 2003다24215 판결 등 참조), 원고는 자신을 대체할 다른 계약자가 입금을 완료한 경우뿐만 아니라 그러한 대체 계약자의 대금 입금이 불가능한 경우에도 기한의 도래를 이유로 분담금을 반환받을 수 있다. 5) 결국 조합원의 지위를 상실한 자에 대하여 대체 계약자가 대금 입금을 완료한 때로 반환시기를 정한 반환시기 제한조항이 약관법 제6조 제1항의 ‘신의성실의 원칙을 위반하여 공정성을 잃은 약관조항’이라고 보기는 어렵다. 다. 그런데도 원심은 이 사건 조합가입계약의 반환시기 제한조항이 조합원에게 지나치게 불리하여 공정성을 잃은 조항으로서 약관법 제6조 제1항, 제2호 ","라고 한다)을 체결하고, 그 무렵부터 2016. 3. 18.까지 위 조합가입계약에 따른 분담금 및 업무대행비 명목으로 합계 5,000만 원을 지급하였다. 2) 원고는 1994. 4. 15.부터 울산 중구 (주소 2 생략) 토지 및 지상 2층 주택(1층 104.72㎡, 2층 93.64㎡)을 소유하고 있고, 피고는 2016. 10.경 주택조합설립인가 신청을 하였다. 3) 피고 조합규약 제8조 제1항은 조합원의 자격요건으로",미검수
법제처 OPEN API/prec,235485,2020다217380,부당이득금,https://www.law.go.kr/DRF/lawService.do?OC=test&target=prec&ID=235485&type=HTML,제12조,위험,판례 문맥 추론 · 신호 혼재,위험,,,"고 조합규약 제8조 제1항은 조합원의 자격요건으로 ‘주택설립인가 신청일부터 당해 주택조합의 입주가능일까지 주택을 소유하지 아니하거나 주거전용면적 85㎡ 이하의 주택 1채를 소유한 세대주인 자’를 요구하고 있고, 제12조 제2항은 ‘관계 법령 및 본 규약에서 정하는 조합원 자격에 해당하지 않게 된 자의 조합원 자격은 자동 상실된다.’고 정하고 있다. 4) 이 사건 조합가입계약서 제12조 제5항에는 ‘탈퇴, 조합원 자격의 상실, 제명 등으로 조합원의 지위를 상실한 자에 대하여는 조합원이 납입한 제 납입금에서 소정의 공동부담금, 연체료 및 대출금, 미납대출이자 등을 공제한 잔액을 대체 계약자 대금이 입금 완료되었을 때 환불하기로 함(이하 ‘반환시기 제한조항’이라고 한다)을 원칙으로 하며 이에 동의한다. 이 경우 업무대행비는 반환하지 않으며, 납입원금에 대한 이자도 지급하지 않는다.’고 기재되어 있다. 나. 이러한 사실관계를 앞서 본 법리에 비추어 살펴본다. 1) 지역주택조합 사업은 조합 설립 전에 미리 조합원을 모집하면서 그 분담금 등으로 사업부지를 매수하거나 사용승낙을 얻고 그 후 조합설립인가를 받아 소유권을 확보하고 사업승인을 얻어 아파트를 건축하는 방식으로 진행되므로 그 진행과정에서 조합원의 모집, 재정의 확보, 토지매입 작업 등 사업의 성패를 좌우하는 변수가 많음에 따라 최초 사업계획이 변경되거나 당초 예정했던 사업의 진행이 지연되는 등의 사정이 발생할 수 있다. 2) 이러한 지역주택조합 사업의 특성상 지역주택조합이 자격을 상실하거나 자격이 없는 것으로 판명된 조합원에 대하여 즉시 이미 납부한 분담금을 반환하여야 한다면 예기치 않은 재정적 부담으로 인해 조합의 자금계획에 차질이 발생하여 다수의 잔존 조합원들의 이익이 침해될 위험이 있다. 따라서 자격을 상실한 조합원 등에 대한 분담금 반환시기를 대체 계약자의 대금이 입금되었을 때로 정한 것은 타당성이 인정된다. 3) 이 사건 조합가입계약의 반환시기 제한조항은 피고의 분담금 반환의무 자체를 면제하거나 부당하게 경감하는 내용이 아니라 그 반환시기 등만을 제한하고 있고, 조합원 측의 사정, 즉 탈퇴, 조합원 자격의 상실, 제명 등 이 사건 조합가입계약을 체결한 조합원의 지위 상실이라는 사정에 기초하여 적용된다. 4) 반환시기 제한조항에서 정한 분담금의 환불시기인 ‘대체 계약자 대금이 입금 완료되었을 때’는 일종의 불확정기한이라고 할 수 있다. 불확정기한은 위 사실이 발생한 때 또는 발생하지 아니한 것으로 확정된 때에 기한이 도래하므로(대법원 2003. 8. 19. 선고 2003다24215 판결 등 참조), 원고는 자신을 대체할 다른 계약자가 입금을 완료한 경우뿐만 아니라 그러한 대체 계약자의 대금 입금이 불가능한 경우에도 기한의 도래를 이유로 분담금을 반환받을 수 있다. 5) 결국 조합원의 지위를 상실한 자에 대하여 대체 계약자가 대금 입금을 완료한 때로 반환시기를 정한 반환시기 제한조항이 약관법 제6조 제1항의 ‘신의성실의 원칙을 위반하여 공정성을 잃은 약관조항’이라고 보기는 어렵다. 다. 그런데도 원심은 이 사건 조합가입계약의 반환시기 제한조항이 조합원에게 지나치게 불리하여 공정성을 잃은 조항으로서 약관법 제6조 제1항, 제2호 제1호 등에 따라 무효로 봄이 타당하다고 판단하였다. 이러한 원심판단에는 약관법에 관한 법리를 오해하여 판결에 영향을 미친 잘못이 있다. 이를 지적하는 상고이유 주장은 이유 있다. 3. 그러므로 원심판결을 파기하고, 사건을 다시 심리·판단하도록 원심법원에 환송하기로 하여, 관여 대법관의 일치된 의견으로 주문과 같이 판결한다. 대법관 이흥구(재판장) 김재형 안철상(주심) 노정희 ]]>","탈퇴, 조합원 자격의 상실, 제명 등으로 조합원의 지위를 상실한 자에 대하여는 조합원이 납입한 제 납입금에서 소정의 공동부담금, 연체료 및 대출금, 미납대출이자 등을 공제한 잔액을 대체 계약자 대금이 입금 완료되었을 때 환불하기로 함(이하",미검수
법제처 OPEN API/prec,221755,2020다278873,"손해배상(기)[피고와 업무위탁계약을 체결한 영업전문점인 원고가 수수료 지급방식이 피고에게 유리하게 변경되자, 피고를 상대로 약관 무효에 따른 부당이득반환, 피고의 거래상 지위 남용을 이유로 한 손해배상 및 미지급 수수료 지급 등을 청구한 사안]",https://www.law.go.kr/DRF/lawService.do?OC=test&target=prec&ID=221755&type=HTML,(조 번호 미표기),위험,판례 문맥 추론 · 단일 신호,위험,,,".부터 2016. 1. 31.까지로 정한 업무약정을 체결하였다. 다) 원고와 피고는 2016. 2. 1. 약정기간을 2016. 2. 1.부터 2017. 12. 31.까지로 하여 피고가 해당 방송 권역 내(용인시, 평택시, 이천시, 안성시 전체)에서 피고가 제공하는 방송, 통신 서비스의 가입 등 영업업무 등을 원고에게 위탁하기로 하는 업무위탁계약(이하 ‘이 사건 위탁계약’이라 한다)을 체결하였다. 라) 이 사건 위탁계약에서 피고는 원고에게 ① 각 상품별 신규 또는 이전설치에 따른 ‘설치수수료’, ② 정액으로 지급되는 영업활동비와 실적에 따른 환산점수를 기준으로 이에 비례하여 지급되는 실적비례비로 이루어진 ‘기본수수료’, ③ 상품유치에 따라 지급되는 상품별 ‘유치수수료’ 등을 지급하기로 약정하였다. 마) 피고는 이 사건 위탁계약 체결 직전인 2016. 1.경 개최된 ‘2016년 협력사 사업설명회’에서 2016. 5. 1. 자로 기존의 기본수수료 지급방식 중 고정급 지급을 없애고, 영업실적을 점수로 환산하여 점수당 일정 금액을 지급하고 각 점수 구간별 인센티브를 지급하는 방식으로 변경될 것이라고 설명하였다. 피고는 2016. 12.경과 2017. 1.경 원고 등 영업전문점들을 대상으로 ‘영업전문점 포인트제도 설명회’를 개최하여 위와 같은 내용의 영업활동비 지급기준 변경안을 설명하였다. 바) 원고의 대표자 사내이사 소외인은 2017. 1. 13. ""본인은 상기 일정에 따라 진행된 영업전문점 및 통합센터 포인트제도 변경안 2차 설명회에 참석하여 포인트제도 변경안에 대한 상세한 설명을 들었으며, 이로 인한 충분한 이해를 하였음을 확인합니다.""라는 내용의 확인서를 작성하여 피고에게 교부하였다. 사) 원고와 피고는 2017. 1. 31.경 이 사건 위탁계약에서 정한 ‘기본수수료’ 체계를 서비스별 실적건수에 상품별 가중치를 곱하여 산출한 환산점수당 5만 원의 ‘기본활동비’와 환산점수 단계별 구간에 따라 차등 지급되는 ‘실적비례비’로 변경하여 지급할 것을 내용으로 하는 ‘2017년 추가 부속업무 위탁계약서’(이하 ‘이 사건 추가계약서’라 한다)를 작성하였다. 아) 피고는 2017. 2. 1.부터 이 사건 추가계약서에 따라 변경된 수수료 지급기준을 적용하여 원고에게 기본수수료를 지급하였다. 3) 위와 같은 사실관계에다가 기록에 의하여 인정되는 여러 사정을 앞서 본 법리에 비추어 살펴보면, 피고가 원고에게 지급하는 기본수수료 지급기준을 변경한 이 사건 추가계약서 조항은 원고에게 부당하게 불리한 조항으로서 약관법 제6조 제1항에서 정한 ‘신의성실의 원칙을 위반하여 공정성을 잃은 약관 조항’에 해당하여 무효라고 보아야 한다. 그 이유는 다음과 같다. 가) 이 사건 추가계약서는 피고가 원고를 비롯하여 업무약정을 체결한 다수의 영업전문점들과 사이에 기본수수료 지급기준 등을 변경하기 위하여 일정한 형식으로 미리 마련한 계약서로서 그중 기본수수료 지급기준 변경 부분은 약관법 제2조 제1호에서 정한 ‘약관’에 해당한다. 나) 원고는 피고로부터 특정 권역 내의 지역을 영업범위로 하여 위탁받은 업무를 수행하는 영업전문점으로서 피고에 대한 거래의존도가 절대적이므로, 피고가 원고보다 거래상 우월한 지위에 있다고 보아야 한다. 다) 2016. 2. 1. 작성된 이 사건 위탁계약에서는 기본수수료를 정액으로 지급되는 영업활동비와 실적에 따라 지급되는 실적비례비로 구성한다고 규정하였으므로, 원고와 같은 영업전문점으로서는 실적에 관계없이 정액으로 지급되는 영업활동비를 안정적으로 지급받을 수 있다는 합리적인 기대를 갖게 되었다. 그런데도 피고는 그 기대에 반하여 이 사건 위탁계약 체결 직전인 2016. 1.경 작성한 ‘2016년 협력사 사업설명회’ 자료에서 이미 2016. 5. 1.부터 정액으로 지급되는 기본활동",라 한다)을 체결하였다. 라) 이 사건 위탁계약에서 피고는 원고에게 ① 각 상품별 신규 또는 이전설치에 따른,미검수
법제처 OPEN API/prec,221755,2020다278873,"손해배상(기)[피고와 업무위탁계약을 체결한 영업전문점인 원고가 수수료 지급방식이 피고에게 유리하게 변경되자, 피고를 상대로 약관 무효에 따른 부당이득반환, 피고의 거래상 지위 남용을 이유로 한 손해배상 및 미지급 수수료 지급 등을 청구한 사안]",https://www.law.go.kr/DRF/lawService.do?OC=test&target=prec&ID=221755&type=HTML,(조 번호 미표기),위험,판례 문맥 추론 · 단일 신호,위험,,,"계약’이라 한다)을 체결하였다. 라) 이 사건 위탁계약에서 피고는 원고에게 ① 각 상품별 신규 또는 이전설치에 따른 ‘설치수수료’, ② 정액으로 지급되는 영업활동비와 실적에 따른 환산점수를 기준으로 이에 비례하여 지급되는 실적비례비로 이루어진 ‘기본수수료’, ③ 상품유치에 따라 지급되는 상품별 ‘유치수수료’ 등을 지급하기로 약정하였다. 마) 피고는 이 사건 위탁계약 체결 직전인 2016. 1.경 개최된 ‘2016년 협력사 사업설명회’에서 2016. 5. 1. 자로 기존의 기본수수료 지급방식 중 고정급 지급을 없애고, 영업실적을 점수로 환산하여 점수당 일정 금액을 지급하고 각 점수 구간별 인센티브를 지급하는 방식으로 변경될 것이라고 설명하였다. 피고는 2016. 12.경과 2017. 1.경 원고 등 영업전문점들을 대상으로 ‘영업전문점 포인트제도 설명회’를 개최하여 위와 같은 내용의 영업활동비 지급기준 변경안을 설명하였다. 바) 원고의 대표자 사내이사 소외인은 2017. 1. 13. ""본인은 상기 일정에 따라 진행된 영업전문점 및 통합센터 포인트제도 변경안 2차 설명회에 참석하여 포인트제도 변경안에 대한 상세한 설명을 들었으며, 이로 인한 충분한 이해를 하였음을 확인합니다.""라는 내용의 확인서를 작성하여 피고에게 교부하였다. 사) 원고와 피고는 2017. 1. 31.경 이 사건 위탁계약에서 정한 ‘기본수수료’ 체계를 서비스별 실적건수에 상품별 가중치를 곱하여 산출한 환산점수당 5만 원의 ‘기본활동비’와 환산점수 단계별 구간에 따라 차등 지급되는 ‘실적비례비’로 변경하여 지급할 것을 내용으로 하는 ‘2017년 추가 부속업무 위탁계약서’(이하 ‘이 사건 추가계약서’라 한다)를 작성하였다. 아) 피고는 2017. 2. 1.부터 이 사건 추가계약서에 따라 변경된 수수료 지급기준을 적용하여 원고에게 기본수수료를 지급하였다. 3) 위와 같은 사실관계에다가 기록에 의하여 인정되는 여러 사정을 앞서 본 법리에 비추어 살펴보면, 피고가 원고에게 지급하는 기본수수료 지급기준을 변경한 이 사건 추가계약서 조항은 원고에게 부당하게 불리한 조항으로서 약관법 제6조 제1항에서 정한 ‘신의성실의 원칙을 위반하여 공정성을 잃은 약관 조항’에 해당하여 무효라고 보아야 한다. 그 이유는 다음과 같다. 가) 이 사건 추가계약서는 피고가 원고를 비롯하여 업무약정을 체결한 다수의 영업전문점들과 사이에 기본수수료 지급기준 등을 변경하기 위하여 일정한 형식으로 미리 마련한 계약서로서 그중 기본수수료 지급기준 변경 부분은 약관법 제2조 제1호에서 정한 ‘약관’에 해당한다. 나) 원고는 피고로부터 특정 권역 내의 지역을 영업범위로 하여 위탁받은 업무를 수행하는 영업전문점으로서 피고에 대한 거래의존도가 절대적이므로, 피고가 원고보다 거래상 우월한 지위에 있다고 보아야 한다. 다) 2016. 2. 1. 작성된 이 사건 위탁계약에서는 기본수수료를 정액으로 지급되는 영업활동비와 실적에 따라 지급되는 실적비례비로 구성한다고 규정하였으므로, 원고와 같은 영업전문점으로서는 실적에 관계없이 정액으로 지급되는 영업활동비를 안정적으로 지급받을 수 있다는 합리적인 기대를 갖게 되었다. 그런데도 피고는 그 기대에 반하여 이 사건 위탁계약 체결 직전인 2016. 1.경 작성한 ‘2016년 협력사 사업설명회’ 자료에서 이미 2016. 5. 1.부터 정액으로 지급되는 기본활동비를 없애는 대신 실적비례비와 점수 구간별 인센티브를 지급하는 방식으로 변경할 것을 예정하였다. 라) 시장환경의 변화에 따라 영업을 독려하기 위한 목적으로 기본수수료 지급기준이 변경되었다고 하더라도 피고에게는 비용을 절감하려는 목적이 있었다고 보이고, 이 사건 추가계약서와 같이 기본수수료 지급기준이 변경될 경우 원고와 같이 특정 권역 내의 지역을 영업범위로 하여 위탁업무를 수행하는 영업전문점들이 지급받는 기본수수료가 동일 실적 대비 줄어들게 될 것으로 보인다. 이러한 기본수수료 지급기준 변경은 영업전문점들에 매우 중요한 거래조건으로서 그들에게 불리하게 계약 내용이 변경된 것이다. 마) 이 사건 위탁계약에서","2016년 협력사 사업설명회’에서 2016. 5. 1. 자로 기존의 기본수수료 지급방식 중 고정급 지급을 없애고, 영업실적을 점수로 환산하여 점수당 일정 금액을 지급하고 각 점수 구간별 인센티브를 지급하는 방식으로 변경될 것이라고 설명하였다. 피고는 2016. 12.경과 2017. 1.경 원고 등 영업전문점들을 대상으로",미검수
법제처 OPEN API/prec,221755,2020다278873,"손해배상(기)[피고와 업무위탁계약을 체결한 영업전문점인 원고가 수수료 지급방식이 피고에게 유리하게 변경되자, 피고를 상대로 약관 무효에 따른 부당이득반환, 피고의 거래상 지위 남용을 이유로 한 손해배상 및 미지급 수수료 지급 등을 청구한 사안]",https://www.law.go.kr/DRF/lawService.do?OC=test&target=prec&ID=221755&type=HTML,(조 번호 미표기),위험,판례 문맥 추론 · 단일 신호,위험,,," 바) 원고의 대표자 사내이사 소외인은 2017. 1. 13. ""본인은 상기 일정에 따라 진행된 영업전문점 및 통합센터 포인트제도 변경안 2차 설명회에 참석하여 포인트제도 변경안에 대한 상세한 설명을 들었으며, 이로 인한 충분한 이해를 하였음을 확인합니다.""라는 내용의 확인서를 작성하여 피고에게 교부하였다. 사) 원고와 피고는 2017. 1. 31.경 이 사건 위탁계약에서 정한 ‘기본수수료’ 체계를 서비스별 실적건수에 상품별 가중치를 곱하여 산출한 환산점수당 5만 원의 ‘기본활동비’와 환산점수 단계별 구간에 따라 차등 지급되는 ‘실적비례비’로 변경하여 지급할 것을 내용으로 하는 ‘2017년 추가 부속업무 위탁계약서’(이하 ‘이 사건 추가계약서’라 한다)를 작성하였다. 아) 피고는 2017. 2. 1.부터 이 사건 추가계약서에 따라 변경된 수수료 지급기준을 적용하여 원고에게 기본수수료를 지급하였다. 3) 위와 같은 사실관계에다가 기록에 의하여 인정되는 여러 사정을 앞서 본 법리에 비추어 살펴보면, 피고가 원고에게 지급하는 기본수수료 지급기준을 변경한 이 사건 추가계약서 조항은 원고에게 부당하게 불리한 조항으로서 약관법 제6조 제1항에서 정한 ‘신의성실의 원칙을 위반하여 공정성을 잃은 약관 조항’에 해당하여 무효라고 보아야 한다. 그 이유는 다음과 같다. 가) 이 사건 추가계약서는 피고가 원고를 비롯하여 업무약정을 체결한 다수의 영업전문점들과 사이에 기본수수료 지급기준 등을 변경하기 위하여 일정한 형식으로 미리 마련한 계약서로서 그중 기본수수료 지급기준 변경 부분은 약관법 제2조 제1호에서 정한 ‘약관’에 해당한다. 나) 원고는 피고로부터 특정 권역 내의 지역을 영업범위로 하여 위탁받은 업무를 수행하는 영업전문점으로서 피고에 대한 거래의존도가 절대적이므로, 피고가 원고보다 거래상 우월한 지위에 있다고 보아야 한다. 다) 2016. 2. 1. 작성된 이 사건 위탁계약에서는 기본수수료를 정액으로 지급되는 영업활동비와 실적에 따라 지급되는 실적비례비로 구성한다고 규정하였으므로, 원고와 같은 영업전문점으로서는 실적에 관계없이 정액으로 지급되는 영업활동비를 안정적으로 지급받을 수 있다는 합리적인 기대를 갖게 되었다. 그런데도 피고는 그 기대에 반하여 이 사건 위탁계약 체결 직전인 2016. 1.경 작성한 ‘2016년 협력사 사업설명회’ 자료에서 이미 2016. 5. 1.부터 정액으로 지급되는 기본활동비를 없애는 대신 실적비례비와 점수 구간별 인센티브를 지급하는 방식으로 변경할 것을 예정하였다. 라) 시장환경의 변화에 따라 영업을 독려하기 위한 목적으로 기본수수료 지급기준이 변경되었다고 하더라도 피고에게는 비용을 절감하려는 목적이 있었다고 보이고, 이 사건 추가계약서와 같이 기본수수료 지급기준이 변경될 경우 원고와 같이 특정 권역 내의 지역을 영업범위로 하여 위탁업무를 수행하는 영업전문점들이 지급받는 기본수수료가 동일 실적 대비 줄어들게 될 것으로 보인다. 이러한 기본수수료 지급기준 변경은 영업전문점들에 매우 중요한 거래조건으로서 그들에게 불리하게 계약 내용이 변경된 것이다. 마) 이 사건 위탁계약에서는 ""영업 및 기술환경 변화와 피고의 정책변경에 따라 용역대가 기준의 변경이 필요한 경우 피고는 원고에게 변경기준에 대해 사전에 충분히 설명을 한 후 이를 변경할 수 있으며, 원고가 변경된 기준에 이의를 제기할 경우 10일 이내에 협의를 통하여 조정할 수 있다.""라고 규정하고 있으므로(제9조 제6항), 계약 내용의 변경이 가능하기는 하다. 그러나 거래상 우위에 있는 피고는 원고에게 불리하게 계약 내용을 변경하였고, 기본수수료 지급기준이 원고와의 협의를 통하여 변경되지도 않았다. 바) 피고는 2016. 12.경과 2017. 1.경 원고 등 영업전문점들을 대상으로 ‘영업전문점",기본수수료’ 체계를 서비스별 실적건수에 상품별 가중치를 곱하여 산출한 환산점수당 5만 원의,미검수
법제처 OPEN API/prec,221755,2020다278873,"손해배상(기)[피고와 업무위탁계약을 체결한 영업전문점인 원고가 수수료 지급방식이 피고에게 유리하게 변경되자, 피고를 상대로 약관 무효에 따른 부당이득반환, 피고의 거래상 지위 남용을 이유로 한 손해배상 및 미지급 수수료 지급 등을 청구한 사안]",https://www.law.go.kr/DRF/lawService.do?OC=test&target=prec&ID=221755&type=HTML,(조 번호 미표기),위험,판례 문맥 추론 · 단일 신호,위험,,,"라는 내용의 확인서를 작성하여 피고에게 교부하였다. 사) 원고와 피고는 2017. 1. 31.경 이 사건 위탁계약에서 정한 ‘기본수수료’ 체계를 서비스별 실적건수에 상품별 가중치를 곱하여 산출한 환산점수당 5만 원의 ‘기본활동비’와 환산점수 단계별 구간에 따라 차등 지급되는 ‘실적비례비’로 변경하여 지급할 것을 내용으로 하는 ‘2017년 추가 부속업무 위탁계약서’(이하 ‘이 사건 추가계약서’라 한다)를 작성하였다. 아) 피고는 2017. 2. 1.부터 이 사건 추가계약서에 따라 변경된 수수료 지급기준을 적용하여 원고에게 기본수수료를 지급하였다. 3) 위와 같은 사실관계에다가 기록에 의하여 인정되는 여러 사정을 앞서 본 법리에 비추어 살펴보면, 피고가 원고에게 지급하는 기본수수료 지급기준을 변경한 이 사건 추가계약서 조항은 원고에게 부당하게 불리한 조항으로서 약관법 제6조 제1항에서 정한 ‘신의성실의 원칙을 위반하여 공정성을 잃은 약관 조항’에 해당하여 무효라고 보아야 한다. 그 이유는 다음과 같다. 가) 이 사건 추가계약서는 피고가 원고를 비롯하여 업무약정을 체결한 다수의 영업전문점들과 사이에 기본수수료 지급기준 등을 변경하기 위하여 일정한 형식으로 미리 마련한 계약서로서 그중 기본수수료 지급기준 변경 부분은 약관법 제2조 제1호에서 정한 ‘약관’에 해당한다. 나) 원고는 피고로부터 특정 권역 내의 지역을 영업범위로 하여 위탁받은 업무를 수행하는 영업전문점으로서 피고에 대한 거래의존도가 절대적이므로, 피고가 원고보다 거래상 우월한 지위에 있다고 보아야 한다. 다) 2016. 2. 1. 작성된 이 사건 위탁계약에서는 기본수수료를 정액으로 지급되는 영업활동비와 실적에 따라 지급되는 실적비례비로 구성한다고 규정하였으므로, 원고와 같은 영업전문점으로서는 실적에 관계없이 정액으로 지급되는 영업활동비를 안정적으로 지급받을 수 있다는 합리적인 기대를 갖게 되었다. 그런데도 피고는 그 기대에 반하여 이 사건 위탁계약 체결 직전인 2016. 1.경 작성한 ‘2016년 협력사 사업설명회’ 자료에서 이미 2016. 5. 1.부터 정액으로 지급되는 기본활동비를 없애는 대신 실적비례비와 점수 구간별 인센티브를 지급하는 방식으로 변경할 것을 예정하였다. 라) 시장환경의 변화에 따라 영업을 독려하기 위한 목적으로 기본수수료 지급기준이 변경되었다고 하더라도 피고에게는 비용을 절감하려는 목적이 있었다고 보이고, 이 사건 추가계약서와 같이 기본수수료 지급기준이 변경될 경우 원고와 같이 특정 권역 내의 지역을 영업범위로 하여 위탁업무를 수행하는 영업전문점들이 지급받는 기본수수료가 동일 실적 대비 줄어들게 될 것으로 보인다. 이러한 기본수수료 지급기준 변경은 영업전문점들에 매우 중요한 거래조건으로서 그들에게 불리하게 계약 내용이 변경된 것이다. 마) 이 사건 위탁계약에서는 ""영업 및 기술환경 변화와 피고의 정책변경에 따라 용역대가 기준의 변경이 필요한 경우 피고는 원고에게 변경기준에 대해 사전에 충분히 설명을 한 후 이를 변경할 수 있으며, 원고가 변경된 기준에 이의를 제기할 경우 10일 이내에 협의를 통하여 조정할 수 있다.""라고 규정하고 있으므로(제9조 제6항), 계약 내용의 변경이 가능하기는 하다. 그러나 거래상 우위에 있는 피고는 원고에게 불리하게 계약 내용을 변경하였고, 기본수수료 지급기준이 원고와의 협의를 통하여 변경되지도 않았다. 바) 피고는 2016. 12.경과 2017. 1.경 원고 등 영업전문점들을 대상으로 ‘영업전문점 포인트제도 설명회’를 개최하여 위와 같은 내용의 영업활동비 지급기준 변경안을 설명하였고, 원고의 대표자 사내이사 소외인은 2017. 1. 13. 2차 설명회에 참석하여 설명을 듣고 충분히 이해하였다는 취지의 확인서를 작성하였으며, 피고는 이 사건 추가계약서가 작성된 이후인 2017. 2. 1.부터 실제로 기본수수료 지급기준을 변경하기는 하였다. 그러나 피고가 원고에게 세부적이고 구체적인 내용을 서면으로 제공하는 등 변경 내용을 상세히 고지하였다는 자료가 없고, 피고와 대등한 교섭력을 갖추지 못한 원고가 피고에게 설명","(이하 ‘이 사건 추가계약서’라 한다)를 작성하였다. 아) 피고는 2017. 2. 1.부터 이 사건 추가계약서에 따라 변경된 수수료 지급기준을 적용하여 원고에게 기본수수료를 지급하였다. 3) 위와 같은 사실관계에다가 기록에 의하여 인정되는 여러 사정을 앞서 본 법리에 비추어 살펴보면, 피고가 원고에게 지급하는 기본수수료 지급기준을 변경한 이 사건 추가계약서 조항은 원고에게 부당하게 불리한 조항으로서 약관법 제6조 제1항에서 정한",미검수
법제처 OPEN API/prec,221755,2020다278873,"손해배상(기)[피고와 업무위탁계약을 체결한 영업전문점인 원고가 수수료 지급방식이 피고에게 유리하게 변경되자, 피고를 상대로 약관 무효에 따른 부당이득반환, 피고의 거래상 지위 남용을 이유로 한 손해배상 및 미지급 수수료 지급 등을 청구한 사안]",https://www.law.go.kr/DRF/lawService.do?OC=test&target=prec&ID=221755&type=HTML,(조 번호 미표기),위험,판례 문맥 추론 · 신호 혼재,위험,,," 대한민국이 국세징수법에 근거하여 피고에게 원고의 피고에 대한 매출채권에 대하여 채권압류를 통지한 89,927,400원에 대한 청구 부분을 각하한 부분과 기본수수료 지급기준 변경으로 인한 부당이득반환청구 및 손해배상청구 부분을 제외한 나머지 청구를 기각하였다. 1) 원고와 피고 사이의 2012. 12. 31. 자 및 2014. 2. 1. 자 업무약정, 이 사건 위탁계약 중 유치수수료 및 설치수수료 환수규정이 약관법 제6조 제1항에서 정한 ‘신의성실의 원칙을 위반하여 공정성을 잃은 약관 조항’에 해당한다고 보기 어렵다. 2) 위와 같은 유치수수료 및 설치수수료 환수규정이 정상적인 거래관행을 벗어난 것이라거나 구 공정거래법 제23조 제1항 제4호를 위반한 행위로서 피고가 자신의 우월한 거래상 지위를 부당하게 이용하여 원고에게 불이익을 주는 행위라고 보기 어렵다. 3) 원고의 부당이득반환청구 중 피고가 환수사유에 해당하지 않는 사유로 수수료를 환수하였다는 부분, 피고가 위 각 업무약정 및 이 사건 위탁계약과 달리 부당하게 수수료를 환수하였다는 부분, 피고가 일부 관리수수료를 지급하지 않았다는 부분에 대하여는, 원고가 제출한 증거들만으로는 피고가 법률상 원인 없이 수수료를 부당이득하였다거나 위 각 업무약정 및 이 사건 위탁계약에 따른 관리수수료를 지급하지 않았다고 인정하기 부족하고, 달리 이를 인정할 증거가 없다. 나. 원심판결 이유를 관련 법리와 기록에 비추어 살펴보면, 원심의 판단에 필요한 심리를 다하지 않은 채 논리와 경험의 법칙을 위반하여 자유심증주의의 한계를 벗어나거나 약관법 제6조에서 정한 ‘신의성실의 원칙을 위반하여 공정성을 잃은 약관 조항’과 구 공정거래법 제23조 제1항 제4호에서 정한 ‘자기의 거래상의 지위를 부당하게 이용하여 상대방과 거래하는 행위’에 관한 법리오해, 판단누락, 이유불비 내지 이유모순, 석명의무 위반 등의 잘못이 없다. 나아가 기록을 살펴보아도 원심이 민사소송법 제290조 단서를 위반하였다고 볼 수 없고, 제1심 및 원심절차에 민사소송법 제424조 제1항 제4호에서 정한 바와 같이 소송대리권 수여에 흠이 있어 판결에 영향을 미친 잘못이 있다고 볼 수도 없다. 다. 한편 원고는 원심판결 전부에 대하여 상고하였으나, 그중 소 각하 부분에 대하여는 상고장과 상고이유서에 구체적 불복이유를 기재하지 않았다. 3. 파기의 범위 및 환송 후 원심의 심판 범위 위와 같은 이유로 원심판결 중 기본수수료 지급기준 변경으로 인한 부당이득반환청구 및 손해배상청구 부분을 파기하여야 한다. 그런데 원심이 판단한 바와 같이 대한민국이 피고에게 원고의 피고에 대한 매출채권(장래 발생할 채권 포함) 중 체납액 89,927,400원에 대하여 채권압류 통지를 하였으므로, 원고는 압류된 89,927,400원에 대한 청구 부분에 대하여는 당사자적격이 없고, 이 사건 소 중 그 청구 부분은 부적법하다. 따라서 환송 후 원심으로서는 기본수수료 지급기준 변경으로 인한 부당이득반환청구 및 손해배상청구 부분에서 인용되는 금액에서 위 89,927,400원에 대한 청구 부분을 공제하고 남는 금액 범위에서 이를 인용하여야 한다. 4. 결론 그러므로 원심판결 중 기본수수료 지급기준 변경으로 인한 부당이득반환청구 및 손해배상청구 부분을 파기하고, 이 부분 사건을 다시 심리·판단하도록 원심법원에 환송하며, 나머지 상고를 기각하기로 하여, 관여 대법관의 일치된 의견으로 주문과 같이 판결한다. 대법관 노태악(재판장) 박정화(주심) 김선수 오경미 ]]>",신의성실의 원칙을 위반하여 공정성을 잃은 약관 조항,미검수
법제처 OPEN API/prec,232963,2020다281602,수분양자지위확인등,https://www.law.go.kr/DRF/lawService.do?OC=test&target=prec&ID=232963&type=HTML,제2조,위험,판례 문맥 추론 · 단일 신호,위험,,,". 7. 선고 2020나16187 판결 【주 문】 상고를 기각한다. 상고비용은 원고가 부담한다. 【이 유】 상고이유(상고이유서 제출기간이 지난 다음 제출된 참고서면은 이를 보충하는 범위에서)를 판단한다. 1. 사안 개요 가. 소외인은 2018. 1. 11. 피고로부터 시흥시 ○○동○○공공주택지구의 아파트 1채를 공급받기로 하는 계약을 체결하였다. 그 공급계약서 제2조 (1)항 7)호는 ‘소외인이 주택공급에 관한 규칙, 주택법, 주택법 시행령 등 관련 법규에 위배되는 행위를 하였을 때’를 피고의 공급계약 해제 사유 중 하나로 정하고 있고, 제3조 (1)항은 이러한 사유로 공급계약이 해제된 경우에도 총 공급대금의 10%에 해당하는 위약금이 피고에게 귀속된다고 정하고 있다(이하 ‘이 사건 위약금 조항’이라 한다). 나. 피고는 소외인으로부터 계약금과 1차 중도금을 지급받았으나, 이후 경찰 수사 결과 소외인이 청약에 당첨되기 위해 위장 전입하는 등 주택법을 위반하여 부정한 방법으로 아파트 공급계약을 체결했던 사실이 밝혀졌다. 그러자 피고는 2018. 11. 21.경 소외인에게 아파트 공급계약을 해제하고 이 사건 위약금 조항에 따라 이미 납부된 대금 중 위약금 등을 공제하여 반환하겠다고 통보한 후 2018. 12. 18. 해당 금액을 변제공탁하였다. 다. 원고는 소외인으로부터 아파트 분양권을 매수하였고 소송계속 중 피고에 대한 공급대금 등 반환채권도 양수하였다고 주장하면서 이 사건 위약금 조항의 효력이 없다는 등의 이유로 피고가 위약금으로 몰취한 금액의 반환을 청구하였다. 2. 이 사건 위약금 조항이 불공정한 약관이어서 무효인지 원고는 이 사건 위약금 조항이 불공정한 약관으로서 「약관의 규제에 관한 법률」(이하 ‘약관법’이라 한다) 제6조 제1항, 제2항 제1호 또는 제8조 등에 따라 무효라고 주장하였다. 그러나 원심은 피고가 거래상 지위를 남용하여 소외인의 정당한 이익과 합리적인 기대에 반하여 형평에 어긋나도록 이 사건 위약금 조항을 작성·사용함으로써 건전한 거래질서를 훼손하는 등 부당하게 불이익을 주었다고 인정하기 어렵다고 판단하면서 원고의 주장을 받아들이지 않았다. 원심판결 이유를 관련 법리와 기록에 비추어 살펴보면 원심판결에 상고이유 주장과 같이 약관법에 관한 법리를 오해하는 등 판결에 영향을 미친 잘못이 없다. 3. 이 사건 위약금 조항이 법령에 위반되어 무효인지 구 주택법(2021. 3. 9. 법률 제17921호로 일부 개정되기 전의 것, 이하 ‘구 주택법’이라 한다) 제65조 제1항은 거짓이나 그 밖의 부정한 방법으로 같은 법에 따라 건설·공급되는 주택 등을 공급받는 등 공급질서를 교란하는 행위를 금지하고, 같은 조 제2항 제2호는 제1항을 위반하여 거짓이나 그 밖의 부정한 방법으로 주택 등을 공급받은 자에 대하여 사업주체가 이미 체결된 공급계약을 취소할 수 있다고 정하고 있다. 같은 조 제3항은 ""사업주체가 제1항을 위반한 자에게 대통령령으로 정하는 바에 따라 산정한 주택가격에 해당하는 금액을 지급한 경우에는 그 지급한 날에 그 주택을 취득한 것으로 본다.""라고 정하고, 같은 법 시행령 제74조 제2항은 이때의 주택가격을 입주금과 융자금의 상환 원금, 여기에 생산자물가상승률을 곱한 금액을 합산한 금액에서 감가상각비를 공제하는 방식으로 산정하도록 정하고 있다. 원심은 이 사건 위약금 조항이 구 주택법 제65조 제2항, 제3항, 같은 법 시행령 제74조 제2항에 반하여 무효라는 원고의 주장을 받아들이지 않았다. 그 이유로 이러한 법령 조항은 아파트를 공급받은 자가 주택 공급질서 교란행위를 한 경우 사업주체 등에 취소권을 부여하면서 이미 소유권이 이전된 주택을 환수할 수 있도록 하는 조항이고, 이를 넘어 사업주체의 약정해제권을 배제하거나 약정해제권 행사로 인한 대금 반환 범위까지","소외인이 주택공급에 관한 규칙, 주택법, 주택법 시행령 등 관련 법규에 위배되는 행위를 하였을 때",미검수
