source,case_seq,case_no,case_name,doc_url,clause_title,opinion,opinion_source,gold_risk_level_candidate,articles,gold_risk_type_candidates,rationale,clause_text,review_status,clause_text_candidate,confidence,assist_note
법제처 OPEN API/ftc,9319,,6개 온라인음원제공사업자의 이용약관상 불공정약관조항에 대한 건,https://www.law.go.kr/DRF/lawService.do?OC=test&target=ftc&ID=9319&type=HTML,중도해지 불가조항,부분 무효,명시,주의,"제6조,제9조",부당한 비용·세금 전가|선택권 제한·구입 강제|과도한 위약금|일방적 계약 해지|권리행사 제한|보증금 반환 지연,"2. 중도해지 불가조항 가. 약관조항 나. 심사의견 : 부분 무효 ○ 피심인이 제공하는 음원제공서비스는 고객에게 1개월 이상 계속하여 재화 등을 공급하는 계약이며 중도해지가 제한된다는 점에서「방문판매 등에 관한 법률」상 계속거래적 성격을 갖고 있다. - 따라서 피심인이 특별한 사정 없이 고객의 중도해지를 무조건 제한하고 잔여 대금의 환급을 하지 않는다면 불공정약관조항에 해당될 소지가 크다고 할 것이다. ○ 피심인들은 이 서비스와 관련하여 스트리밍서비스 및 정량 다운로드서비스의 경우 고객이 결제 후 1주 내지 2주에 많이 듣고 그 이후에는 잘 듣지 않으며, - 음원저작권자와의 계약상 저작권료를 월단위 금액을 기준으로 지급하도록 되어 있어 일할정산 또는 다운로드 수량에 따라 정산하는 방법 등으로 중도해지를 인정하는 것은 어렵다고 주장한다. - 그러나 고객은 계약기간 중 언제든지 서비스를 이용할 수 있는데 통상 특정기간에 서비스를 많이 이용한다고 하여 중도해지를 인정하지 않는 것은 합리적인 주장이라 볼 수 없으며, - 피심인들이 저작권자들에게 지급하는 저작권료 지급기준은 저작권자들이 정하여 문화체육관광부의 승인을 받은 징수규정에 명시된 것일 뿐, 이를 근거로 법률에서 정하고 있는 고객의 해지권 등의 권리를 제한할 수 있는 사유라 보기는 어렵다. ○ 다만, 피심인의 서비스 중 DRM이 적용된 음원을 무제한 다운로드 할 수 있는 서비스의 경우에는 다운로드 수량에 제한이 없는 점, 이미 고객이 PC 또는 재생기기로 다운로드 받은 파일은 피심인이 중도에 조정하는 것이 불가능한 점, - 이미 다운로드 받은 음원은 1개월간 재생이 가능하다는 점 등을 감안해 볼 때 고객에게 부당하게 불공정하다고 보기는 어렵다고 할 것이다. ○ 따라서 피심인들의 스트리밍서비스 및 정량다운로드 서비스에서 고객의 중도해지를 제한하는 약관조항은 법률의 규정에 의한 고객의 해제권 또는 해지권을 제한하는 조항이므로 약관법 제9조 제1호에 해당된다. ]]> 나. 심사의견 : 무효 ○ 피심인들이 제공하는 무료이벤트(명칭 불문, 이하 같음)는 기본적으로 고객을 자신의 유료서비스에 회원가입 하도록 유도하기 위하여 상품의 홍보 및 고객유치 차원에서 일정기간 이용할 수 있도록 제공하는 서비스의 일종이라 할 것이다. - 이와 관련하여 피심인들은 무료이벤트가 장기간 이용하겠다고 동의하는 고객에 한하여 제공하는 무료혜택이라고 주장하지만, - 피심인들의 무료이벤트를 이용하는 고객은 대부분 서비스를 장기간 이용하기 위해 가입하기 보다는 샘플마케팅의 일종으로 인식하고 1개월을 무료로 이용하기 위하여 가입하는 경우가 대부분이라고 할 것이므로 피심인의 주장은 타당하다고 볼 수 없다. ○ 피심인들의 서비스와 관련하여「전자상거래 등에서의 소비자보호에 관한 법률(이하 '전상법’이라 함」제21조 제1항 제1호에서는 허위 또는 과장된 사실을 알리거나 기만적 방법을 사용하여 소비자를 유인 또는 거래하거나 청약철회 등 또는 계약의 해지를 방해하는 행위를 하여서는 아니되며, - 같은 조항 제4호에서는 소비자의 청약이 없",,기각,,,근거 서술에 중도해지 불가조항의 구체적 문구 인용 없음. 내용만 설명되어 있음
법제처 OPEN API/ftc,9795,,ANF휘트니스의 개별트레이닝약정서상 불공정약관조항에 대한 건,https://www.law.go.kr/DRF/lawService.do?OC=test&target=ftc&ID=9795&type=HTML,(문서 전체 — 조항 구분 없음),무효,명시,위험,제9조,일방적 계약 해지|권리행사 제한|보증금 반환 지연,"9795 시정권고서 2008약관2840 2. 심사결과 : 무효 일반적으로 대중체육시설 이용계약은「방문판매 등에 관한 법률」상 계속계약(거래)에 해당하는 것으로서, 고객은 계약기간 중 언제든지 해지할 수 있으며 사업자(계속거래업자)는 고객의 사정으로 계약이 해지된 경우에도 이로 인해 발생하는 손실에 상당하는 적정 위약금을 공제한 나머지 대금을 환급해야 하고, 또 고객 입장에서도 해당 금원을 청구할 권리가 있음에도 불구하고, 고객에게 환불을 전혀 해 주지 않는다고 규정한 것은 계약의 해지로 인한 고객의 원상회복청구권을 부당하게 포기하도록 하는 것으로서 약관법 제9조 제3호에 해당된다. 피심인은 개별트레이닝프로그램은 일반 체력단련장(헬스장) 이용약관과 다른 특성이 있으므로 환불기준도 달라야 한다고 주장하나, 계약의 중도해지로 인한 피심인의 손실이 고객이 지불한 수강료 전액이라고 볼 수 있는 근거가 없으므로 일반 체력단련장 이용계약과 같이 일정 금액의 정당한 환불조치는 이뤄져야 할 것이다. 트레이너에 대한 정당한 보상 문제도 트레이너를 고용한 피심인이 해결할 문제이지, 이를 근거로 고객의 원상회복청구권을 부당하게 포기하도록 하는 것은 타당하지 않다. 따라서 해당 약관조항은 계약의 해지로 인한 고객의 원상회복청구권을 부당하게 포기하도록 하는 것으로서 약관법 제9조 제3호에 해당된다. ]]> 2. 심사결과 : 무효 일반적으로 대중체육시설 이용계약은「방문판매 등에 관한 법률」상 계속계약(거래)에 해당하는 것으로서, 고객은 계약기간 중 언제든지 해지할 수 있으며 사업자(계속거래업자)는 고객의 사정으로 계약이 해지된 경우에도 이로 인해 발생하는 손실에 상당하는 적정 위약금을 공제한 나머지 대금을 환급해야 하고, 또 고객 입장에서도 해당 금원을 청구할 권리가 있음에도 불구하고, 고객에게 환불을 전혀 해 주지 않는다고 규정한 것은 계약의 해지로 인한 고객의 원상회복청구권을 부당하게 포기하도록 하는 것으로서 약관법 제9조 제3호에 해당된다. 피심인은 개별트레이닝프로그램은 일반 체력단련장(헬스장) 이용약관과 다른 특성이 있으므로 환불기준도 달라야 한다고 주장하나, 계약의 중도해지로 인한 피심인의 손실이 고객이 지불한 수강료 전액이라고 볼 수 있는 근거가 없으므로 일반 체력단련장 이용계약과 같이 일정 금액의 정당한 환불조치는 이뤄져야 할 것이다. 트레이너에 대한 정당한 보상 문제도 트레이너를 고용한 피심인이 해결할 문제이지, 이를 근거로 고객의 원상회복청구권을 부당하게 포기하도록 하는 것은 타당하지 않다. 따라서 해당 약관조항은 계약의 해지로 인한 고객의 원상회복청구권을 부당하게 포기하도록 하는 것으로서 약관법 제9조 제3호에 해당된다. ]]> 2. 심사결과 : 무효 일반적으로 대중체육시설 이용계약은「방문판매 등에 관한 법률」상 계속계약(거래)에 해당하는 것으로서, 고객은 계약기간 중 언제든지 해지할 수 있으며 사업자(계속거래업자)는 고객의 사정으로 계약이 해지된 경우에도 이로 인해 발생하는 손실에 상당하는 적정 위약금을 공제한 나머지 대금을 환급해야 하고, 또",,기각,고객에게 환불을 전혀 해 주지 않는다고 규정한 것,보통,"인용 표시 없이 조항 내용이 설명되어 있으며, 서술에서 문제 조항의 핵심 내용을 그대로 옮김"
법제처 OPEN API/ftc,1161,,IGYM의 회원가입약관 및 동의서상 불공정약관조항에 대한 건,https://www.law.go.kr/DRF/lawService.do?OC=test&target=ftc&ID=1161&type=HTML,계약 해지 시 과다한 위약금 등 부과 조항,무효,명시,위험,제8조,과도한 위약금,"2. 계약 해지 시 과다한 위약금 등 부과 조항 가. 약관조항 나. 심사의견: 무효 대중체육시설 이용계약은「방문판매 등에 관한 법률」(이하 '방판법’이라 한다)상 계속적인 계약(계속거래)에 해당하는 것으로 고객은 계약기간 중 언제든지 해지할 수 있으며 소비자의 사정으로 계약이 해지된 경우 계약 해지로 인해 발생하는 손실에 상당하는 적정 위약금을 제외한 나머지 대금을 환급해야 할 것이다.(방판법 제29조, 제30조) 고객이 자신의 사정으로 계약기간 중도에 해지를 하는 경우에 사업자는 고객에게 손해배상액의 예정으로서의 위약금을 부담지울 수 있지만, 이 경우에도 관련 임의규정, 통상의 거래관행 등을 고려하여 합리적인 수준의 위약금을 정하여야 할 것이다. 방판법 제30조 제5항에 따라 정하여 고시한 「계속거래 등의 해지ㆍ해제에 따른 위약금 및 대금의 환급에 관한 산정기준」 상에는 헬스장 이용계약과 관련하여 고객의 사정에 의한 중도 해지 시 위약금 상한액을 총 계약금액의 10%로 정하고 있다. 또한, 체력단련장 표준약관 및 소비자분쟁해결기준에서도 체육시설을 이용하는 소비자의 귀책사유로 개시일 이후 계약을 해지할 경우 취소일까지의 이용일수에 해당하는 금액과 총 이용금액의 10%를 위약금으로 공제하고 환급하도록 규정하고 있다. 헬스장의 가입금은 통상 입회비(가입비), 연회비, 보증금 및 부가가치세로 구성되어 있는데 연회비는 시설사용료의 선불적 성격을 갖고 있기 때문에 사업자의 귀책사유에 의한 탈회시는 물론이고 고객의 개인사정에 의한 탈회시에도 잔여기간에 상당하는 금액은 반환하는 것이 타당하고, 입회비는 그 명칭에 관계없이 성격상 시설이용에 대한 배타적 회원자격의 대가로서의 법률상 보증금과 구별하기가 어려우며 법률적 성질은 시설이용권에 대한 대가로서 성격을 갖는 것이므로 고객의 탈회시 시설이용권의 반환과 함께 입회비를 반환하여야 할 것이다. 그러나 위 약관에는 회비의 환불과 관련하여 위약금(총회비합계금액의 10%에 상당하는 중도해지수수료)과 이용기간과 무관하게 3개월의 의무사용기간을 적용하여 이 기간동안의 회비전체를 공제하고 이와 별도로 가입비 등 명목으로 이를 공제하는 것으로 규정하고 있다. 따라서 당해 약관조항은 고객에 대하여 부당하게 과중한 손해배상의무를 부담시키는 약관조항이자 계약의 해제 또는 해지로 인한 고객의 원상회복의무를 상당한 이유없이 과중하게 부담시키거나 원상회복청구권을 부당하게 포기하도록 하는 조항으로 약관법 제8조 및 제9조 제3호에 해당되어 무효이다. ",,기각,,,근거 서술에 조항 문구 인용 없음. 약관 내용은 '위약금(총회비합계금액의 10%에 상당하는 중도해지수수료)과 이용기간과 무관하게 3개월의 의무사용기간을 적용하여 이 기간동안의 회비전체를 공제하고 이와 별도로 가입비 등 명목으로 이를 공제'하는 것으로만 설명됨
법제처 OPEN API/ftc,1161,,IGYM의 회원가입약관 및 동의서상 불공정약관조항에 대한 건,https://www.law.go.kr/DRF/lawService.do?OC=test&target=ftc&ID=1161&type=HTML,"헬스장내에서의 고객물품의 분실, 도난에 대한 사업자의 면책 조항",무효,명시,위험,"제7조,제11조",책임 면제|권리행사 제한,"3. 헬스장내에서의 고객물품의 분실, 도난에 대한 사업자의 면책 조항 가. 약관조항 나. 심사의견: 무효 상법상 공중접객업자는 고객으로부터 임치받은 물건의 보관상 주의를 게을리하지 아니하였음을 증명하지 아니하면 그 물건의 멸실 또는 훼손으로 인한 손해배상의 책임이 있고, 고객으로부터 임치받지 아니한 경우에도 그 시설 내에 휴대한 물건이 공중접객업자 자신 또는 그 사용인의 과실로 인하여 멸실 또는 훼손되었을 대에는 그 손해를 배상할 책임이 있다고 규정(상법 제152조 제1항 및 제2항)하고 있으며, 이에 따라 시설물 내에서의 도난사고의 발생이 사업자의 과실에서 야기된 경우라면 사업자가 그 책임을 지는 것은 당연하다 할 것이다. 또한, 민법상 사업자의 고의 또는 과실로 인한 위법행위로 타인에게 손해를 가한 때에는 그 손해를 배상할 책임이 있으며(민법 제750조) 공작물의 설치 또는 보존의 하자로 인해 타인에게 손해를 가한 때에는 점유자 또는 소유자가 손해배상의 책임이 있다고 규정(민법 제758조 제1항)하고 있으므로 사업자의 과실에 기인한 안전사고에는 사업자가 배상책임을 지어야 할 것이다. 물론 귀중품 등을 안내데스크에 맡기지 않은 경우 우선적으로는 이용자 본인에게 자신의 물건 등의 관리책임이 있다 할 것이다. 그러나 위 약관에는 헬스장내에서 고객 물품의 분실, 도난 또는 헬스장 시설 관리, 회원질서 유지 등과 관련하여 안전사고 등에 대해 사업자의 귀책유무를 따짐이 없이 사업자가 면책되는 것으로 규정하고 있다. 따라서 당해 약관조항은 사업자의 고의 또는 중대한 과실로 인한 법률상의 책임을 배제하는 조항으로 약관법 제7조 제1호에 해당되어 무효이다. ]]> 나. 심사의견: 무효 휘트니스회원권은 회원권에 기명된 자가 해당 시설을 이용할 수 있도록 하는 권리증서로 기명식채권의 일종이라 할 것인데, 채권은 성질상 양도ㆍ양수가 불가능하거나 법률에서 금지하는 경우와 당사자간의 개별약정으로 양도ㆍ양수를 제한하는 경우를 제외하고는 원칙적으로 양도ㆍ양수가 허용된다고 할 것이다.(민법 제449조) 체육시설 이용은 일정기간 동안 고객이 당해시설을 이용하는 계약으로서 일신전속적 계약이 아니므로 다른 고객이 이용한다고 하여 특별히 계약의 내용이 달라질 것은 없다. 따라서 양도ㆍ양수 시 사업자의 허락을 받거나 통지하도록 하는 등의 절차가 없으면 특별히 양도 자체를 제한할 이유가 없다 할 것이다. 또한, 「체육시설의 설치ㆍ이용에 관한 법률」에서도 특별한 사유가 없는 한 회원권의 자유로운 양도를 허용하고 있다. 그러나 위 약관에는 타인에게 회원권의 양도가 불가능한 것으로 규정하고 있다. 따라서 당해 약관조항은 고객이 제3자와 계약을 체결하는 것을 부당하게 제한하는 조항으로 약관법 제11조 제3호에 해당되어 무효이다. ",,기각,,,"근거 서술에 조항 문구 인용 없음. 내용만 설명되어 있음: '헬스장내에서 고객 물품의 분실, 도난 또는 헬스장 시설 관리, 회원질서 유지 등과 관련하여 안전사고 등에 대해 사업자의 귀책유무를 따짐이 없이 사업자가 면책되는 것으로 규정'"
법제처 OPEN API/ftc,10525,,IT휘트니스의 회원카드 이용안내문상상 불공정약관조항에 대한 건,https://www.law.go.kr/DRF/lawService.do?OC=test&target=ftc&ID=10525&type=HTML,(문서 전체 — 조항 구분 없음),무효,명시,위험,제9조,일방적 계약 해지|권리행사 제한|보증금 반환 지연,"10525 시정권고서 2008약관 2. 심사의견 : 무효 ○ 대중체육시설 이용계약은 「방문판매등에 관한 법률」상 계속계약에 해당하는 것으로, 고객은 계약기간 중 언제든지 해지할 수 있으며 소비자의 사정으로 계약이 해지된 경우 계약해지로 인해 발생하는 손실에 상당하는 적정 위약금을 공제한 나머지 대금을 환급해야 할 것임(법 제29조). - 그러나 피심인의 회원CARD 이용안내 약관은 어떤경우에도 환불이 되지 않는다고 규정하고 있으므로, 이는 법률의 규정에 의한 고객의 해제권 또는 해지권을 배제하거나 그 행사를 제한하는 조항으로 약관법 제9조 제1호에 해당됨. ]]> 2. 심사의견 : 무효 ○ 대중체육시설 이용계약은 「방문판매등에 관한 법률」상 계속계약에 해당하는 것으로, 고객은 계약기간 중 언제든지 해지할 수 있으며 소비자의 사정으로 계약이 해지된 경우 계약해지로 인해 발생하는 손실에 상당하는 적정 위약금을 공제한 나머지 대금을 환급해야 할 것임(법 제29조). - 그러나 피심인의 회원CARD 이용안내 약관은 어떤경우에도 환불이 되지 않는다고 규정하고 있으므로, 이는 법률의 규정에 의한 고객의 해제권 또는 해지권을 배제하거나 그 행사를 제한하는 조항으로 약관법 제9조 제1호에 해당됨. ]]> 2. 심사의견 : 무효 ○ 대중체육시설 이용계약은 「방문판매등에 관한 법률」상 계속계약에 해당하는 것으로, 고객은 계약기간 중 언제든지 해지할 수 있으며 소비자의 사정으로 계약이 해지된 경우 계약해지로 인해 발생하는 손실에 상당하는 적정 위약금을 공제한 나머지 대금을 환급해야 할 것임(법 제29조). - 그러나 피심인의 회원CARD 이용안내 약관은 어떤경우에도 환불이 되지 않는다고 규정하고 있으므로, 이는 법률의 규정에 의한 고객의 해제권 또는 해지권을 배제하거나 그 행사를 제한하는 조항으로 약관법 제9조 제1호에 해당됨. ]]> 2. 심사의견 : 무효 ○ 대중체육시설 이용계약은 「방문판매등에 관한 법률」상 계속계약에 해당하는 것으로, 고객은 계약기간 중 언제든지 해지할 수 있으며 소비자의 사정으로 계약이 해지된 경우 계약해지로 인해 발생하는 손실에 상당하는 적정 위약금을 공제한 나머지 대금을 환급해야 할 것임(법 제29조). - 그러나 피심인의 회원CARD 이용안내 약관은 어떤경우에도 환불이 되지 않는다고 규정하고 있으므로, 이는 법률의 규정에 의한 고객의 해제권 또는 해지권을 배제하거나 그 행사를 제한하는 조항으로 약관법 제9조 제1호에 해당됨. ]]> 2. 심사의견 : 무효 ○ 대중체육시설 이용계약은 「방문판매등에 관한 법률」상 계속계약에 해당하는 것으로, 고객은 계약기간 중 언제든지 해지할 수 있으며 소비자의 사정으로 계약이 해지된 경우 계약해지로 인해 발생하는 손실에 상당하는 적정 위약금을 공제한 나머지 대금을 환급해야 할 것임(법 제29조). - 그러나 피심인의 회원CARD 이용안내 약관은 어떤경우에도 환불이 되지 않는다고 규정하고 있으므로, 이는 법률의 규정에 의한 고객의 해제권 또는 해지권을 배제하거나 그 행사를 제한하는 조항으로 약관법",,기각,어떤경우에도 환불이 되지 않는다,보통,"따옴표 없이 인용된 조항 문구로, 근거 서술에서 그대로 옮김"
법제처 OPEN API/ftc,9943,,KBS비즈니스(주)의 대관약정서상 불공정약관조항에 대한 건,https://www.law.go.kr/DRF/lawService.do?OC=test&target=ftc&ID=9943&type=HTML,(문서 전체 — 조항 구분 없음),무효,명시,위험,제8조,과도한 위약금,"9943 시정권고서 2009약관0474 (2) 심사결과 : 무효 대관계약체결시 고객은 기본시설사용료, 부속시설사용료(조명료, 전기료, 냉난방료, 무대사용료 등) 및 장내정리비 등을 포함한 예상대관료를 지급하는데, 해당 약관조항은 고객이 대관계약을 해제하는 경우 기지급한 예상대관료 중 기본시설사용료를 반환하지 않도록 하고 있다. 반환하지 아니하는 기본시설사용료는 고객이 자신의 사정으로 인하여 계약을 임의로 해지하는 경우 이로 인하여 발생할 손해배상의 액수에 관하여 당사자들이 미리 정해 놓은 손해배상액의 예정에 해당한다. 손해배상액의 예정이 부당하게 과중한지를 판단함에 있어서는 계약당사자의 경제적 지위, 계약의 목적과 내용, 손해배상액을 예정한 동기, 채무액에 대한 예정액의 비율, 예상 손해액의 크기 등을 고려하여야 한다. 고객이 상당기간 전에 계약을 해제한 경우 사업자는 다시 대관을 할 수 있는 점, 다른 유사 시설의 해약금 등을 고려할 때 해당 약관조항은 고객에게 부당하게 과중한 손해배상의무를 부담시키고 있다 할 것이다. 즉, 계약해제시점, 귀책사유의 유무 등을 전혀 고려하지 않고 고객의 계약해제시 일률적으로 기본시설사용료를 반환하지 않는 해당 약관조항은 약관법 제8조에 해당한다. ]]> (2) 심사결과 : 무효 대관계약체결시 고객은 기본시설사용료, 부속시설사용료(조명료, 전기료, 냉난방료, 무대사용료 등) 및 장내정리비 등을 포함한 예상대관료를 지급하는데, 해당 약관조항은 고객이 대관계약을 해제하는 경우 기지급한 예상대관료 중 기본시설사용료를 반환하지 않도록 하고 있다. 반환하지 아니하는 기본시설사용료는 고객이 자신의 사정으로 인하여 계약을 임의로 해지하는 경우 이로 인하여 발생할 손해배상의 액수에 관하여 당사자들이 미리 정해 놓은 손해배상액의 예정에 해당한다. 손해배상액의 예정이 부당하게 과중한지를 판단함에 있어서는 계약당사자의 경제적 지위, 계약의 목적과 내용, 손해배상액을 예정한 동기, 채무액에 대한 예정액의 비율, 예상 손해액의 크기 등을 고려하여야 한다. 고객이 상당기간 전에 계약을 해제한 경우 사업자는 다시 대관을 할 수 있는 점, 다른 유사 시설의 해약금 등을 고려할 때 해당 약관조항은 고객에게 부당하게 과중한 손해배상의무를 부담시키고 있다 할 것이다. 즉, 계약해제시점, 귀책사유의 유무 등을 전혀 고려하지 않고 고객의 계약해제시 일률적으로 기본시설사용료를 반환하지 않는 해당 약관조항은 약관법 제8조에 해당한다. ]]> (2) 심사결과 : 무효 대관계약체결시 고객은 기본시설사용료, 부속시설사용료(조명료, 전기료, 냉난방료, 무대사용료 등) 및 장내정리비 등을 포함한 예상대관료를 지급하는데, 해당 약관조항은 고객이 대관계약을 해제하는 경우 기지급한 예상대관료 중 기본시설사용료를 반환하지 않도록 하고 있다. 반환하지 아니하는 기본시설사용료는 고객이 자신의 사정으로 인하여 계약을 임의로 해지하는 경우 이로 인하여 발생할 손해배상의 액수에 관하여 당사자들이 미리 정해 놓은 손해배상액의 예정에 해당한다. 손해배상액의 예정이 부당하게",,기각,,,"근거 서술에 조항 문구 인용 없음. 조항 내용이 설명만 되어 있으며, 따옴표나 「」 등의 인용 표시가 없습니다."
법제처 OPEN API/ftc,10765,,SOPOOOONG임대계약서상 불공정약관조항에 대한 건,https://www.law.go.kr/DRF/lawService.do?OC=test&target=ftc&ID=10765&type=HTML,위약금 조항,무효,조문인용 추론,위험,제8조,과도한 위약금,"2. 위약금 조항 가. 약관조항 나. 피심인 소명 임대차보증금 10%에 해당하는 위약금은 과다하지 않으며, “갑”의 위약 시에도 동일한 금액을 위약금으로 지급하고 있으므로 형평성 차원에서 부당하지 않다. 다. 판단 고객이 개인사정으로 중도에 계약을 해지할 경우 계약상대방은 계약해지로 인한 손해배상액의 분쟁을 예방하기 위해 일정한 위약금을 정할 수 있으나 그 위약금 수준은 계약의 중도해지로 인해 사업자가 입은 실손해를 감안하여 정하는 것이 타당하다. 임대차계약에서 임차사용에 대한 대가는 계약기간동안의 임대보증금에 대한 정기예금 이자분과 월임대료를 합산한 금액, 즉 임대료 총액이라 할 것이고, 계약위반에 대한 위약금은 임대료 총액의 10%해당액으로 하는 것이 통상 거래관행에 따른 적정한 수준이라 할 것이다. 하지만 피청구인은 보증금, 임대료 등을 모두 합산한 금액인 임대금액 총액의 10%를 위약금으로 정하고 있으며, 이 경우 통상 거래관행보다 과도한 위약금이 부과되므로 임차인에게 부당하게 과중한 손해배상의무를 부과하는 것으로 약관법 제8조에 해당된다. ",,기각,,,근거 서술에 조항 문구 인용 없음. 위약금 수준과 계산 방식에 대한 공정위의 판단 내용만 기술되어 있음
법제처 OPEN API/ftc,10765,,SOPOOOONG임대계약서상 불공정약관조항에 대한 건,https://www.law.go.kr/DRF/lawService.do?OC=test&target=ftc&ID=10765&type=HTML,이의제기 금지 조항,무효,조문인용 추론,위험,제11조,권리행사 제한,"3. 이의제기 금지 조항 가. 약관조항 나. 피심인 소명 제11조 제6항에서 정하는 개설업종의 변경은 다수당사자들의 이해관계를 조절하기 위한 것으로 일부 소수 당사자들의 이익을 위하여 다수 당사자들의 이익을 침해할 수 없다는 취지에서 규정하고 있다. 또한 위 조항은 관리단회의를 통해 다수결로 이해관계를 조절할 수 있도록 하는 근거조항일 뿐, 임대인이 임의로 개설업종을 변경할 수 있도록 하는 조항은 아니다. 제15조 제2항은 임대차계약서상의 최초의 시설기준을 초과하는 인테리어비용을 임차인이 실비 정산하도록 한 조항으로, 위 조항에 의해 임대인이 별도의 이익을 취하는 것이 아닌 만큼, 임차인에게 불공정하도록 볼 수 없다. 다. 판단 제11조 제6항에 대해 피청구인은 동 조항이 관리단회의를 통해 다수결로 이해관계를 조절할 수 있도록 하는 근거조항일 뿐, 임대인이 임의로 개설업종을 변경할 수 있도록 하는 조항은 아니라고 주장한다. 하지만 약관조항에 관리단회의에 대한 언급이 없을 뿐만 아니라 동 조항에서 분명 “갑”이 지정업종, 용도 및 취급상품을 변경할 수 있음을 규정하고 있다. 업종의 변경은 임차인의 수익과 직결되는 사안으로 계약 당사자간의 합의 또는 임차인이 수긍할 수 있는 별도의 합의가 없는 한 당초 계약과 다른 업종을 강요할 수 없다. 임차인은 계약서와 관리약정에서 정한 지정업종과 다르게 업종이 변경되는 경우, 계약 불이행에 따른 계약해지 등을 주장할 수 있다. 따라서 이의제기를 금하는 조항은 고객의 항변권, 상계권 등의 권리를 상당한 이유없이 배제 또는 제한하는 조항으로 약관법 제11조 제1호에 해당된다. 그리고 제15조 제2항에 대해 피청구인은 임차인의 실비정산의무를 부여한 조항일 뿐, 임대인이 이 조항을 통해 별도의 이득을 얻는 것이 없으므로 부당하지 않다고 주장하고 있다. 하지만 “을”의 동의를 구하는 등의 별도의 합의가 없는 한 “을”에게 청구된 인테리어 비용이 당초 “을”의 예상을 초과하거나 비용산정에 이의가 있는 등의 경우 “을”은 이에 대해 이의제기할 수 있다. 따라서 이의제기를 금하는 조항은 고객의 항변권, 상계권 등의 권리를 상당한 이유 없이 배제 또는 제한하는 조항으로 약관법 제11조 제1호에 해당된다. ",,기각,,,근거 서술에 이의제기 금지 조항의 구체적 문구 인용 없음. 제11조 제6항과 제15조 제2항의 내용만 설명되어 있음
법제처 OPEN API/ftc,10765,,SOPOOOONG임대계약서상 불공정약관조항에 대한 건,https://www.law.go.kr/DRF/lawService.do?OC=test&target=ftc&ID=10765&type=HTML,손해배상 청구 금지조항,무효,조문인용 추론,위험,"제7조,제9조",책임 면제|일방적 계약 해지|권리행사 제한|보증금 반환 지연,"4. 손해배상 청구 금지조항 가. 약관조항 나. 피심인 소명 심사대상 약관 제13조 제1항에 대해 피청구인은 불가피한 사유로 인해 임대목적물이 이전, 변경되는 경우 손해배상 의무가 없음을 규정한 것일 뿐, 임대인의 귀책사유로 인해 발생한 손해에 대해 배상책임을 제한하는 것은 아님을 주장하고 있다. 다. 판단 일반적으로 계약 당사자의 귀책사유가 아닌 불가항력의 사유로 채무를 불이행 하는 경우에는 그 책임이 면책된다고 볼 수 있다. 따라서 임대목적물의 이전, 변경과 같이 임차인의 이해관계에 상당히 중요한 영향을 미칠 수 있는 사항을 변경하기 위해서는 약관상에 불가항력 사유의 개념과 범위를 명확하게 하여야 할 것이다. 피청구인은 약관 제13조 제1항이 불가피한 사유로 인해 발생한 손해에 대한 배상을 제한하는 조항일 뿐이라 주장하고 있다. 하지만 동 조항은 “매장운영상 필요한 경우”에 대해 자세하게 규정하고 있지 않을 뿐만 아니라, 사업자의 귀책사유에 의한 임대목적물의 이전, 변경의 경우까지 “매장운영상 필요한 경우”에 포함되는 것으로 해석할 여지가 있다. 따라서 사업자 귀책사유로 인한 임대목적물의 이전, 변경의 경우에도 손해배상을 제한할 우려가 있는 점을 감안할 때 약관법 제7조 제1호에 해당된다. ]]> 나. 피심인 소명 임대보증금을 납부하기 전에는 임차인이 일방적으로 계약을 해제ㆍ해지할 수 있지만, 일단 임대보증금을 납부한 이후에는 별도의 계약해제ㆍ해지 사유가 없는 한 계약해제ㆍ해지가 제한된다는 취지의 조항으로 부당하지 않다. 다. 판단 피청구인의 주장과 같이 보증금을 납부한 후에는 별도의 계약해제ㆍ해지 사유가 없는 한 계약 해제ㆍ해지를 제한하는 것은 부당하다고 볼 수 없다. 하지만 심사대상 약관 제5조 제2항은 계약해제ㆍ해지가 가능한 시점을 임대보증금 납부 전ㆍ후의 구분 없이, 임대보증금을 1회 이상 납부한 후 “갑”이 인정하는 경우에만 가능하도록 제한하고 있다. 따라서 임대보증금 납부 이전의 계약해제ㆍ해지권을 부당하게 제한하고 있으므로 약관법 제9조 제1호에 해당된다. ",,기각,,,폐기: 제시한 문구가 근거 서술에 없음 (창작 의심)
법제처 OPEN API/ftc,10765,,SOPOOOONG임대계약서상 불공정약관조항에 대한 건,https://www.law.go.kr/DRF/lawService.do?OC=test&target=ftc&ID=10765&type=HTML,손해배상 청구 금지조항,무효,조문인용 추론,위험,제7조,책임 면제,"4. 손해배상 청구 금지조항 가. 약관조항 나. 피심인 소명 심사대상 약관 제13조 제1항에 대해 피청구인은 불가피한 사유로 인해 임대목적물이 이전, 변경되는 경우 손해배상 의무가 없음을 규정한 것일 뿐, 임대인의 귀책사유로 인해 발생한 손해에 대해 배상책임을 제한하는 것은 아님을 주장하고 있다. 다. 판단 일반적으로 계약 당사자의 귀책사유가 아닌 불가항력의 사유로 채무를 불이행 하는 경우에는 그 책임이 면책된다고 볼 수 있다. 따라서 임대목적물의 이전, 변경과 같이 임차인의 이해관계에 상당히 중요한 영향을 미칠 수 있는 사항을 변경하기 위해서는 약관상에 불가항력 사유의 개념과 범위를 명확하게 하여야 할 것이다. 피청구인은 약관 제13조 제1항이 불가피한 사유로 인해 발생한 손해에 대한 배상을 제한하는 조항일 뿐이라 주장하고 있다. 하지만 동 조항은 “매장운영상 필요한 경우”에 대해 자세하게 규정하고 있지 않을 뿐만 아니라, 사업자의 귀책사유에 의한 임대목적물의 이전, 변경의 경우까지 “매장운영상 필요한 경우”에 포함되는 것으로 해석할 여지가 있다. 따라서 사업자 귀책사유로 인한 임대목적물의 이전, 변경의 경우에도 손해배상을 제한할 우려가 있는 점을 감안할 때 약관법 제7조 제1호에 해당된다. ]]>",,기각,,,근거 서술에 조항 문구 인용 없음. 약관 제13조 제1항의 내용이 설명되어 있으나 정확한 문구가 인용되지 않음
법제처 OPEN API/ftc,1215,,TAZO휘트니스의 회원이용약관상 불공정약관조항에 대한 건,https://www.law.go.kr/DRF/lawService.do?OC=test&target=ftc&ID=1215&type=HTML,(문서 전체 — 조항 구분 없음),무효,명시,위험,"제8조,제9조",과도한 위약금|일방적 계약 해지|권리행사 제한|보증금 반환 지연,"1215 시정권고서 2010약관1716 (2) 심사결과 : 무효 대중체육시설 이용계약은「방문판매 등에 관한 법률」(이하 '방판법’이라 한다)상 계속적인 계약(계속거래)에 해당하는 것으로 고객은 계약기간 중 언제든지 해지할 수 있으며 소비자의 사정으로 계약이 해지된 경우 계약 해지로 인해 발생하는 손실에 상당하는 적정 위약금을 제외한 나머지 대금을 환급해야 할 것이다.(방판법 제29조, 제30조) 그러나 당해 약관조항은 원칙적으로 강습료를 환불하지 않으며 특정한 사유에 의해서만 환불이 가능하도록 규정되어 있다. 따라서 위 약관조항은 약관법 제9조 제1호 소정의 법률의 규정에 의한 고객의 해제권 또는 해지권을 배제하거나 그 행사를 제한하는 조항에 해당하여 무효이다. 또한, 여신전문금융업법에 따르면 신용카드가맹점은 신용카드회원에 대하여 현금결제회원에 비해 불리한 대우를 하지 못하도록 하고 있고, 가맹점수수료를 신용카드회원에게 부담시키지 못하도록 규정하고 있으며, 가맹점은 자신의 매출 확대를 위해 고객과의 최초 계약체결 시 자신이 신용카드사에게 가맹점수수료를 부담할 것을 전제로 체육시설 이용료에 대해 신용카드를 통한 결제를 용인하고 있어 설사 고객의 사정으로 인하여 계약이 해지되었다고 하더라도 카드결제회원에 대해 위약금(이용료의 10%)이외에 추가로 가맹점수수료(4%)를 부담하도록 한 당해 약관조항은 여신전문금융업법(법 제19조 제1항 및 제3항)에 위반될 뿐만 아니라 신의칙에도 반한다고 할 것이다. 따라서 당해 약관조항은 약관법 제8조 소정의 고객에 대하여 부당하게 과중한 손해배상의무를 부담시키는 약관조항이자 동 법 제6조 제2항 제1호 소정의 고객에 대하여 부당하게 불리한 약관조항에 해당하여 무효이다. ]]> (2) 심사결과 : 무효 대중체육시설 이용계약은「방문판매 등에 관한 법률」(이하 '방판법’이라 한다)상 계속적인 계약(계속거래)에 해당하는 것으로 고객은 계약기간 중 언제든지 해지할 수 있으며 소비자의 사정으로 계약이 해지된 경우 계약 해지로 인해 발생하는 손실에 상당하는 적정 위약금을 제외한 나머지 대금을 환급해야 할 것이다.(방판법 제29조, 제30조) 그러나 당해 약관조항은 원칙적으로 강습료를 환불하지 않으며 특정한 사유에 의해서만 환불이 가능하도록 규정되어 있다. 따라서 위 약관조항은 약관법 제9조 제1호 소정의 법률의 규정에 의한 고객의 해제권 또는 해지권을 배제하거나 그 행사를 제한하는 조항에 해당하여 무효이다. 또한, 여신전문금융업법에 따르면 신용카드가맹점은 신용카드회원에 대하여 현금결제회원에 비해 불리한 대우를 하지 못하도록 하고 있고, 가맹점수수료를 신용카드회원에게 부담시키지 못하도록 규정하고 있으며, 가맹점은 자신의 매출 확대를 위해 고객과의 최초 계약체결 시 자신이 신용카드사에게 가맹점수수료를 부담할 것을 전제로 체육시설 이용료에 대해 신용카드를 통한 결제를 용인하고 있어 설사 고객의 사정으로 인하여 계약이 해지되었다고 하더라도 카드결제회원에 대해 위약금(이용료의 10%)이외에 추가로 가맹점수수료(4%)를 부담하도록",,기각,원칙적으로 강습료를 환불하지 않으며 특정한 사유에 의해서만 환불이 가능하도록,보통,"공정위 판단 근거에서 약관조항의 내용을 설명하는 형태로 인용된 문구이며, 따옴표 없이 서술되어 있음"
법제처 OPEN API/ftc,10545,,UCC휘트니스의 회원신청서상 불공정약관조항에 대한 건,https://www.law.go.kr/DRF/lawService.do?OC=test&target=ftc&ID=10545&type=HTML,위약금 조항,무효,명시,위험,"제8조,제9조",과도한 위약금|일방적 계약 해지|권리행사 제한|보증금 반환 지연,"2. 위약금 조항 가. 약관조항 나. 심사의견 : 무효 ○ 대중체육시설업에 있어서 고객의 사정에 의한 중도해지시 위약금은 일반적으로 전체 거래대금의 10%와 고객이 이용일수에 따른 일할계산금액을 제외한 금액이라고 할 것이며, 이는 표준약관이나 소비자분쟁해결기준에도 규정되어 있음. ○ 그러나 피심인의 위 약관 제3조 제3호는 고객이 납부한 금액 중 부가세 10%, 등록비 10%, 카드수수료 5%(카드 사용시)를 공제하고 환불해 주며, 1일을 사용한 경우에도 월기준 요금을 공제하고 부과한다고 규정하고 있음. - 부가세는 모든 거래시 수반되는 것이므로 이용료에 포함되어 있음에도 불구하고 피심인은 별도로 부가세를 중복공제하고 있으며, 설령 부가세로 인하여 사업자에게 실손해가 있다 할지라도 이는 해지시 통상적으로 지급하는 위약금(거래대금의 10%정도)에 포함되어 있다고 봄이 타당함. - 또한, 중도해지시 고객의 서비스 미사용분에 대한 환불과 관련하여 카드회원의 경우 현금회원과 달리 사업자의 카드수수료 부담 분을 추가로 5%를 공제하는 것은 비록 카드결제 고객에 대해 사업자가 초기수수료를 부담하였다하더라도 그 비용부담은 고객을 더 많이 유치하기 위한 사업자 이익에도 부합되는 측면이 있으며, 여신전문금융업법(제19조 제3항)에 따르면 신용카드 가맹점은 가맹점수수료를 신용카드 회원에게 부담하게 하여서는 아니된다고 규정하고 있고, 설령 이를 사업자의 실손해로 본다고 하더라도 이는 해지시 통상의 위약금(거래대금의 10%정도)에 포함되어 있다고 봄이 타당함. - 아울러 피심인은 고객이 1일을 이용한 경우에도 월 기준으로 이용요금을 공제하고 환급한다고 규정하고 있는데, 이는 소비자분쟁해결기준 및 표준약관은 물론 일반거래관행에 비추어 볼 때 과도한 위약금이라고 할 것임. - 따라서 피심인의 위 약관조항은 고객에게 부당하게 과중한 손해배상 의무를 부담시키는 조항이자 계약의 해지로 인한 사업자의 원상회복의무를 부당하게 경감하는 조항으로 약관법 제8조 및 제9조 제4호에 해당됨. ]]> 나. 심사의견 : 무효 ○ 대중체육시설 이용계약은 「방문판매등에 관한 법률」상 계속계약에 해당하는 것으로, 고객은 계약기간 중 언제든지 해지할 수 있으며 소비자의 사정으로 계약이 해지된 경우 계약해지로 인해 발생하는 손실에 상당하는 적정 위약금을 공제한 나머지 대금을 환급해야 할 것임(법 제29조). - 그러나 피심인의 약관 제3조 제1호 및 제2호는 원칙적으로 회원의 사정에 의한 탈퇴가 불가능하며 자신이 인정하는 특정한 경우에만 탈퇴가 가능하다고 규정하고 있으므로 이는 법률의 규정에 의한 고객의 해제권 또는 해지권을 배제하거나 그 행사를 제한하는 조항으로 약관법 제9조 제1호에 해당됨. ",,기각,"고객이 납부한 금액 중 부가세 10%, 등록비 10%, 카드수수료 5%(카드 사용시)를 공제하고 환불해 주며, 1일을 사용한 경우에도 월기준 요금을 공제하고 부과한다",보통,약관 제3조 제3호의 내용으로 판단 근거 서술에서 그대로 옮김
법제처 OPEN API/ftc,9771,,가원커플결혼정보의 계약서상 불공정약관조항에 대한 건,https://www.law.go.kr/DRF/lawService.do?OC=test&target=ftc&ID=9771&type=HTML,신부인도 후 사업자 면책조항,무효,조문인용 추론,위험,제14조,권리행사 제한,"2. 신부인도 후 사업자 면책조항 가. 약관조항 나. 심사의견 : 무 효 이 계약의 목적은 사업자가 주선한 외국인 배우자와 고객의 성혼이 이루어진 후 최종적으로 신부를 신랑에게 인도함으로써 종료되는 것으로 정하고 있다. 즉 고객의 성혼이라는 일의 완료를 전제로 하고 있어 도급계약의 특성을 보이고 있는 바, 원칙적으로 성혼의 완료에 따라 사업자의 계약상의 의무는 종료된다고 봄이 타당하다. 더욱이, 결혼의 성사는 사업자가 주선한 외국인 배우자와 고객간의 상호신뢰와 합의를 전제로 당사자간의 책임에 따라 결정하는 것이므로 주선과정에서 사업자의 고의ㆍ과실 책임이 없는 한 성혼이후의 당사자간의 문화적 차이, 생활방식의 차이에서 발생하는 문제에까지 사업자의 계약상 책임을 물을 수는 없다. 다만, 계약종료 후 고객과 외국인 배우자 간에 발생한 일체의 민형사상 문제에 대해 사업자에게 책임을 물을 수 없도록 하는 것은 사업자의 귀책으로 인해 발생한 문제까지 책임을 물을 수 없다는 것으로, 이는 사업자가 부담할 위험을 고객에게 부당하게 전가시키는 조항으로 약관법 제14조에 해당된다. ",,기각,,,근거 서술에 조항 문구 인용 없음. 신부인도 후 사업자 면책 내용이 설명되어 있으나 약관의 정확한 문구가 인용되지 않음
법제처 OPEN API/ftc,9771,,가원커플결혼정보의 계약서상 불공정약관조항에 대한 건,https://www.law.go.kr/DRF/lawService.do?OC=test&target=ftc&ID=9771&type=HTML,손해배상 및 위자료 조항,무효,조문인용 추론,위험,제6조,부당한 비용·세금 전가|선택권 제한·구입 강제|과도한 위약금,"3. 손해배상 및 위자료 조항 가. 약관조항 나. 심사의견 : 무 효 혼인을 파기하게 된 사유가 고객에게 있는지 외국인 신부 또는 사업자에게 있는지에 따라 손해배상의 주체가 달라진다 할 것이다. 하지만 이 약관조항은 파혼하게 된 귀책사유 구분 없이 모든 파혼에 대해 고객이 사업자 및 외국인 신부에게 손해배상을 하도록 규정하고 있는 바, 이는 고객에게 부당하게 불리한 조항으로 약관법 제6조 제2항 제1호에 해당된다. ]]> 나. 심사의견 : 무 효 민법상 유상계약의 경우 계약을 체결한 후 당사자 일방이 계약이행에 착수하기 전에는 계약금을 포기하고 계약을 해제할 수 있도록 하고 있다(민법 제565조 제1항, 제567조). 그리고 과실책임 원리에 따라 계약이후 사업자의 책임 있는 사유로 계약을 해제할 경우 계약금 반환은 물론 손해배상도 청구할 수 있다. 하지만 위 약관조항은 계약이행의 착수유무나 과실유무에 상관없이 일정시점이 지난 후에는 계약금을 반환하지 않도록 규정하고 있다. 또한 사업자의 과실로 인한 계약해제까지 계약금을 반환하지 못하도록 규정하고 있는바, 이는 고객에게 부당하게 불리한 조항으로 약관법 제6조 제2항 제1호에 해당된다. ",,기각,,,근거 서술에 조항 문구 인용 없음. 파혼 손해배상 및 계약금 반환 관련 내용이 설명만 되어 있음
법제처 OPEN API/ftc,9771,,가원커플결혼정보의 계약서상 불공정약관조항에 대한 건,https://www.law.go.kr/DRF/lawService.do?OC=test&target=ftc&ID=9771&type=HTML,손해배상 및 위자료 조항,무효,조문인용 추론,위험,제6조,부당한 비용·세금 전가|선택권 제한·구입 강제|과도한 위약금,"3. 손해배상 및 위자료 조항 가. 약관조항 나. 심사의견 : 무 효 혼인을 파기하게 된 사유가 고객에게 있는지 외국인 신부 또는 사업자에게 있는지에 따라 손해배상의 주체가 달라진다 할 것이다. 하지만 이 약관조항은 파혼하게 된 귀책사유 구분 없이 모든 파혼에 대해 고객이 사업자 및 외국인 신부에게 손해배상을 하도록 규정하고 있는 바, 이는 고객에게 부당하게 불리한 조항으로 약관법 제6조 제2항 제1호에 해당된다. ]]>",,기각,,,근거 서술에 조항 문구 인용 없음. 파혼 시 손해배상 의무에 관한 내용만 설명되어 있음
법제처 OPEN API/ftc,10715,,건설공제조합의 하도급대금지급보증약관상 불공정약관조항에 대한 건,https://www.law.go.kr/DRF/lawService.do?OC=test&target=ftc&ID=10715&type=HTML,면책조항,무효,명시,위험,제6조,부당한 비용·세금 전가|선택권 제한·구입 강제|과도한 위약금,"2. 면책조항 (1) 약관조항 (2) 심사결과 : 무효 이 사건 약관에 따른 보증계약은 하도급법 제13조의 2에 따른 보증의무를 이행하기 위하여 체결되는 것인 바, 해당 약관조항은 건설산업기본법령상 하도급을 금지하는 공사를 하도급받거나 무자격자가 하도급 받은 공사인 때에는 보증책임이 면책되도록 하고 있음 이와 관련 건설산업기본법은 하도급과 관련하여 일괄하도급의 제한, 전문공사 하도급의 금지, 동종건설업자에 대한 하도급 제한, 재하도급 제한 등의 규정을 두고 있음 건설산업기본법은 건설공사의 적정한 시공과 건설산업의 건전한 발전을 도모함을 목적으로 하는 것이나 하도급법은 공정한 하도급거래질서를 확립하여 원사업자와 수급사업자가 대등한 지위에서 발전하도록 하려는 것으로 양 법은 그 취지나 목적을 달리함 따라서 하도급법에서 정한 원사업자와 수급사업자간의 건설위탁에 해당하면 원사업자는 하도급대금지급을 보증하여야 할 의무를 부담하고 이에 따른 보증계약을 체결하여야 할 것임 요컨대 건설산업기본법상 부적법한 하도급에 해당하면 일률적으로 보증책임을 면하도록 하는 것은 하도급법 제13조의2에 반하여 부당하게 보증의 범위를 제한하여 보증채권자의 이익을 해하는 것임 한편 피심인은 위험대비 보증수수료 수익, 보증을 하게 된 동기와 목적, 거래관행 등 제반사정을 고려하여 합리적인 범위 내에서 면책조항을 둘 수 있다고 주장함 그러나 건설산업기본법상 부적법한 하도급에 해당하기만 하면 보험사고와의 관련성 등을 불문하고 보험자가 면책되도록 하는 것은 합리적인 면책사유에 해당한다고 보기 어렵다 할 것임 또한 사업자는 부적법한 하도급의 경우까지 보증금을 지급하게 되면 사업자의 보증책임이 부당히 확대되고, 부적법한 하도급을 막을 수 없게 된다고 주장함 피심인의 증가하는 보증책임은 하도급법에 따른 보증계약을 체결하면 의당 부담해야 하는 것이고, 부적법한 하도급은 행정적 감독 또는 단속 등을 통하여 규율하여야 할 것이지 보증책임의 제한을 통해 해결할 문제는 아니라 할 것임 따라서 해당 약관조항은 고객에게 부당하게 불리한 약관조항에 해당하여 약관법 제6조 제1항, 제2항 제1호에 따라 무효임 ]]> (2) 심사결과 : 무효 하도급법 제13조의2는 원사업자로 하여금 현금 또는 건설공제조합, 보험회사 등이 발행하는 보증서를 수급사업자에게 교부하여 일정금액의 공사대금 지급을 보증하도록 하고 있음 이는 원사업자의 부도나 하도급대금 미지급에 따른 수급사업자의 연쇄부도 또는 자금난의 초래, 부실공사의 유발 등을 방지하기 위한 것인 바, 원사업자가 부도나 파산 뿐만 아니라 그 밖의 사유로 공사대금지급채무를 이행하지 아니하는 경우에도 보증금을 지급하는 보증계약을 체결하도록 하는 것임 이 사건 약관에 따른 보증계약은 하도급법 제13조의2에 따른 보증의무를 이행하기 위하여 체결되는 것인데, 보증사고를 위와 같이 제한하면 원사업자가 무자력이나 그 밖의 사유로 인하여 공사대금을 지급하지 아니하는 경우 수급사업자는 보증금을 받을 수 없게 되어 하도급법의 취지에 반함 또한 수급사업자는 위 보증계약에 대응하",,기각,,,"근거 서술에 조항 문구 인용 없음. 조항 내용이 '보증책임이 면책되도록 하고 있음', '보증사고를 제한하면' 등으로만 설명되어 있음"
법제처 OPEN API/ftc,1255,,결혼의 전당 베르사유의 예식계약서상 불공정약관조항에 대한 건,https://www.law.go.kr/DRF/lawService.do?OC=test&target=ftc&ID=1255&type=HTML,(문서 전체 — 조항 구분 없음),무효,명시,위험,제8조,과도한 위약금,"1255 시정권고서 2010약관 (2) 심사결과 : 무효 예식계약의 경우 고객의 사정으로 인해 당해 예식일을 기준으로 예식이 임박하거나 일정기간 이내에 해약될 경우에는 피심인은 이를 대체할 고객이 없게 되어 영업상의 손실을 입게 되므로 고객의 귀책사유로 인한 계약 해제 시 고객에 대해 채무불이행에 따른 손해배상책임을 물을 수 있다. 이와 관련하여 일반적인 예식계약에 있어 사업자의 예상 매출액은 장소 임대료와 피로연 식사 제공으로 인한 수입이 주가 될 것이므로 계약 해제 시 위약금의 산정은 장소 임대와 피로연 식사 제공으로 인한 기대이익을 일정부분 반영한 수준에서 책정되는 것이 적절할 것으로 판단된다. 그러나 당초의 당해 약관조항은 고객의 귀책사유로 예식일로부터 4주전 예약 취소 시 예식비용 및 지불보증인원 식대 전액에 상당하는 금액을 위약금으로 부과하고 있으며, 변경약관에서도 예식 50일 전에 계약이 파기될 경우 지불보증인원의 50%를 배상하도록 규정하고 있다. 이는 피로연 음식재료 준비가 보통 예식일 며칠 전에 완료되는 점과 피로연 식대로 피심인이 얻을 수 있는 이익, 장소 임대료 등의 기대이익을 감안한다고 하더라도 지나치게 과도한 것으로 판단된다. 아울러 현행 소비자분쟁해결기준(예식업과 외식서비스업종)과 예식장이용 표준약관(공정거래위원회 표준약관 제10030호)상의 위약금 부과규정에 비하여서도 현재 피심인의 위약금 수준은 지나치게 과도하다고 판단된다. 따라서 당해 약관조항은 약관법 제8조 소정의 고객에게 부당하게 과중한 손해배상의무를 부담시키는 조항에 해당하여 무효이다. ]]> (2) 심사결과 : 무효 예식계약의 경우 고객의 사정으로 인해 당해 예식일을 기준으로 예식이 임박하거나 일정기간 이내에 해약될 경우에는 피심인은 이를 대체할 고객이 없게 되어 영업상의 손실을 입게 되므로 고객의 귀책사유로 인한 계약 해제 시 고객에 대해 채무불이행에 따른 손해배상책임을 물을 수 있다. 이와 관련하여 일반적인 예식계약에 있어 사업자의 예상 매출액은 장소 임대료와 피로연 식사 제공으로 인한 수입이 주가 될 것이므로 계약 해제 시 위약금의 산정은 장소 임대와 피로연 식사 제공으로 인한 기대이익을 일정부분 반영한 수준에서 책정되는 것이 적절할 것으로 판단된다. 그러나 당초의 당해 약관조항은 고객의 귀책사유로 예식일로부터 4주전 예약 취소 시 예식비용 및 지불보증인원 식대 전액에 상당하는 금액을 위약금으로 부과하고 있으며, 변경약관에서도 예식 50일 전에 계약이 파기될 경우 지불보증인원의 50%를 배상하도록 규정하고 있다. 이는 피로연 음식재료 준비가 보통 예식일 며칠 전에 완료되는 점과 피로연 식대로 피심인이 얻을 수 있는 이익, 장소 임대료 등의 기대이익을 감안한다고 하더라도 지나치게 과도한 것으로 판단된다. 아울러 현행 소비자분쟁해결기준(예식업과 외식서비스업종)과 예식장이용 표준약관(공정거래위원회 표준약관 제10030호)상의 위약금 부과규정에 비하여서도 현재 피심인의 위약금 수준은 지나치게 과도하다고 판단된다. 따라서 당해 약관조항은 약관법 제8조",,기각,"고객의 귀책사유로 예식일로부터 4주전 예약 취소 시 예식비용 및 지불보증인원 식대 전액에 상당하는 금액을 위약금으로 부과하고 있으며, 변경약관에서도 예식 50일 전에 계약이 파기될 경우 지불보증인원의 50%를 배상하도록 규정하고 있다",보통,인용 표시는 없으나 당초 약관조항과 변경약관의 위약금 규정 내용이 서술되어 있음
법제처 OPEN API/ftc,10781,,경상남도개발공사의 표준임대차계약서상 불공정약관조항에 대한 건,https://www.law.go.kr/DRF/lawService.do?OC=test&target=ftc&ID=10781&type=HTML,분양전환시 보수ㆍ수선 조항,무효,조문인용 추론,위험,"제7조,제11조",책임 면제|권리행사 제한,"2. 분양전환시 보수ㆍ수선 조항 가. 약관조항 나. 검토의견 : 무효 ㅇ 위 약관조항은 분양전환시 임대인의 수선 등의 책임을 외부도장에 한정하면서, 그 외의 것에 대해서는 임차인의 귀책유무를 고려하지 않고 수선 등의 책임을 임차인에게 전가하고 있음 - 그러므로 동 조항은 상당한 이유없이 사업자가 부담하여야 할 위험을 고객에게 이전시키는 조항으로 약관법 제7조 제2호에 해당됨 ]]> 나. 검토의견 : 무효 ㅇ 임대차계약에 의해 부수적으로 발생하는 임차인의 보증금 반환청구권은 채권으로서 질권설정의 방법으로 담보제공을 할 수 있음 - 이에 따라 임차인은 자금융통을 할 수 있는데 반해 임대인은 별다른 금전적 손해가 발생하지 않음 - 그러나, 위 약관조항은 임대차계약과 관련하여 어떠한 권리설정도 할 수 없도록 규정하고 있으므로 동 조항은 법률의 규정에 의한 고객의 권리를 상당한 이유없이 배제하는 조항으로 약관법 제11조 제1호에 해당됨 ",,기각,,,근거 서술에 조항 문구 인용 없음. 분양전환시 수선 책임을 외부도장에 한정하고 나머지는 임차인에게 전가하는 내용만 설명되어 있음
법제처 OPEN API/ftc,10781,,경상남도개발공사의 표준임대차계약서상 불공정약관조항에 대한 건,https://www.law.go.kr/DRF/lawService.do?OC=test&target=ftc&ID=10781&type=HTML,분양전환시 보수ㆍ수선 조항,무효,조문인용 추론,위험,제7조,책임 면제,"2. 분양전환시 보수ㆍ수선 조항 가. 약관조항 나. 검토의견 : 무효 ㅇ 위 약관조항은 분양전환시 임대인의 수선 등의 책임을 외부도장에 한정하면서, 그 외의 것에 대해서는 임차인의 귀책유무를 고려하지 않고 수선 등의 책임을 임차인에게 전가하고 있음 - 그러므로 동 조항은 상당한 이유없이 사업자가 부담하여야 할 위험을 고객에게 이전시키는 조항으로 약관법 제7조 제2호에 해당됨 ]]>",,기각,,,근거 서술에 조항 문구 인용 없음
법제처 OPEN API/ftc,1113,,구글코리아(유)의 서비스 약관 및 개인정보 취급방침상 불공정약관조항에 대한 건,https://www.law.go.kr/DRF/lawService.do?OC=test&target=ftc&ID=1113&type=HTML,개인정보 유출에 대한 폭 넓은 면책을 허용하는 조항,무효,명시,위험,"제6조,제7조",부당한 비용·세금 전가|선택권 제한·구입 강제|과도한 위약금|책임 면제,"2. 개인정보 유출에 대한 폭 넓은 면책을 허용하는 조항 가. 약관조항 나. 심사의견 : 무효 정보통신망법은 법 제28조 및 동법 시행령 제15조를 통해 정보통신사업자에게 개인정보보호를 위한 각종 조치의무를 부과하고 있고, 개인정보보호를 위한 기술적ㆍ관리적 조치를 하지 않은 경우에는 3천만원 이하의 과태료를, 이러한 조치를 하지 않아 개인정보가 분실ㆍ도난ㆍ누출ㆍ변조 또는 훼손된 경우 2년 이하의 징역 또는 1천만원 이하의 벌금 및 1억원 이하의 과징금을 부과하도록 되어 있다. 즉, 온라인 사업자에게는 회원의 동의를 받아 수집하여 보관 중인 개인정보를 보호해야 하는 두터운 의무가 부여되고 있다. 고객은 자신의 개인정보가 안전하게 보관ㆍ관리, 자신의 부주의 또는 과실이 없는 한 외부에 노출되거나 타인에 의해 남용되지 않을 것이라는 믿음 하에 사업자에게 자신의 개인정보 수집 및 활용 등에 대해 동의를 하게 된다. 만일 개인정보가 유출이 되거나 제3자에 의해 악용되고 있다면, 온라인 사업자는 개인정보를 수집하여 보관하는 자로서 책임을 져야 할 것이다. 물론, 현재의 기술ㆍ보안 수준을 능가하는 해커의 등장과 같이 예기치 못한 사태로 인해 개인정보 유출이 일어나는 경우에도 사업자들은 당해 유출에 자신들의 귀책사유가 없도록 최대한의 기술적ㆍ관리적 보안 장치를 구비하는 것이 마땅하다. 그러나 피심인은 매우 극단적으로 고객 개인정보의 유출에 대하여 전적으로 책임을 면제하고 있다. 일단 사업자가 자신의 필요에 의해 고객의 개인정보를 수집하였다면, 사업자에게는 정보통신망법상의 기술적ㆍ관리적 조치를 취하여야 하는 의무 외에도 자신들이 수집ㆍ보관하는 개인정보가 유출되지 않도록 신의성실을 다 해야 할 계약상 의무가 부여되어 있다고 할 것이다. 따라서 개인정보의 유출이 발생할 경우, 이러한 유출에 사업자의 귀책사유가 있다면 책임을 지는 것이 타당하다 할 것이며, 이러한 책임을 부인하는 것은 법률에 명백한 근거가 있거나 그러한 배제사유가 그 누가 보더라도 객관적으로 타당하고 명확한 사유로 제한되어야 한다. 그럼에도 불구하고 피심인의 위 약관 조항은 사업자의 고의ㆍ과실 여부를 불문하고 모든 책임을 면책하고 있다. 이상의 내용을 살펴볼 때, 위 약관 조항은 사업자, 이행 보조자 또는 피고용자의 고의 또는 중대한 과실로 인한 법률상의 책임을 배제하는 조항으로서 약관법 제7조 제1호에 해당하여 무효이다. 3. 개인정보의 수집, 활용 등에 관한 사항을 별도 동의를 받지 않고 서비스 이용약관을 통해 포괄적으로 동의 받는 조항 가. 약관조항 나. 심사의견 : 무효 정보통신망법의 전체적인 취지로 살펴볼 때, 개인정보의 수집ㆍ활용 및 제3자 제공, 위탁에 관한 사항은 이용약관과는 별도로 구분하여 고객에게 설명하고, 이를 명확하게 인지한 상태에서 고객이 이에 대한 동의 여부를 선택할 수 있어야 한다고 볼 것이다. 즉, 고객의 개인정보를 수집하기 위해서는 정보통신망법 등이 정하는 바에 따라 개인정보의 수집, 이용 목적과 수집하는 항목, 보유 및 이용 기간 등을 고지하고 이에 대하여 개",,기각,,,"근거 서술에 조항 문구 인용 없음. 개인정보 유출 면책에 대한 내용만 설명되어 있으며, 구체적인 약관 문구는 인용되지 않음"
법제처 OPEN API/ftc,1113,,구글코리아(유)의 서비스 약관 및 개인정보 취급방침상 불공정약관조항에 대한 건,https://www.law.go.kr/DRF/lawService.do?OC=test&target=ftc&ID=1113&type=HTML,정보주체의 개인정보 열람권을 제한하는 조항,무효,명시,위험,"제6조,제11조",부당한 비용·세금 전가|선택권 제한·구입 강제|과도한 위약금|권리행사 제한,"4. 정보주체의 개인정보 열람권을 제한하는 조항 가. 약관조항 나. 심사의견 : 무효 정보주체로서 이용자에게는 사업자가 보관 중인 자신의 개인정보를 열람할 수 있는 권리, 개인정보의 이용 및 제3자 제공 내역을 요청할 수 있는 권리, 오류라 있는 개인정보에 대해 정정을 요구할 수 있는 권리 및 개인정보의 수집ㆍ이용ㆍ제공 등에 대한 동의를 철회할 수 있는 권리 등 각종 권리를 법에 의해 보호받고 있다. 정보통신망법 제30조 제4항은 고객이 자신의 개인정보에 대한 열람 또는 제공을 요구할 경우 지체 없이 필요한 조치를 하도록 되어 있다. 그러나 본인 또는 제3자의 생명, 재산 및 권익을 현저하게 해할 우려가 있거나 당해 서비스 제공자의 업무에 현저한 지장을 미칠 우려 등으로 인해 필요한 조치를 지체 없이 취할 수 없는 경우 그 사유를 이용자에게 알리는 등의 절차를 규정하고 있는 개인정보의 정정 권리와는 달리 위 법에서는 열람 또는 정정에 대해서는 예외 사유를 규정하고 있지 않다. 따라서, 정보주체의 정보 열람 및 제공 요구에 대해 사업자는 이를 거부할 수 없다고 보아야 하며, 이를 거부하는 경우 법률이 정하는 고객의 권리를 침해한다고 보아야 한다. 또한 위 법에는 오류에 대한 정정 요청에 대해서도 지체 없이 이를 처리할 수 없는 경우, 그러한 사정을 설명해야 함을 규정할 뿐, 그 자체를 거부할 수 있다는 규정은 없다. 현재 피심인의 위 약관조항은 법률이 보장하고 있는 권리로서 고객의 개인정보 접근, 수정, 삭제 요청에 대하여 '비합리적으로 반복적이거나 규칙적/과도한 기술적 노력 필요/비효율적이거나 접근이 필요하지 않은’ 경우 처리 자체를 거부할 수 있다고 규정하고 있다. 그러나 비합리적으로 반복적이거나 규칙적, 비효율적이거나 접근이 필요하지 않다는 개념의 정의가 모호한바, 이에 대한 사업자의 자의적인 해석이 개입될 가능성이 크다. 또한 이러한 자의적인 해석에 근거하여 단순히 고객의 요청을 즉각적으로 처리하지 않는 것이 아니라 아예 그 자체를 거부할 수 있다고 정하고 있다. 이상의 내용을 살펴볼 때, 고객의 개인정보 열람 및 정정 요청에 대해 추상적ㆍ포괄적 조건을 부가함으로써 요청 자체를 거부할 수 있는 권한을 사업자에게 부여하는 위 약관 조항은 법률에 따른 권리를 상당한 이유 없이 배제하거나 제한하는 조항으로서 약관법 제11조 제1호에 해당하여 무효이다. 5. 회원의 탈퇴 후에도 회원의 저작물을 영구히 사용토록 하는 조항 등 회원의 저작권을 침해하는 조항 가. 약관조항 나. 심사의견 : 무효 저작권법 제46조는, 저작재산권자는 다른 사람에게 그 저작물의 이용을 허락할 수 있으며, 이러한 허락을 받은 자는 허락받은 이용 방법 및 조건의 범위 안에서 그 저작물을 이용할 수 있다고 정하고 있다. 이에 따라 온라인 사업자들은 회원의 게시물에 대하여 서비스 제공에 필요한 범위 내에서 수정, 각색, 배포, 발행 등의 방식으로 이용할 수 있는 권리를 개별적인 동의가 아니라 이용약관에 포함시킴으로써 고객에게 동의를 얻고 있다. 이때 고객이 사업자들에게 자",,기각,'비합리적으로 반복적이거나 규칙적/과도한 기술적 노력 필요/비효율적이거나 접근이 필요하지 않은' 경우 처리 자체를 거부할 수 있다,보통,"따옴표로 표시된 조항 내용을 그대로 옮겼으나, 슬래시 표기가 원문 표기와 정확히 일치하는지 원본 확인 필요"
법제처 OPEN API/ftc,1227,,구름채팬션의 환불규정상 불공정약관조항에 대한 건,https://www.law.go.kr/DRF/lawService.do?OC=test&target=ftc&ID=1227&type=HTML,(문서 전체 — 조항 구분 없음),무효,명시,위험,제8조,과도한 위약금,"1227 시정권고서 2010약관0749 나. 심사의견 : 무효 고객이 숙박업소 예약 후 개인 사정으로 그 예약을 취소하는 경우, 예약취소시점이 숙박예정일에 가까워질수록 다른 고객을 맞을 기회도 희박해져 숙박업소의 손해가 커지는 경향이 있다. 따라서 고객의 예약취소시점을 기준으로 숙박요금의 환불 수준을 차등하여 정하는 것은 타당하다 할 것이다. 일반적으로 숙박요금에는 숙박할 때 실제로 소요되는 비용(전기ㆍ가스 비용, 서비스 비용 등)인 '변동비용’과 시설유지비 등이 포함된 '고정비용’으로 구분되어 있다. 그러므로 숙박예약을 취소한 경우에는 변동비용이 지출되지 않기 때문에 예약취소 수수료에서 변동비용은 제외되는 것이 타당하다. 그럼에도 당해 약관조항은 이용일 당일부터 2일전까지의 기간에 예약을 취소하면 변동비용을 포함하여 모든 숙박요금을 환불하지 아니하도록 정하고 있다. 참고로 공정거래위원회 고시(2010-1호)인 소비자분쟁해결기준에 의하면 숙박업의 경우 숙박요금의 환불 기준에 의하면, 사용예정일 1일 전에 소비자의 귀책사유로 계약을 해제하면 사업자는 성수기의 경우 총 요금의 80% 공제 후 환급, 비수기의 경우 총 요금의 20% 공제 후 환급하여야 한다. 위의 사항을 종합하면, 예약일 2일 전부터 당일까지 계약을 해제하는 경우 전액 환불을 금지하는 조항은 고객에 대하여 부당하게 과중한 손해배상의무를 부담시키는 조항으로 약관법 제8조에 해당한다. * 참고 심결례 ]]> 나. 심사의견 : 무효 고객이 숙박업소 예약 후 개인 사정으로 그 예약을 취소하는 경우, 예약취소시점이 숙박예정일에 가까워질수록 다른 고객을 맞을 기회도 희박해져 숙박업소의 손해가 커지는 경향이 있다. 따라서 고객의 예약취소시점을 기준으로 숙박요금의 환불 수준을 차등하여 정하는 것은 타당하다 할 것이다. 일반적으로 숙박요금에는 숙박할 때 실제로 소요되는 비용(전기ㆍ가스 비용, 서비스 비용 등)인 '변동비용’과 시설유지비 등이 포함된 '고정비용’으로 구분되어 있다. 그러므로 숙박예약을 취소한 경우에는 변동비용이 지출되지 않기 때문에 예약취소 수수료에서 변동비용은 제외되는 것이 타당하다. 그럼에도 당해 약관조항은 이용일 당일부터 2일전까지의 기간에 예약을 취소하면 변동비용을 포함하여 모든 숙박요금을 환불하지 아니하도록 정하고 있다. 참고로 공정거래위원회 고시(2010-1호)인 소비자분쟁해결기준에 의하면 숙박업의 경우 숙박요금의 환불 기준에 의하면, 사용예정일 1일 전에 소비자의 귀책사유로 계약을 해제하면 사업자는 성수기의 경우 총 요금의 80% 공제 후 환급, 비수기의 경우 총 요금의 20% 공제 후 환급하여야 한다. 위의 사항을 종합하면, 예약일 2일 전부터 당일까지 계약을 해제하는 경우 전액 환불을 금지하는 조항은 고객에 대하여 부당하게 과중한 손해배상의무를 부담시키는 조항으로 약관법 제8조에 해당한다. * 참고 심결례 ]]> 나. 심사의견 : 무효 고객이 숙박업소 예약 후 개인 사정으로 그 예약을 취소하는 경우, 예약취소시점이 숙박예정일에 가까워질수록 다른 고객을 맞을 기회",,기각,이용일 당일부터 2일전까지의 기간에 예약을 취소하면 변동비용을 포함하여 모든 숙박요금을 환불하지 아니하도록 정하고 있다,보통,공정위의 판단 근거 서술에서 약관조항의 내용을 설명하는 형태로 인용되어 있음
법제처 OPEN API/ftc,11053,,국민여행사의 자동차대여약관중 불공정약관조항에 대한 건,https://www.law.go.kr/DRF/lawService.do?OC=test&target=ftc&ID=11053&type=HTML,(문서 전체 — 조항 구분 없음),무효,명시,위험,제6조,부당한 비용·세금 전가|선택권 제한·구입 강제|과도한 위약금,"11053 시정권고서 2008약관1204 (2) 심사결과 : 무효 임차인의 사고발생시 보험회사가 피해자에게 보험금을 지급한 경우 임대인은 보험회사에게 일정 금원을 지급하고, 향후 일정기간 동안 보험료의 할인혜택을 받지 못하거나 할증되는 경우가 있음 자동차대여사업자의 경우 보유한 모든 차량의 보험사고 횟수나 보험금액 등을 고려하여 보험료가 산정되고, 보험료가 할증되면 전 차량의 보험료가 인상됨. 따라서 임대인이 추가적으로 부담하게 되는 총금원은 보유차량대수, 보험가입기간, 보험혜택의 크기 등에 따라 상이함 임대인은 위와같이 보험사고시 부담하는 금원에 대하여 이 사건 약관조항과 같이 임차인으로부터 일정 금원을 징구하는 것임 차량대여료에 이용료, 보험료뿐만 아니라 보험사고가 발생할 경우 렌터카업체가 추가로 부담하게 될 부분을 모두 포함할 경우 그렇지 않은 경우보다 대여료가 올라갈 수 밖에 없음 이 경우에는 사고를 내지 않은 자가 사고를 낸 자의 보험금을 부담하는 것이 되므로 부당한 결과가 됨. 그러나 차량대여료에 이와 같은 비용을 포함하지 아니한 경우에는 사고자가 책임을 지는 것이므로 위와 같이 보험처리시 면책금을 받는 것 자체는 부당하지 아니함 그러나 사고의 종류, 정도 및 보험금액 등에 따라 해당 사고가 임대인이 부담하게 될 금원의 크기에 미치는 영향이 다름. 따라서 보험사고의 정도나 보험금액 등에 따라 임차인이 부담하여야 할 면책금도 차등하여 규정하여야 할 것임 그럼에도 불구하고 위 약관조항은 보험처리시 사고의 경중 등을 구분하지 아니하고 동일한 액수의 면책금을(50만원) 지급하도록 하고 있음. 이는 경미한 사고를 낸 이용자와 중한 사고를 낸 이용자간 형평에 반하여 부당하다 할 것임 따라서 위 약관조항은 고객에게 부당하게 불리한 약관조항에 해당하여 약관법 제6조 제1항, 제2항 제1호에 따라 무효임 ]]> (2) 심사결과 : 무효 임차인의 사고발생시 보험회사가 피해자에게 보험금을 지급한 경우 임대인은 보험회사에게 일정 금원을 지급하고, 향후 일정기간 동안 보험료의 할인혜택을 받지 못하거나 할증되는 경우가 있음 자동차대여사업자의 경우 보유한 모든 차량의 보험사고 횟수나 보험금액 등을 고려하여 보험료가 산정되고, 보험료가 할증되면 전 차량의 보험료가 인상됨. 따라서 임대인이 추가적으로 부담하게 되는 총금원은 보유차량대수, 보험가입기간, 보험혜택의 크기 등에 따라 상이함 임대인은 위와같이 보험사고시 부담하는 금원에 대하여 이 사건 약관조항과 같이 임차인으로부터 일정 금원을 징구하는 것임 차량대여료에 이용료, 보험료뿐만 아니라 보험사고가 발생할 경우 렌터카업체가 추가로 부담하게 될 부분을 모두 포함할 경우 그렇지 않은 경우보다 대여료가 올라갈 수 밖에 없음 이 경우에는 사고를 내지 않은 자가 사고를 낸 자의 보험금을 부담하는 것이 되므로 부당한 결과가 됨. 그러나 차량대여료에 이와 같은 비용을 포함하지 아니한 경우에는 사고자가 책임을 지는 것이므로 위와 같이 보험처리시 면책금을 받는 것 자체는 부당하지 아니함 그러나 사고의 종류, 정도 및 보험",,기각,보험처리시 사고의 경중 등을 구분하지 아니하고 동일한 액수의 면책금을(50만원) 지급하도록 하고 있음,보통,근거 서술에서 약관조항의 내용을 설명하는 형태로 인용됨. 정확한 원문 표현과 일치 여부는 원본 약관 확인 필요
법제처 OPEN API/ftc,9747,,국민이주(주)의 U.S.A E-2 비자 신청계약서상 불공정약관조항에 대한 건,https://www.law.go.kr/DRF/lawService.do?OC=test&target=ftc&ID=9747&type=HTML,수수료 등 환불 불가조항,무효,조문인용 추론,위험,제9조,일방적 계약 해지|권리행사 제한|보증금 반환 지연,"2. 수수료 등 환불 불가조항 가. 약관조항 나. 검토의견 : 무효 고객의 귀책사유로 계약해지시 사업자는 계약의 이행정도에 따라 소요된 비용 및 계약의 해지로 인한 손실비용 등을 감안하여 손해배상액을 예정함이 타당하다. 그러나 동 약관조항은 고객의 귀책사유로 계약해지시 일률적으로 고객이 지불한 수속비의 환불을 청구하지 못하도록 정하고 있다. 또한 고객이 지불한 국내 수수료 및 제반 실비용의 환불청구는 고객의 귀책사유 유무와 관계없이 금지하고 있다. 따라서 동 조항은 사업자의 원상회복의무를 부당하게 경감하는 조항이자, 고객에게 부당하게 과중한 손해배상의무를 부담시키는 조항으로 약관법 제9조 제4호 및 제8조에 해당되어 무효이다. ]]> 나. 검토의견 : 무효 사업자의 귀책사유로 계약의 이행이 불가능한 경우 고객은 계약을 해제할 수 있고(민법 제546조), 이 경우 원상회복의무에 따라 사업자는 고객으로부터 받은 수수료 및 실비를 모두 반환하여야한다(민법 제548조). 그러나, 동 약관조항은 사업자의 귀책사유로 고객의 비자취득이 불가능해 졌을 때 국외 수수료 중 70%만 환불해주고 국내수수료 및 실비용은 아예 환불하지 아니하는 것으로 규정하고 있다. 따라서, 동 조항은 계약의 해제로 인한 사업자의 원상회복의무나 손해배상의무를 부당하게 경감하는 조항으로 약관법 제9조 제4호에 해당되어 무효이다. ",,기각,,,근거 서술에 조항 문구 인용 없음. 내용만 설명되어 있음
법제처 OPEN API/ftc,9747,,국민이주(주)의 U.S.A E-2 비자 신청계약서상 불공정약관조항에 대한 건,https://www.law.go.kr/DRF/lawService.do?OC=test&target=ftc&ID=9747&type=HTML,수수료 등 환불 불가조항,무효,조문인용 추론,위험,제9조,일방적 계약 해지|권리행사 제한|보증금 반환 지연,"2. 수수료 등 환불 불가조항 가. 약관조항 나. 검토의견 : 무효 고객의 귀책사유로 계약해지시 사업자는 계약의 이행정도에 따라 소요된 비용 및 계약의 해지로 인한 손실비용 등을 감안하여 손해배상액을 예정함이 타당하다. 그러나 동 약관조항은 고객의 귀책사유로 계약해지시 일률적으로 고객이 지불한 수속비의 환불을 청구하지 못하도록 정하고 있다. 또한 고객이 지불한 국내 수수료 및 제반 실비용의 환불청구는 고객의 귀책사유 유무와 관계없이 금지하고 있다. 따라서 동 조항은 사업자의 원상회복의무를 부당하게 경감하는 조항이자, 고객에게 부당하게 과중한 손해배상의무를 부담시키는 조항으로 약관법 제9조 제4호 및 제8조에 해당되어 무효이다. ]]>",,기각,,,"근거 서술에 조항 문구 인용 없음. 조항 내용이 설명만 되어 있으며, 정확한 문구를 특정할 수 없음"
법제처 OPEN API/ftc,16427,,국제항공운송협회의 여객판매대리점계약상 불공정약관조항에 대한 건,https://www.law.go.kr/DRF/lawService.do?OC=test&target=ftc&ID=16427&type=HTML,(문서 전체 — 조항 구분 없음),무효,조문인용 추론,위험,"제2조,제6조,제7조,제10조,제15조,제17조",부당한 비용·세금 전가|선택권 제한·구입 강제|과도한 위약금|책임 면제|일방적 급부·조건 변경,"16427 의결서 2022약관0758 제 3 소 회 의 2022.8.10. 심의종결일 2022. 6. 15. 기재 약관조항을 이 시정명령을 받은 날로부터 60일 이내에, 삭제 또는 수정하여야 한다. 단, 위 조항의 수정 내용은 사전에 공정거래위원회와 협의를 거친 것이어야 한다. ]]> 과 같이 각 국의 여행사들과 '여객판매대리점계약’(이하 '이 사건 계약’이라 한다)을 체결하고 있는바, 결국 피심인은 이 사건 계약의 한쪽 당사자로서 상대 당사자(여행사)에게 약관을 이 사건 계약의 내용으로 할 것을 제안하는 자이므로 '약관의 규제에 관한 법률 1 ’ 제2조 제2호의 사업자에 해당한다. 이 사건 계약서 (번역문) *자료출처: 심사보고서 소갑 제3호증 2 3 참고로, 피심인이 외국 사업자이기는 하나, 국제사법 제25조 제1항 3 및 이 사건 계약서 제17조 4 등에 따라 대한민국에 본점이 위치한 여행사와의 관계에서는 대한민국의 법률이 적용된다. 나. 피심인의 BSP(Billing and Settlement Plan) 시스템 4 항공사가 노선, 항공권의 유효기간, 좌석 클래스 등을 고려하여 항공권의 가격을 정한 후, 이를 GDS(Global Distribution System)에 등록하면, 여행사들은 GDS에 등록된 항공권의 가격과 조건 등을 비교하여 승객에게 항공권을 판매한다. 5 그러나 여행사들이 피심인의 회원인 항공사의 항공권 발권 대행 업무 권한을 받기 위해서는 피심인과 이 사건 계약을 체결하여야 하며, 항공권의 판매ㆍ대금 정산 업무 등은 피심인의 BSP 시스템 5 을 통해 이루어진다. 6 BSP 시스템의 이용 전에는 항공사가 각 여행사와 개별적으로 대리점 계약을 맺고 발권 대행 수수료를 지급하였으나, BSP 시스템이 도입된 이후부터는 피심인과 각 여행사 간에 이 사건 계약을 체결하되, 여행사에게 지급할 발권 대행 수수료율은 항공사들이 공동으로 정하도록 하였다. 7 그러나 이러한 항공사들의 행위가 부당한 공동행위에 해당할 수 있다는 우려가 제기되자, 피심인은 각각의 항공사가 발권 대행 수수료율을 정하도록 이 사건 계약에 포함된 'Travel Agent’s Handbook’(이하 '여행사 핸드북’이라고도 한다)을 변경하였다. 다. 이 사건 약관조항 8 이 사건 계약서 2.1(a) 조항은 아래 와 같이 항공사와 여행사 간의 관계를 규율하는 거래 조건을 이 사건 계약서에 첨부된 “여행사 핸드북에 포함된 결의(Resolutions)에 명시된 바에 따른다.”라고 규정하고 있다. 이 사건 계약서 (번역문) *자료출처: 소갑 제3호증 9 한편, 이 사건과 관련된 여행사의 수수료 등에 대한 거래 조건은 아래 과 같이 여행사 핸드북의 'SECTION 2’ 중 'Resolution 812’의 9.2.1.(a) 조항(이하 '이 사건 약관조항’이라 한다)에 규정되어 있으며, 이 사건 약관조항에 따르면 BSP 항공사가 여행사에 지급하는 모든 수수료 또는 기타 보수는 BSP 항공사들에 의하여 결정된다. 이 사건 약관 조항 6 2. 위법성 판단 가. 인정사실 및 ",,기각,BSP 항공사가 여행사에 지급하는 모든 수수료 또는 기타 보수는 BSP 항공사들에 의하여 결정된다,높음,"여행사 핸드북 Resolution 812의 9.2.1.(a) 조항으로 명시되어 있으며, 근거 서술에 따옴표 없이 직접 인용된 문구"
법제처 OPEN API/ftc,1073,,권두섭 등 15개 사업자의 위임계약서상 불공정약관조항에 대한 건,https://www.law.go.kr/DRF/lawService.do?OC=test&target=ftc&ID=1073&type=HTML,(문서 전체 — 조항 구분 없음),무효,명시,위험,"제6조,제8조",부당한 비용·세금 전가|선택권 제한·구입 강제|과도한 위약금,"1073 시정권고서 2011약관0143 ~ 2011약관0157 * 갑 : 위임인(청구인), 을 : 수임인(피심인) 나. 심사의견 : 무효 소송비용은 소송의 결과 및 소가 등에 따라 위임인마다 다르게 발생하게 된다. 따라서 당해 사안과 같이 통상공동소송을 위한 소송위임계약서에서는 공동소송인 독립의 원칙*이 적용되기 때문에 당사자별로 소가 및 소송의 결과 등에 따라 소송비용도 별도로 책정하여 부과하는 것이 통상적이다. * 공동소소송인 독립의 원칙 : 공동소송인과 상대방 사이의 청구가 각기 별개 독립의 것이고 단지 편의상 하나의 소송절차에 의하는 것이 바람직하여 병합된 통상공동소송의 경우에는 각 공동소송인은 다른 공동소송인에 의한 제한이나 간섭을 받지 않고 각자 독립하여 소송수행권을 가진다는 원칙 그런데, 해당 약관조항은 특별한 사유 없이 위임인들이 소송비용을 모두 균등하게 분담하도록 규정함으로써 오히려 위임인들 간의 형평에 반하는 결과가 된다. 이는 피심인의 편의를 위하여 일부 위임인(다른 위임인에 비해 소가가 적은 위임인 등)으로 하여금 자신이 부담하지 않아도 되는 비용을 부담하도록 하는 조항으로서 위임인에게 부당하게 불리하다. 그러므로 소송비용을 소가 및 소송결과와 상관없이 위임인간에 소송비용을 균등하게 분담하도록 한 당해 약관조항은 고객에게 부당하게 불리한 약관조항으로서 약관법 제6조 제2항 제1호에 해당하여 무효이다. 2. 피심인의 노력 투입 후 위임인의 일방적 해지 등의 사유 발생시 위임인에게 위약금을 부과할 수 있는 조항 가. 약관조항 * 갑 : 위임인(청구인), 을 : 수임인(피심인) 나. 심사의견 : 무효 당해 약관조항은 위임사무가 계속 유지되지는 않으나 피심인이 이미 상당한 노력을 투입한 경우를 대비하여 둔 조항으로서 현실적으로 필요한 조항에 해당한다. 그러나 제4조 제1항에서 정한 성공보수는 위임인이 본 소송으로 얻은 경제적 이익의 3%와 금 50만원 중 다액의 금액인데 반해, 당해 약관조항에서 정한 위약금은 금 500만원이다. 여기서 경제적 이익은 피심인이 제출한 자료에 따르면, 임금차액상당의 손해배상청구가 승소하였을 경우에는 3년 동안의 임금차액인 약 1억원(위임인별로 차이가 있을 수 있음)의 3%인 약 300만원(1억원 × 3%)정도이다. 그렇다면, 피심인이 많은 노력을 투여하여 승소하였을 경우에 받는 이익(약 300만원)보다 승소하지 않고 중간에 당해 약관조항에서 정한 사유로 위임계약이 종결된 경우에 받는 이익(500만원)이 더 많을 수 있다. 즉, 피심인은 당해 약관조항을 통해 부당하게 과다한 위약금을 부과하는 결과가 된다. 또한 통상 당해 약관조항과 같은 사유가 발생하면 위임사무가 성공한 것으로 간주하는 이른바 “성공보수간주 규정”을 두는 것이 보통인데, 위와 같이 별도로 위약금 조항을 두는 것은 법리상 맞지 않는 면이 있다. 더군다나 위 사유 중 “갑(위임인)이 정당한 사유 없이 위임계약을 해지한 경우”는 계약의 양 당사자가 위약금 없이 계약을 언제든지 해지할 수 있다는 위임계약의 상호해지자유의 원칙에 반할 수",,기각,,,"근거 서술에 조항 문구 인용 없음. 내용상 '소송비용을 균등하게 분담' 및 '위약금 500만원' 관련 조항으로 보이나, 따옴표나 「」 표시 없이 설명만 되어 있음"
법제처 OPEN API/ftc,1075,,권두섭 등 15개 사업자의 위임계약서상 불공정약관조항에 대한 건,https://www.law.go.kr/DRF/lawService.do?OC=test&target=ftc&ID=1075&type=HTML,(문서 전체 — 조항 구분 없음),무효,명시,위험,"제6조,제8조",부당한 비용·세금 전가|선택권 제한·구입 강제|과도한 위약금,"1075 시정권고서 2011약관0143 ~ 2011약관0157 * 갑 : 위임인(청구인), 을 : 수임인(피심인) 나. 심사의견 : 무효 소송비용은 소송의 결과 및 소가 등에 따라 위임인마다 다르게 발생하게 된다. 따라서 당해 사안과 같이 통상공동소송을 위한 소송위임계약서에서는 공동소송인 독립의 원칙*이 적용되기 때문에 당사자별로 소가 및 소송의 결과 등에 따라 소송비용도 별도로 책정하여 부과하는 것이 통상적이다. * 공동소소송인 독립의 원칙 : 공동소송인과 상대방 사이의 청구가 각기 별개 독립의 것이고 단지 편의상 하나의 소송절차에 의하는 것이 바람직하여 병합된 통상공동소송의 경우에는 각 공동소송인은 다른 공동소송인에 의한 제한이나 간섭을 받지 않고 각자 독립하여 소송수행권을 가진다는 원칙 그런데, 해당 약관조항은 특별한 사유 없이 위임인들이 소송비용을 모두 균등하게 분담하도록 규정함으로써 오히려 위임인들 간의 형평에 반하는 결과가 된다. 이는 피심인의 편의를 위하여 일부 위임인(다른 위임인에 비해 소가가 적은 위임인 등)으로 하여금 자신이 부담하지 않아도 되는 비용을 부담하도록 하는 조항으로서 위임인에게 부당하게 불리하다. 그러므로 소송비용을 소가 및 소송결과와 상관없이 위임인간에 소송비용을 균등하게 분담하도록 한 당해 약관조항은 고객에게 부당하게 불리한 약관조항으로서 약관법 제6조 제2항 제1호에 해당하여 무효이다. 2. 피심인의 노력 투입 후 위임인의 일방적 해지 등의 사유 발생시 위임인에게 위약금을 부과할 수 있는 조항 가. 약관조항 * 갑 : 위임인(청구인), 을 : 수임인(피심인) 나. 심사의견 : 무효 당해 약관조항은 위임사무가 계속 유지되지는 않으나 피심인이 이미 상당한 노력을 투입한 경우를 대비하여 둔 조항으로서 현실적으로 필요한 조항에 해당한다. 그러나 제4조 제1항에서 정한 성공보수는 위임인이 본 소송으로 얻은 경제적 이익의 3%와 금 50만원 중 다액의 금액인데 반해, 당해 약관조항에서 정한 위약금은 금 500만원이다. 여기서 경제적 이익은 피심인이 제출한 자료에 따르면, 임금차액상당의 손해배상청구가 승소하였을 경우에는 3년 동안의 임금차액인 약 1억원(위임인별로 차이가 있을 수 있음)의 3%인 약 300만원(1억원 × 3%)정도이다. 그렇다면, 피심인이 많은 노력을 투여하여 승소하였을 경우에 받는 이익(약 300만원)보다 승소하지 않고 중간에 당해 약관조항에서 정한 사유로 위임계약이 종결된 경우에 받는 이익(500만원)이 더 많을 수 있다. 즉, 피심인은 당해 약관조항을 통해 부당하게 과다한 위약금을 부과하는 결과가 된다. 또한 통상 당해 약관조항과 같은 사유가 발생하면 위임사무가 성공한 것으로 간주하는 이른바 “성공보수간주 규정”을 두는 것이 보통인데, 위와 같이 별도로 위약금 조항을 두는 것은 법리상 맞지 않는 면이 있다. 더군다나 위 사유 중 “갑(위임인)이 정당한 사유 없이 위임계약을 해지한 경우”는 계약의 양 당사자가 위약금 없이 계약을 언제든지 해지할 수 있다는 위임계약의 상호해지자유의 원칙에 반할 수",,기각,,,"근거 서술에 조항 문구 인용 없음. 내용상 '위임인들이 소송비용을 모두 균등하게 분담하도록 규정'한 조항과 '위임사무가 계속 유지되지는 않으나 피심인이 이미 상당한 노력을 투입한 경우' 위약금을 부과하는 조항이 있으나, 정확한 문구는 인용되지 않음"
법제처 OPEN API/ftc,1147,,권두섭 등 15개 사업자의 위임계약서상 불공정약관조항에 대한 건,https://www.law.go.kr/DRF/lawService.do?OC=test&target=ftc&ID=1147&type=HTML,(문서 전체 — 조항 구분 없음),무효,명시,위험,"제6조,제8조",부당한 비용·세금 전가|선택권 제한·구입 강제|과도한 위약금,"1147 시정권고서 2011약관0143 ~ 2011약관0157 * 갑 : 위임인(청구인), 을 : 수임인(피심인) 나. 심사의견 : 무효 소송비용은 소송의 결과 및 소가 등에 따라 위임인마다 다르게 발생하게 된다. 따라서 당해 사안과 같이 통상공동소송을 위한 소송위임계약서에서는 공동소송인 독립의 원칙*이 적용되기 때문에 당사자별로 소가 및 소송의 결과 등에 따라 소송비용도 별도로 책정하여 부과하는 것이 통상적이다. * 공동소소송인 독립의 원칙 : 공동소송인과 상대방 사이의 청구가 각기 별개 독립의 것이고 단지 편의상 하나의 소송절차에 의하는 것이 바람직하여 병합된 통상공동소송의 경우에는 각 공동소송인은 다른 공동소송인에 의한 제한이나 간섭을 받지 않고 각자 독립하여 소송수행권을 가진다는 원칙 그런데, 해당 약관조항은 특별한 사유 없이 위임인들이 소송비용을 모두 균등하게 분담하도록 규정함으로써 오히려 위임인들 간의 형평에 반하는 결과가 된다. 이는 피심인의 편의를 위하여 일부 위임인(다른 위임인에 비해 소가가 적은 위임인 등)으로 하여금 자신이 부담하지 않아도 되는 비용을 부담하도록 하는 조항으로서 위임인에게 부당하게 불리하다. 그러므로 소송비용을 소가 및 소송결과와 상관없이 위임인간에 소송비용을 균등하게 분담하도록 한 당해 약관조항은 고객에게 부당하게 불리한 약관조항으로서 약관법 제6조 제2항 제1호에 해당하여 무효이다. 2. 피심인의 노력 투입 후 위임인의 일방적 해지 등의 사유 발생시 위임인에게 위약금을 부과할 수 있는 조항 가. 약관조항 * 갑 : 위임인(청구인), 을 : 수임인(피심인) 나. 심사의견 : 무효 당해 약관조항은 위임사무가 계속 유지되지는 않으나 피심인이 이미 상당한 노력을 투입한 경우를 대비하여 둔 조항으로서 현실적으로 필요한 조항에 해당한다. 그러나 제4조 제1항에서 정한 성공보수는 위임인이 본 소송으로 얻은 경제적 이익의 3%와 금 50만원 중 다액의 금액인데 반해, 당해 약관조항에서 정한 위약금은 금 500만원이다. 여기서 경제적 이익은 피심인이 제출한 자료에 따르면, 임금차액상당의 손해배상청구가 승소하였을 경우에는 3년 동안의 임금차액인 약 1억원(위임인별로 차이가 있을 수 있음)의 3%인 약 300만원(1억원 × 3%)정도이다. 그렇다면, 피심인이 많은 노력을 투여하여 승소하였을 경우에 받는 이익(약 300만원)보다 승소하지 않고 중간에 당해 약관조항에서 정한 사유로 위임계약이 종결된 경우에 받는 이익(500만원)이 더 많을 수 있다. 즉, 피심인은 당해 약관조항을 통해 부당하게 과다한 위약금을 부과하는 결과가 된다. 또한 통상 당해 약관조항과 같은 사유가 발생하면 위임사무가 성공한 것으로 간주하는 이른바 “성공보수간주 규정”을 두는 것이 보통인데, 위와 같이 별도로 위약금 조항을 두는 것은 법리상 맞지 않는 면이 있다. 더군다나 위 사유 중 “갑(위임인)이 정당한 사유 없이 위임계약을 해지한 경우”는 계약의 양 당사자가 위약금 없이 계약을 언제든지 해지할 수 있다는 위임계약의 상호해지자유의 원칙에 반할 수",,기각,,,"근거 서술에 조항 문구 인용 없음. 내용상 '소송비용을 균등하게 분담' 및 '위약금 부과' 관련 조항으로 보이나, 따옴표나 「」 표시 없이 설명만 되어 있음"
법제처 OPEN API/ftc,1127,,권두섭 등 15개 사업자의 위임계약서상 불공정약관조항에 대한 건,https://www.law.go.kr/DRF/lawService.do?OC=test&target=ftc&ID=1127&type=HTML,(문서 전체 — 조항 구분 없음),무효,명시,위험,"제6조,제8조",부당한 비용·세금 전가|선택권 제한·구입 강제|과도한 위약금,"1127 시정권고서 2011약관0143 ~ 2011약관0157 * 갑 : 위임인(청구인), 을 : 수임인(피심인) 나. 심사의견 : 무효 소송비용은 소송의 결과 및 소가 등에 따라 위임인마다 다르게 발생하게 된다. 따라서 당해 사안과 같이 통상공동소송을 위한 소송위임계약서에서는 공동소송인 독립의 원칙*이 적용되기 때문에 당사자별로 소가 및 소송의 결과 등에 따라 소송비용도 별도로 책정하여 부과하는 것이 통상적이다. * 공동소소송인 독립의 원칙 : 공동소송인과 상대방 사이의 청구가 각기 별개 독립의 것이고 단지 편의상 하나의 소송절차에 의하는 것이 바람직하여 병합된 통상공동소송의 경우에는 각 공동소송인은 다른 공동소송인에 의한 제한이나 간섭을 받지 않고 각자 독립하여 소송수행권을 가진다는 원칙 그런데, 해당 약관조항은 특별한 사유 없이 위임인들이 소송비용을 모두 균등하게 분담하도록 규정함으로써 오히려 위임인들 간의 형평에 반하는 결과가 된다. 이는 피심인의 편의를 위하여 일부 위임인(다른 위임인에 비해 소가가 적은 위임인 등)으로 하여금 자신이 부담하지 않아도 되는 비용을 부담하도록 하는 조항으로서 위임인에게 부당하게 불리하다. 그러므로 소송비용을 소가 및 소송결과와 상관없이 위임인간에 소송비용을 균등하게 분담하도록 한 당해 약관조항은 고객에게 부당하게 불리한 약관조항으로서 약관법 제6조 제2항 제1호에 해당하여 무효이다. 2. 피심인의 노력 투입 후 위임인의 일방적 해지 등의 사유 발생시 위임인에게 위약금을 부과할 수 있는 조항 가. 약관조항 * 갑 : 위임인(청구인), 을 : 수임인(피심인) 나. 심사의견 : 무효 당해 약관조항은 위임사무가 계속 유지되지는 않으나 피심인이 이미 상당한 노력을 투입한 경우를 대비하여 둔 조항으로서 현실적으로 필요한 조항에 해당한다. 그러나 제4조 제1항에서 정한 성공보수는 위임인이 본 소송으로 얻은 경제적 이익의 3%와 금 50만원 중 다액의 금액인데 반해, 당해 약관조항에서 정한 위약금은 금 500만원이다. 여기서 경제적 이익은 피심인이 제출한 자료에 따르면, 임금차액상당의 손해배상청구가 승소하였을 경우에는 3년 동안의 임금차액인 약 1억원(위임인별로 차이가 있을 수 있음)의 3%인 약 300만원(1억원 × 3%)정도이다. 그렇다면, 피심인이 많은 노력을 투여하여 승소하였을 경우에 받는 이익(약 300만원)보다 승소하지 않고 중간에 당해 약관조항에서 정한 사유로 위임계약이 종결된 경우에 받는 이익(500만원)이 더 많을 수 있다. 즉, 피심인은 당해 약관조항을 통해 부당하게 과다한 위약금을 부과하는 결과가 된다. 또한 통상 당해 약관조항과 같은 사유가 발생하면 위임사무가 성공한 것으로 간주하는 이른바 “성공보수간주 규정”을 두는 것이 보통인데, 위와 같이 별도로 위약금 조항을 두는 것은 법리상 맞지 않는 면이 있다. 더군다나 위 사유 중 “갑(위임인)이 정당한 사유 없이 위임계약을 해지한 경우”는 계약의 양 당사자가 위약금 없이 계약을 언제든지 해지할 수 있다는 위임계약의 상호해지자유의 원칙에 반할 수",,기각,,,"근거 서술에 조항 문구 인용 없음. 내용상 '소송비용을 균등하게 분담', '위약금 500만원' 등이 언급되나 따옴표나 「」 없이 설명만 되어 있음"
법제처 OPEN API/ftc,1083,,권두섭 등 15개 사업자의 위임계약서상 불공정약관조항에 대한 건,https://www.law.go.kr/DRF/lawService.do?OC=test&target=ftc&ID=1083&type=HTML,(문서 전체 — 조항 구분 없음),무효,명시,위험,"제6조,제8조",부당한 비용·세금 전가|선택권 제한·구입 강제|과도한 위약금,"1083 시정권고서 2011약관0143 ~ 2011약관0157 * 갑 : 위임인(청구인), 을 : 수임인(피심인) 나. 심사의견 : 무효 소송비용은 소송의 결과 및 소가 등에 따라 위임인마다 다르게 발생하게 된다. 따라서 당해 사안과 같이 통상공동소송을 위한 소송위임계약서에서는 공동소송인 독립의 원칙*이 적용되기 때문에 당사자별로 소가 및 소송의 결과 등에 따라 소송비용도 별도로 책정하여 부과하는 것이 통상적이다. * 공동소소송인 독립의 원칙 : 공동소송인과 상대방 사이의 청구가 각기 별개 독립의 것이고 단지 편의상 하나의 소송절차에 의하는 것이 바람직하여 병합된 통상공동소송의 경우에는 각 공동소송인은 다른 공동소송인에 의한 제한이나 간섭을 받지 않고 각자 독립하여 소송수행권을 가진다는 원칙 그런데, 해당 약관조항은 특별한 사유 없이 위임인들이 소송비용을 모두 균등하게 분담하도록 규정함으로써 오히려 위임인들 간의 형평에 반하는 결과가 된다. 이는 피심인의 편의를 위하여 일부 위임인(다른 위임인에 비해 소가가 적은 위임인 등)으로 하여금 자신이 부담하지 않아도 되는 비용을 부담하도록 하는 조항으로서 위임인에게 부당하게 불리하다. 그러므로 소송비용을 소가 및 소송결과와 상관없이 위임인간에 소송비용을 균등하게 분담하도록 한 당해 약관조항은 고객에게 부당하게 불리한 약관조항으로서 약관법 제6조 제2항 제1호에 해당하여 무효이다. 2. 피심인의 노력 투입 후 위임인의 일방적 해지 등의 사유 발생시 위임인에게 위약금을 부과할 수 있는 조항 가. 약관조항 * 갑 : 위임인(청구인), 을 : 수임인(피심인) 나. 심사의견 : 무효 당해 약관조항은 위임사무가 계속 유지되지는 않으나 피심인이 이미 상당한 노력을 투입한 경우를 대비하여 둔 조항으로서 현실적으로 필요한 조항에 해당한다. 그러나 제4조 제1항에서 정한 성공보수는 위임인이 본 소송으로 얻은 경제적 이익의 3%와 금 50만원 중 다액의 금액인데 반해, 당해 약관조항에서 정한 위약금은 금 500만원이다. 여기서 경제적 이익은 피심인이 제출한 자료에 따르면, 임금차액상당의 손해배상청구가 승소하였을 경우에는 3년 동안의 임금차액인 약 1억원(위임인별로 차이가 있을 수 있음)의 3%인 약 300만원(1억원 × 3%)정도이다. 그렇다면, 피심인이 많은 노력을 투여하여 승소하였을 경우에 받는 이익(약 300만원)보다 승소하지 않고 중간에 당해 약관조항에서 정한 사유로 위임계약이 종결된 경우에 받는 이익(500만원)이 더 많을 수 있다. 즉, 피심인은 당해 약관조항을 통해 부당하게 과다한 위약금을 부과하는 결과가 된다. 또한 통상 당해 약관조항과 같은 사유가 발생하면 위임사무가 성공한 것으로 간주하는 이른바 “성공보수간주 규정”을 두는 것이 보통인데, 위와 같이 별도로 위약금 조항을 두는 것은 법리상 맞지 않는 면이 있다. 더군다나 위 사유 중 “갑(위임인)이 정당한 사유 없이 위임계약을 해지한 경우”는 계약의 양 당사자가 위약금 없이 계약을 언제든지 해지할 수 있다는 위임계약의 상호해지자유의 원칙에 반할 수",,기각,,,"근거 서술에 조항 문구 인용 없음. 내용만 설명되어 있음(소송비용 균등분담, 위약금 500만원 등)"
법제처 OPEN API/ftc,1087,,권두섭 등 15개 사업자의 위임계약서상 불공정약관조항에 대한 건,https://www.law.go.kr/DRF/lawService.do?OC=test&target=ftc&ID=1087&type=HTML,(문서 전체 — 조항 구분 없음),무효,명시,위험,"제6조,제8조",부당한 비용·세금 전가|선택권 제한·구입 강제|과도한 위약금,"1087 시정권고서 2011약관0143 ~ 2011약관0157 * 갑 : 위임인(청구인), 을 : 수임인(피심인) 나. 심사의견 : 무효 소송비용은 소송의 결과 및 소가 등에 따라 위임인마다 다르게 발생하게 된다. 따라서 당해 사안과 같이 통상공동소송을 위한 소송위임계약서에서는 공동소송인 독립의 원칙*이 적용되기 때문에 당사자별로 소가 및 소송의 결과 등에 따라 소송비용도 별도로 책정하여 부과하는 것이 통상적이다. * 공동소소송인 독립의 원칙 : 공동소송인과 상대방 사이의 청구가 각기 별개 독립의 것이고 단지 편의상 하나의 소송절차에 의하는 것이 바람직하여 병합된 통상공동소송의 경우에는 각 공동소송인은 다른 공동소송인에 의한 제한이나 간섭을 받지 않고 각자 독립하여 소송수행권을 가진다는 원칙 그런데, 해당 약관조항은 특별한 사유 없이 위임인들이 소송비용을 모두 균등하게 분담하도록 규정함으로써 오히려 위임인들 간의 형평에 반하는 결과가 된다. 이는 피심인의 편의를 위하여 일부 위임인(다른 위임인에 비해 소가가 적은 위임인 등)으로 하여금 자신이 부담하지 않아도 되는 비용을 부담하도록 하는 조항으로서 위임인에게 부당하게 불리하다. 그러므로 소송비용을 소가 및 소송결과와 상관없이 위임인간에 소송비용을 균등하게 분담하도록 한 당해 약관조항은 고객에게 부당하게 불리한 약관조항으로서 약관법 제6조 제2항 제1호에 해당하여 무효이다. 2. 피심인의 노력 투입 후 위임인의 일방적 해지 등의 사유 발생시 위임인에게 위약금을 부과할 수 있는 조항 가. 약관조항 * 갑 : 위임인(청구인), 을 : 수임인(피심인) 나. 심사의견 : 무효 당해 약관조항은 위임사무가 계속 유지되지는 않으나 피심인이 이미 상당한 노력을 투입한 경우를 대비하여 둔 조항으로서 현실적으로 필요한 조항에 해당한다. 그러나 제4조 제1항에서 정한 성공보수는 위임인이 본 소송으로 얻은 경제적 이익의 3%와 금 50만원 중 다액의 금액인데 반해, 당해 약관조항에서 정한 위약금은 금 500만원이다. 여기서 경제적 이익은 피심인이 제출한 자료에 따르면, 임금차액상당의 손해배상청구가 승소하였을 경우에는 3년 동안의 임금차액인 약 1억원(위임인별로 차이가 있을 수 있음)의 3%인 약 300만원(1억원 × 3%)정도이다. 그렇다면, 피심인이 많은 노력을 투여하여 승소하였을 경우에 받는 이익(약 300만원)보다 승소하지 않고 중간에 당해 약관조항에서 정한 사유로 위임계약이 종결된 경우에 받는 이익(500만원)이 더 많을 수 있다. 즉, 피심인은 당해 약관조항을 통해 부당하게 과다한 위약금을 부과하는 결과가 된다. 또한 통상 당해 약관조항과 같은 사유가 발생하면 위임사무가 성공한 것으로 간주하는 이른바 “성공보수간주 규정”을 두는 것이 보통인데, 위와 같이 별도로 위약금 조항을 두는 것은 법리상 맞지 않는 면이 있다. 더군다나 위 사유 중 “갑(위임인)이 정당한 사유 없이 위임계약을 해지한 경우”는 계약의 양 당사자가 위약금 없이 계약을 언제든지 해지할 수 있다는 위임계약의 상호해지자유의 원칙에 반할 수",,기각,,,"근거 서술에 조항 문구 인용 없음. 내용상 '위임인들이 소송비용을 모두 균등하게 분담하도록 규정'한 조항과 '피심인의 노력 투입 후 위임인의 일방적 해지 등의 사유 발생시 위약금을 부과할 수 있는 조항'이 있으나, 원문 문구가 따옴표나 인용 표시 없이 설명만 되어 있음"
법제처 OPEN API/ftc,1091,,권두섭 등 15개 사업자의 위임계약서상 불공정약관조항에 대한 건,https://www.law.go.kr/DRF/lawService.do?OC=test&target=ftc&ID=1091&type=HTML,(문서 전체 — 조항 구분 없음),무효,명시,위험,"제6조,제8조",부당한 비용·세금 전가|선택권 제한·구입 강제|과도한 위약금,"1091 시정권고서 2011약관0143 ~ 2011약관0157 * 갑 : 위임인(청구인), 을 : 수임인(피심인) 나. 심사의견 : 무효 소송비용은 소송의 결과 및 소가 등에 따라 위임인마다 다르게 발생하게 된다. 따라서 당해 사안과 같이 통상공동소송을 위한 소송위임계약서에서는 공동소송인 독립의 원칙*이 적용되기 때문에 당사자별로 소가 및 소송의 결과 등에 따라 소송비용도 별도로 책정하여 부과하는 것이 통상적이다. * 공동소소송인 독립의 원칙 : 공동소송인과 상대방 사이의 청구가 각기 별개 독립의 것이고 단지 편의상 하나의 소송절차에 의하는 것이 바람직하여 병합된 통상공동소송의 경우에는 각 공동소송인은 다른 공동소송인에 의한 제한이나 간섭을 받지 않고 각자 독립하여 소송수행권을 가진다는 원칙 그런데, 해당 약관조항은 특별한 사유 없이 위임인들이 소송비용을 모두 균등하게 분담하도록 규정함으로써 오히려 위임인들 간의 형평에 반하는 결과가 된다. 이는 피심인의 편의를 위하여 일부 위임인(다른 위임인에 비해 소가가 적은 위임인 등)으로 하여금 자신이 부담하지 않아도 되는 비용을 부담하도록 하는 조항으로서 위임인에게 부당하게 불리하다. 그러므로 소송비용을 소가 및 소송결과와 상관없이 위임인간에 소송비용을 균등하게 분담하도록 한 당해 약관조항은 고객에게 부당하게 불리한 약관조항으로서 약관법 제6조 제2항 제1호에 해당하여 무효이다. 2. 피심인의 노력 투입 후 위임인의 일방적 해지 등의 사유 발생시 위임인에게 위약금을 부과할 수 있는 조항 가. 약관조항 * 갑 : 위임인(청구인), 을 : 수임인(피심인) 나. 심사의견 : 무효 당해 약관조항은 위임사무가 계속 유지되지는 않으나 피심인이 이미 상당한 노력을 투입한 경우를 대비하여 둔 조항으로서 현실적으로 필요한 조항에 해당한다. 그러나 제4조 제1항에서 정한 성공보수는 위임인이 본 소송으로 얻은 경제적 이익의 3%와 금 50만원 중 다액의 금액인데 반해, 당해 약관조항에서 정한 위약금은 금 500만원이다. 여기서 경제적 이익은 피심인이 제출한 자료에 따르면, 임금차액상당의 손해배상청구가 승소하였을 경우에는 3년 동안의 임금차액인 약 1억원(위임인별로 차이가 있을 수 있음)의 3%인 약 300만원(1억원 × 3%)정도이다. 그렇다면, 피심인이 많은 노력을 투여하여 승소하였을 경우에 받는 이익(약 300만원)보다 승소하지 않고 중간에 당해 약관조항에서 정한 사유로 위임계약이 종결된 경우에 받는 이익(500만원)이 더 많을 수 있다. 즉, 피심인은 당해 약관조항을 통해 부당하게 과다한 위약금을 부과하는 결과가 된다. 또한 통상 당해 약관조항과 같은 사유가 발생하면 위임사무가 성공한 것으로 간주하는 이른바 “성공보수간주 규정”을 두는 것이 보통인데, 위와 같이 별도로 위약금 조항을 두는 것은 법리상 맞지 않는 면이 있다. 더군다나 위 사유 중 “갑(위임인)이 정당한 사유 없이 위임계약을 해지한 경우”는 계약의 양 당사자가 위약금 없이 계약을 언제든지 해지할 수 있다는 위임계약의 상호해지자유의 원칙에 반할 수",,기각,,,"근거 서술에 조항 문구 인용 없음. 내용만 설명되어 있음(소송비용 균등분담, 위약금 500만원 등)"
법제처 OPEN API/ftc,1101,,권두섭 등 15개 사업자의 위임계약서상 불공정약관조항에 대한 건,https://www.law.go.kr/DRF/lawService.do?OC=test&target=ftc&ID=1101&type=HTML,(문서 전체 — 조항 구분 없음),무효,명시,위험,"제6조,제8조",부당한 비용·세금 전가|선택권 제한·구입 강제|과도한 위약금,"1101 시정권고서 2011약관0143 ~ 2011약관0157 * 갑 : 위임인(청구인), 을 : 수임인(피심인) 나. 심사의견 : 무효 소송비용은 소송의 결과 및 소가 등에 따라 위임인마다 다르게 발생하게 된다. 따라서 당해 사안과 같이 통상공동소송을 위한 소송위임계약서에서는 공동소송인 독립의 원칙*이 적용되기 때문에 당사자별로 소가 및 소송의 결과 등에 따라 소송비용도 별도로 책정하여 부과하는 것이 통상적이다. * 공동소소송인 독립의 원칙 : 공동소송인과 상대방 사이의 청구가 각기 별개 독립의 것이고 단지 편의상 하나의 소송절차에 의하는 것이 바람직하여 병합된 통상공동소송의 경우에는 각 공동소송인은 다른 공동소송인에 의한 제한이나 간섭을 받지 않고 각자 독립하여 소송수행권을 가진다는 원칙 그런데, 해당 약관조항은 특별한 사유 없이 위임인들이 소송비용을 모두 균등하게 분담하도록 규정함으로써 오히려 위임인들 간의 형평에 반하는 결과가 된다. 이는 피심인의 편의를 위하여 일부 위임인(다른 위임인에 비해 소가가 적은 위임인 등)으로 하여금 자신이 부담하지 않아도 되는 비용을 부담하도록 하는 조항으로서 위임인에게 부당하게 불리하다. 그러므로 소송비용을 소가 및 소송결과와 상관없이 위임인간에 소송비용을 균등하게 분담하도록 한 당해 약관조항은 고객에게 부당하게 불리한 약관조항으로서 약관법 제6조 제2항 제1호에 해당하여 무효이다. 2. 피심인의 노력 투입 후 위임인의 일방적 해지 등의 사유 발생시 위임인에게 위약금을 부과할 수 있는 조항 가. 약관조항 * 갑 : 위임인(청구인), 을 : 수임인(피심인) 나. 심사의견 : 무효 당해 약관조항은 위임사무가 계속 유지되지는 않으나 피심인이 이미 상당한 노력을 투입한 경우를 대비하여 둔 조항으로서 현실적으로 필요한 조항에 해당한다. 그러나 제4조 제1항에서 정한 성공보수는 위임인이 본 소송으로 얻은 경제적 이익의 3%와 금 50만원 중 다액의 금액인데 반해, 당해 약관조항에서 정한 위약금은 금 500만원이다. 여기서 경제적 이익은 피심인이 제출한 자료에 따르면, 임금차액상당의 손해배상청구가 승소하였을 경우에는 3년 동안의 임금차액인 약 1억원(위임인별로 차이가 있을 수 있음)의 3%인 약 300만원(1억원 × 3%)정도이다. 그렇다면, 피심인이 많은 노력을 투여하여 승소하였을 경우에 받는 이익(약 300만원)보다 승소하지 않고 중간에 당해 약관조항에서 정한 사유로 위임계약이 종결된 경우에 받는 이익(500만원)이 더 많을 수 있다. 즉, 피심인은 당해 약관조항을 통해 부당하게 과다한 위약금을 부과하는 결과가 된다. 또한 통상 당해 약관조항과 같은 사유가 발생하면 위임사무가 성공한 것으로 간주하는 이른바 “성공보수간주 규정”을 두는 것이 보통인데, 위와 같이 별도로 위약금 조항을 두는 것은 법리상 맞지 않는 면이 있다. 더군다나 위 사유 중 “갑(위임인)이 정당한 사유 없이 위임계약을 해지한 경우”는 계약의 양 당사자가 위약금 없이 계약을 언제든지 해지할 수 있다는 위임계약의 상호해지자유의 원칙에 반할 수",,기각,,,"근거 서술에 조항 문구 인용 없음. 위약금 부과 조항의 내용만 설명되어 있으며, 구체적인 조항 문구는 제시되지 않음"
법제처 OPEN API/ftc,1089,,권두섭 등 15개 사업자의 위임계약서상 불공정약관조항에 대한 건,https://www.law.go.kr/DRF/lawService.do?OC=test&target=ftc&ID=1089&type=HTML,(문서 전체 — 조항 구분 없음),무효,명시,위험,"제6조,제8조",부당한 비용·세금 전가|선택권 제한·구입 강제|과도한 위약금,"1089 시정권고서 2011약관0143 ~ 2011약관0157 * 갑 : 위임인(청구인), 을 : 수임인(피심인) 나. 심사의견 : 무효 소송비용은 소송의 결과 및 소가 등에 따라 위임인마다 다르게 발생하게 된다. 따라서 당해 사안과 같이 통상공동소송을 위한 소송위임계약서에서는 공동소송인 독립의 원칙*이 적용되기 때문에 당사자별로 소가 및 소송의 결과 등에 따라 소송비용도 별도로 책정하여 부과하는 것이 통상적이다. * 공동소소송인 독립의 원칙 : 공동소송인과 상대방 사이의 청구가 각기 별개 독립의 것이고 단지 편의상 하나의 소송절차에 의하는 것이 바람직하여 병합된 통상공동소송의 경우에는 각 공동소송인은 다른 공동소송인에 의한 제한이나 간섭을 받지 않고 각자 독립하여 소송수행권을 가진다는 원칙 그런데, 해당 약관조항은 특별한 사유 없이 위임인들이 소송비용을 모두 균등하게 분담하도록 규정함으로써 오히려 위임인들 간의 형평에 반하는 결과가 된다. 이는 피심인의 편의를 위하여 일부 위임인(다른 위임인에 비해 소가가 적은 위임인 등)으로 하여금 자신이 부담하지 않아도 되는 비용을 부담하도록 하는 조항으로서 위임인에게 부당하게 불리하다. 그러므로 소송비용을 소가 및 소송결과와 상관없이 위임인간에 소송비용을 균등하게 분담하도록 한 당해 약관조항은 고객에게 부당하게 불리한 약관조항으로서 약관법 제6조 제2항 제1호에 해당하여 무효이다. 2. 피심인의 노력 투입 후 위임인의 일방적 해지 등의 사유 발생시 위임인에게 위약금을 부과할 수 있는 조항 가. 약관조항 * 갑 : 위임인(청구인), 을 : 수임인(피심인) 나. 심사의견 : 무효 당해 약관조항은 위임사무가 계속 유지되지는 않으나 피심인이 이미 상당한 노력을 투입한 경우를 대비하여 둔 조항으로서 현실적으로 필요한 조항에 해당한다. 그러나 제4조 제1항에서 정한 성공보수는 위임인이 본 소송으로 얻은 경제적 이익의 3%와 금 50만원 중 다액의 금액인데 반해, 당해 약관조항에서 정한 위약금은 금 500만원이다. 여기서 경제적 이익은 피심인이 제출한 자료에 따르면, 임금차액상당의 손해배상청구가 승소하였을 경우에는 3년 동안의 임금차액인 약 1억원(위임인별로 차이가 있을 수 있음)의 3%인 약 300만원(1억원 × 3%)정도이다. 그렇다면, 피심인이 많은 노력을 투여하여 승소하였을 경우에 받는 이익(약 300만원)보다 승소하지 않고 중간에 당해 약관조항에서 정한 사유로 위임계약이 종결된 경우에 받는 이익(500만원)이 더 많을 수 있다. 즉, 피심인은 당해 약관조항을 통해 부당하게 과다한 위약금을 부과하는 결과가 된다. 또한 통상 당해 약관조항과 같은 사유가 발생하면 위임사무가 성공한 것으로 간주하는 이른바 “성공보수간주 규정”을 두는 것이 보통인데, 위와 같이 별도로 위약금 조항을 두는 것은 법리상 맞지 않는 면이 있다. 더군다나 위 사유 중 “갑(위임인)이 정당한 사유 없이 위임계약을 해지한 경우”는 계약의 양 당사자가 위약금 없이 계약을 언제든지 해지할 수 있다는 위임계약의 상호해지자유의 원칙에 반할 수",,기각,,,"근거 서술에 조항 문구 인용 없음. 내용상 '위임인들이 소송비용을 모두 균등하게 분담하도록 규정'한 조항과 '위임사무가 계속 유지되지는 않으나 피심인이 이미 상당한 노력을 투입한 경우' 위약금을 부과하는 조항이 있으나, 정확한 문구는 인용되지 않음"
법제처 OPEN API/ftc,1095,,권두섭 등 15개 사업자의 위임계약서상 불공정약관조항에 대한 건,https://www.law.go.kr/DRF/lawService.do?OC=test&target=ftc&ID=1095&type=HTML,(문서 전체 — 조항 구분 없음),무효,명시,위험,"제6조,제8조",부당한 비용·세금 전가|선택권 제한·구입 강제|과도한 위약금,"1095 시정권고서 2011약관0143 ~ 2011약관0157 * 갑 : 위임인(청구인), 을 : 수임인(피심인) 나. 심사의견 : 무효 소송비용은 소송의 결과 및 소가 등에 따라 위임인마다 다르게 발생하게 된다. 따라서 당해 사안과 같이 통상공동소송을 위한 소송위임계약서에서는 공동소송인 독립의 원칙*이 적용되기 때문에 당사자별로 소가 및 소송의 결과 등에 따라 소송비용도 별도로 책정하여 부과하는 것이 통상적이다. * 공동소소송인 독립의 원칙 : 공동소송인과 상대방 사이의 청구가 각기 별개 독립의 것이고 단지 편의상 하나의 소송절차에 의하는 것이 바람직하여 병합된 통상공동소송의 경우에는 각 공동소송인은 다른 공동소송인에 의한 제한이나 간섭을 받지 않고 각자 독립하여 소송수행권을 가진다는 원칙 그런데, 해당 약관조항은 특별한 사유 없이 위임인들이 소송비용을 모두 균등하게 분담하도록 규정함으로써 오히려 위임인들 간의 형평에 반하는 결과가 된다. 이는 피심인의 편의를 위하여 일부 위임인(다른 위임인에 비해 소가가 적은 위임인 등)으로 하여금 자신이 부담하지 않아도 되는 비용을 부담하도록 하는 조항으로서 위임인에게 부당하게 불리하다. 그러므로 소송비용을 소가 및 소송결과와 상관없이 위임인간에 소송비용을 균등하게 분담하도록 한 당해 약관조항은 고객에게 부당하게 불리한 약관조항으로서 약관법 제6조 제2항 제1호에 해당하여 무효이다. 2. 피심인의 노력 투입 후 위임인의 일방적 해지 등의 사유 발생시 위임인에게 위약금을 부과할 수 있는 조항 가. 약관조항 * 갑 : 위임인(청구인), 을 : 수임인(피심인) 나. 심사의견 : 무효 당해 약관조항은 위임사무가 계속 유지되지는 않으나 피심인이 이미 상당한 노력을 투입한 경우를 대비하여 둔 조항으로서 현실적으로 필요한 조항에 해당한다. 그러나 제4조 제1항에서 정한 성공보수는 위임인이 본 소송으로 얻은 경제적 이익의 3%와 금 50만원 중 다액의 금액인데 반해, 당해 약관조항에서 정한 위약금은 금 500만원이다. 여기서 경제적 이익은 피심인이 제출한 자료에 따르면, 임금차액상당의 손해배상청구가 승소하였을 경우에는 3년 동안의 임금차액인 약 1억원(위임인별로 차이가 있을 수 있음)의 3%인 약 300만원(1억원 × 3%)정도이다. 그렇다면, 피심인이 많은 노력을 투여하여 승소하였을 경우에 받는 이익(약 300만원)보다 승소하지 않고 중간에 당해 약관조항에서 정한 사유로 위임계약이 종결된 경우에 받는 이익(500만원)이 더 많을 수 있다. 즉, 피심인은 당해 약관조항을 통해 부당하게 과다한 위약금을 부과하는 결과가 된다. 또한 통상 당해 약관조항과 같은 사유가 발생하면 위임사무가 성공한 것으로 간주하는 이른바 “성공보수간주 규정”을 두는 것이 보통인데, 위와 같이 별도로 위약금 조항을 두는 것은 법리상 맞지 않는 면이 있다. 더군다나 위 사유 중 “갑(위임인)이 정당한 사유 없이 위임계약을 해지한 경우”는 계약의 양 당사자가 위약금 없이 계약을 언제든지 해지할 수 있다는 위임계약의 상호해지자유의 원칙에 반할 수",,기각,,,"근거 서술에 조항 문구 인용 없음. 내용상 '위임인들이 소송비용을 모두 균등하게 분담하도록 규정'한 조항과 '피심인이 노력 투입 후 위임인의 일방적 해지 등의 사유 발생시 위약금을 부과'하는 조항이 언급되나, 따옴표나 「」로 명시된 원문 인용이 없음"
법제처 OPEN API/ftc,1099,,권두섭 등 15개 사업자의 위임계약서상 불공정약관조항에 대한 건,https://www.law.go.kr/DRF/lawService.do?OC=test&target=ftc&ID=1099&type=HTML,(문서 전체 — 조항 구분 없음),무효,명시,위험,"제6조,제8조",부당한 비용·세금 전가|선택권 제한·구입 강제|과도한 위약금,"1099 시정권고서 2011약관0143 ~ 2011약관0157 * 갑 : 위임인(청구인), 을 : 수임인(피심인) 나. 심사의견 : 무효 소송비용은 소송의 결과 및 소가 등에 따라 위임인마다 다르게 발생하게 된다. 따라서 당해 사안과 같이 통상공동소송을 위한 소송위임계약서에서는 공동소송인 독립의 원칙*이 적용되기 때문에 당사자별로 소가 및 소송의 결과 등에 따라 소송비용도 별도로 책정하여 부과하는 것이 통상적이다. * 공동소소송인 독립의 원칙 : 공동소송인과 상대방 사이의 청구가 각기 별개 독립의 것이고 단지 편의상 하나의 소송절차에 의하는 것이 바람직하여 병합된 통상공동소송의 경우에는 각 공동소송인은 다른 공동소송인에 의한 제한이나 간섭을 받지 않고 각자 독립하여 소송수행권을 가진다는 원칙 그런데, 해당 약관조항은 특별한 사유 없이 위임인들이 소송비용을 모두 균등하게 분담하도록 규정함으로써 오히려 위임인들 간의 형평에 반하는 결과가 된다. 이는 피심인의 편의를 위하여 일부 위임인(다른 위임인에 비해 소가가 적은 위임인 등)으로 하여금 자신이 부담하지 않아도 되는 비용을 부담하도록 하는 조항으로서 위임인에게 부당하게 불리하다. 그러므로 소송비용을 소가 및 소송결과와 상관없이 위임인간에 소송비용을 균등하게 분담하도록 한 당해 약관조항은 고객에게 부당하게 불리한 약관조항으로서 약관법 제6조 제2항 제1호에 해당하여 무효이다. 2. 피심인의 노력 투입 후 위임인의 일방적 해지 등의 사유 발생시 위임인에게 위약금을 부과할 수 있는 조항 가. 약관조항 * 갑 : 위임인(청구인), 을 : 수임인(피심인) 나. 심사의견 : 무효 당해 약관조항은 위임사무가 계속 유지되지는 않으나 피심인이 이미 상당한 노력을 투입한 경우를 대비하여 둔 조항으로서 현실적으로 필요한 조항에 해당한다. 그러나 제4조 제1항에서 정한 성공보수는 위임인이 본 소송으로 얻은 경제적 이익의 3%와 금 50만원 중 다액의 금액인데 반해, 당해 약관조항에서 정한 위약금은 금 500만원이다. 여기서 경제적 이익은 피심인이 제출한 자료에 따르면, 임금차액상당의 손해배상청구가 승소하였을 경우에는 3년 동안의 임금차액인 약 1억원(위임인별로 차이가 있을 수 있음)의 3%인 약 300만원(1억원 × 3%)정도이다. 그렇다면, 피심인이 많은 노력을 투여하여 승소하였을 경우에 받는 이익(약 300만원)보다 승소하지 않고 중간에 당해 약관조항에서 정한 사유로 위임계약이 종결된 경우에 받는 이익(500만원)이 더 많을 수 있다. 즉, 피심인은 당해 약관조항을 통해 부당하게 과다한 위약금을 부과하는 결과가 된다. 또한 통상 당해 약관조항과 같은 사유가 발생하면 위임사무가 성공한 것으로 간주하는 이른바 “성공보수간주 규정”을 두는 것이 보통인데, 위와 같이 별도로 위약금 조항을 두는 것은 법리상 맞지 않는 면이 있다. 더군다나 위 사유 중 “갑(위임인)이 정당한 사유 없이 위임계약을 해지한 경우”는 계약의 양 당사자가 위약금 없이 계약을 언제든지 해지할 수 있다는 위임계약의 상호해지자유의 원칙에 반할 수",,기각,,,"근거 서술에 조항 문구 인용 없음. 내용상 '위임인들이 소송비용을 모두 균등하게 분담하도록 규정'한 조항과 '피심인의 노력 투입 후 위임인의 일방적 해지 등의 사유 발생시 위약금을 부과할 수 있는 조항'이 있으나, 원문 인용이 없어 정확한 문구를 특정할 수 없음"
법제처 OPEN API/ftc,1085,,권두섭 등 15개 사업자의 위임계약서상 불공정약관조항에 대한 건,https://www.law.go.kr/DRF/lawService.do?OC=test&target=ftc&ID=1085&type=HTML,(문서 전체 — 조항 구분 없음),무효,명시,위험,"제6조,제8조",부당한 비용·세금 전가|선택권 제한·구입 강제|과도한 위약금,"1085 시정권고서 2011약관0143 ~ 2011약관0157 * 갑 : 위임인(청구인), 을 : 수임인(피심인) 나. 심사의견 : 무효 소송비용은 소송의 결과 및 소가 등에 따라 위임인마다 다르게 발생하게 된다. 따라서 당해 사안과 같이 통상공동소송을 위한 소송위임계약서에서는 공동소송인 독립의 원칙*이 적용되기 때문에 당사자별로 소가 및 소송의 결과 등에 따라 소송비용도 별도로 책정하여 부과하는 것이 통상적이다. * 공동소소송인 독립의 원칙 : 공동소송인과 상대방 사이의 청구가 각기 별개 독립의 것이고 단지 편의상 하나의 소송절차에 의하는 것이 바람직하여 병합된 통상공동소송의 경우에는 각 공동소송인은 다른 공동소송인에 의한 제한이나 간섭을 받지 않고 각자 독립하여 소송수행권을 가진다는 원칙 그런데, 해당 약관조항은 특별한 사유 없이 위임인들이 소송비용을 모두 균등하게 분담하도록 규정함으로써 오히려 위임인들 간의 형평에 반하는 결과가 된다. 이는 피심인의 편의를 위하여 일부 위임인(다른 위임인에 비해 소가가 적은 위임인 등)으로 하여금 자신이 부담하지 않아도 되는 비용을 부담하도록 하는 조항으로서 위임인에게 부당하게 불리하다. 그러므로 소송비용을 소가 및 소송결과와 상관없이 위임인간에 소송비용을 균등하게 분담하도록 한 당해 약관조항은 고객에게 부당하게 불리한 약관조항으로서 약관법 제6조 제2항 제1호에 해당하여 무효이다. 2. 피심인의 노력 투입 후 위임인의 일방적 해지 등의 사유 발생시 위임인에게 위약금을 부과할 수 있는 조항 가. 약관조항 * 갑 : 위임인(청구인), 을 : 수임인(피심인) 나. 심사의견 : 무효 당해 약관조항은 위임사무가 계속 유지되지는 않으나 피심인이 이미 상당한 노력을 투입한 경우를 대비하여 둔 조항으로서 현실적으로 필요한 조항에 해당한다. 그러나 제4조 제1항에서 정한 성공보수는 위임인이 본 소송으로 얻은 경제적 이익의 3%와 금 50만원 중 다액의 금액인데 반해, 당해 약관조항에서 정한 위약금은 금 500만원이다. 여기서 경제적 이익은 피심인이 제출한 자료에 따르면, 임금차액상당의 손해배상청구가 승소하였을 경우에는 3년 동안의 임금차액인 약 1억원(위임인별로 차이가 있을 수 있음)의 3%인 약 300만원(1억원 × 3%)정도이다. 그렇다면, 피심인이 많은 노력을 투여하여 승소하였을 경우에 받는 이익(약 300만원)보다 승소하지 않고 중간에 당해 약관조항에서 정한 사유로 위임계약이 종결된 경우에 받는 이익(500만원)이 더 많을 수 있다. 즉, 피심인은 당해 약관조항을 통해 부당하게 과다한 위약금을 부과하는 결과가 된다. 또한 통상 당해 약관조항과 같은 사유가 발생하면 위임사무가 성공한 것으로 간주하는 이른바 “성공보수간주 규정”을 두는 것이 보통인데, 위와 같이 별도로 위약금 조항을 두는 것은 법리상 맞지 않는 면이 있다. 더군다나 위 사유 중 “갑(위임인)이 정당한 사유 없이 위임계약을 해지한 경우”는 계약의 양 당사자가 위약금 없이 계약을 언제든지 해지할 수 있다는 위임계약의 상호해지자유의 원칙에 반할 수",,기각,,,"근거 서술에 조항 문구 인용 없음. 위약금 부과 조항의 구체적 문구가 인용되지 않았으며, 내용만 설명되어 있음"
법제처 OPEN API/ftc,1103,,권두섭 등 15개 사업자의 위임계약서상 불공정약관조항에 대한 건,https://www.law.go.kr/DRF/lawService.do?OC=test&target=ftc&ID=1103&type=HTML,(문서 전체 — 조항 구분 없음),무효,명시,위험,"제6조,제8조",부당한 비용·세금 전가|선택권 제한·구입 강제|과도한 위약금,"1103 시정권고서 2011약관0143 ~ 2011약관0157 * 갑 : 위임인(청구인), 을 : 수임인(피심인) 나. 심사의견 : 무효 소송비용은 소송의 결과 및 소가 등에 따라 위임인마다 다르게 발생하게 된다. 따라서 당해 사안과 같이 통상공동소송을 위한 소송위임계약서에서는 공동소송인 독립의 원칙*이 적용되기 때문에 당사자별로 소가 및 소송의 결과 등에 따라 소송비용도 별도로 책정하여 부과하는 것이 통상적이다. * 공동소소송인 독립의 원칙 : 공동소송인과 상대방 사이의 청구가 각기 별개 독립의 것이고 단지 편의상 하나의 소송절차에 의하는 것이 바람직하여 병합된 통상공동소송의 경우에는 각 공동소송인은 다른 공동소송인에 의한 제한이나 간섭을 받지 않고 각자 독립하여 소송수행권을 가진다는 원칙 그런데, 해당 약관조항은 특별한 사유 없이 위임인들이 소송비용을 모두 균등하게 분담하도록 규정함으로써 오히려 위임인들 간의 형평에 반하는 결과가 된다. 이는 피심인의 편의를 위하여 일부 위임인(다른 위임인에 비해 소가가 적은 위임인 등)으로 하여금 자신이 부담하지 않아도 되는 비용을 부담하도록 하는 조항으로서 위임인에게 부당하게 불리하다. 그러므로 소송비용을 소가 및 소송결과와 상관없이 위임인간에 소송비용을 균등하게 분담하도록 한 당해 약관조항은 고객에게 부당하게 불리한 약관조항으로서 약관법 제6조 제2항 제1호에 해당하여 무효이다. 2. 피심인의 노력 투입 후 위임인의 일방적 해지 등의 사유 발생시 위임인에게 위약금을 부과할 수 있는 조항 가. 약관조항 * 갑 : 위임인(청구인), 을 : 수임인(피심인) 나. 심사의견 : 무효 당해 약관조항은 위임사무가 계속 유지되지는 않으나 피심인이 이미 상당한 노력을 투입한 경우를 대비하여 둔 조항으로서 현실적으로 필요한 조항에 해당한다. 그러나 제4조 제1항에서 정한 성공보수는 위임인이 본 소송으로 얻은 경제적 이익의 3%와 금 50만원 중 다액의 금액인데 반해, 당해 약관조항에서 정한 위약금은 금 500만원이다. 여기서 경제적 이익은 피심인이 제출한 자료에 따르면, 임금차액상당의 손해배상청구가 승소하였을 경우에는 3년 동안의 임금차액인 약 1억원(위임인별로 차이가 있을 수 있음)의 3%인 약 300만원(1억원 × 3%)정도이다. 그렇다면, 피심인이 많은 노력을 투여하여 승소하였을 경우에 받는 이익(약 300만원)보다 승소하지 않고 중간에 당해 약관조항에서 정한 사유로 위임계약이 종결된 경우에 받는 이익(500만원)이 더 많을 수 있다. 즉, 피심인은 당해 약관조항을 통해 부당하게 과다한 위약금을 부과하는 결과가 된다. 또한 통상 당해 약관조항과 같은 사유가 발생하면 위임사무가 성공한 것으로 간주하는 이른바 “성공보수간주 규정”을 두는 것이 보통인데, 위와 같이 별도로 위약금 조항을 두는 것은 법리상 맞지 않는 면이 있다. 더군다나 위 사유 중 “갑(위임인)이 정당한 사유 없이 위임계약을 해지한 경우”는 계약의 양 당사자가 위약금 없이 계약을 언제든지 해지할 수 있다는 위임계약의 상호해지자유의 원칙에 반할 수",,기각,,,"근거 서술에 조항 문구 인용 없음. 위약금 부과 조항의 구체적 문구가 인용되지 않았으며, 내용만 설명되어 있음"
법제처 OPEN API/ftc,1093,,권두섭 등 15개 사업자의 위임계약서상 불공정약관조항에 대한 건,https://www.law.go.kr/DRF/lawService.do?OC=test&target=ftc&ID=1093&type=HTML,(문서 전체 — 조항 구분 없음),무효,명시,위험,"제6조,제8조",부당한 비용·세금 전가|선택권 제한·구입 강제|과도한 위약금,"1093 시정권고서 2011약관0143 ~ 2011약관0157 * 갑 : 위임인(청구인), 을 : 수임인(피심인) 나. 심사의견 : 무효 소송비용은 소송의 결과 및 소가 등에 따라 위임인마다 다르게 발생하게 된다. 따라서 당해 사안과 같이 통상공동소송을 위한 소송위임계약서에서는 공동소송인 독립의 원칙*이 적용되기 때문에 당사자별로 소가 및 소송의 결과 등에 따라 소송비용도 별도로 책정하여 부과하는 것이 통상적이다. * 공동소소송인 독립의 원칙 : 공동소송인과 상대방 사이의 청구가 각기 별개 독립의 것이고 단지 편의상 하나의 소송절차에 의하는 것이 바람직하여 병합된 통상공동소송의 경우에는 각 공동소송인은 다른 공동소송인에 의한 제한이나 간섭을 받지 않고 각자 독립하여 소송수행권을 가진다는 원칙 그런데, 해당 약관조항은 특별한 사유 없이 위임인들이 소송비용을 모두 균등하게 분담하도록 규정함으로써 오히려 위임인들 간의 형평에 반하는 결과가 된다. 이는 피심인의 편의를 위하여 일부 위임인(다른 위임인에 비해 소가가 적은 위임인 등)으로 하여금 자신이 부담하지 않아도 되는 비용을 부담하도록 하는 조항으로서 위임인에게 부당하게 불리하다. 그러므로 소송비용을 소가 및 소송결과와 상관없이 위임인간에 소송비용을 균등하게 분담하도록 한 당해 약관조항은 고객에게 부당하게 불리한 약관조항으로서 약관법 제6조 제2항 제1호에 해당하여 무효이다. 2. 피심인의 노력 투입 후 위임인의 일방적 해지 등의 사유 발생시 위임인에게 위약금을 부과할 수 있는 조항 가. 약관조항 * 갑 : 위임인(청구인), 을 : 수임인(피심인) 나. 심사의견 : 무효 당해 약관조항은 위임사무가 계속 유지되지는 않으나 피심인이 이미 상당한 노력을 투입한 경우를 대비하여 둔 조항으로서 현실적으로 필요한 조항에 해당한다. 그러나 제4조 제1항에서 정한 성공보수는 위임인이 본 소송으로 얻은 경제적 이익의 3%와 금 50만원 중 다액의 금액인데 반해, 당해 약관조항에서 정한 위약금은 금 500만원이다. 여기서 경제적 이익은 피심인이 제출한 자료에 따르면, 임금차액상당의 손해배상청구가 승소하였을 경우에는 3년 동안의 임금차액인 약 1억원(위임인별로 차이가 있을 수 있음)의 3%인 약 300만원(1억원 × 3%)정도이다. 그렇다면, 피심인이 많은 노력을 투여하여 승소하였을 경우에 받는 이익(약 300만원)보다 승소하지 않고 중간에 당해 약관조항에서 정한 사유로 위임계약이 종결된 경우에 받는 이익(500만원)이 더 많을 수 있다. 즉, 피심인은 당해 약관조항을 통해 부당하게 과다한 위약금을 부과하는 결과가 된다. 또한 통상 당해 약관조항과 같은 사유가 발생하면 위임사무가 성공한 것으로 간주하는 이른바 “성공보수간주 규정”을 두는 것이 보통인데, 위와 같이 별도로 위약금 조항을 두는 것은 법리상 맞지 않는 면이 있다. 더군다나 위 사유 중 “갑(위임인)이 정당한 사유 없이 위임계약을 해지한 경우”는 계약의 양 당사자가 위약금 없이 계약을 언제든지 해지할 수 있다는 위임계약의 상호해지자유의 원칙에 반할 수",,기각,,,"근거 서술에 조항 문구 인용 없음. 내용상 '위임인들이 소송비용을 모두 균등하게 분담하도록 규정'한 조항과 '피심인의 노력 투입 후 위임인의 일방적 해지 등의 사유 발생시 위약금을 부과할 수 있는 조항'이 있으나, 정확한 문구는 인용되지 않음"
법제처 OPEN API/ftc,1097,,권두섭 등 15개 사업자의 위임계약서상 불공정약관조항에 대한 건,https://www.law.go.kr/DRF/lawService.do?OC=test&target=ftc&ID=1097&type=HTML,(문서 전체 — 조항 구분 없음),무효,명시,위험,"제6조,제8조",부당한 비용·세금 전가|선택권 제한·구입 강제|과도한 위약금,"1097 시정권고서 2011약관0143 ~ 2011약관0157 * 갑 : 위임인(청구인), 을 : 수임인(피심인) 나. 심사의견 : 무효 소송비용은 소송의 결과 및 소가 등에 따라 위임인마다 다르게 발생하게 된다. 따라서 당해 사안과 같이 통상공동소송을 위한 소송위임계약서에서는 공동소송인 독립의 원칙*이 적용되기 때문에 당사자별로 소가 및 소송의 결과 등에 따라 소송비용도 별도로 책정하여 부과하는 것이 통상적이다. * 공동소소송인 독립의 원칙 : 공동소송인과 상대방 사이의 청구가 각기 별개 독립의 것이고 단지 편의상 하나의 소송절차에 의하는 것이 바람직하여 병합된 통상공동소송의 경우에는 각 공동소송인은 다른 공동소송인에 의한 제한이나 간섭을 받지 않고 각자 독립하여 소송수행권을 가진다는 원칙 그런데, 해당 약관조항은 특별한 사유 없이 위임인들이 소송비용을 모두 균등하게 분담하도록 규정함으로써 오히려 위임인들 간의 형평에 반하는 결과가 된다. 이는 피심인의 편의를 위하여 일부 위임인(다른 위임인에 비해 소가가 적은 위임인 등)으로 하여금 자신이 부담하지 않아도 되는 비용을 부담하도록 하는 조항으로서 위임인에게 부당하게 불리하다. 그러므로 소송비용을 소가 및 소송결과와 상관없이 위임인간에 소송비용을 균등하게 분담하도록 한 당해 약관조항은 고객에게 부당하게 불리한 약관조항으로서 약관법 제6조 제2항 제1호에 해당하여 무효이다. 2. 피심인의 노력 투입 후 위임인의 일방적 해지 등의 사유 발생시 위임인에게 위약금을 부과할 수 있는 조항 가. 약관조항 * 갑 : 위임인(청구인), 을 : 수임인(피심인) 나. 심사의견 : 무효 당해 약관조항은 위임사무가 계속 유지되지는 않으나 피심인이 이미 상당한 노력을 투입한 경우를 대비하여 둔 조항으로서 현실적으로 필요한 조항에 해당한다. 그러나 제4조 제1항에서 정한 성공보수는 위임인이 본 소송으로 얻은 경제적 이익의 3%와 금 50만원 중 다액의 금액인데 반해, 당해 약관조항에서 정한 위약금은 금 500만원이다. 여기서 경제적 이익은 피심인이 제출한 자료에 따르면, 임금차액상당의 손해배상청구가 승소하였을 경우에는 3년 동안의 임금차액인 약 1억원(위임인별로 차이가 있을 수 있음)의 3%인 약 300만원(1억원 × 3%)정도이다. 그렇다면, 피심인이 많은 노력을 투여하여 승소하였을 경우에 받는 이익(약 300만원)보다 승소하지 않고 중간에 당해 약관조항에서 정한 사유로 위임계약이 종결된 경우에 받는 이익(500만원)이 더 많을 수 있다. 즉, 피심인은 당해 약관조항을 통해 부당하게 과다한 위약금을 부과하는 결과가 된다. 또한 통상 당해 약관조항과 같은 사유가 발생하면 위임사무가 성공한 것으로 간주하는 이른바 “성공보수간주 규정”을 두는 것이 보통인데, 위와 같이 별도로 위약금 조항을 두는 것은 법리상 맞지 않는 면이 있다. 더군다나 위 사유 중 “갑(위임인)이 정당한 사유 없이 위임계약을 해지한 경우”는 계약의 양 당사자가 위약금 없이 계약을 언제든지 해지할 수 있다는 위임계약의 상호해지자유의 원칙에 반할 수",,기각,,,"근거 서술에 조항 문구 인용 없음. 내용상 '소송비용을 균등하게 분담', '위약금 500만원' 등이 언급되나 따옴표나 「」 없이 설명만 되어 있음"
법제처 OPEN API/ftc,12819,,금보개발(주)의 남부컨트리 클럽회칙상 불공정 약관조항에 대한 건,https://www.law.go.kr/DRF/lawService.do?OC=test&target=ftc&ID=12819&type=HTML,평일회원권의 양도ㆍ양수금지조항,무효,조문인용 추론,위험,제11조,권리행사 제한,"2. 평일회원권의 양도ㆍ양수금지조항 가. 검토의견 : 무효 □ 골프장 회원과 체육시설업자와의 계약은 회원가입 계약에 의한 회원지위를 취득하여 체육시설을 우선 이용하기 위한 채권적 법률관계로서『민법』제449조 제1항은 채권이 그 성질상 양도를 허용하지 아니하는 경우를 제외하고 채권은 양도할 수 있도록 규정하고 있음 ㅇ 예탁금 회원제로 운영되는 골프장의 회원권자는 재산적 가치를 지닌 회원권을 자유로이 제3자에게 양도할 수 있다고 할 것이며 [대법원 2000.3.10. 선고 99다70884 판결(약정금) 및 대법원 1989.11.10. 선고 88다카19606 판결(전부금)/ (사)한국골프장경영협회의 주중회원권 양수ㆍ도 현황 참조] ㅇ 정회원(주말회원)이 가지는 체육시설 우선이용권 및 재산권으로서의 채권적 권리를 평일회원(주중회원)에게만 달리할 특별한 사유가 없음에도 평일회원에 한해서만 회원권의 양도ㆍ양수 그 자체를 금지하도록 변경함으로써 기존 평일회원의 제3자와의 계약체결을 부당하게 제한하는 것임 □ 체육시설법 제18조 및 같은법 시행령 제17조 제2호 다목과 제19조 제1호에 의하면 골프장 회원권의 양도ㆍ양수에 관하여 체육시설업자는『회원의 자격을 제한하려는 경우에는 구체적인 자격제한 기준을 미리 약관에 명시』하여야 하고, ㅇ『회원이 그 자격을 다른 사람에게 양도하려는 경우에는 양수하려는 자가 약관에 정한 회원의 자격제한 기준에 해당하는 경우 외에는 이를 제한하여서는 아니 된다』고 규정하여 체육시설업자에게는 회원의 권익을 보호할 의무가 있음 ㅇ 체육시설업자는 골프장 클럽회칙이 정한 절차에 따라 입회승인을 받아 회원의 지위를 취득한 자(양수자)에 대하여 체육시설법령에 따라 미리 약관에 명시하지 아니한 회원자격요건을 내세워 입회승인을 거부할 수 없다고 할 것이고 [대법원 2000.3.10. 선고 99다70884 판결(약정금) 및 대법원 1997.3.11. 선고 96다41595 판결 (회원자격확인) 참조] ㅇ 예탁금 회원제 골프장 평일회원권의 양도ㆍ양수는 회원의 재산권 행사로써 양수인에게 회원의 자격제한기준상 결격사유가 없는 한 체육시설업자는 회원권의 양도ㆍ양수를 승인하여야 할 의무가 있음 - 그럼에도 평일회원권을 골프장 클럽회칙이 정하는 회원의 자격제한 기준과 상관없이 회원권의 양도ㆍ양수 그 자체를 금지함으로써 회원의 재산적 권리행사를 자의적으로 제한한다고 할 것임 □ 따라서 상기 약관조항은 고객이 제3자와 계약을 체결하는 것을 부당하게 제한하는 조항으로 약관법 제11조 제3호에 해당 ",,기각,,,근거 서술에 조항 문구 인용 없음. 평일회원권의 양도·양수 금지 내용이 설명되어 있으나 약관의 정확한 문구가 인용되지 않음
법제처 OPEN API/ftc,12819,,금보개발(주)의 남부컨트리 클럽회칙상 불공정 약관조항에 대한 건,https://www.law.go.kr/DRF/lawService.do?OC=test&target=ftc&ID=12819&type=HTML,회원탈회시 연회비 미반환조항,무효,조문인용 추론,위험,제9조,일방적 계약 해지|권리행사 제한|보증금 반환 지연,"3. 회원탈회시 연회비 미반환조항 가. 검토의견 : 무효 □ 일반적으로 회원제 골프장의 경우 일반회원은 보증금 성격의 입회금을 예치함으로서 골프장 시설의 우선 이용권을 부여받고, 연회원은 소멸성 경비인 연회비만 납부하고 회원자격 존속기간 동안 시설이용권을 부여 받는 것이 골프장의 거래관행임 ㅇ 체육시설업자가 예탁금 회원제 골프장의 특성을 감안하지 않고 클럽회칙을 일방적으로 변경하여 입회금 이외에 소멸성 비용인 연회비를 별도 부담하도록 하는 것은 기존 평일회원의 권리변동과 연회비의 법적성격 등에 논란이 있을 수 있고 ㅇ 비록 기존 평일회원에게 연회비 부과가 가능하다 하더라도 클럽회칙에 따라 합리적인 범위내에서 부과하여야 할 것이고, 또한 평일회원에게만 별도 연회비를 부담하도록 규정한 것은 일반 정회원과의 형평성에 반할 수 있음 [대법원 1996.2.27. 선고 95다35098 판결 (제명무효확인) 참조] □ 위 내용을 별론으로 하더라도, 골프장 시설이용 회원계약과 같이 계속적 거래에 의한 채권관계가 종료될 때에는 계약당사자는 상호정산과 원상회복의무가 있으며, 채권이 그 성질상 양도를 허용하지 아니하는 경우를 제외하고 채권의 양도는 가능하다 할 것임 ㅇ 그럼에도 회원 탈회시 골프장 시설이용대가로 받는 연회비의 양도ㆍ양수를 제한하거나 반환하지 않는 것은 부당함 ㅇ 체육시설업자는 연회비가 양도ㆍ양수되더라도 양도자와는 연회비를 합리적으로 정산하고 양수인에게 연회비를 부과하면 손해가 없음에도 특별한 이유없이 연회비의 양도ㆍ양수를 제한하는 것은 부당함 ㅇ 평일회원의 탈회, 제명, 사망 및 법인이 해산될 경우에도 회원의 귀책사유를 불문하고 연회비를 반환하지 않는 것은 부당하므로 회원의 골프장 시설 미사용 잔여기간에 대해서는 정산하여야 할 것임 □ 따라서 위 약관조항은 사업자가 계약의 해제ㆍ해지로 인한 사업자의 원상회복의무나 손해배상의무를 부당하게 경감하는 조항으로 약관법 제9조 제4호에 해당 ",,기각,,,근거 서술에 조항 문구 인용 없음. 연회비 미반환 관련 내용이 설명되어 있으나 따옴표나 「」로 명시된 원문 조항이 없음
법제처 OPEN API/ftc,12819,,금보개발(주)의 남부컨트리 클럽회칙상 불공정 약관조항에 대한 건,https://www.law.go.kr/DRF/lawService.do?OC=test&target=ftc&ID=12819&type=HTML,회원 탈회시 입회금의 반환시기조항,무효,조문인용 추론,위험,제9조,일방적 계약 해지|권리행사 제한|보증금 반환 지연,"4. 회원 탈회시 입회금의 반환시기조항 가. 검토의견 : 무효 □ 골프장 시설이용 회원계약과 같이 계속적 계약관계가 종료될 때에는 쌍방당사자는 회원의 탈회와 동시에 입회금의 반환을 상호 교환적으로 청산할 의무가 있으므로 이는 동시이행관계에 있다고 할 것임 ㅇ 체육시설법 제19조 제2호에 의하면 회원의 탈회 또는 탈퇴자에 대한 입회금의 반환시기 등에 관하여는 체육시설업자와 회원간의 약정에 따라 정할 수 있다고 하더라도 ㅇ 회원가입 후 회원권익에 관한 약정이 변경된 경우 기존 회원은 탈회할 수 있으며, 탈퇴자가 입회금의 반환을 요구하는 경우에는 지체없이 이를 반환하도록 규정하고 있으므로 - 위와 같은 사유로 기존 회원이 탈회하면서 입회금 반환을 요구할 경우 지체없이 반환하여야 함에도 탈회 1개월전 회사에 서면통보한 후 탈회서류 접수일로부터 30일 이내에 반환하는 것은 체육시설업자가 입회금의 반환시기(원상회복의무의 이행기)를 지연할 우려가 있으므로 부당하다 할 것임 ㅇ 체육시설법 시행령 제19조 제3호에 의하면 회원자격의 존속기한을 정한 연회원의 경우에도 회원자격기간 종료 후 입회금 반환 요구시 그 요구한 날로부터 10일 이내 반환하도록 규정한 점을 고려할 때 - 회원이 1개월 전에 탈회 의사표시를 한 후 탈회 접수일로부터 30일 이내 반환하는 것은 회원자격기간(1년)에 비해 입회금 반환의 유예기간이 장기라고 봄이 상당함 □ 따라서 상기 약관조항은 사업자가 계약의 해제ㆍ해지로 인한 사업자의 원상회복의무나 손해배상의무를 부당하게 경감하는 조항으로 약관법 제9조 제4호에 해당 ",,기각,탈회 1개월전 회사에 서면통보한 후 탈회서류 접수일로부터 30일 이내에 반환,보통,"판단 근거 서술에서 문제 조항의 내용이 설명되어 있으며, 인용 표시는 없으나 조항 문구로 보이는 부분을 그대로 옮김"
법제처 OPEN API/ftc,12819,,금보개발(주)의 남부컨트리 클럽회칙상 불공정 약관조항에 대한 건,https://www.law.go.kr/DRF/lawService.do?OC=test&target=ftc&ID=12819&type=HTML,평일회원 자격기간(연장)조항,무효,조문인용 추론,위험,제6조,부당한 비용·세금 전가|선택권 제한·구입 강제|과도한 위약금,"5. 평일회원 자격기간(연장)조항 가. 검토의견 : 무효 □ 골프장 회원의 자격제한은 체육시설법령에 의하여 회원 가입시 구체적으로 미리 약관에 정한 회원의 자격제한 기준에 따라 회원으로서의 결격사유가 없거나 회원이 탈회에 대한 의사표시가 없다면 회원의 자격은 계속하여 유지된다고 할 것임 [서울고법 2008.8.21. 선고 2007나120328 판결 (회원지위확인청구) 참조] ㅇ 골프장 회원계약에 의한 자격취득, 유지, 종료는 계약의 중요한 내용이므로 체육시설업자가 평일회원의 자격연장기준에 대해 구체적으로 미리 약관에 규정함이 없이 임의적인 판단으로 회원자격을 종료한다면 기존 평일회원의 계속적인 체육시설 이용권리를 박탈할 우려가 있으므로 부당함 □ 체육시설업자가 위 법령과 골프장 클럽회칙에 근거하여 회원의 종류에 따라 입회금, 자격기간 등 회원의 자격조건을 다양하게 규정하여 회원 가입계약을 체결할 수 있겠으나 ㅇ 체육시설업자가 위 수정약관의 신규 모집회원에 대한 적용 여부는 별론으로 하더라도 기존의 평일회원 자격기간을 1년으로 일방적으로 변경ㆍ제한함으로써 통상 자격기간이 1년인 연회원과 별차이가 없어 회원제 골프장 평일회원의 일반적인 거래관행(통상 3년)에도 반할 뿐만 아니라 약관의 일방적 변경금지의 원칙에도 반한다고 할 것임 ㅇ 또한 위 약관 단서조항도 회원 가입계약시 이미 약정한 입회금 및 제반비용에 대하여 별도 부과할 근거나 합리적인 기준도 없이 회사의 사정에 따라 언제든지 당초 약정금액과의 차액을 부과할 수 있도록 규정한 것으로 상당한 이유없이 급부의 내용을 사업자가 일방적으로 결정하거나 변경할 수 있도록 한 것임 □ 따라서 위 약관조항은 고객에 대하여 부당하게 불리한 조항이거나 상당한 이유없이 급부의 내용을 사업자가 일방적으로 결정하거나 변경할 수 있도록 권한을 부여하는 조항으로 약관법 제6조 제2항 제1호 및 제10조 제1호에 해당 ",,기각,,,근거 서술에 조항 문구 인용 없음. 평일회원 자격기간을 1년으로 변경·제한하는 내용과 차액 부과에 관한 단서조항의 존재만 설명되어 있음
법제처 OPEN API/ftc,12819,,금보개발(주)의 남부컨트리 클럽회칙상 불공정 약관조항에 대한 건,https://www.law.go.kr/DRF/lawService.do?OC=test&target=ftc&ID=12819&type=HTML,평일회원의 자격기간 및 연회비 부과조항,무효,조문인용 추론,위험,제6조,부당한 비용·세금 전가|선택권 제한·구입 강제|과도한 위약금,"6. 평일회원의 자격기간 및 연회비 부과조항 가. 검토의견 : 무효 □ 골프장 회원가입 계약와 더불어 회원의 권리변동도 당사자간 계약의 권리ㆍ의무관계에 중대한 영향을 미치는 사항이므로 정당한 이유없이 일방적으로 급부를 불리하게 변경하는 것은 부당함 ㅇ 일반적으로 예탁금 회원제 골프장은 체육시설법령에 따라 체육시설업자가 골프장 시설 신축을 위한 투자범위 내에서 회원을 모집하고 회원은 회원가입계약에 따라 보증금 성격인 입회금을 예치하고 체육시설 우선이용권을 부여받는 것임 - 일반적으로 평일회원은 입회금을 3년 거치한 후 퇴회시 입회금을 반환받을 수 있고 입회기간을 3년으로 규정하고, 연회원은 입회자격기간을 1년을 정하고 소멸성 비용인 연회비를 납부하고 시설을 이용하는 것이 골프장의 거래관행이라 할 것임 [다른 골프장 평일(주중)회원 회칙 참조] ㅇ 체육시설업자는 위 법령과 골프장 클럽회칙에 근거하여 회원의 종류에 따라 입회금, 자격기간 등 회원의 자격조건을 다양하게 규정하여 회원 가입계약을 체결할 수 있겠으나 - 위 골프장 클럽회칙은 일반골프장과 달리 연회원의 회원종류 및 자격에 대한 별도의 규정이 없을 뿐만 아니라 평일회원의 자격기간, 입회금 예치기간, 연회비 부과 규정을 일방적으로 변경ㆍ신설함으로써 연회원과 혼동할 수 있도록 변경하였음 - 만약 체육시설업자가 평일회원에게 별도 연회비 부과 등이 언제든지 가능해진다면 대부분의 회원제 골프장도 클럽회칙을 일방적으로 변경하여 적용할 가능성을 배제할 수 없음 ㅇ 그리고 체육시설업자가 위 수정약관을 신규 모집회원에 대한 적용여부는 별론으로 하더라도, 기존의 평일회원의 자격기간 제한(1년), 입회금 거치기간(1년), 연회비 및 이용기간에 관한 조항을 정당한 이유없이 일방적으로 변경ㆍ시행함으로써 기존의 평일회원에게 제공할 급부를 일방적으로 불리하게 변경한 것이므로 부당함 - 약관의 일방적 변경금지의 원칙에 따라 약관의 변경은 양당사자가 계약체결과 동일한 방법으로 약관변경의 합의를 한 경우에만 유효할 것이며, 약관의 변경시에는 고객이 그에 대해 동의를 거부하고 종전의 약관의 존속이나 계약해지를 선택할 수 있는 권리가 고객에게 부여되여야 할 것임 □ 따라서 위 약관조항은 기존의 평일회원에게는 정당한 이유없이 일방적으로 급부를 지나치게 불리하게 변경한 것으로 신의성실의 원칙에 반하여 공정을 잃은 조항이거나 고객에게 부당하게 불리한 조항으로 약관법 제6조 제1항 및 제6조 제2항 제1호에 해당 ]]> 가. 검토의견 : 무효 □ 골프장 시설이용관계와 같이 계속적 거래관계에서는 계약의 목적을 달성할 수 없을 정도의 이행불능사유가 아니라면 비록 회원의 책임있는 사유로 계약을 종료한다고 하더라도 상당한 기간을 정하여 최고를 하고 그 기간내에 이행하지 아니한 때 비로소 계약을 종료할 수 있을 것임 ㅇ 회원이 연회비 등 납입의무를 1월 이상 이행하지 아니하여 제명 등 자격을 제한하는 경우라 하더라도 사전에 이행최고를 통한 시정의 기회를 제공하지 아니하고 계속적인 골프장 시설이용관계를 종료하는 것은 부당하다고 할 것임 ",,기각,,,"근거 서술에 조항 문구 인용 없음. 평일회원의 자격기간, 입회금 예치기간, 연회비 부과 규정의 변경 내용이 설명되어 있으나 원문 조항의 정확한 문구가 인용되지 않음"
법제처 OPEN API/ftc,8645,,김귀동법률사무소의 약정서(민사)상 불공정약관조항에 대한 건,https://www.law.go.kr/DRF/lawService.do?OC=test&target=ftc&ID=8645&type=HTML,승소 간주 조항,무효,명시,위험,제6조,부당한 비용·세금 전가|선택권 제한·구입 강제|과도한 위약금,"2. 승소 간주 조항 (1) 약관조항 (2) 심사결과 : 무효 해당 약관조항의 취지는 승소의 가능성이 있는 소송을 위임인이 부당하게 취하하는 등의 방법으로 수임인의 성공보수, 즉 조건부 보수청구권을 침해하는 것을 방지하기 위한 것이다. 이는 위임인의 귀책사유로 인하여 계약이 종료되거나 계약의 목적달성이 불가능해진 경우 등에 위임사무가 성공한 것으로 보아 성공보수를 전부 지급하도록 한 것으로 손해배상액의 예정에 해당한다. 따라서 위임사무가 거의 진행되지 아니한 상태에서 계약이 해제되거나 양 당사자의 책임없는 사유로 위임계약이 종료된 경우 등에는 성공보수액에서 적절한 금액을 감하여 지급하도록 하여야 할 것이다. 그럼에도 해당 약관조항은 위와 같은 사유가 발생하면 수임인의 노력의 정도, 위임사무 처리의 경과, 소송에 미치는 영향 등을 고려하지 아니하고 무조건 성공한 것으로 간주하여 성공보수를 지급하도록 하고 있다. 따라서 해당 약관조항은 고객에 대하여 부당하게 과중한 손해배상의무를 부담시키는 약관조항 또는 고객에 대하여 부당하게 불리한 약관조항에 해당하여 약관법 제6조 제1항, 제2항 제1호 및 제8조에 따라 무효이다. ",,기각,,,근거 서술에 조항 문구 인용 없음. 조항의 취지와 내용만 설명되어 있음
법제처 OPEN API/ftc,8645,,김귀동법률사무소의 약정서(민사)상 불공정약관조항에 대한 건,https://www.law.go.kr/DRF/lawService.do?OC=test&target=ftc&ID=8645&type=HTML,계약의 해제조항,무효,명시,위험,제9조,일방적 계약 해지|권리행사 제한|보증금 반환 지연,3. 계약의 해제조항 (1) 약관조항 (2) 심사결과 : 무효 해당 약관에서 위임인의 계약해제권에 관하여 규정하지 않더라도수임인이 계약에 따른 의무를 이행하지 아니하면 위임인은 민법 등에 따라 계약을 해제할 수 있다. 따라서 수임인의 계약해제권만을 규정하고 위임인의 계약해제권은 규정하지 아니하더라도 그 사유만으로 해당 약관조항이 부당하다고 보기는 어렵다. 그러나 계약의 해제는 거래상대방의 이해에 미치는 영향이 크므로 그 사유는 구체적으로 열거되어야 하고 내용도 타당하여야 한다. 또한 채무불이행을 원인으로 계약을 해제하는 경우에도 채무이행이 불능인 때 등을 제외하고는 상당기간을 정하여 이행을 최고하고 그 기간내에 이행하지 아니한 때에 계약을 해제할 수 있음이 원칙이라 할 것이다. 해당 약관조항은 “이 약정서에 정한 의무를 이행치 않을 때”를 해제사유로 하여 경미한 의무위반을 계약해제사유로 하고 있을 뿐만 아니라 이행을 최고함이 없이 바로 계약을 해제할 수 있도록 하고 있다. 따라서 사업자에게 법률에서 규정하고 있지 아니하는 해제권을 부여하거나 법률의 규정에 의한 해제권의 행사요건을 완화하여 고객에게 부당하게 불이익을 줄 우려가 있는 조항으로 약관법 제9조 제2호에 해당한다. ,,기각,이 약정서에 정한 의무를 이행치 않을 때,높음,따옴표로 명시 인용된 조항 문구를 그대로 옮김
법제처 OPEN API/ftc,8645,,김귀동법률사무소의 약정서(민사)상 불공정약관조항에 대한 건,https://www.law.go.kr/DRF/lawService.do?OC=test&target=ftc&ID=8645&type=HTML,자료임의폐기조항,무효,명시,위험,제6조,부당한 비용·세금 전가|선택권 제한·구입 강제|과도한 위약금,"4. 자료임의폐기조항 (1) 약관조항 (2) 심사결과 : 무효 수임인은 위임사무의 처리로 받은 금전 기타의 물건 및 과실을 위임인에게 인도하여야 하는 점(민법 제684조), 위임계약은 당사자간 신뢰관계를 전제로 하는 점 등을 고려할 때, 위임인이 제공한 서류나 자료의 반환을 요구하는 경우 수임인은 특별한 사정이 없는 한 이를 반환하여야 할 것이다. 즉, 위임인이 서류와 자료를 수임인에게 제공하는 경우 수임인이 이를 이용ㆍ처분하도록 하는 경우 뿐만 아니라 이용 후 반환토록 할 의사로 제공하는 경우도 있으며, 이 경우에는 제공받은 서류와 자료를 반환하여야 할 것이다. 또한 위임계약은 소송의 종결 외의 다른 사유로 종료될 수 있으며, 위임인이 위임계약을 해지한 후 다른 변호사에게 소송을 의뢰하게 될 경우 기존의 관련 서류와 자료를 활용하여야 할 필요가 있다. 해당 약관조항은 위임인이 당해 약정서에서 정한 비용의 지급이나 자료의 제출을 지연하는 등 서류와 자료의 제공과는 무관하거나 경미한 의무를 위반한 경우에도 제공받은 서류와 자료를 임의로 유치할 수 있도록 하고 있다. 또한 위임인의 의사를 묻지 아니하고 위임종료 후 1개월이 경과하면 수임인이 일방적으로 위임인의 서류와 자료를 폐기할 수 있도록 하여 해당 서류와 자료를 활용할 수 없도록 하고 있다. 따라서 해당 약관조항은 고객에 대하여 부당하게 불리한 조항으로서 약관법 제6조 제1항, 제2항 제1호에 따라 무효이다. ",,기각,,,"근거 서술에 조항 문구 인용 없음. 조항 내용이 설명만 되어 있으며, 정확한 문구를 특정할 수 없음"
법제처 OPEN API/ftc,8645,,김귀동법률사무소의 약정서(민사)상 불공정약관조항에 대한 건,https://www.law.go.kr/DRF/lawService.do?OC=test&target=ftc&ID=8645&type=HTML,관할법원 조항,무효,명시,위험,"제6조,제14조",부당한 비용·세금 전가|선택권 제한·구입 강제|과도한 위약금|권리행사 제한,"5. 관할법원 조항 (1) 약관조항 (2) 심사결과 : 무효 해당 약관조항은 민사소송법상의 관할 규정보다 고객에게 불리한 관할법원을 규정한 것이어서 경제적 약자인 고객에게 응소 및 제소의 불편을 초래할 우려가 있다. 따라서 해당 약관조항은 고객에 대하여 부당하게 불리한 재판관할의 합의조항에 해당하여 약관법 제14조에 따라 무효이다. ]]> (2) 심사결과 : 무효 착수금은 위임사무가 종결될 때까지의 사무처리 비용 외에 보수금 일부를 선급금조로 지급하는 것으로 위임계약이 중도에 종료된 경우 위임사무의 처리정도 및 귀책사유에 따라서 반환여부 및 정도를 정할 수 있다. 착수금 수령후 수임인의 귀책사유로 위임사무를 처리할 수 없게 되거나, 위임사무에 착수하지 아니한 경우, 실질적으로 위임사무의 진행정도가 미미한 경우 등에는 착수금의 전부 또는 일부를 반환하여야 할 것이다. 그럼에도 해당 약관조항은 어떠한 사유가 있더라도 착수금의 반환을 청구하지 못하도록 하고 있는 바, 이는 고객에 대하여 부당하게 불리한 약관조항으로 약관법 제6조 제1항, 제2항 제1호에 따라 무효이다. ",,기각,,,근거 서술에 관할법원 조항의 구체적 문구 인용 없음. 내용만 설명되어 있음
법제처 OPEN API/ftc,8645,,김귀동법률사무소의 약정서(민사)상 불공정약관조항에 대한 건,https://www.law.go.kr/DRF/lawService.do?OC=test&target=ftc&ID=8645&type=HTML,관할법원 조항,무효,명시,위험,제14조,권리행사 제한,5. 관할법원 조항 (1) 약관조항 (2) 심사결과 : 무효 해당 약관조항은 민사소송법상의 관할 규정보다 고객에게 불리한 관할법원을 규정한 것이어서 경제적 약자인 고객에게 응소 및 제소의 불편을 초래할 우려가 있다. 따라서 해당 약관조항은 고객에 대하여 부당하게 불리한 재판관할의 합의조항에 해당하여 약관법 제14조에 따라 무효이다. ]]>,,기각,,,근거 서술에 조항 문구 인용 없음
법제처 OPEN API/ftc,9731,,누죤상가개발조합의 점포분양 및 토지사용 계약서상 불공정약관조항에 대한 건,https://www.law.go.kr/DRF/lawService.do?OC=test&target=ftc&ID=9731&type=HTML,(문서 전체 — 조항 구분 없음),무효,조문인용 추론,위험,제11조,권리행사 제한,"9731 시정권고서 2009약관1341 2. 검토의견 : 무효 집합건물의 소유 및 관리에 관한 법률 제23조(관리단의 당연설립 등) 및 제29조(규약의 설정, 변경, 폐지)에 따르면 구분소유자에게 관리단의 구성권을 인정하고 있고, 규약의 설정ㆍ변경ㆍ폐지는 관리단의 집회에서 찬성(구분소유자 및 의결권의 각 3/4 이상)을 얻도록 규정하고 있다. 따라서 상가운영 및 관리업무 등을 수행할 관리회사 지정 및 관리규약의 제정은 구분소유권자인 수분양자로 구성된 관리단을 통하여 결정하여야 할 것이다. 그러나 위 약관조항은 수분양자로 하여금 사업자 또는 사업자가 지정한 관리회사와 상가 관리계약을 체결하도록 하고, 동 관리계약을 체결하지 않은 경우 입주를 제한하고 있으며, 사업자가 정하는 관리규정을 일방적으로 따르도록 규정하고 있다. 그러므로 위 조항은 법률의 규정에 의한 고객의 권리를 상당한 이유 없이 배제 또는 제한하는 조항으로 약관법 제11조 제1호에 해당된다. ]]> 2. 검토의견 : 무효 집합건물의 소유 및 관리에 관한 법률 제23조(관리단의 당연설립 등) 및 제29조(규약의 설정, 변경, 폐지)에 따르면 구분소유자에게 관리단의 구성권을 인정하고 있고, 규약의 설정ㆍ변경ㆍ폐지는 관리단의 집회에서 찬성(구분소유자 및 의결권의 각 3/4 이상)을 얻도록 규정하고 있다. 따라서 상가운영 및 관리업무 등을 수행할 관리회사 지정 및 관리규약의 제정은 구분소유권자인 수분양자로 구성된 관리단을 통하여 결정하여야 할 것이다. 그러나 위 약관조항은 수분양자로 하여금 사업자 또는 사업자가 지정한 관리회사와 상가 관리계약을 체결하도록 하고, 동 관리계약을 체결하지 않은 경우 입주를 제한하고 있으며, 사업자가 정하는 관리규정을 일방적으로 따르도록 규정하고 있다. 그러므로 위 조항은 법률의 규정에 의한 고객의 권리를 상당한 이유 없이 배제 또는 제한하는 조항으로 약관법 제11조 제1호에 해당된다. ]]> 2. 검토의견 : 무효 집합건물의 소유 및 관리에 관한 법률 제23조(관리단의 당연설립 등) 및 제29조(규약의 설정, 변경, 폐지)에 따르면 구분소유자에게 관리단의 구성권을 인정하고 있고, 규약의 설정ㆍ변경ㆍ폐지는 관리단의 집회에서 찬성(구분소유자 및 의결권의 각 3/4 이상)을 얻도록 규정하고 있다. 따라서 상가운영 및 관리업무 등을 수행할 관리회사 지정 및 관리규약의 제정은 구분소유권자인 수분양자로 구성된 관리단을 통하여 결정하여야 할 것이다. 그러나 위 약관조항은 수분양자로 하여금 사업자 또는 사업자가 지정한 관리회사와 상가 관리계약을 체결하도록 하고, 동 관리계약을 체결하지 않은 경우 입주를 제한하고 있으며, 사업자가 정하는 관리규정을 일방적으로 따르도록 규정하고 있다. 그러므로 위 조항은 법률의 규정에 의한 고객의 권리를 상당한 이유 없이 배제 또는 제한하는 조항으로 약관법 제11조 제1호에 해당된다. ]]> 2. 검토의견 : 무효 집합건물의 소유 및 관리에 관한 법률 제23조(관리단의 당연설립 등) 및 제29조(규약의 설정, 변경, 폐지)에 따르면 구분소",,기각,,,"근거 서술에 조항 문구 인용 없음. 조항 내용이 '수분양자로 하여금 사업자 또는 사업자가 지정한 관리회사와 상가 관리계약을 체결하도록 하고, 동 관리계약을 체결하지 않은 경우 입주를 제한하고 있으며, 사업자가 정하는 관리규정을 일방적으로 따르도록 규정'한다고 설명만 되어 있음"
법제처 OPEN API/ftc,1117,,대광건설(주)의'대광파인밸리 임대차계약서’상 불공정약관조항에 대한 건,https://www.law.go.kr/DRF/lawService.do?OC=test&target=ftc&ID=1117&type=HTML,부당한 책임회피 조항,무효,명시,위험,"제7조,제11조",책임 면제|권리행사 제한,"2. 부당한 책임회피 조항 가. 약관조항 나. 심사의견 : 무효 ⑴ 불가항력적 손해에 대한 책임전가 조항 : 무효 ㅇ 천재지변이나 이에 준하는 불가항력적인 사유에 의해 손실이 발생하는 경우에 민법은 위험부담에 관하여 채무자가 그 위험을 부담하도록 하고 있다(제537조). 따라서 이 경우에 임차물을 사용ㆍ수익하게 할 채무는 임대인에게 있으므로 불가항력에 의한 위험은 임대인이 부담하는 것이 타당하다. ㅇ 즉 임차인의 고의ㆍ과실 없이 불가항력이나 제3자에 의해 발생한 화재 등으로 임차목적물이 전소되어 임차물이 사용 불가한 경우 임차인은 계속 임차물의 사용수익을 주장할 수도 없겠지만 임대인도 이에 따른 일체의 손실을 임차인에게 부담케하여 불가항력에 의한 위험을 임차인에게 전가시킬 수는 없다 할 것이다. ㅇ 따라서 위 조항은 상당한 이유없이 사업자가 부담하여야 할 위험을 고객에게 이전시키는 조항에 해당하여 약관법 제7조 제2호에 해당하여 무효이다. ⑵ 사업자가 부담할 보수책임과 비용의 전가조항 : 무효 ㅇ 임대차계약 체결과 동시에 임차인은 임차주택을 사용ㆍ수익할 수 있는 임차권을 취득하게 된다(민법 제618호). 이를 위해 임차인은 임대인에게 임차기간 중 사용ㆍ수익에 필요한 상태를 유지해줄 것을 청구할 수 있고 임차주택 보존에 관해 필요비를 지출한 때에는 비용이 발생한 즉시 임대인에게 그 비용을 청구할 수 있다(민법 제626조). ㅇ 또한 표준임대차계약서는 보수의 한계와 관련하여, 주택의 보수 및 수선은 임대인의 부담으로 하되, 전용부분과 그 내부시설물을 임차인이 훼손하거나 멸실한 부분 또는 보수주기 내에서의 소모성 자재의 보수 또는 수선은 임차인의 부담으로 명시하고 있다.(표준약관 제10002호 임대주택표준임대차계약서 제9조 제1항) ㅇ 그런데 제14조 제5항 ㅁ,ㅂ호는 임차인이 임차물을 사용하는데 임차인의 귀책이 아니라 할지라도 주택 및 내부일체의 인명ㆍ재산상 피해와 하자보수의 책임까지를 모두 부담하도록 해석될 수 있다. 이는 임차인의 민법상 권리인 임차권ㆍ필요비상환청구권 및 임대인의 수선의무까지 부정하는 것으로 볼 여지가 있다. ㅇ 따라서 위 조항은 이는 상당한 이유없이 사업자의 손해배상범위를 제한하거나 사업자가 부담하여야 할 위험을 고객에게 이전시키는 조항으로서 약관법 제7조 제2호에 해당하여 무효이다. ]]> 나. 심사의견 : 무효 ㅇ 임대사업자는 임대보증금 또는 임대료의 증액을 청구하는 경우에「주택임대차보호법」으로 정한 범위에서 주거비 물가지수, 인근 지역의 전세가격 변동률 등을 고려해 임대보증금 및 임대료 증액을 청구할 수 있다고 명시하고 있다.(임대주택법 제20조 제2항) ㅇ 따라서 임대인은 임대주택법의 허용범위 내에서 임대보증금을 조정할 수 있으며 임차인과 반드시 합의를 해야 하는 것은 아니다. ㅇ 그러나 임대사업자가 사회통념이나 법정허용 범위를 초과하면서까지 일방적으로 임대보증금 및 임대료를 조정할 수 있는 것은 아니며 임대사업자가 임대보증금을 조정 할 경우 이에 대해 임차인의 이의제기까지를 금할 수 있는 것은 아니다. 임차인은",,기각,,,"근거 서술에 조항 문구 인용 없음. 불가항력 책임전가와 보수책임 전가 조항의 내용은 설명되어 있으나, 약관의 정확한 문구가 인용되지 않았습니다."
법제처 OPEN API/ftc,1183,,대방열림고시학원의 동영상강의 이용약관상 불공정약관조항에 대한 건,https://www.law.go.kr/DRF/lawService.do?OC=test&target=ftc&ID=1183&type=HTML,(문서 전체 — 조항 구분 없음),무효,명시,위험,제8조,과도한 위약금,"1183 시정권고서 2010약관0533 (2) 심사결과 : 무효 해당 약관조항은 동영상 강의가 일단 시작되면 어떤 사유로든 고객이 환불을 하거나 강의를 변경, 연장할 수 없도록 하고 있다. 동영상강의는 장소적ㆍ시간적 제약이 적어 수강생이 자신의 사정에 따라 수업량 등을 조정할 수 있어 일반적인 학원에서 이루어지는 강의와는 다른 특성을 가지고 있다. 이와 같은 특성을 감안하더라도 사업자의 귀책사유로 서비스를 받을 수 없게 된 경우, 강의시작 후 고객의 사정으로 강의를 들을 수 없게 된 경우 등에는 적정 위약금을 지급하고 계약을 해지ㆍ해제할 수 있도록 하여야 할 것이다. 또한 일반 학원의 경우에는 학원운영자 등이 교습을 할 수 없거나 학습자가 본인의 의사로 수강을 포기한 경우 경과된 교습기간에 따라 수강료를 반환하여 주고 있다.(학원의 설립ㆍ운영 및 과외교습에 관한 법률 제18조) 위와 같은 사정을 고려할 때 일체 환불 및 취소를 할 수 없다고 정한 해당 약관조항은 고객에 대하여 부당하게 과중한 지연손해금등의 손해배상의무를 부담시키는 조항 또는 고객에 대하여 부당하게 불리한 조항에 해당하여 약관법 제8조 및 제6조 제1항, 제2항 제1호에 따라 무효이다. ]]> (2) 심사결과 : 무효 해당 약관조항은 동영상 강의가 일단 시작되면 어떤 사유로든 고객이 환불을 하거나 강의를 변경, 연장할 수 없도록 하고 있다. 동영상강의는 장소적ㆍ시간적 제약이 적어 수강생이 자신의 사정에 따라 수업량 등을 조정할 수 있어 일반적인 학원에서 이루어지는 강의와는 다른 특성을 가지고 있다. 이와 같은 특성을 감안하더라도 사업자의 귀책사유로 서비스를 받을 수 없게 된 경우, 강의시작 후 고객의 사정으로 강의를 들을 수 없게 된 경우 등에는 적정 위약금을 지급하고 계약을 해지ㆍ해제할 수 있도록 하여야 할 것이다. 또한 일반 학원의 경우에는 학원운영자 등이 교습을 할 수 없거나 학습자가 본인의 의사로 수강을 포기한 경우 경과된 교습기간에 따라 수강료를 반환하여 주고 있다.(학원의 설립ㆍ운영 및 과외교습에 관한 법률 제18조) 위와 같은 사정을 고려할 때 일체 환불 및 취소를 할 수 없다고 정한 해당 약관조항은 고객에 대하여 부당하게 과중한 지연손해금등의 손해배상의무를 부담시키는 조항 또는 고객에 대하여 부당하게 불리한 조항에 해당하여 약관법 제8조 및 제6조 제1항, 제2항 제1호에 따라 무효이다. ]]> (2) 심사결과 : 무효 해당 약관조항은 동영상 강의가 일단 시작되면 어떤 사유로든 고객이 환불을 하거나 강의를 변경, 연장할 수 없도록 하고 있다. 동영상강의는 장소적ㆍ시간적 제약이 적어 수강생이 자신의 사정에 따라 수업량 등을 조정할 수 있어 일반적인 학원에서 이루어지는 강의와는 다른 특성을 가지고 있다. 이와 같은 특성을 감안하더라도 사업자의 귀책사유로 서비스를 받을 수 없게 된 경우, 강의시작 후 고객의 사정으로 강의를 들을 수 없게 된 경우 등에는 적정 위약금을 지급하고 계약을 해지ㆍ해제할 수 있도록 하여야 할 것이다. 또한 일반 학원의 경우에는 학원운영자 ",,기각,"동영상 강의가 일단 시작되면 어떤 사유로든 고객이 환불을 하거나 강의를 변경, 연장할 수 없도록 하고 있다",보통,"따옴표 없이 서술되었으나, 공정위가 문제 조항의 내용을 명확히 기술한 부분을 그대로 옮김"
법제처 OPEN API/ftc,10661,,대우웨딩홀 사용계약서상 불공정약관조항에 대한 건,https://www.law.go.kr/DRF/lawService.do?OC=test&target=ftc&ID=10661&type=HTML,(문서 전체 — 조항 구분 없음),무효,조문인용 추론,위험,제8조,과도한 위약금,"10661 시정권고서 2008약관2129 2. 피심인 주장 내용 해당 예약이 취소됨에 따라 영업상 입게 될 손해를 예정하여 위약금을 산정한 것이므로 불공정하지 않다. 3. 판단 일반적으로 예식장 사용계약 및 피로연 계약은 결혼의 특성상 결혼일로부터 1～2개월 전에 예약함이 통상적이며, 또한 피로연장의 경우 결혼일로부터 일정기일 이내에 연회계약이 해약될 시에는 이를 대체할 고객이 없게 되므로 영업상의 손실을 입게 된다. 사업자는 이러한 특수성을 감안하여 합리적인 해약가능기간을 정하고 이를 위반할 시 손해배상토록 함이 타당하다 할 것이므로 피로연장 이용계약해지 시에는 음식물 준비 등의 연회계약의 특성을 감안하여 해약시기에 따라 손해배상액을 달리 정하여야 할 것이다. 그러나 심사대상 약관조항은 예식일로부터 60일전 이후의 계약해지시 위약금 산정에 있어 합리적인 근거 없이 일률적으로 최소보증인원에 대한 금액을 위약금에 포함시키고 있다. 이는 현행 소비자분쟁해결기준*과 비교했을 시에도 지나치게 과도한 금액을 위약금으로 산정한 것으로 고객에게 과도하게 손해배상액을 부담시키는 것으로 판단된다. 또한 “해당 시간 영업 손해에 대한 비용”과 같이 자의적인 해석이 가능한 내용을 위약금 산정조항에 포함시켜 과도한 손해배상액을 요구할 수 있는 여지를 둔 점을 감안할 때 동 약관조항은 고객에게 부당하게 과중한 손해배상의무를 부담시키는 조항으로 약관법 제8조에 해당된다. ]]> 2. 피심인 주장 내용 해당 예약이 취소됨에 따라 영업상 입게 될 손해를 예정하여 위약금을 산정한 것이므로 불공정하지 않다. 3. 판단 일반적으로 예식장 사용계약 및 피로연 계약은 결혼의 특성상 결혼일로부터 1～2개월 전에 예약함이 통상적이며, 또한 피로연장의 경우 결혼일로부터 일정기일 이내에 연회계약이 해약될 시에는 이를 대체할 고객이 없게 되므로 영업상의 손실을 입게 된다. 사업자는 이러한 특수성을 감안하여 합리적인 해약가능기간을 정하고 이를 위반할 시 손해배상토록 함이 타당하다 할 것이므로 피로연장 이용계약해지 시에는 음식물 준비 등의 연회계약의 특성을 감안하여 해약시기에 따라 손해배상액을 달리 정하여야 할 것이다. 그러나 심사대상 약관조항은 예식일로부터 60일전 이후의 계약해지시 위약금 산정에 있어 합리적인 근거 없이 일률적으로 최소보증인원에 대한 금액을 위약금에 포함시키고 있다. 이는 현행 소비자분쟁해결기준*과 비교했을 시에도 지나치게 과도한 금액을 위약금으로 산정한 것으로 고객에게 과도하게 손해배상액을 부담시키는 것으로 판단된다. 또한 “해당 시간 영업 손해에 대한 비용”과 같이 자의적인 해석이 가능한 내용을 위약금 산정조항에 포함시켜 과도한 손해배상액을 요구할 수 있는 여지를 둔 점을 감안할 때 동 약관조항은 고객에게 부당하게 과중한 손해배상의무를 부담시키는 조항으로 약관법 제8조에 해당된다. ]]> 2. 피심인 주장 내용 해당 예약이 취소됨에 따라 영업상 입게 될 손해를 예정하여 위약금을 산정한 것이므로 불공정하지 않다. 3. 판단 일반적으로 예식장 사용계약 및 피로연 계약",,기각,해당 시간 영업 손해에 대한 비용,높음,따옴표로 명시 인용된 위약금 산정조항의 문구
법제처 OPEN API/ftc,8783,,대한예수교장로회효자추모관의 효자추모관약관상 불공정약관조항에 대한 건,https://www.law.go.kr/DRF/lawService.do?OC=test&target=ftc&ID=8783&type=HTML,(문서 전체 — 조항 구분 없음),무효,조문인용 추론,위험,제9조,일방적 계약 해지|권리행사 제한|보증금 반환 지연,"8783 시정권고서 2009약관 1485 2. 검토의견 : 무효 계약이 중도에 해지 될 경우 쌍방당사자는 계약의 존속을 전제로 하여 상대방으로부터 받은 급부를 원상회복함으로써 계약관계를 청산하여야 하며, 상대방의 귀책사유에 의한 계약해지로 손해를 입은 계약당사자는 손해배상을 청구할 수 있다. 효자추모관 약관 제7조 제4항 및 제5항은 추모관을 사용하는 고객에게 10년 단위로 미리 추모관 시설관리비(이하 “관리비”라 한다)를 납부하도록 하고 있다. 그리고 추모관 영구사용료(이하 “사용료”라 한다)는 100만원에서 2,000만원에 이르고 추모관 사용권은 매매ㆍ양도ㆍ임대가 금지되어 있어 고객은 추모관을 이용할 필요성이 없어질 경우 추모관 사용계약을 해지할 가능성이 크다. 위와 같은 사항을 고려시 고객의 귀책사유로 추모관 사용계약을 해지할 경우 피심인은 이미 받은 사용료와 관리비에서 고객이 추모관을 이용한 기간동안의 사용료와 동 기간에 해당하는 관리비, 그리고 계약해지로 인한 피심인의 손해 등을 공제한 나머지를 고객에게 반환하여야 한다. 그러나 심사대상약관조항은 고객의 귀책사유로 추모관 사용계약이 해지될 경우 고객의 추모관 사용기간, 잔여 관리비, 피심인의 손해 정도 등에 대한 고려 없이 고객이 관리비 및 사용료를 전혀 환불받을 수 없도록 하고 있어 고객의 원상회복청구권을 부당하게 포기하도록 하는 조항으로 약관법 제9조 제3호에 해당되어 무효이다. ]]> 2. 검토의견 : 무효 계약이 중도에 해지 될 경우 쌍방당사자는 계약의 존속을 전제로 하여 상대방으로부터 받은 급부를 원상회복함으로써 계약관계를 청산하여야 하며, 상대방의 귀책사유에 의한 계약해지로 손해를 입은 계약당사자는 손해배상을 청구할 수 있다. 효자추모관 약관 제7조 제4항 및 제5항은 추모관을 사용하는 고객에게 10년 단위로 미리 추모관 시설관리비(이하 “관리비”라 한다)를 납부하도록 하고 있다. 그리고 추모관 영구사용료(이하 “사용료”라 한다)는 100만원에서 2,000만원에 이르고 추모관 사용권은 매매ㆍ양도ㆍ임대가 금지되어 있어 고객은 추모관을 이용할 필요성이 없어질 경우 추모관 사용계약을 해지할 가능성이 크다. 위와 같은 사항을 고려시 고객의 귀책사유로 추모관 사용계약을 해지할 경우 피심인은 이미 받은 사용료와 관리비에서 고객이 추모관을 이용한 기간동안의 사용료와 동 기간에 해당하는 관리비, 그리고 계약해지로 인한 피심인의 손해 등을 공제한 나머지를 고객에게 반환하여야 한다. 그러나 심사대상약관조항은 고객의 귀책사유로 추모관 사용계약이 해지될 경우 고객의 추모관 사용기간, 잔여 관리비, 피심인의 손해 정도 등에 대한 고려 없이 고객이 관리비 및 사용료를 전혀 환불받을 수 없도록 하고 있어 고객의 원상회복청구권을 부당하게 포기하도록 하는 조항으로 약관법 제9조 제3호에 해당되어 무효이다. ]]> 2. 검토의견 : 무효 계약이 중도에 해지 될 경우 쌍방당사자는 계약의 존속을 전제로 하여 상대방으로부터 받은 급부를 원상회복함으로써 계약관계를 청산하여야 하며, 상대방의 귀책사유에 의한 ",,기각,,,"근거 서술에 조항 문구 인용 없음. 제7조 제4항 및 제5항의 구체적 문구가 인용되지 않았으며, 문제 조항의 내용만 설명되어 있음"
법제처 OPEN API/ftc,1179,,대한제당(주)의 물품공급/판매계약서상 불공정약관조항에 대한 건,https://www.law.go.kr/DRF/lawService.do?OC=test&target=ftc&ID=1179&type=HTML,(문서 전체 — 조항 구분 없음),무효,명시,위험,제14조,권리행사 제한,"1179 시정권고서 2010약관0478 (2) 심사결과 : 무효 중재는 당사자간의 합의로 사법상의 분쟁을 법원의 재판에 의하지 아니하고 중재인의 판정에 의하여 해결하는 절차로서, 중재판정은 법원의 확정판결과 동일한 효력을 가진다.(중재법 제3조 제1호, 제35조) 중재합의의 대상인 분쟁에 관하여 소가 제기된 경우 피고가 중재합의존재의 항변을 하면 소가 각하되므로, 중재합의가 있으면 당사자는 중재에 의하여 분쟁을 해결하여야 하고 법원의 재판을 받을 수 없게 된다.(중재법 제9조 제1항) 이와 같이 중재는 소송과는 달리 당사자의 합의에 의하여 법관이외의 사인인 제3자의 판단에 맡겨서 분쟁을 자주적, 최종적으로 해결하려는 것이므로 분쟁을 중재로 해결하려는 당사자의 합의가 무엇보다 중요하다. 통상 고객은 중재제도를 잘 알지 못하여 중재제도의 의미를 파악하고 중재조항을 수락했다고 보기 어려운 경우가 많으므로 중재약정은 당사자간 개별약정에 의한 경우에만 유효성이 인정된다할 것이다. 즉, 중재합의가 있으면 법원의 재판에 의한 법규의 해석과 그 적용을 박탈하는 결과를 가져오며 공정치 못한 중재결과가 나왔을 경우 항소심절차에 의해 구제될 수 없음을 고려할 때 사업자가 일방적으로 마련한 약관에 중재합의 조항을 정하는 것은 부당하다 할 것이다. 따라서 해당 약관조항은 고객에 대하여 부당하게 불리한 소제기의 금지조항으로 약관법 제14조에 해당된다. ]]> (2) 심사결과 : 무효 중재는 당사자간의 합의로 사법상의 분쟁을 법원의 재판에 의하지 아니하고 중재인의 판정에 의하여 해결하는 절차로서, 중재판정은 법원의 확정판결과 동일한 효력을 가진다.(중재법 제3조 제1호, 제35조) 중재합의의 대상인 분쟁에 관하여 소가 제기된 경우 피고가 중재합의존재의 항변을 하면 소가 각하되므로, 중재합의가 있으면 당사자는 중재에 의하여 분쟁을 해결하여야 하고 법원의 재판을 받을 수 없게 된다.(중재법 제9조 제1항) 이와 같이 중재는 소송과는 달리 당사자의 합의에 의하여 법관이외의 사인인 제3자의 판단에 맡겨서 분쟁을 자주적, 최종적으로 해결하려는 것이므로 분쟁을 중재로 해결하려는 당사자의 합의가 무엇보다 중요하다. 통상 고객은 중재제도를 잘 알지 못하여 중재제도의 의미를 파악하고 중재조항을 수락했다고 보기 어려운 경우가 많으므로 중재약정은 당사자간 개별약정에 의한 경우에만 유효성이 인정된다할 것이다. 즉, 중재합의가 있으면 법원의 재판에 의한 법규의 해석과 그 적용을 박탈하는 결과를 가져오며 공정치 못한 중재결과가 나왔을 경우 항소심절차에 의해 구제될 수 없음을 고려할 때 사업자가 일방적으로 마련한 약관에 중재합의 조항을 정하는 것은 부당하다 할 것이다. 따라서 해당 약관조항은 고객에 대하여 부당하게 불리한 소제기의 금지조항으로 약관법 제14조에 해당된다. ]]> (2) 심사결과 : 무효 중재는 당사자간의 합의로 사법상의 분쟁을 법원의 재판에 의하지 아니하고 중재인의 판정에 의하여 해결하는 절차로서, 중재판정은 법원의 확정판결과 동일한 효력을 가진다.(중재법 제3조 제1호, ",,기각,,,"근거 서술에 조항 문구 인용 없음. 중재합의 조항의 존재와 문제점만 설명되어 있으며, 실제 약관 문구는 제시되지 않음"
법제처 OPEN API/ftc,9473,,대한주택보증(주)의 주상복합주택분양보증약관상 불공정약관조항에 대한 건,https://www.law.go.kr/DRF/lawService.do?OC=test&target=ftc&ID=9473&type=HTML,보증채무 이행방법 결정조항,무효,조문인용 추론,위험,제6조,부당한 비용·세금 전가|선택권 제한·구입 강제|과도한 위약금,"2. 보증채무 이행방법 결정조항 가. 약관조항 나. 검토의견 : 무효 주택분양보증계약과 관련한 대법원 판례(선고99다52831)는 구 주택건설촉진법[현 주택법] 및 같은 법 시행령의 관련규정에 비추어서 주택분양보증계약에 있어 주채무자가 부도 등으로 수분양자들에게 주택공급의무를 이행할 수 없게 된 경우, 보증회사는 수분양자들이 청구하는 바에 따라 환급이행 또는 분양이행을 하여야 할 것으로 판단하고 있으며 국토해양부는 현 주택법 규정이 보증이행방법에 대한 선택권을 누가 행사하느냐에 대하여 특별히 정하고 있지는 않으나, 규정 취지로 볼 때 수분양자의 3분의 2이상이 환급이행을 선택하는 경우 보증회사는 입주자의 선택권을 인정하여 예외 없이 환급이행을 하는 것이 타당하다고 판단하고 있다. 이를 종합해 볼 때, 주택분양보증계약에 있어 수분양자의 3분의 2 이상이 환급이행을 선택한 경우 보증회사는 불가피한 사정이 없는 한 수분양자가 선택한 바에 따라 환급이행으로 보증채무를 이행하여야 할 것이다. 그러나 제8조제3항은 환급이행을 원하는 수분양자가 3분의 2가 되지 않아 분양이행을 하여야 하는 경우에도 보증회사가 자의적으로 환급이행을 할 수 있도록 규정하고 있는데, 이는 주택법에서 수분양자들의 2/3이상의 동의를 얻어야만 환급이행이 가능하도록 엄격하게 규정하고 있는 법규정 취지를 파손시키는 것이라 할 수 있다. 또한 제8조 제4항 전단은 수분양자가 분양이행을 원하는 경우에도 피심인이 현저한 분양률저조 등의 이유로 환급이행이 불가피 하다고 보증회사가 인정하는 경우에는 환급이행으로 할 수 있다고 규정하고 있으며, 후단은 약관 제8조 제3항에 따라 수분양자의 3분의 2이상이 환급이행을 선택하고 이에 대하여 보증회사가 환급이행으로 보증채무 이행방법을 결정한 이후에도, 다시 시공자 등이 분양계약을 이행할 수 있다고 보증회사가 인정하는 경우에는 분양이행으로 결정할 수 있도록 정하고 있다. 따라서 위 제8조 제3항, 제4항은 신의성실의 원칙에 반하여 공정을 잃은 약관조항으로서 약관법 제6조 제1항에 해당된다. ",,기각,,,"근거 서술에 조항 문구 인용 없음. 제8조 제3항, 제4항의 내용이 설명되어 있으나 따옴표나 「」 없이 의역 형태로만 기술됨"
법제처 OPEN API/ftc,9473,,대한주택보증(주)의 주상복합주택분양보증약관상 불공정약관조항에 대한 건,https://www.law.go.kr/DRF/lawService.do?OC=test&target=ftc&ID=9473&type=HTML,관할법원 조항,무효,조문인용 추론,위험,제6조,부당한 비용·세금 전가|선택권 제한·구입 강제|과도한 위약금,"3. 관할법원 조항 가. 약관조항 나. 검토의견 : 무효 피심인은 약관의 형태로 사업자 영업점 소재지 법원을 관할 법원으로 정하고 있는데, 이는 민사소송법상의 관할 규정보다 고객에게 불리한 관할법원을 규정한 것이어서 경제적 약자인 보증채권자에게 응소 및 제소의 불편을 초래할 우려가 있다. 따라서, 동 조항은 신의성실의 원칙에 반하여 공정을 잃은 약관조항으로서 약관법 제6조 제1항에 해당된다 ]]> 나. 검토의견 : 무효 주택분양보증계약은 보증사고 조건이 성취되면 수분양자에게 채권이 발생하고 보증회사에게는 보증채무가 발생한다. 따라서 보증사고 조건의 성취 여부에 따라 당사자의 권리ㆍ의무가 변동되므로 보증사고 조건의 성취 여부는 객관적으로 판단되어져야 할 것임에도, 위 약관조항은 보증사고의 조건 또는 그 성취여부를 보증회사가 자의적이고 주관적으로 결정할 수 있도록 정하고 있다. 이에 대하여 피심인은 보증회사가 보증사고 조건의 성취 여부를 정확하게 판단할 수 있기 때문에 위 조항이 부당하지 않다고 주장하나, 위 조항에 의하면, 객관적으로 주택건설사업자가 주택분양계약을 이행할 수 없게 되어 명백히 보증사고가 발생한 경우에도, 보증회사가 보증사고로 인정하지 않으면 보증사고의 대상이 안 된다는 점에서 피심인의 주장을 인정하기는 곤란하다 따라서 동 조항은 신의성실의 원칙에 반하여 공정을 잃은 약관조항으로서 약관법 제6조 제1항에 해당된다. ",,기각,,,근거 서술에 관할법원 조항의 구체적 문구 인용 없음. '사업자 영업점 소재지 법원을 관할 법원으로 정하고 있는' 것으로만 내용 설명됨
법제처 OPEN API/ftc,9473,,대한주택보증(주)의 주상복합주택분양보증약관상 불공정약관조항에 대한 건,https://www.law.go.kr/DRF/lawService.do?OC=test&target=ftc&ID=9473&type=HTML,관할법원 조항,무효,조문인용 추론,위험,제6조,부당한 비용·세금 전가|선택권 제한·구입 강제|과도한 위약금,"3. 관할법원 조항 가. 약관조항 나. 검토의견 : 무효 피심인은 약관의 형태로 사업자 영업점 소재지 법원을 관할 법원으로 정하고 있는데, 이는 민사소송법상의 관할 규정보다 고객에게 불리한 관할법원을 규정한 것이어서 경제적 약자인 보증채권자에게 응소 및 제소의 불편을 초래할 우려가 있다. 따라서, 동 조항은 신의성실의 원칙에 반하여 공정을 잃은 약관조항으로서 약관법 제6조 제1항에 해당된다 ]]>",,기각,,,근거 서술에 조항 문구 인용 없음. 내용만 설명되어 있음(사업자 영업점 소재지 법원을 관할 법원으로 정하고 있다는 설명)
법제처 OPEN API/ftc,1203,,대한주택보증(주)의 하도급대금지급보증약관상 불공정약관조항에 대한 건,https://www.law.go.kr/DRF/lawService.do?OC=test&target=ftc&ID=1203&type=HTML,권리포기조항,무효,명시,위험,제6조,부당한 비용·세금 전가|선택권 제한·구입 강제|과도한 위약금,"2. 권리포기조항 (1) 약관조항 (2) 심사결과 : 무효 피심인이 보증채무를 이행한 경우 피심인은 보증채권자의 원사업자에 대한 채권 및 그 담보에 관한 권리를 행사할 수 있고(민법 제481조), 이와 같은 권리는 보증채권자로부터 피심인에게 법률상 당연히 이전된다 할 것이다. 그러나 해당 약관조항은 보증채권자의 원사업자에 대한 위와 같은 권리 뿐만 아니라 당해 공사에 대한 일체의 권리를 포기할 것으로 간주하고 있다. 이에 따라 보증채권자의 유치권, 보증계약에 의하여 담보되지 아니하는 원사업자에 대한 채권 등 그 밖의 권리의 행사를 제한할 소지가 있다. 따라서 해당 약관조항은 고객에 대하여 부당하게 불리한 약관조항에 해당하여 약관법 제6조 제1항, 제2항 제1호에 따라 무효이다. ]]> (2) 심사결과 : 무효 해당 계약은 보증보험계약과 유사한 것인 바, 보증기간 내에 보증사고가 발생하였다면 피심인은 원칙적으로 약정한 바에 따라 보증채무를 이행하여야 할 것이다. 그러나 위 약관조항은 보증채무의 이행을 청구하려면 보증사고의 발생 외에 보증채권자가 하도급계약을 해지할 것을 요구하고 있다. 피심인은 보증채무의 범위를 확정하기 위해서는 계약을 해지하도록 할 필요가 있다고 주장한다. 그러나 보증계약에 따라 피심인이 지급하는 금액 즉, 실제시공으로 발생한 하도급공사 인정금액은 사업주체 및 피심인이 최종적으로 행한 기성검사를 기준으로 하고 있으며(해당 약관 제9조 제1항), 보증사고 발생 후 보증채권자의 계속시공으로 생긴 공사금액은 보증채무에 포함되지 아니한다(해당 약관 제5조 제3호). 따라서 보증채무의 범위를 확정하기 위해 하도급계약의 해지가 반드시 필요하다고 보기는 어렵다. 즉, 해당 보증계약과 하도급계약은 별개의 계약이므로 굳이 하도급계약을 해지하지 않더라도 당해 보증채무의 범위, 보증계약의 종료 등을 별도로 정하여 보증채무의 범위를 확정할 수 있다. 또한 보증사고의 범위가 부도나 파산 등에 국한되지 아니하고 그 밖의 사유로 원사업자가 채무를 이행하지 아니한 경우도 포함되므로 보증사고가 발생하더라도 하도급계약의 당사자들이 계약의 유지를 원할 수도 있다. 그럼에도 해당 약관조항은 보증채무를 청구하려면 사전에 하도급계약을 해지하도록 하여 실질적으로 보증채무를 청구하기 어렵도록 하고 있다. 따라서 약관법 제6조 제2항 제1호의 고객에 대하여 부당하게 불리한 약관조항에 해당하여 무효이다. ",,기각,,,근거 서술에 조항 문구 인용 없음. 권리포기 내용이 설명만 되어 있음
법제처 OPEN API/ftc,1203,,대한주택보증(주)의 하도급대금지급보증약관상 불공정약관조항에 대한 건,https://www.law.go.kr/DRF/lawService.do?OC=test&target=ftc&ID=1203&type=HTML,권리포기조항,무효,명시,위험,제6조,부당한 비용·세금 전가|선택권 제한·구입 강제|과도한 위약금,"2. 권리포기조항 (1) 약관조항 (2) 심사결과 : 무효 피심인이 보증채무를 이행한 경우 피심인은 보증채권자의 원사업자에 대한 채권 및 그 담보에 관한 권리를 행사할 수 있고(민법 제481조), 이와 같은 권리는 보증채권자로부터 피심인에게 법률상 당연히 이전된다 할 것이다. 그러나 해당 약관조항은 보증채권자의 원사업자에 대한 위와 같은 권리 뿐만 아니라 당해 공사에 대한 일체의 권리를 포기할 것으로 간주하고 있다. 이에 따라 보증채권자의 유치권, 보증계약에 의하여 담보되지 아니하는 원사업자에 대한 채권 등 그 밖의 권리의 행사를 제한할 소지가 있다. 따라서 해당 약관조항은 고객에 대하여 부당하게 불리한 약관조항에 해당하여 약관법 제6조 제1항, 제2항 제1호에 따라 무효이다. ]]>",,기각,,,근거 서술에 조항 문구 인용 없음. 조항 내용이 설명만 되어 있어 정확한 문구 특정 불가
법제처 OPEN API/ftc,977,,덕성빌딩의 임대차계약서상 불공정약관조항에 대한 건,https://www.law.go.kr/DRF/lawService.do?OC=test&target=ftc&ID=977&type=HTML,강제명도 조항,무효,조문인용 추론,위험,"제6조,제7조",부당한 비용·세금 전가|선택권 제한·구입 강제|과도한 위약금|책임 면제,2. 강제명도 조항 가. 약관조항 나. 검토의견: 무효 사법상의 권리실현에 있어서 권리자의 자력구제는 원칙적으로 금지되고 민사소송법상의 절차에 의하여 자신의 권리를 실현하는 것이 법절차상의 기본원칙이다. 따라서 사업자에 의한 임차인 소유 물건의 반출ㆍ철거ㆍ폐기처분 등은 임차인의 동의나 민사소송절차에 따른 강제집행절차에 의하여야 함에도 불구하고 임대인이 임의로 그것들을 폐기처분하여도 이에 대한 민ㆍ형사상의 이의를 제기하지 못하도록 하는 조항은 고객에게 부당하게 불리한 조항으로 약관법 제6조 제2항 제1호에 해당하여 무효이다. ]]> 나. 검토의견: 무효 자신의 고의 또는 과실로 인한 위법행위로 타인에게 손해를 가한 경우 그 손해를 배상하여야 할 책임이 있다(민법 제750조). 또한 임대건물이 교육시설ㆍ의료시설ㆍ다중이용업소 등 여러 사람이 출입 또는 근무하거나 거주하는 특수건물이라면 소유자는 그 건물의 화재로 인하여 타인이 사망하거나 부상한 때에는 과실이 없는 경우에도 일정한 범위 안에서 그 손해를 배상할 책임이 있다(화재로 인한 재해보상과 보험가입에 관한 법률 제4조). 따라서 임차인의 영업구역 내 시설 등에서 발생한 사고라 하더라도 일정한 경우 건물 소유자에게 건물의 관리의무가 있을 수 있으므로 약관으로 안전관리에 대한 모든 책임을 임차인의 단독책임으로 할 수는 없다. 그럼에도 불구하고 피청구인의 현행 약관조항은 귀책유무 등을 고려함이 없이 화재 또는 재난 등 사고로 발생한 인명피해 등 일체의 손해에 대하여 임차인의 책임으로 하고 자신은 면책하고 있다. 이는 상당한 이유 없이 사업자의 손해배상 범위를 제한하거나 사업자가 부담하여야 할 위험을 고객에게 떠넘기는 조항으로 약관법 제7조 제2호에 해당하여 무효이다. ,,기각,임대인이 임의로 그것들을 폐기처분하여도 이에 대한 민ㆍ형사상의 이의를 제기하지 못하도록 하는 조항,보통,"강제명도 조항과 관련하여 판단 근거에 인용된 조항 내용으로, 완전한 원문 표현은 아니나 조항의 핵심 문구로 보임"
법제처 OPEN API/ftc,977,,덕성빌딩의 임대차계약서상 불공정약관조항에 대한 건,https://www.law.go.kr/DRF/lawService.do?OC=test&target=ftc&ID=977&type=HTML,강제명도 조항,무효,조문인용 추론,위험,제6조,부당한 비용·세금 전가|선택권 제한·구입 강제|과도한 위약금,2. 강제명도 조항 가. 약관조항 나. 검토의견: 무효 사법상의 권리실현에 있어서 권리자의 자력구제는 원칙적으로 금지되고 민사소송법상의 절차에 의하여 자신의 권리를 실현하는 것이 법절차상의 기본원칙이다. 따라서 사업자에 의한 임차인 소유 물건의 반출ㆍ철거ㆍ폐기처분 등은 임차인의 동의나 민사소송절차에 따른 강제집행절차에 의하여야 함에도 불구하고 임대인이 임의로 그것들을 폐기처분하여도 이에 대한 민ㆍ형사상의 이의를 제기하지 못하도록 하는 조항은 고객에게 부당하게 불리한 조항으로 약관법 제6조 제2항 제1호에 해당하여 무효이다. ]]>,,기각,,,근거 서술에 조항 문구 인용 없음
법제처 OPEN API/ftc,993,,도이체 루프트한자 아게(영업소)의  항공요금규정상 불공정약관조항에 대한 건,https://www.law.go.kr/DRF/lawService.do?OC=test&target=ftc&ID=993&type=HTML,(문서 전체 — 조항 구분 없음),무효,조문인용 추론,위험,"제6조,제8조,제9조",부당한 비용·세금 전가|선택권 제한·구입 강제|과도한 위약금|일방적 계약 해지|권리행사 제한|보증금 반환 지연,"993 시정권고서 2011약관3924 2. 심사의견 가. 항공운임 환불불가 및 취소불가 관련 조항 「약관법」제6조(일반원칙) 제2항 제1호 및 제8조(손해배상액의 예정)는 고객에게 부당하게 불리한 약관조항과 고객에게 부당하게 과중한 손해배상 의무를 부담시키는 약관조항을 무효로 규정하고 있다. 먼저, 피심인의 판촉 할인운임 항공권 이용계약 취소시 환불불가를 규정한 약관조항은 고객이 운임 할인으로 얻는 이익에 비해 부당하게 과중한 손해배상의무를 부과하고 있어 약관법 제8조(손해배상액의 예정) 1 에 해당되어 무효인 약관조항이다. 피심인의 판촉 할인운임 항공권 판매시 환불불가 규정과 관련한 약관법상 위반여부는 해당 계약의 목적ㆍ내용 및 상품의 특성 2 , 손해배상액을 예정한 동기, 위약금 비율, 예상 손해액의 크기, 가격의 할인 정도, 시장상황 및 거래관행, 경쟁촉진 요소 및 관련 시장에의 파급효과, 소비자혜택 및 소비자선택 가능성 등을 고려하여 종합적으로 판단한다. 피심인의 환불불가 규정은 해당 판촉 할인운임이 상시 할인운임에 비해 저렴하다는 점과 그 성격을 감안하더라도, 위와 같은 고려요소들에 비추어 볼 때 다음과 같은 이유로 고객이 얻는 이익에 비해 계약취소에 따른 손해배상액이 부당하게 과중하다고 판단된다. 첫째, 가격할인의 정도와 손해배상 예정액인 해약금의 크기 및 비율(공항이용료 제외하고 100%)을 고려할 때 사업자의 이익을 과중하게 고려함으로써 사업자와 고객의 이익을 균형있게 고려하여야 한다는 약관법의 취지에 부합하지 않는다. 즉, 판촉 할인운임은 상시 할인운임 중 가장 저렴한 E 또는 L클래스(취소 수수료 120 유로) 운임에 비해 약 20 ~ 30% 정도 저렴한 것에 불과함에도 이용대금의 100%를 해약금으로 환수하고 있다. 실제 사례를 살펴보면 아래와 같이 판촉 할인운임은 상시 할인운임에 비해 21.2%(280천원) 저렴하나, 고객이 취소시 부담하는 금액은 1,041천원으로 상시할인운임 취소시 부담하는 취소 수수료(177천원)의 588%에 달하고 있다. 환불 금액 비교(인천-프랑크프르트 왕복) * 유류할증류 : EUR190(왕복), 보안할증료 :EUR8 [EUR1=1,477원, 2012. 3. 19. 환율 기준] 이는 항공사가 판촉 할인운임 항공권 취소에 대하여 일정한 제한을 두어 이미 판매된 좌석을 안정적으로 확보하고자하는 목적을 고려하더라도 고객에게 지나치게 과중한 손해배상의무를 부과하고 있는 것으로 판단된다. 둘째, 시장상황, 예상 손해의 회피 가능성 등을 고려할 때 환불불가 조항은 부당하다. 즉, 판촉 할인운임 항공권은 시장에서의 수요가 높아 조기에 매진되는 경우가 많고 재판매가 가능한 일정한 기한내에 고객이 취소하는 경우 이를 재판매함으로써 그 손실을 보전할 수 있는 기회가 상당하다는 점을 감안할 때 환불불가 조항은 고객에게 과중한 손해배상액을 부담시키고 있다. 셋째, 판촉 할인운임 항공권도 가격이 낮은 등급의 상시 할인운임 항공권과 같이 출발 7일전 사전구입, 최소 체류 6일, 귀국편은 국제선 출발 후 다음 일요일",,기각,,,"근거 서술에 조항 문구 인용 없음. 환불불가 규정의 내용만 설명되어 있으며, 따옴표나 「」로 명시된 원문 조항이 없습니다."
법제처 OPEN API/ftc,1131,,리조트나라의 여행약관 및 특약ㆍ예약진행사항상 불공정약관조항에 대한 건,https://www.law.go.kr/DRF/lawService.do?OC=test&target=ftc&ID=1131&type=HTML,고객이 계약의 거래형태등 제반사정에 비추어 예상하기 어려운 조항,무효,조문인용 추론,위험,"제6조,제8조,제10조",부당한 비용·세금 전가|선택권 제한·구입 강제|과도한 위약금|일방적 급부·조건 변경,"2. 고객이 계약의 거래형태등 제반사정에 비추어 예상하기 어려운 조항 나. 취소 규정 변경 관련 피심인이 특약으로 운용하고 있는 취소(위약) 규정은 고객이 계약 취소시 부담해야하는 위약금에 대해 정한 약관조항으로서 고객이 부담해야하는 급부의 중요한 내용이므로 동 취소 규정을 변경해야할 때는 사전에 고객에게 이를 통지하고 변경내용에 대해서 고객의 동의를 얻어야 한다. 그러나 피심인의 여행약관 제5조 2) 및 특약ㆍ예약진행사항 6. ㄹ) ▶의 밑줄 친 부분은 피심인이 취소 규정을 고객에게 사전 통보없이 변경할 수 있도록 하고 있어 급부의 중요한 내용을 사업자가 일방적으로 변경할 수 있도록 권한을 부여하고 있으므로 약관법 제10조 제1호에 해당하여 무효이다. ※「약관법」 제10조(채무의 이행) 채무의 이행에 관하여 정하고 있는 약관의 내용중 다음 각 호의 1에 해당하는 내용을 정하고 있는 조항은 이를 무효로 한다. 1. 상당한 이유없이 급부의 내용을 사업자가 일방적으로 결정하거나 변경할 수 있도록 권한을 부여한 조항 다. 항공ㆍ호텔관련 비용 선납 후 계약취소시 환불 불가 관련 피심인은 공정거래위원회가 승인한 국외여행표준약관을 허니문상품의 기본약관으로 사용하면서 고객이 허니문상품의 이용계약을 취소하는 경우 고객이 부담해야할 위약금에 대해서는 특약ㆍ예약진행사항 6. ㄹ)의 패널티 취소규정으로 정하고 있고, 동 취소규정은 기본약관에 비해 고객에게 위약금으로 부과하는 금액이 매우 크고, 여행출발일 기준으로 이른 시기에 이용계약을 취소하여도 위약금을 부과하고 있다. 위와 같이 특약으로 취소규정을 두어 기본약관에 비해 위약금을 과중하고 엄격하게 부과하고 있음에도 불구하고, 피심인의 여행약관 제5조 3) 및 특약ㆍ예약진행사항 5. ㄹ), 6. ㄷ) 1)의 밑줄 친 부분은 고객의 이용계약 취소시 고객에게 항공ㆍ숙박시설에 대한 취소료를 위약금 외에 별도로 부담하도록 규정하고 있을 뿐만 아니라 고객의 여행계약 취소로 피심인이 항공ㆍ숙박과 관련하여 부담해야하는 취소료의 크기가 상품마다 크게 차이가 있음에도 이를 전혀 고려하지 않고 항공권 예약ㆍ발권 및 숙박시설 예약ㆍ확약을 위해 송금(지불)된 비용을 일체 환불해주지 않고 있다. 따라서 피심인의 여행약관 제5조 3) 및 특약ㆍ예약진행사항 5. ㄹ), 6. ㄷ) 1)의 밑줄 친 부분은 고객에 대하여 부당하게 과중한 위약금을 부과하고 있어 약관법 제8조(손해배상액의 예정)에 해당되어 무효이다. ※「약관법」 제8조(손해배상액의 예정) 고객에 대하여 부당하게 과중한 손해배상의무를 부담시키는 약관조항은 이를 무효로 한다. 라. 몰디브 여행상품 취소시 환불불가 관련 몰디브를 여행지로 하는 신혼여행상품도 고객의 여행계약 취소로 인해 피심인이 부담해야하는 손해, 즉 항공ㆍ숙박관련 취소료는 허니문상품의 구성내용(숙박시설, 항공사, 항공좌석, 여행시기)에 따라 발생시기 및 크기가 다양하다. 그리고 피심인은 고객의 여행계약 취소로 인해 항공ㆍ숙박과 관련하여 지급한 취소료를 증빙을 통해 고객에게 입증하고 이 금액과 피심인의 인건비 등의",,기각,,,근거 서술에 조항 문구 인용 없음. 밑줄 친 부분이 있다고 언급되나 실제 문구는 제시되지 않음
법제처 OPEN API/ftc,10077,,명품애견의 분양계약서상 불공정약관조항에 대한 건,https://www.law.go.kr/DRF/lawService.do?OC=test&target=ftc&ID=10077&type=HTML,보상조항,무효,조문인용 추론,위험,제7조,책임 면제,"2. 보상조항 가. 약관조항 나. 검토의견 : 무효 민법 제580조 및 제575조에 의하면 매매의 목적물에 하자로 인하여 계약의 목적을 달성할 수 없는 경우 매수인은 계약을 해제할 수 있고, 이 경우 사업자는 민법 제548조 계약해제에 따른 원상회복의무에 따라 고객에게 구매대금을 환불하여야 한다. 이와 관련 소비자분쟁해결기준(공정위 고시 제2009-1호)에서는 애완동물 구입 후 15일 이내 폐사한 경우 소비자는 중대한 과실이 없는 한 동종의 애완동물로 교환 또는 구입가로 환급을 청구할 수 있도록 규정되어 있다. 동 규정은 애완견에 자주 발생하는 파보 바이러스나 홍역 등 질병의 잠복기가 최소 2주가 넘기 때문에 애완견은 매매당시 잠복되었던 동 질병으로 인하여 구입 후 15일내 폐사하거나 질병이 자주 발생하는 점을 감안하여 사업자의 하자담보책임 범위를 규정한 것이다. 즉 애완견에 발생되는 질병의 특성을 감안할 때, 구매 후 3일 또는 14일 이내에 폐사한 애완견에 대하여는 사업자가 하자담보책임을 지게 될 가능성이 많으며, 이 경우 사업자는 소비자가 원하면 구매대금을 고객에게 환불하여야 할 것이다. 그러나 위 약관조항은 어떠한 경우에도 고객에게 구매대금을 환불하지 않으면서 3일 이내 폐사에 대하여는 동종 애완견으로 교환만 해주고, 4일～14일 이내 폐사에 대하여는 고객이 구매대금의 50%를 부담한 경우에 한하여 교환만 가능하도록 규정하고 있다. 그러므로 위 약관조항은 상당한 이유없이 사업자의 담보책임을 배제 또는 제한하는 조항으로 약관법 제7조 제3호에 해당된다. ",,기각,,,"근거 서술에 조항 문구 인용 없음. 약관 내용은 '3일 이내 폐사에 대하여는 동종 애완견으로 교환만 해주고, 4일～14일 이내 폐사에 대하여는 고객이 구매대금의 50%를 부담한 경우에 한하여 교환만 가능'으로 설명되어 있으나 원문 인용이 아님"
법제처 OPEN API/ftc,10077,,명품애견의 분양계약서상 불공정약관조항에 대한 건,https://www.law.go.kr/DRF/lawService.do?OC=test&target=ftc&ID=10077&type=HTML,보상제외 조항,무효,조문인용 추론,위험,제7조,책임 면제,"3. 보상제외 조항 가. 약관조항 나. 검토의견 : 무효 민법 제580조 및 제575조에 의하면 애완견이 매매 당시 잠복되어 있던 질병으로 인하여 매매 후 질병이 발생한 경우 사업자는 매도인으로서 강아지에 대하여 하자담보책임을 지게 된다. 이와 관련 소비자보호법상[현 소비자기본법의 소비자분쟁해결기준(공정위 고시 제2009-1호)]에서는 애완동물 구입 후 15일 이내 질병이 발생한 경우 사업자는 제반비용을 부담하여 회복시켜 소비자에게 인도하도록 규정되어 있다. 따라서 구매한 애완견에게 질병이 발생하여 고객이 사업자가 지정한 병원에서 진료하지 아니하고 임의로 타병원에서 진료하더라도 동 진료행위가 질병발생에 대하여 관련이 없거나 책임이 없는 경우 등에 대하여는 사업자가 애완견의 질병에 대하여 하자담보책임을 져야 할 것이다. 그러나 위 약관조항은 애완견 구매 후 애완견에게 질병이 발생하여 고객이 임의로 타병원에서 진료하는 모든 경우에 대하여 소비자보호법에서 제외된다고 정하여 사업자의 하자담보책임을 배제하고 있으므로 이는 상당한 이유없이 사업자의 담보책임을 제한하는 조항으로 약관법 제7조 제3호에 해당된다. ]]> 나. 검토의견 : 무효 민법 제580조 및 제575조에 의하면 매매의 목적물에 하자가 있는 때에는 매수인은 계약의 목적을 달성할 수 없는 경우에 한하여 계약을 해제할 수 있고, 그 외에는 매도인에게 손해배상을 청구할 수 있다. 따라서 사업자가 매도한 강아지가 매매 당시 잠복되어 있던 질병으로 인하여 매매 후 질병이 발생하거나 폐사하는 경우 고객은 계약을 해제할 수 있고, 사업자에게 손해배상을 청구할 수 있다. 그러나 위 약관조항은 강아지에 대한 건강체크 후에는 동 강아지에 잠복되어 있던 질병이 발생하더라도 사업자가 어떠한 책임을 지지 않도록 정하고 있으므로 이는 상당한 이유없이 사업자의 담보책임을 배제 또는 제한하는 조항으로 약관법 제7조 제3호에 해당된다. ",,기각,,,"근거 서술에 조항 문구 인용 없음. 조항 내용이 설명만 되어 있으며, 정확한 문구를 특정할 수 없음"
법제처 OPEN API/ftc,10077,,명품애견의 분양계약서상 불공정약관조항에 대한 건,https://www.law.go.kr/DRF/lawService.do?OC=test&target=ftc&ID=10077&type=HTML,보상제외 조항,무효,조문인용 추론,위험,제7조,책임 면제,3. 보상제외 조항 가. 약관조항 나. 검토의견 : 무효 민법 제580조 및 제575조에 의하면 애완견이 매매 당시 잠복되어 있던 질병으로 인하여 매매 후 질병이 발생한 경우 사업자는 매도인으로서 강아지에 대하여 하자담보책임을 지게 된다. 이와 관련 소비자보호법상[현 소비자기본법의 소비자분쟁해결기준(공정위 고시 제2009-1호)]에서는 애완동물 구입 후 15일 이내 질병이 발생한 경우 사업자는 제반비용을 부담하여 회복시켜 소비자에게 인도하도록 규정되어 있다. 따라서 구매한 애완견에게 질병이 발생하여 고객이 사업자가 지정한 병원에서 진료하지 아니하고 임의로 타병원에서 진료하더라도 동 진료행위가 질병발생에 대하여 관련이 없거나 책임이 없는 경우 등에 대하여는 사업자가 애완견의 질병에 대하여 하자담보책임을 져야 할 것이다. 그러나 위 약관조항은 애완견 구매 후 애완견에게 질병이 발생하여 고객이 임의로 타병원에서 진료하는 모든 경우에 대하여 소비자보호법에서 제외된다고 정하여 사업자의 하자담보책임을 배제하고 있으므로 이는 상당한 이유없이 사업자의 담보책임을 제한하는 조항으로 약관법 제7조 제3호에 해당된다. ]]>,,기각,,,"근거 서술에 조항 문구 인용 없음. 약관 내용이 설명만 되어 있으며, 정확한 조항 문구를 특정할 수 없음"
법제처 OPEN API/ftc,1157,,미라클에이짐의 회원가입계약서상 불공정약관조항에 대한 건,https://www.law.go.kr/DRF/lawService.do?OC=test&target=ftc&ID=1157&type=HTML,"헬스장내에서의 고객물품의 분실, 도난에 대한 사업자의 면책 조항",무효,명시,위험,"제7조,제8조",책임 면제|과도한 위약금,"2. 헬스장내에서의 고객물품의 분실, 도난에 대한 사업자의 면책 조항 가. 약관조항 나. 심사의견: 무효 상법상 공중접객업자는 고객으로부터 임치받은 물건의 보관상 주의를 게을리하지 아니하였음을 증명하지 아니하면 그 물건의 멸실 또는 훼손으로 인한 손해배상의 책임이 있고, 고객으로부터 임치받지 아니한 경우에도 그 시설 내에 휴대한 물건이 공중접객업자 자신 또는 그 사용인의 과실로 인하여 멸실 또는 훼손되었을 대에는 그 손해를 배상할 책임이 있다고 규정(상법 제152조 제1항 및 제2항)하고 있으며, 이에 따라 시설물 내에서의 도난사고의 발생이 사업자의 과실에서 야기된 경우라면 사업자가 그 책임을 지는 것은 당연하다 할 것이다. 또한, 민법상 사업자의 고의 또는 과실로 인한 위법행위로 타인에게 손해를 가한 때에는 그 손해를 배상할 책임이 있으며(민법 제750조) 공작물의 설치 또는 보존의 하자로 인해 타인에게 손해를 가한 때에는 점유자 또는 소유자가 손해배상의 책임이 있다고 규정(민법 제758조 제1항)하고 있으므로 사업자의 과실에 기인한 안전사고에는 사업자가 배상책임을 지어야 할 것이다. 물론 귀중품 등을 안내데스크에 맡기지 않은 경우 우선적으로는 이용자 본인에게 자신의 물건 등의 관리책임이 있을 것이다. 그러나 위 약관에는 헬스장내에서의 고객 물품의 분실, 도난에 대해 사업자의 귀책유무를 따짐이 없이 사업자가 면책되는 것으로 규정하고 있다. 따라서 당해 약관조항은 사업자의 고의 또는 중대한 과실로 인한 법률상의 책임을 배제하는 조항으로 약관법 제7조 제1호에 해당되어 무효이다. ]]> 나. 심사의견: 무효 대중체육시설 이용계약은「방문판매 등에 관한 법률」(이하 '방판법’이라 한다)상 계속적인 계약(계속거래)에 해당하는 것으로 고객은 계약기간 중 언제든지 해지할 수 있으며 소비자의 사정으로 계약이 해지된 경우 계약 해지로 인해 발생하는 손실에 상당하는 적정 위약금을 제외한 나머지 대금을 환급해야 할 것이다.(방판법 제29조, 제30조) 고객이 자신의 사정으로 계약기간 중도에 해지를 하는 경우에 사업자는 고객에게 손해배상액의 예정으로서의 위약금을 부담지울 수 있지만 이 경우에도 관련 임의규정, 통상의 거래관행 등을 고려하여 합리적인 수준의 위약금을 정하여야 할 것이다. 방판법 제30조 제5항에 따라 정하여 고시한 「계속거래 등의 해지ㆍ해제에 따른 위약금 및 대금의 환급에 관한 산정기준」 상에는 헬스장 이용계약과 관련하여 고객의 사정에 의한 중도 해지 시 위약금 상한액을 총 계약금액의 10%로 정하고 있다. 또한, 체력단련장 표준약관 및 소비자피해보상규정에서도 체육시설을 이용하는 소비자의 귀책사유로 개시일 이후 계약을 해지할 경우 취소일까지의 이용일수에 해당하는 금액과 총 이용금액의 10%를 위약금으로 공제하고 환급하도록 규정하고 있다. 헬스장의 가입금은 통상 입회비(가입수수료), 연회비, 보증금 및 부가가치세로 구성되어 있는데 연회비는 시설사용료의 선불적 성격을 갖고 있기 때문에 사업자의 귀책사유에 의한 탈회시는 물론이고 고객의 개인사정에 ",,기각,,,근거 서술에 조항 문구 인용 없음. 헬스장내 물품 분실·도난에 대한 사업자 면책 조항의 구체적 문구가 인용되지 않고 내용만 설명됨
법제처 OPEN API/ftc,1157,,미라클에이짐의 회원가입계약서상 불공정약관조항에 대한 건,https://www.law.go.kr/DRF/lawService.do?OC=test&target=ftc&ID=1157&type=HTML,"헬스장내에서의 고객물품의 분실, 도난에 대한 사업자의 면책 조항",무효,명시,위험,제7조,책임 면제,"2. 헬스장내에서의 고객물품의 분실, 도난에 대한 사업자의 면책 조항 가. 약관조항 나. 심사의견: 무효 상법상 공중접객업자는 고객으로부터 임치받은 물건의 보관상 주의를 게을리하지 아니하였음을 증명하지 아니하면 그 물건의 멸실 또는 훼손으로 인한 손해배상의 책임이 있고, 고객으로부터 임치받지 아니한 경우에도 그 시설 내에 휴대한 물건이 공중접객업자 자신 또는 그 사용인의 과실로 인하여 멸실 또는 훼손되었을 대에는 그 손해를 배상할 책임이 있다고 규정(상법 제152조 제1항 및 제2항)하고 있으며, 이에 따라 시설물 내에서의 도난사고의 발생이 사업자의 과실에서 야기된 경우라면 사업자가 그 책임을 지는 것은 당연하다 할 것이다. 또한, 민법상 사업자의 고의 또는 과실로 인한 위법행위로 타인에게 손해를 가한 때에는 그 손해를 배상할 책임이 있으며(민법 제750조) 공작물의 설치 또는 보존의 하자로 인해 타인에게 손해를 가한 때에는 점유자 또는 소유자가 손해배상의 책임이 있다고 규정(민법 제758조 제1항)하고 있으므로 사업자의 과실에 기인한 안전사고에는 사업자가 배상책임을 지어야 할 것이다. 물론 귀중품 등을 안내데스크에 맡기지 않은 경우 우선적으로는 이용자 본인에게 자신의 물건 등의 관리책임이 있을 것이다. 그러나 위 약관에는 헬스장내에서의 고객 물품의 분실, 도난에 대해 사업자의 귀책유무를 따짐이 없이 사업자가 면책되는 것으로 규정하고 있다. 따라서 당해 약관조항은 사업자의 고의 또는 중대한 과실로 인한 법률상의 책임을 배제하는 조항으로 약관법 제7조 제1호에 해당되어 무효이다. ]]>",,기각,,,"근거 서술에 조항 문구 인용 없음. 조항 내용이 '헬스장내에서의 고객 물품의 분실, 도난에 대해 사업자의 귀책유무를 따짐이 없이 사업자가 면책되는 것으로 규정'이라고만 설명되어 있음"
법제처 OPEN API/ftc,1155,,바디스타의 회원가입약관상 불공정약관조항에 대한 건,https://www.law.go.kr/DRF/lawService.do?OC=test&target=ftc&ID=1155&type=HTML,계약 해지 시 과다한 위약금 등 부과 조항,무효,명시,위험,제8조,과도한 위약금,"2. 계약 해지 시 과다한 위약금 등 부과 조항 가. 약관조항 나. 심사의견: 무효 대중체육시설 이용계약은 방판법상 계속적인 계약(계속거래)에 해당하는 것으로 고객은 계약기간 중 언제든지 해지할 수 있으며 소비자의 사정으로 계약이 해지된 경우 계약 해지로 인해 발생하는 손실에 상당하는 적정 위약금을 제외한 나머지 대금을 환급해야 할 것이다.(방판법 제29조, 제30조) 고객이 자신의 사정으로 계약기간 중도에 해지를 하는 경우에 사업자는 고객에게 손해배상액의 예정으로서의 위약금을 부담지울 수 있지만 이 경우에도 관련 임의규정, 통상의 거래관행 등을 고려하여 합리적인 수준의 위약금을 정하여야 할 것이다. 방판법 제30조 제5항에 따라 정하여 고시한 「계속거래 등의 해지ㆍ해제에 따른 위약금 및 대금의 환급에 관한 산정기준」 상에는 헬스장 이용계약과 관련하여 고객의 사정에 의한 중도 해지 시 위약금 상한액을 총 계약금액의 10%로 정하고 있다. 또한, 체력단련장 표준약관 및 소비자분쟁해결기준에서도 체육시설을 이용하는 소비자의 귀책사유로 개시일 이후 계약을 해지할 경우 취소일까지의 이용일수에 해당하는 금액과 총 이용금액의 10%를 위약금으로 공제하고 환급하도록 규정하고 있다. 아울러, 여신전문금융업법에 따르면 신용카드가맹점은 신용카드회원에 대하여 현금결제회원에 비해 불리한 대우를 하지 못하도록 하고 있고 가맹점수수료를 신용카드회원에게 부담시키지 못하도록 규정(제19조 제1항 및 제3항)하고 있으며, 가맹점은 자신의 매출 확대를 위해 고객과의 최초 계약체결 시 자신이 신용카드사에게 가맹점수수료를 부담할 것을 전제로 체육시설 이용료에 대해 신용카드를 통한 결제를 용인하고 있다. 설사 고객의 사정으로 인하여 계약이 해지되었다고 하더라도 카드결제회원에 대해 위약금(이용료의 10%)이외에 추가로 가맹점수수료를 부담하도록 한 당해 약관조항은 여신전문금융업법에 위반될 뿐만 아니라 신의성실의 원칙에도 반한다고 할 것이다. 그러나 위 약관에는 회비의 환불과 관련하여 이용기간에 대한 이용금액과 위약금 10%를 제외한 카드수수료 명목으로 이를 별도 공제하는 것으로 규정하고 있다. 따라서 당해 약관조항은 고객에 대하여 부당하게 과중한 손해배상의무를 부담시키는 약관조항이자 계약의 해제 또는 해지로 인한 고객의 원상회복의무를 상당한 이유없이 과중하게 부담시키거나 원상회복청구권을 부당하게 포기하도록 하는 조항으로 약관법 제8조 및 제9조 제3호에 해당되어 무효이다. ",,기각,이용기간에 대한 이용금액과 위약금 10%를 제외한 카드수수료 명목으로 이를 별도 공제,보통,근거 서술에서 약관의 규정 내용을 설명하는 형태로 인용된 문구를 그대로 옮김
법제처 OPEN API/ftc,1155,,바디스타의 회원가입약관상 불공정약관조항에 대한 건,https://www.law.go.kr/DRF/lawService.do?OC=test&target=ftc&ID=1155&type=HTML,"헬스장내에서의 고객물품의 분실, 도난에 대한 사업자의 면책 조항",무효,명시,위험,"제7조,제9조,제11조",책임 면제|일방적 계약 해지|권리행사 제한|보증금 반환 지연,"3. 헬스장내에서의 고객물품의 분실, 도난에 대한 사업자의 면책 조항 가. 약관조항 나. 심사의견: 무효 상법상 공중접객업자는 고객으로부터 임치받은 물건의 보관상 주의를 게을리하지 아니하였음을 증명하지 아니하면 그 물건의 멸실 또는 훼손으로 인한 손해배상의 책임이 있고, 고객으로부터 임치받지 아니한 경우에도 그 시설 내에 휴대한 물건이 공중접객업자 자신 또는 그 사용인의 과실로 인하여 멸실 또는 훼손되었을 대에는 그 손해를 배상할 책임이 있다고 규정(상법 제152조 제1항 및 제2항)하고 있으며, 이에 따라 시설물 내에서의 도난사고의 발생이 사업자의 과실에서 야기된 경우라면 사업자가 그 책임을 지는 것은 당연하다 할 것이다. 또한, 민법상 사업자의 고의 또는 과실로 인한 위법행위로 타인에게 손해를 가한 때에는 그 손해를 배상할 책임이 있으며(민법 제750조) 공작물의 설치 또는 보존의 하자로 인해 타인에게 손해를 가한 때에는 점유자 또는 소유자가 손해배상의 책임이 있다고 규정(민법 제758조 제1항)하고 있으므로 사업자의 과실에 기인한 안전사고에는 사업자가 배상책임을 지어야 할 것이다. 물론 귀중품 등을 안내데스크에 맡기지 않은 경우 우선적으로는 이용자 본인에게 자신의 물건등의 관리책임이 있을 것이다. 그러나 위 약관에는 헬스장내에서 사업자에게 별도로 보관시키지 않은 물품의 분실, 도난에 대해 사업자의 귀책유무를 따짐이 없이 사업자가 면책되는 것으로 규정하고 있다. 따라서 당해 약관조항은 사업자의 고의 또는 중대한 과실로 인한 법률상의 책임을 배제하는 조항으로 약관법 제7조 제1호에 해당되어 무효이다. ]]> 나. 심사의견: 무효 대중체육시설 이용계약은 상당히 장기간에 걸쳐 존속되기 때문에 장래 회원이 불가피하게 계약을 해지해야 할 사정이 발생할 수 있다. 이러한 경우에도 계약해지를 제한하여 이미 고객이 사업자에게 납부한 급부를 일절 반환하지 않는 것은 사업자의 이익에만 치중하게 한 것이라 할 수 있다. 이에 이런 취지를 고려하여 「방문판매 등에 관한 법률」(이하 '방판법’이라 한다)에서 계속거래업자와 계약을 체결한 소비자는 언제든지 계약을 해지할 수 있고, 이에 대하여 계속거래업자는 위약금을 공제하고 대금의 환급조치를 취하여야 한다고 규정(방판법 제29조 및 제30조)하고 있다. 또한, 체력단련장 표준약관 및 소비자분쟁해결기준에서도 체육시설을 이용하는 소비자의 귀책사유로 개시일 이후 계약을 해지할 경우 취소일까지의 이용일수에 해당하는 금액과 총 이용금액의 10%를 위약금으로 공제하고 환급하도록 규정하고 있다. 따라서 계속거래계약을 체결한 헬스장 이용고객은 특별한 제한 없이 언제든지 회원 탈퇴가 가능해야 할 것이고 사업자는 고객의 귀책사유로 계약을 해지할 경우 이용기간에 대한 이용료와 위약금을 공제하고 반환하는 것이 타당하다 할 것이다. 그러나 위 약관에는 1개월 회원권에 대해서 중도 계약해지가 불가능한 것으로 규정하고 있다. 따라서 당해 약관조항은 법률의 규정에 의한 고객의 해제권 또는 해지권을 배제하거나 그 행사를 제한하는 조항이자 ",,기각,,,"근거 서술에 조항 문구 인용 없음. '헬스장내에서 사업자에게 별도로 보관시키지 않은 물품의 분실, 도난에 대해 사업자의 귀책유무를 따짐이 없이 사업자가 면책되는 것으로 규정'이라는 내용 설명만 있음"
법제처 OPEN API/ftc,11451,,변호사 권두섭 등 15개 사업자의 위임계약서상 불공정약관조항에 대한 건,https://www.law.go.kr/DRF/lawService.do?OC=test&target=ftc&ID=11451&type=HTML,(문서 전체 — 조항 구분 없음),무효,명시,위험,제6조,부당한 비용·세금 전가|선택권 제한·구입 강제|과도한 위약금,"11451 시정권고서 2011약관0143 ∼ 2011약관0157 * 갑 : 위임인(청구인), 을 : 수임인(피심인) 2. 심사의견 : 무효 당해 계약서를 통해 피심인들은 위임인들을 사업장 별로 묶어서 공동소송을 제기하였다. 이러한 공동소송의 형태는 공동소송인과 상대방 사이의 청구가 각기 별개 독립의 것이고 단지 편의상 하나의 소송절차에 의하는 것이 바람직하여 병합된 통상공동소송의 형태이다. 통상공동소송에서 소송비용은 소송의 결과 및 소가 등에 따라 위임인마다 다르게 발생하게 된다. 이 때 우리나라 법원은 소송비용에 관한 주문에서 소송비용을 공동소송인이 균등하게 분담한다고 판결하는 경우가 많지만 실제 내부적으로 공동소송인간에 실제 발생하는 소송비용의 차이가 많이 발생하는 경우에는 그들 사이의 합의와 실체법에 의해 해결할 수 있다. 그런데, 해당 약관조항은 특별한 사유 없이 위임인들이 소송비용을 모두 균등하게 분담하도록 규정함으로써 이러한 합의와 실체법에 의한 해결 자체를 못하도록 하고 있다. 당해 사안에서 소송의 승패나 위임인의 근무기간ㆍ근무형태에 따라 위임인마다 소송비용이 다를 수 있다. 그럼에도 당해 약관조항은 피심인의 편의를 위하여 일부 위임인(다른 위임인에 비해 소가가 적거나 패소한 위임인 등)으로 하여금 자신이 부담하지 않아도 되는 비용을 부담하도록 함으로써 위임인들 간에 형평에 반하는 결과가 된다. 피심인은 당해 위임계약을 체결하기 전에 노동조합원 총회에서 당해 약관조항과 같은 소송비용 부담방식에 대해 합의를 하였고 이러한 결과를 위임계약에 반영한 것이므로 부당하지 않다고 주장한다. 그러나 조합원 총회에서 의결이 이루어졌다고 하여 이것만으로 피심인과 위임인간에 위임계약의 구체적 내용에 대한 개별적 교섭이 이루어졌다고 보기는 어렵다. 또한 타인의 재산적 권리에 대한 사항은 총회에서 다수결로 결정할 수 있는 사항도 아니다. 그러므로 소송비용을 소가 및 소송결과와 상관없이 위임인간에 소송비용을 균등하게 분담하도록 한 당해 약관조항은 고객에게 부당하게 불리한 약관조항으로서 약관법 제6조 제2항 제1호에 해당하여 무효이다. ]]> * 갑 : 위임인(청구인), 을 : 수임인(피심인) 2. 심사의견 : 무효 당해 계약서를 통해 피심인들은 위임인들을 사업장 별로 묶어서 공동소송을 제기하였다. 이러한 공동소송의 형태는 공동소송인과 상대방 사이의 청구가 각기 별개 독립의 것이고 단지 편의상 하나의 소송절차에 의하는 것이 바람직하여 병합된 통상공동소송의 형태이다. 통상공동소송에서 소송비용은 소송의 결과 및 소가 등에 따라 위임인마다 다르게 발생하게 된다. 이 때 우리나라 법원은 소송비용에 관한 주문에서 소송비용을 공동소송인이 균등하게 분담한다고 판결하는 경우가 많지만 실제 내부적으로 공동소송인간에 실제 발생하는 소송비용의 차이가 많이 발생하는 경우에는 그들 사이의 합의와 실체법에 의해 해결할 수 있다. 그런데, 해당 약관조항은 특별한 사유 없이 위임인들이 소송비용을 모두 균등하게 분담하도록 규정함으로써 이러한 합의와 실체법에 의한 해결 자체를 못하",,기각,위임인들이 소송비용을 모두 균등하게 분담하도록,보통,인용 표시 없이 약관조항의 핵심 내용이 서술된 문구를 그대로 옮김
법제처 OPEN API/ftc,11437,,변호사 권두섭 등 15개 사업자의 위임계약서상 불공정약관조항에 대한 건,https://www.law.go.kr/DRF/lawService.do?OC=test&target=ftc&ID=11437&type=HTML,(문서 전체 — 조항 구분 없음),무효,명시,위험,제6조,부당한 비용·세금 전가|선택권 제한·구입 강제|과도한 위약금,"11437 시정권고서 2011약관0143 ∼ 2011약관0157 * 갑 : 위임인(청구인), 을 : 수임인(피심인) 2. 심사의견 : 무효 당해 계약서를 통해 피심인들은 위임인들을 사업장 별로 묶어서 공동소송을 제기하였다. 이러한 공동소송의 형태는 공동소송인과 상대방 사이의 청구가 각기 별개 독립의 것이고 단지 편의상 하나의 소송절차에 의하는 것이 바람직하여 병합된 통상공동소송의 형태이다. 통상공동소송에서 소송비용은 소송의 결과 및 소가 등에 따라 위임인마다 다르게 발생하게 된다. 이 때 우리나라 법원은 소송비용에 관한 주문에서 소송비용을 공동소송인이 균등하게 분담한다고 판결하는 경우가 많지만 실제 내부적으로 공동소송인간에 실제 발생하는 소송비용의 차이가 많이 발생하는 경우에는 그들 사이의 합의와 실체법에 의해 해결할 수 있다. 그런데, 해당 약관조항은 특별한 사유 없이 위임인들이 소송비용을 모두 균등하게 분담하도록 규정함으로써 이러한 합의와 실체법에 의한 해결 자체를 못하도록 하고 있다. 당해 사안에서 소송의 승패나 위임인의 근무기간ㆍ근무형태에 따라 위임인마다 소송비용이 다를 수 있다. 그럼에도 당해 약관조항은 피심인의 편의를 위하여 일부 위임인(다른 위임인에 비해 소가가 적거나 패소한 위임인 등)으로 하여금 자신이 부담하지 않아도 되는 비용을 부담하도록 함으로써 위임인들 간에 형평에 반하는 결과가 된다. 피심인은 당해 위임계약을 체결하기 전에 노동조합원 총회에서 당해 약관조항과 같은 소송비용 부담방식에 대해 합의를 하였고 이러한 결과를 위임계약에 반영한 것이므로 부당하지 않다고 주장한다. 그러나 조합원 총회에서 의결이 이루어졌다고 하여 이것만으로 피심인과 위임인간에 위임계약의 구체적 내용에 대한 개별적 교섭이 이루어졌다고 보기는 어렵다. 또한 타인의 재산적 권리에 대한 사항은 총회에서 다수결로 결정할 수 있는 사항도 아니다. 그러므로 소송비용을 소가 및 소송결과와 상관없이 위임인간에 소송비용을 균등하게 분담하도록 한 당해 약관조항은 고객에게 부당하게 불리한 약관조항으로서 약관법 제6조 제2항 제1호에 해당하여 무효이다. ]]> * 갑 : 위임인(청구인), 을 : 수임인(피심인) 2. 심사의견 : 무효 당해 계약서를 통해 피심인들은 위임인들을 사업장 별로 묶어서 공동소송을 제기하였다. 이러한 공동소송의 형태는 공동소송인과 상대방 사이의 청구가 각기 별개 독립의 것이고 단지 편의상 하나의 소송절차에 의하는 것이 바람직하여 병합된 통상공동소송의 형태이다. 통상공동소송에서 소송비용은 소송의 결과 및 소가 등에 따라 위임인마다 다르게 발생하게 된다. 이 때 우리나라 법원은 소송비용에 관한 주문에서 소송비용을 공동소송인이 균등하게 분담한다고 판결하는 경우가 많지만 실제 내부적으로 공동소송인간에 실제 발생하는 소송비용의 차이가 많이 발생하는 경우에는 그들 사이의 합의와 실체법에 의해 해결할 수 있다. 그런데, 해당 약관조항은 특별한 사유 없이 위임인들이 소송비용을 모두 균등하게 분담하도록 규정함으로써 이러한 합의와 실체법에 의한 해결 자체를 못하",,기각,위임인들이 소송비용을 모두 균등하게 분담하도록 규정,보통,"따옴표 없이 서술되었으나, 심사의견에서 문제 조항의 핵심 내용을 직접 기술한 부분으로 보임"
법제처 OPEN API/ftc,11407,,변호사 권두섭 등 15개 사업자의 위임계약서상 불공정약관조항에 대한 건,https://www.law.go.kr/DRF/lawService.do?OC=test&target=ftc&ID=11407&type=HTML,(문서 전체 — 조항 구분 없음),무효,명시,위험,제6조,부당한 비용·세금 전가|선택권 제한·구입 강제|과도한 위약금,"11407 시정권고서 2011약관0143 ∼ 2011약관0157 * 갑 : 위임인(청구인), 을 : 수임인(피심인) 2. 심사의견 : 무효 당해 계약서를 통해 피심인들은 위임인들을 사업장 별로 묶어서 공동소송을 제기하였다. 이러한 공동소송의 형태는 공동소송인과 상대방 사이의 청구가 각기 별개 독립의 것이고 단지 편의상 하나의 소송절차에 의하는 것이 바람직하여 병합된 통상공동소송의 형태이다. 통상공동소송에서 소송비용은 소송의 결과 및 소가 등에 따라 위임인마다 다르게 발생하게 된다. 이 때 우리나라 법원은 소송비용에 관한 주문에서 소송비용을 공동소송인이 균등하게 분담한다고 판결하는 경우가 많지만 실제 내부적으로 공동소송인간에 실제 발생하는 소송비용의 차이가 많이 발생하는 경우에는 그들 사이의 합의와 실체법에 의해 해결할 수 있다. 그런데, 해당 약관조항은 특별한 사유 없이 위임인들이 소송비용을 모두 균등하게 분담하도록 규정함으로써 이러한 합의와 실체법에 의한 해결 자체를 못하도록 하고 있다. 당해 사안에서 소송의 승패나 위임인의 근무기간ㆍ근무형태에 따라 위임인마다 소송비용이 다를 수 있다. 그럼에도 당해 약관조항은 피심인의 편의를 위하여 일부 위임인(다른 위임인에 비해 소가가 적거나 패소한 위임인 등)으로 하여금 자신이 부담하지 않아도 되는 비용을 부담하도록 함으로써 위임인들 간에 형평에 반하는 결과가 된다. 피심인은 당해 위임계약을 체결하기 전에 노동조합원 총회에서 당해 약관조항과 같은 소송비용 부담방식에 대해 합의를 하였고 이러한 결과를 위임계약에 반영한 것이므로 부당하지 않다고 주장한다. 그러나 조합원 총회에서 의결이 이루어졌다고 하여 이것만으로 피심인과 위임인간에 위임계약의 구체적 내용에 대한 개별적 교섭이 이루어졌다고 보기는 어렵다. 또한 타인의 재산적 권리에 대한 사항은 총회에서 다수결로 결정할 수 있는 사항도 아니다. 그러므로 소송비용을 소가 및 소송결과와 상관없이 위임인간에 소송비용을 균등하게 분담하도록 한 당해 약관조항은 고객에게 부당하게 불리한 약관조항으로서 약관법 제6조 제2항 제1호에 해당하여 무효이다. ]]> * 갑 : 위임인(청구인), 을 : 수임인(피심인) 2. 심사의견 : 무효 당해 계약서를 통해 피심인들은 위임인들을 사업장 별로 묶어서 공동소송을 제기하였다. 이러한 공동소송의 형태는 공동소송인과 상대방 사이의 청구가 각기 별개 독립의 것이고 단지 편의상 하나의 소송절차에 의하는 것이 바람직하여 병합된 통상공동소송의 형태이다. 통상공동소송에서 소송비용은 소송의 결과 및 소가 등에 따라 위임인마다 다르게 발생하게 된다. 이 때 우리나라 법원은 소송비용에 관한 주문에서 소송비용을 공동소송인이 균등하게 분담한다고 판결하는 경우가 많지만 실제 내부적으로 공동소송인간에 실제 발생하는 소송비용의 차이가 많이 발생하는 경우에는 그들 사이의 합의와 실체법에 의해 해결할 수 있다. 그런데, 해당 약관조항은 특별한 사유 없이 위임인들이 소송비용을 모두 균등하게 분담하도록 규정함으로써 이러한 합의와 실체법에 의한 해결 자체를 못하",,기각,위임인들이 소송비용을 모두 균등하게 분담하도록 규정,보통,"따옴표 없이 서술되었으나, 심사의견에서 문제 조항의 핵심 내용을 직접 기술한 부분으로 보임"
법제처 OPEN API/ftc,11401,,변호사 권두섭 등 15개 사업자의 위임계약서상 불공정약관조항에 대한 건,https://www.law.go.kr/DRF/lawService.do?OC=test&target=ftc&ID=11401&type=HTML,(문서 전체 — 조항 구분 없음),무효,명시,위험,제6조,부당한 비용·세금 전가|선택권 제한·구입 강제|과도한 위약금,"11401 시정권고서 2011약관0143 ∼ 2011약관0157 * 갑 : 위임인(청구인), 을 : 수임인(피심인) 2. 심사의견 : 무효 당해 계약서를 통해 피심인들은 위임인들을 사업장 별로 묶어서 공동소송을 제기하였다. 이러한 공동소송의 형태는 공동소송인과 상대방 사이의 청구가 각기 별개 독립의 것이고 단지 편의상 하나의 소송절차에 의하는 것이 바람직하여 병합된 통상공동소송의 형태이다. 통상공동소송에서 소송비용은 소송의 결과 및 소가 등에 따라 위임인마다 다르게 발생하게 된다. 이 때 우리나라 법원은 소송비용에 관한 주문에서 소송비용을 공동소송인이 균등하게 분담한다고 판결하는 경우가 많지만 실제 내부적으로 공동소송인간에 실제 발생하는 소송비용의 차이가 많이 발생하는 경우에는 그들 사이의 합의와 실체법에 의해 해결할 수 있다. 그런데, 해당 약관조항은 특별한 사유 없이 위임인들이 소송비용을 모두 균등하게 분담하도록 규정함으로써 이러한 합의와 실체법에 의한 해결 자체를 못하도록 하고 있다. 당해 사안에서 소송의 승패나 위임인의 근무기간ㆍ근무형태에 따라 위임인마다 소송비용이 다를 수 있다. 그럼에도 당해 약관조항은 피심인의 편의를 위하여 일부 위임인(다른 위임인에 비해 소가가 적거나 패소한 위임인 등)으로 하여금 자신이 부담하지 않아도 되는 비용을 부담하도록 함으로써 위임인들 간에 형평에 반하는 결과가 된다. 피심인은 당해 위임계약을 체결하기 전에 노동조합원 총회에서 당해 약관조항과 같은 소송비용 부담방식에 대해 합의를 하였고 이러한 결과를 위임계약에 반영한 것이므로 부당하지 않다고 주장한다. 그러나 조합원 총회에서 의결이 이루어졌다고 하여 이것만으로 피심인과 위임인간에 위임계약의 구체적 내용에 대한 개별적 교섭이 이루어졌다고 보기는 어렵다. 또한 타인의 재산적 권리에 대한 사항은 총회에서 다수결로 결정할 수 있는 사항도 아니다. 그러므로 소송비용을 소가 및 소송결과와 상관없이 위임인간에 소송비용을 균등하게 분담하도록 한 당해 약관조항은 고객에게 부당하게 불리한 약관조항으로서 약관법 제6조 제2항 제1호에 해당하여 무효이다. ]]> * 갑 : 위임인(청구인), 을 : 수임인(피심인) 2. 심사의견 : 무효 당해 계약서를 통해 피심인들은 위임인들을 사업장 별로 묶어서 공동소송을 제기하였다. 이러한 공동소송의 형태는 공동소송인과 상대방 사이의 청구가 각기 별개 독립의 것이고 단지 편의상 하나의 소송절차에 의하는 것이 바람직하여 병합된 통상공동소송의 형태이다. 통상공동소송에서 소송비용은 소송의 결과 및 소가 등에 따라 위임인마다 다르게 발생하게 된다. 이 때 우리나라 법원은 소송비용에 관한 주문에서 소송비용을 공동소송인이 균등하게 분담한다고 판결하는 경우가 많지만 실제 내부적으로 공동소송인간에 실제 발생하는 소송비용의 차이가 많이 발생하는 경우에는 그들 사이의 합의와 실체법에 의해 해결할 수 있다. 그런데, 해당 약관조항은 특별한 사유 없이 위임인들이 소송비용을 모두 균등하게 분담하도록 규정함으로써 이러한 합의와 실체법에 의한 해결 자체를 못하",,기각,위임인들이 소송비용을 모두 균등하게 분담하도록,보통,인용 표시 없이 약관조항의 내용으로 보이는 서술을 그대로 옮김
법제처 OPEN API/ftc,11443,,변호사 권두섭 등 15개 사업자의 위임계약서상 불공정약관조항에 대한 건,https://www.law.go.kr/DRF/lawService.do?OC=test&target=ftc&ID=11443&type=HTML,(문서 전체 — 조항 구분 없음),무효,명시,위험,제6조,부당한 비용·세금 전가|선택권 제한·구입 강제|과도한 위약금,"11443 시정권고서 2011약관0143 ∼ 2011약관0157 * 갑 : 위임인(청구인), 을 : 수임인(피심인) 2. 심사의견 : 무효 당해 계약서를 통해 피심인들은 위임인들을 사업장 별로 묶어서 공동소송을 제기하였다. 이러한 공동소송의 형태는 공동소송인과 상대방 사이의 청구가 각기 별개 독립의 것이고 단지 편의상 하나의 소송절차에 의하는 것이 바람직하여 병합된 통상공동소송의 형태이다. 통상공동소송에서 소송비용은 소송의 결과 및 소가 등에 따라 위임인마다 다르게 발생하게 된다. 이 때 우리나라 법원은 소송비용에 관한 주문에서 소송비용을 공동소송인이 균등하게 분담한다고 판결하는 경우가 많지만 실제 내부적으로 공동소송인간에 실제 발생하는 소송비용의 차이가 많이 발생하는 경우에는 그들 사이의 합의와 실체법에 의해 해결할 수 있다. 그런데, 해당 약관조항은 특별한 사유 없이 위임인들이 소송비용을 모두 균등하게 분담하도록 규정함으로써 이러한 합의와 실체법에 의한 해결 자체를 못하도록 하고 있다. 당해 사안에서 소송의 승패나 위임인의 근무기간ㆍ근무형태에 따라 위임인마다 소송비용이 다를 수 있다. 그럼에도 당해 약관조항은 피심인의 편의를 위하여 일부 위임인(다른 위임인에 비해 소가가 적거나 패소한 위임인 등)으로 하여금 자신이 부담하지 않아도 되는 비용을 부담하도록 함으로써 위임인들 간에 형평에 반하는 결과가 된다. 피심인은 당해 위임계약을 체결하기 전에 노동조합원 총회에서 당해 약관조항과 같은 소송비용 부담방식에 대해 합의를 하였고 이러한 결과를 위임계약에 반영한 것이므로 부당하지 않다고 주장한다. 그러나 조합원 총회에서 의결이 이루어졌다고 하여 이것만으로 피심인과 위임인간에 위임계약의 구체적 내용에 대한 개별적 교섭이 이루어졌다고 보기는 어렵다. 또한 타인의 재산적 권리에 대한 사항은 총회에서 다수결로 결정할 수 있는 사항도 아니다. 그러므로 소송비용을 소가 및 소송결과와 상관없이 위임인간에 소송비용을 균등하게 분담하도록 한 당해 약관조항은 고객에게 부당하게 불리한 약관조항으로서 약관법 제6조 제2항 제1호에 해당하여 무효이다. ]]> * 갑 : 위임인(청구인), 을 : 수임인(피심인) 2. 심사의견 : 무효 당해 계약서를 통해 피심인들은 위임인들을 사업장 별로 묶어서 공동소송을 제기하였다. 이러한 공동소송의 형태는 공동소송인과 상대방 사이의 청구가 각기 별개 독립의 것이고 단지 편의상 하나의 소송절차에 의하는 것이 바람직하여 병합된 통상공동소송의 형태이다. 통상공동소송에서 소송비용은 소송의 결과 및 소가 등에 따라 위임인마다 다르게 발생하게 된다. 이 때 우리나라 법원은 소송비용에 관한 주문에서 소송비용을 공동소송인이 균등하게 분담한다고 판결하는 경우가 많지만 실제 내부적으로 공동소송인간에 실제 발생하는 소송비용의 차이가 많이 발생하는 경우에는 그들 사이의 합의와 실체법에 의해 해결할 수 있다. 그런데, 해당 약관조항은 특별한 사유 없이 위임인들이 소송비용을 모두 균등하게 분담하도록 규정함으로써 이러한 합의와 실체법에 의한 해결 자체를 못하",,기각,위임인들이 소송비용을 모두 균등하게 분담하도록 규정,보통,"따옴표 없이 서술되었으나, 약관조항의 핵심 내용으로 보이는 문구를 그대로 옮김"
법제처 OPEN API/ftc,11449,,변호사 권두섭 등 15개 사업자의 위임계약서상 불공정약관조항에 대한 건,https://www.law.go.kr/DRF/lawService.do?OC=test&target=ftc&ID=11449&type=HTML,(문서 전체 — 조항 구분 없음),무효,명시,위험,제6조,부당한 비용·세금 전가|선택권 제한·구입 강제|과도한 위약금,"11449 시정권고서 2011약관0143 ∼ 2011약관0157 * 갑 : 위임인(청구인), 을 : 수임인(피심인) 2. 심사의견 : 무효 당해 계약서를 통해 피심인들은 위임인들을 사업장 별로 묶어서 공동소송을 제기하였다. 이러한 공동소송의 형태는 공동소송인과 상대방 사이의 청구가 각기 별개 독립의 것이고 단지 편의상 하나의 소송절차에 의하는 것이 바람직하여 병합된 통상공동소송의 형태이다. 통상공동소송에서 소송비용은 소송의 결과 및 소가 등에 따라 위임인마다 다르게 발생하게 된다. 이 때 우리나라 법원은 소송비용에 관한 주문에서 소송비용을 공동소송인이 균등하게 분담한다고 판결하는 경우가 많지만 실제 내부적으로 공동소송인간에 실제 발생하는 소송비용의 차이가 많이 발생하는 경우에는 그들 사이의 합의와 실체법에 의해 해결할 수 있다. 그런데, 해당 약관조항은 특별한 사유 없이 위임인들이 소송비용을 모두 균등하게 분담하도록 규정함으로써 이러한 합의와 실체법에 의한 해결 자체를 못하도록 하고 있다. 당해 사안에서 소송의 승패나 위임인의 근무기간ㆍ근무형태에 따라 위임인마다 소송비용이 다를 수 있다. 그럼에도 당해 약관조항은 피심인의 편의를 위하여 일부 위임인(다른 위임인에 비해 소가가 적거나 패소한 위임인 등)으로 하여금 자신이 부담하지 않아도 되는 비용을 부담하도록 함으로써 위임인들 간에 형평에 반하는 결과가 된다. 피심인은 당해 위임계약을 체결하기 전에 노동조합원 총회에서 당해 약관조항과 같은 소송비용 부담방식에 대해 합의를 하였고 이러한 결과를 위임계약에 반영한 것이므로 부당하지 않다고 주장한다. 그러나 조합원 총회에서 의결이 이루어졌다고 하여 이것만으로 피심인과 위임인간에 위임계약의 구체적 내용에 대한 개별적 교섭이 이루어졌다고 보기는 어렵다. 또한 타인의 재산적 권리에 대한 사항은 총회에서 다수결로 결정할 수 있는 사항도 아니다. 그러므로 소송비용을 소가 및 소송결과와 상관없이 위임인간에 소송비용을 균등하게 분담하도록 한 당해 약관조항은 고객에게 부당하게 불리한 약관조항으로서 약관법 제6조 제2항 제1호에 해당하여 무효이다. ]]> * 갑 : 위임인(청구인), 을 : 수임인(피심인) 2. 심사의견 : 무효 당해 계약서를 통해 피심인들은 위임인들을 사업장 별로 묶어서 공동소송을 제기하였다. 이러한 공동소송의 형태는 공동소송인과 상대방 사이의 청구가 각기 별개 독립의 것이고 단지 편의상 하나의 소송절차에 의하는 것이 바람직하여 병합된 통상공동소송의 형태이다. 통상공동소송에서 소송비용은 소송의 결과 및 소가 등에 따라 위임인마다 다르게 발생하게 된다. 이 때 우리나라 법원은 소송비용에 관한 주문에서 소송비용을 공동소송인이 균등하게 분담한다고 판결하는 경우가 많지만 실제 내부적으로 공동소송인간에 실제 발생하는 소송비용의 차이가 많이 발생하는 경우에는 그들 사이의 합의와 실체법에 의해 해결할 수 있다. 그런데, 해당 약관조항은 특별한 사유 없이 위임인들이 소송비용을 모두 균등하게 분담하도록 규정함으로써 이러한 합의와 실체법에 의한 해결 자체를 못하",,기각,위임인들이 소송비용을 모두 균등하게 분담하도록 규정,보통,"따옴표 없이 서술되었으나, 심사의견에서 문제 조항의 핵심 내용을 직접 기술한 부분으로 보임"
법제처 OPEN API/ftc,11447,,변호사 권두섭 등 15개 사업자의 위임계약서상 불공정약관조항에 대한 건,https://www.law.go.kr/DRF/lawService.do?OC=test&target=ftc&ID=11447&type=HTML,(문서 전체 — 조항 구분 없음),무효,명시,위험,제6조,부당한 비용·세금 전가|선택권 제한·구입 강제|과도한 위약금,"11447 시정권고서 2011약관0143 ∼ 2011약관0157 * 갑 : 위임인(청구인), 을 : 수임인(피심인) 2. 심사의견 : 무효 당해 계약서를 통해 피심인들은 위임인들을 사업장 별로 묶어서 공동소송을 제기하였다. 이러한 공동소송의 형태는 공동소송인과 상대방 사이의 청구가 각기 별개 독립의 것이고 단지 편의상 하나의 소송절차에 의하는 것이 바람직하여 병합된 통상공동소송의 형태이다. 통상공동소송에서 소송비용은 소송의 결과 및 소가 등에 따라 위임인마다 다르게 발생하게 된다. 이 때 우리나라 법원은 소송비용에 관한 주문에서 소송비용을 공동소송인이 균등하게 분담한다고 판결하는 경우가 많지만 실제 내부적으로 공동소송인간에 실제 발생하는 소송비용의 차이가 많이 발생하는 경우에는 그들 사이의 합의와 실체법에 의해 해결할 수 있다. 그런데, 해당 약관조항은 특별한 사유 없이 위임인들이 소송비용을 모두 균등하게 분담하도록 규정함으로써 이러한 합의와 실체법에 의한 해결 자체를 못하도록 하고 있다. 당해 사안에서 소송의 승패나 위임인의 근무기간ㆍ근무형태에 따라 위임인마다 소송비용이 다를 수 있다. 그럼에도 당해 약관조항은 피심인의 편의를 위하여 일부 위임인(다른 위임인에 비해 소가가 적거나 패소한 위임인 등)으로 하여금 자신이 부담하지 않아도 되는 비용을 부담하도록 함으로써 위임인들 간에 형평에 반하는 결과가 된다. 피심인은 당해 위임계약을 체결하기 전에 노동조합원 총회에서 당해 약관조항과 같은 소송비용 부담방식에 대해 합의를 하였고 이러한 결과를 위임계약에 반영한 것이므로 부당하지 않다고 주장한다. 그러나 조합원 총회에서 의결이 이루어졌다고 하여 이것만으로 피심인과 위임인간에 위임계약의 구체적 내용에 대한 개별적 교섭이 이루어졌다고 보기는 어렵다. 또한 타인의 재산적 권리에 대한 사항은 총회에서 다수결로 결정할 수 있는 사항도 아니다. 그러므로 소송비용을 소가 및 소송결과와 상관없이 위임인간에 소송비용을 균등하게 분담하도록 한 당해 약관조항은 고객에게 부당하게 불리한 약관조항으로서 약관법 제6조 제2항 제1호에 해당하여 무효이다. ]]> * 갑 : 위임인(청구인), 을 : 수임인(피심인) 2. 심사의견 : 무효 당해 계약서를 통해 피심인들은 위임인들을 사업장 별로 묶어서 공동소송을 제기하였다. 이러한 공동소송의 형태는 공동소송인과 상대방 사이의 청구가 각기 별개 독립의 것이고 단지 편의상 하나의 소송절차에 의하는 것이 바람직하여 병합된 통상공동소송의 형태이다. 통상공동소송에서 소송비용은 소송의 결과 및 소가 등에 따라 위임인마다 다르게 발생하게 된다. 이 때 우리나라 법원은 소송비용에 관한 주문에서 소송비용을 공동소송인이 균등하게 분담한다고 판결하는 경우가 많지만 실제 내부적으로 공동소송인간에 실제 발생하는 소송비용의 차이가 많이 발생하는 경우에는 그들 사이의 합의와 실체법에 의해 해결할 수 있다. 그런데, 해당 약관조항은 특별한 사유 없이 위임인들이 소송비용을 모두 균등하게 분담하도록 규정함으로써 이러한 합의와 실체법에 의한 해결 자체를 못하",,기각,위임인들이 소송비용을 모두 균등하게 분담하도록,보통,인용 표시 없이 약관조항의 내용으로 보이는 서술을 그대로 옮김
법제처 OPEN API/ftc,11359,,변호사 권두섭 등 15개 사업자의 위임계약서상 불공정약관조항에 대한 건,https://www.law.go.kr/DRF/lawService.do?OC=test&target=ftc&ID=11359&type=HTML,(문서 전체 — 조항 구분 없음),무효,명시,위험,제6조,부당한 비용·세금 전가|선택권 제한·구입 강제|과도한 위약금,"11359 시정권고서 2011약관0143 ∼ 2011약관0157 * 갑 : 위임인(청구인), 을 : 수임인(피심인) 2. 심사의견 : 무효 당해 계약서를 통해 피심인들은 위임인들을 사업장 별로 묶어서 공동소송을 제기하였다. 이러한 공동소송의 형태는 공동소송인과 상대방 사이의 청구가 각기 별개 독립의 것이고 단지 편의상 하나의 소송절차에 의하는 것이 바람직하여 병합된 통상공동소송의 형태이다. 통상공동소송에서 소송비용은 소송의 결과 및 소가 등에 따라 위임인마다 다르게 발생하게 된다. 이 때 우리나라 법원은 소송비용에 관한 주문에서 소송비용을 공동소송인이 균등하게 분담한다고 판결하는 경우가 많지만 실제 내부적으로 공동소송인간에 실제 발생하는 소송비용의 차이가 많이 발생하는 경우에는 그들 사이의 합의와 실체법에 의해 해결할 수 있다. 그런데, 해당 약관조항은 특별한 사유 없이 위임인들이 소송비용을 모두 균등하게 분담하도록 규정함으로써 이러한 합의와 실체법에 의한 해결 자체를 못하도록 하고 있다. 당해 사안에서 소송의 승패나 위임인의 근무기간ㆍ근무형태에 따라 위임인마다 소송비용이 다를 수 있다. 그럼에도 당해 약관조항은 피심인의 편의를 위하여 일부 위임인(다른 위임인에 비해 소가가 적거나 패소한 위임인 등)으로 하여금 자신이 부담하지 않아도 되는 비용을 부담하도록 함으로써 위임인들 간에 형평에 반하는 결과가 된다. 피심인은 당해 위임계약을 체결하기 전에 노동조합원 총회에서 당해 약관조항과 같은 소송비용 부담방식에 대해 합의를 하였고 이러한 결과를 위임계약에 반영한 것이므로 부당하지 않다고 주장한다. 그러나 조합원 총회에서 의결이 이루어졌다고 하여 이것만으로 피심인과 위임인간에 위임계약의 구체적 내용에 대한 개별적 교섭이 이루어졌다고 보기는 어렵다. 또한 타인의 재산적 권리에 대한 사항은 총회에서 다수결로 결정할 수 있는 사항도 아니다. 그러므로 소송비용을 소가 및 소송결과와 상관없이 위임인간에 소송비용을 균등하게 분담하도록 한 당해 약관조항은 고객에게 부당하게 불리한 약관조항으로서 약관법 제6조 제2항 제1호에 해당하여 무효이다. ]]> * 갑 : 위임인(청구인), 을 : 수임인(피심인) 2. 심사의견 : 무효 당해 계약서를 통해 피심인들은 위임인들을 사업장 별로 묶어서 공동소송을 제기하였다. 이러한 공동소송의 형태는 공동소송인과 상대방 사이의 청구가 각기 별개 독립의 것이고 단지 편의상 하나의 소송절차에 의하는 것이 바람직하여 병합된 통상공동소송의 형태이다. 통상공동소송에서 소송비용은 소송의 결과 및 소가 등에 따라 위임인마다 다르게 발생하게 된다. 이 때 우리나라 법원은 소송비용에 관한 주문에서 소송비용을 공동소송인이 균등하게 분담한다고 판결하는 경우가 많지만 실제 내부적으로 공동소송인간에 실제 발생하는 소송비용의 차이가 많이 발생하는 경우에는 그들 사이의 합의와 실체법에 의해 해결할 수 있다. 그런데, 해당 약관조항은 특별한 사유 없이 위임인들이 소송비용을 모두 균등하게 분담하도록 규정함으로써 이러한 합의와 실체법에 의한 해결 자체를 못하",,기각,위임인들이 소송비용을 모두 균등하게 분담하도록 규정,보통,"따옴표 없이 서술되었으나, 약관조항의 핵심 내용으로 보이는 문구를 그대로 옮김"
법제처 OPEN API/ftc,11453,,변호사 권두섭 등 15개 사업자의 위임계약서상 불공정약관조항에 대한 건,https://www.law.go.kr/DRF/lawService.do?OC=test&target=ftc&ID=11453&type=HTML,(문서 전체 — 조항 구분 없음),무효,명시,위험,제6조,부당한 비용·세금 전가|선택권 제한·구입 강제|과도한 위약금,"11453 시정권고서 2011약관0143 ∼ 2011약관0157 * 갑 : 위임인(청구인), 을 : 수임인(피심인) 2. 심사의견 : 무효 당해 계약서를 통해 피심인들은 위임인들을 사업장 별로 묶어서 공동소송을 제기하였다. 이러한 공동소송의 형태는 공동소송인과 상대방 사이의 청구가 각기 별개 독립의 것이고 단지 편의상 하나의 소송절차에 의하는 것이 바람직하여 병합된 통상공동소송의 형태이다. 통상공동소송에서 소송비용은 소송의 결과 및 소가 등에 따라 위임인마다 다르게 발생하게 된다. 이 때 우리나라 법원은 소송비용에 관한 주문에서 소송비용을 공동소송인이 균등하게 분담한다고 판결하는 경우가 많지만 실제 내부적으로 공동소송인간에 실제 발생하는 소송비용의 차이가 많이 발생하는 경우에는 그들 사이의 합의와 실체법에 의해 해결할 수 있다. 그런데, 해당 약관조항은 특별한 사유 없이 위임인들이 소송비용을 모두 균등하게 분담하도록 규정함으로써 이러한 합의와 실체법에 의한 해결 자체를 못하도록 하고 있다. 당해 사안에서 소송의 승패나 위임인의 근무기간ㆍ근무형태에 따라 위임인마다 소송비용이 다를 수 있다. 그럼에도 당해 약관조항은 피심인의 편의를 위하여 일부 위임인(다른 위임인에 비해 소가가 적거나 패소한 위임인 등)으로 하여금 자신이 부담하지 않아도 되는 비용을 부담하도록 함으로써 위임인들 간에 형평에 반하는 결과가 된다. 피심인은 당해 위임계약을 체결하기 전에 노동조합원 총회에서 당해 약관조항과 같은 소송비용 부담방식에 대해 합의를 하였고 이러한 결과를 위임계약에 반영한 것이므로 부당하지 않다고 주장한다. 그러나 조합원 총회에서 의결이 이루어졌다고 하여 이것만으로 피심인과 위임인간에 위임계약의 구체적 내용에 대한 개별적 교섭이 이루어졌다고 보기는 어렵다. 또한 타인의 재산적 권리에 대한 사항은 총회에서 다수결로 결정할 수 있는 사항도 아니다. 그러므로 소송비용을 소가 및 소송결과와 상관없이 위임인간에 소송비용을 균등하게 분담하도록 한 당해 약관조항은 고객에게 부당하게 불리한 약관조항으로서 약관법 제6조 제2항 제1호에 해당하여 무효이다. ]]> * 갑 : 위임인(청구인), 을 : 수임인(피심인) 2. 심사의견 : 무효 당해 계약서를 통해 피심인들은 위임인들을 사업장 별로 묶어서 공동소송을 제기하였다. 이러한 공동소송의 형태는 공동소송인과 상대방 사이의 청구가 각기 별개 독립의 것이고 단지 편의상 하나의 소송절차에 의하는 것이 바람직하여 병합된 통상공동소송의 형태이다. 통상공동소송에서 소송비용은 소송의 결과 및 소가 등에 따라 위임인마다 다르게 발생하게 된다. 이 때 우리나라 법원은 소송비용에 관한 주문에서 소송비용을 공동소송인이 균등하게 분담한다고 판결하는 경우가 많지만 실제 내부적으로 공동소송인간에 실제 발생하는 소송비용의 차이가 많이 발생하는 경우에는 그들 사이의 합의와 실체법에 의해 해결할 수 있다. 그런데, 해당 약관조항은 특별한 사유 없이 위임인들이 소송비용을 모두 균등하게 분담하도록 규정함으로써 이러한 합의와 실체법에 의한 해결 자체를 못하",,기각,위임인들이 소송비용을 모두 균등하게 분담하도록,보통,"인용 표시 없이 약관조항의 내용이 서술된 형태로, 문제가 된 조항의 핵심 규정 부분을 그대로 옮김"
법제처 OPEN API/ftc,11445,,변호사 권두섭 등 15개 사업자의 위임계약서상 불공정약관조항에 대한 건,https://www.law.go.kr/DRF/lawService.do?OC=test&target=ftc&ID=11445&type=HTML,(문서 전체 — 조항 구분 없음),무효,명시,위험,제6조,부당한 비용·세금 전가|선택권 제한·구입 강제|과도한 위약금,"11445 시정권고서 2011약관0143 ∼ 2011약관0157 * 갑 : 위임인(청구인), 을 : 수임인(피심인) 2. 심사의견 : 무효 당해 계약서를 통해 피심인들은 위임인들을 사업장 별로 묶어서 공동소송을 제기하였다. 이러한 공동소송의 형태는 공동소송인과 상대방 사이의 청구가 각기 별개 독립의 것이고 단지 편의상 하나의 소송절차에 의하는 것이 바람직하여 병합된 통상공동소송의 형태이다. 통상공동소송에서 소송비용은 소송의 결과 및 소가 등에 따라 위임인마다 다르게 발생하게 된다. 이 때 우리나라 법원은 소송비용에 관한 주문에서 소송비용을 공동소송인이 균등하게 분담한다고 판결하는 경우가 많지만 실제 내부적으로 공동소송인간에 실제 발생하는 소송비용의 차이가 많이 발생하는 경우에는 그들 사이의 합의와 실체법에 의해 해결할 수 있다. 그런데, 해당 약관조항은 특별한 사유 없이 위임인들이 소송비용을 모두 균등하게 분담하도록 규정함으로써 이러한 합의와 실체법에 의한 해결 자체를 못하도록 하고 있다. 당해 사안에서 소송의 승패나 위임인의 근무기간ㆍ근무형태에 따라 위임인마다 소송비용이 다를 수 있다. 그럼에도 당해 약관조항은 피심인의 편의를 위하여 일부 위임인(다른 위임인에 비해 소가가 적거나 패소한 위임인 등)으로 하여금 자신이 부담하지 않아도 되는 비용을 부담하도록 함으로써 위임인들 간에 형평에 반하는 결과가 된다. 피심인은 당해 위임계약을 체결하기 전에 노동조합원 총회에서 당해 약관조항과 같은 소송비용 부담방식에 대해 합의를 하였고 이러한 결과를 위임계약에 반영한 것이므로 부당하지 않다고 주장한다. 그러나 조합원 총회에서 의결이 이루어졌다고 하여 이것만으로 피심인과 위임인간에 위임계약의 구체적 내용에 대한 개별적 교섭이 이루어졌다고 보기는 어렵다. 또한 타인의 재산적 권리에 대한 사항은 총회에서 다수결로 결정할 수 있는 사항도 아니다. 그러므로 소송비용을 소가 및 소송결과와 상관없이 위임인간에 소송비용을 균등하게 분담하도록 한 당해 약관조항은 고객에게 부당하게 불리한 약관조항으로서 약관법 제6조 제2항 제1호에 해당하여 무효이다. ]]> * 갑 : 위임인(청구인), 을 : 수임인(피심인) 2. 심사의견 : 무효 당해 계약서를 통해 피심인들은 위임인들을 사업장 별로 묶어서 공동소송을 제기하였다. 이러한 공동소송의 형태는 공동소송인과 상대방 사이의 청구가 각기 별개 독립의 것이고 단지 편의상 하나의 소송절차에 의하는 것이 바람직하여 병합된 통상공동소송의 형태이다. 통상공동소송에서 소송비용은 소송의 결과 및 소가 등에 따라 위임인마다 다르게 발생하게 된다. 이 때 우리나라 법원은 소송비용에 관한 주문에서 소송비용을 공동소송인이 균등하게 분담한다고 판결하는 경우가 많지만 실제 내부적으로 공동소송인간에 실제 발생하는 소송비용의 차이가 많이 발생하는 경우에는 그들 사이의 합의와 실체법에 의해 해결할 수 있다. 그런데, 해당 약관조항은 특별한 사유 없이 위임인들이 소송비용을 모두 균등하게 분담하도록 규정함으로써 이러한 합의와 실체법에 의한 해결 자체를 못하",,기각,위임인들이 소송비용을 모두 균등하게 분담하도록 규정,보통,"따옴표 없이 서술되었으나, 심사의견에서 문제 조항의 핵심 내용을 직접 기술한 부분으로 보임"
법제처 OPEN API/ftc,11371,,변호사 권두섭 등 15개 사업자의 위임계약서상 불공정약관조항에 대한 건,https://www.law.go.kr/DRF/lawService.do?OC=test&target=ftc&ID=11371&type=HTML,(문서 전체 — 조항 구분 없음),무효,명시,위험,제6조,부당한 비용·세금 전가|선택권 제한·구입 강제|과도한 위약금,"11371 시정권고서 2011약관0143 ∼ 2011약관0157 * 갑 : 위임인(청구인), 을 : 수임인(피심인) 2. 심사의견 : 무효 당해 계약서를 통해 피심인들은 위임인들을 사업장 별로 묶어서 공동소송을 제기하였다. 이러한 공동소송의 형태는 공동소송인과 상대방 사이의 청구가 각기 별개 독립의 것이고 단지 편의상 하나의 소송절차에 의하는 것이 바람직하여 병합된 통상공동소송의 형태이다. 통상공동소송에서 소송비용은 소송의 결과 및 소가 등에 따라 위임인마다 다르게 발생하게 된다. 이 때 우리나라 법원은 소송비용에 관한 주문에서 소송비용을 공동소송인이 균등하게 분담한다고 판결하는 경우가 많지만 실제 내부적으로 공동소송인간에 실제 발생하는 소송비용의 차이가 많이 발생하는 경우에는 그들 사이의 합의와 실체법에 의해 해결할 수 있다. 그런데, 해당 약관조항은 특별한 사유 없이 위임인들이 소송비용을 모두 균등하게 분담하도록 규정함으로써 이러한 합의와 실체법에 의한 해결 자체를 못하도록 하고 있다. 당해 사안에서 소송의 승패나 위임인의 근무기간ㆍ근무형태에 따라 위임인마다 소송비용이 다를 수 있다. 그럼에도 당해 약관조항은 피심인의 편의를 위하여 일부 위임인(다른 위임인에 비해 소가가 적거나 패소한 위임인 등)으로 하여금 자신이 부담하지 않아도 되는 비용을 부담하도록 함으로써 위임인들 간에 형평에 반하는 결과가 된다. 피심인은 당해 위임계약을 체결하기 전에 노동조합원 총회에서 당해 약관조항과 같은 소송비용 부담방식에 대해 합의를 하였고 이러한 결과를 위임계약에 반영한 것이므로 부당하지 않다고 주장한다. 그러나 조합원 총회에서 의결이 이루어졌다고 하여 이것만으로 피심인과 위임인간에 위임계약의 구체적 내용에 대한 개별적 교섭이 이루어졌다고 보기는 어렵다. 또한 타인의 재산적 권리에 대한 사항은 총회에서 다수결로 결정할 수 있는 사항도 아니다. 그러므로 소송비용을 소가 및 소송결과와 상관없이 위임인간에 소송비용을 균등하게 분담하도록 한 당해 약관조항은 고객에게 부당하게 불리한 약관조항으로서 약관법 제6조 제2항 제1호에 해당하여 무효이다. ]]> * 갑 : 위임인(청구인), 을 : 수임인(피심인) 2. 심사의견 : 무효 당해 계약서를 통해 피심인들은 위임인들을 사업장 별로 묶어서 공동소송을 제기하였다. 이러한 공동소송의 형태는 공동소송인과 상대방 사이의 청구가 각기 별개 독립의 것이고 단지 편의상 하나의 소송절차에 의하는 것이 바람직하여 병합된 통상공동소송의 형태이다. 통상공동소송에서 소송비용은 소송의 결과 및 소가 등에 따라 위임인마다 다르게 발생하게 된다. 이 때 우리나라 법원은 소송비용에 관한 주문에서 소송비용을 공동소송인이 균등하게 분담한다고 판결하는 경우가 많지만 실제 내부적으로 공동소송인간에 실제 발생하는 소송비용의 차이가 많이 발생하는 경우에는 그들 사이의 합의와 실체법에 의해 해결할 수 있다. 그런데, 해당 약관조항은 특별한 사유 없이 위임인들이 소송비용을 모두 균등하게 분담하도록 규정함으로써 이러한 합의와 실체법에 의한 해결 자체를 못하",,기각,위임인들이 소송비용을 모두 균등하게 분담하도록 규정,보통,"따옴표 없이 서술되었으나, 약관조항의 핵심 내용으로 보이는 문구를 그대로 옮김"
법제처 OPEN API/ftc,1221,,불공정약관조항에 대한 건,https://www.law.go.kr/DRF/lawService.do?OC=test&target=ftc&ID=1221&type=HTML,분쟁 해결 조항,무효,명시,위험,"제5조,제6조,제7조,제8조,제14조",부당한 비용·세금 전가|선택권 제한·구입 강제|과도한 위약금|책임 면제|권리행사 제한,"3. 분쟁 해결 조항 (1) 약관조항 (2) 심사결과 : 무효 약관이란 사업자에 의해 일방적으로 사전에 작성된 계약의 내용이 되는 것으로 대부분 사업자에게 유리하게 작성되는 문제점이 있는 바, 이러한 약관의 특성 때문에 명확하게 해석되지 않는 약관조항이 있는 경우에는 '작성자 불이익의 원칙’에 의해 그 원인을 제공한 자가 불명확의 위험을 부담하여야 할 것이다. 그러나 당해 약관조항은 참가약정의 해석에 관하여 주최자와 전시자간의 이견이 발생하는 경우에는 주최자의 해석이 우선한다고 약정하고 있다. 이는 약관의 해석원칙인 '작성자 불이익의 원칙’(약관법 제5조 제2항)에 반한다. 따라서 위 약관조항은 약관법 제6조 제2항 제1호 소정의 고객에게 부당하게 불리한 약관조항에 해당하여 무효이다. 또한, 중재법상 동 법 제36조(중재판정취소의 소) 제2항 각호의 어느 하나에 규정하는 특정한 경우에 중재판정의 취소의 소를 제기할 수 있도록 규정하고 있다. 그러나 당해 약관조항은 대한상사중재원의 중재판정에 대하여 법원에 제소할 수 없도록 약정하고 있다. 따라서 위 약관조항은 약관법 제14조 소정의 고객에 대하여 부당하게 불리한 소제기 금지조항에 해당하여 무효이다. ]]> (2) 심사결과 : 무효 위 약관조항의 해약금(참가비의 50% 또는 100%)은 고객의 사정으로 계약해제 시 고객이 부담해야 할 책임부분으로서 위약금을 정한 것인데 채무불이행의 경우에 채권자가 자기의 급부의무를 이행하지 아니하고 계약관계를 청산하기 위한 목적으로 배상액을 예정한 것으로 판단되는 바, 이는 손해배상액의 예정으로 추정된다.(민법 제398조 제4항) 손해배상액의 예정인 위약금은 구체적으로 고객의 귀책사유여부, 계약해제시점, 해제에 따른 손해액의 정도, 사업자가 대체고객 확보를 위해 최선의 노력으로 손실을 방지할 수 있는지 여부, 대관사용료 등 수입총액에서 대관이 취소됨으로 인해 절감한 비용 등을 종합적으로 감안하여 산정한 금액이어야 할 것이다. 또한, 당해 약관상 부스임대료와 광고비로 구성되어 있는 참가비의 경우, 광고비는 계약해제 시점을 기준으로 집행잔액에 대해서는 반환을 하여야 하고 위약금은 전시장의 부스임대에 따른 기대이익을 반영하는 수준에서 부과하여야 함이 합리적이라 할 것이다. 그러나 당해 약관조항은 고객이 귀책사유로 인하여 계약을 해제할 경우 통상의 위약금(총 거래금액의 10%) 수준을 훨씬 상회하는 참가비의 50% 또는 100%를 해약금으로 약정하고 있다. 따라서 당해 약관조항은 약관법 제8조 소정의 고객에 대하여 부당하게 과중한 손해배상의무를 부담시키는 조항에 해당하여 무효이다. 2. 천재지변 등 불가항력적인 사유에 의한 전시회 취소 시 참가비 반환 및 보상 청구 불가 조항 (1) 약관조항 (2) 심사결과 : 무효 우리 민법은 쌍무계약에 있어서 당사자 일방의 채무가 쌍방의 책임없는 사유로 이행불능이 된 경우에 그에 따른 불이익을 채무자에게 부담시키는 “채무자위험부담주의”를 채택하고 있다(민법 제537조). 즉, 양당사자의 귀책없이 급부가 후발적 불능이 된 경우에",,기각,참가약정의 해석에 관하여 주최자와 전시자간의 이견이 발생하는 경우에는 주최자의 해석이 우선한다,보통,인용 표시 없이 서술되었으나 조항 문구로 보이는 내용을 그대로 옮김
법제처 OPEN API/ftc,1221,,불공정약관조항에 대한 건,https://www.law.go.kr/DRF/lawService.do?OC=test&target=ftc&ID=1221&type=HTML,분쟁 해결 조항,무효,명시,위험,"제5조,제6조,제14조",부당한 비용·세금 전가|선택권 제한·구입 강제|과도한 위약금|권리행사 제한,"3. 분쟁 해결 조항 (1) 약관조항 (2) 심사결과 : 무효 약관이란 사업자에 의해 일방적으로 사전에 작성된 계약의 내용이 되는 것으로 대부분 사업자에게 유리하게 작성되는 문제점이 있는 바, 이러한 약관의 특성 때문에 명확하게 해석되지 않는 약관조항이 있는 경우에는 '작성자 불이익의 원칙’에 의해 그 원인을 제공한 자가 불명확의 위험을 부담하여야 할 것이다. 그러나 당해 약관조항은 참가약정의 해석에 관하여 주최자와 전시자간의 이견이 발생하는 경우에는 주최자의 해석이 우선한다고 약정하고 있다. 이는 약관의 해석원칙인 '작성자 불이익의 원칙’(약관법 제5조 제2항)에 반한다. 따라서 위 약관조항은 약관법 제6조 제2항 제1호 소정의 고객에게 부당하게 불리한 약관조항에 해당하여 무효이다. 또한, 중재법상 동 법 제36조(중재판정취소의 소) 제2항 각호의 어느 하나에 규정하는 특정한 경우에 중재판정의 취소의 소를 제기할 수 있도록 규정하고 있다. 그러나 당해 약관조항은 대한상사중재원의 중재판정에 대하여 법원에 제소할 수 없도록 약정하고 있다. 따라서 위 약관조항은 약관법 제14조 소정의 고객에 대하여 부당하게 불리한 소제기 금지조항에 해당하여 무효이다. ]]>",,기각,참가약정의 해석에 관하여 주최자와 전시자간의 이견이 발생하는 경우에는 주최자의 해석이 우선한다,보통,인용 표시 없이 서술되었으나 조항 문구로 보이는 내용을 그대로 옮김
법제처 OPEN API/ftc,10389,,불공정약관조항에 대한 건,https://www.law.go.kr/DRF/lawService.do?OC=test&target=ftc&ID=10389&type=HTML,(문서 전체 — 조항 구분 없음),무효,조문인용 추론,위험,제7조,책임 면제,"10389 시정권고서 2008약관 2. 검토의견 : 무효 ○ 건축물의 공급계약에 있어서 공급면적 및 대지의 공유지분이 당초에 계약했던 내용과 상이한 경우에는 정산절차를 걸치는 것이 당연하다 할 것임. - 비록 그 차이가 건축법 시행규칙에서 허용하는 범위라 하더라도 이는 기술상 문제로 인하여 발생할 수 있는 오차범위에 대해 규정한 것이므로 오차가 발생된 경우에는 정산하는 것이 타당함. ○ 또한 지하주차장의 면적은 건축물 공급계약체결시 계약면적에 포함되는 것으로서 건축물의 자체의 가치를 증감시킬 수 있는 중요한 부분 중 하나라고 할 것이며, 이의 공사비용은 분양가에 반영되어 있다고 봄이 타당하므로, 당초 계약면적에 비해 증감이 발생하였을 경우에는 이에 대해 정산절차를 거쳐야 할 것임. ○ 따라서 공급면적 또는 대지의 공유지분이 법령이 허용하는 범위 내에서 오차가 발생할 경우에는 분양대금의 변동이 없는 것으로 하며, 지하주차장의 면적이 계약내용과 다르게 증감되는 경우에도 정산을 요구하지 않도록 규정하고 있는 피심인의 위 약관조항은 상당한 이유 없이 사업자의 담보책임을 배제 또는 제한하는 조항으로서 약관법 제7조 제3호에 해당됨. ]]> 2. 검토의견 : 무효 ○ 건축물의 공급계약에 있어서 공급면적 및 대지의 공유지분이 당초에 계약했던 내용과 상이한 경우에는 정산절차를 걸치는 것이 당연하다 할 것임. - 비록 그 차이가 건축법 시행규칙에서 허용하는 범위라 하더라도 이는 기술상 문제로 인하여 발생할 수 있는 오차범위에 대해 규정한 것이므로 오차가 발생된 경우에는 정산하는 것이 타당함. ○ 또한 지하주차장의 면적은 건축물 공급계약체결시 계약면적에 포함되는 것으로서 건축물의 자체의 가치를 증감시킬 수 있는 중요한 부분 중 하나라고 할 것이며, 이의 공사비용은 분양가에 반영되어 있다고 봄이 타당하므로, 당초 계약면적에 비해 증감이 발생하였을 경우에는 이에 대해 정산절차를 거쳐야 할 것임. ○ 따라서 공급면적 또는 대지의 공유지분이 법령이 허용하는 범위 내에서 오차가 발생할 경우에는 분양대금의 변동이 없는 것으로 하며, 지하주차장의 면적이 계약내용과 다르게 증감되는 경우에도 정산을 요구하지 않도록 규정하고 있는 피심인의 위 약관조항은 상당한 이유 없이 사업자의 담보책임을 배제 또는 제한하는 조항으로서 약관법 제7조 제3호에 해당됨. ]]> 2. 검토의견 : 무효 ○ 건축물의 공급계약에 있어서 공급면적 및 대지의 공유지분이 당초에 계약했던 내용과 상이한 경우에는 정산절차를 걸치는 것이 당연하다 할 것임. - 비록 그 차이가 건축법 시행규칙에서 허용하는 범위라 하더라도 이는 기술상 문제로 인하여 발생할 수 있는 오차범위에 대해 규정한 것이므로 오차가 발생된 경우에는 정산하는 것이 타당함. ○ 또한 지하주차장의 면적은 건축물 공급계약체결시 계약면적에 포함되는 것으로서 건축물의 자체의 가치를 증감시킬 수 있는 중요한 부분 중 하나라고 할 것이며, 이의 공사비용은 분양가에 반영되어 있다고 봄이 타당하므로, 당초 계약면적에 비해 증감이 발생하였을 경우에는 이에 대",,기각,"공급면적 또는 대지의 공유지분이 법령이 허용하는 범위 내에서 오차가 발생할 경우에는 분양대금의 변동이 없는 것으로 하며, 지하주차장의 면적이 계약내용과 다르게 증감되는 경우에도 정산을 요구하지 않도록 규정",보통,따옴표 없이 서술되었으나 '피심인의 위 약관조항은' 앞에 명시된 조항 내용으로 보임
법제처 OPEN API/ftc,10787,,불공정약관조항에 대한 건,https://www.law.go.kr/DRF/lawService.do?OC=test&target=ftc&ID=10787&type=HTML,(문서 전체 — 조항 구분 없음),무효,명시,위험,제7조,책임 면제,"10787 시정권고서 2008약관1793 2. 심사의견 : 무효 ○ 악성코드 제거 프로그램 제공업자는 그 제품의 구조, 품질, 성능 등에 있어서 그 유통당시의 기술 수준과 경제성에 비추어 기대 가능한 범위 내의 안전성을 갖춘 제품을 제조, 판매하여야 할 책임이 있음. - 따라서 이러한 안정성을 갖추지 못한 결함 등 사업자의 귀책사유로 발생한 해킹사고, 데이터 손실, PC의 오작동 등으로 인하여 고객에게 손해가 발생하였다면 사업자가 이에 대해 배상하여야 할 것임. ○ 또한 천재지변이 아닌 사업자의 귀책사유로 인하여 발생한 장비의 고장과 사전에 고객에게 미리 고지하지 않고 행한 장비의 보수 및 교체작업 등으로 인하여 고객에게 손해가 발생하였다면 이에 귀책사유가 있는 사업자가 배상하여야 할 것임. ○ 그러나 피심인의 위 약관조항은 자신의 귀책사유인 프로그램상 결함 및 시스템 보수 및 교체 작업 등으로 인하여 발생하는 고객의 피해 등에 대하여 책임을 지지 않는다고 규정하고 있음. ○ 따라서 이는 사업자의 고의 또는 중대한 과실로 인한 법률상 책임을 제한하는 조항으로 약관법 제7조 제1호에 해당됨. ]]> 2. 심사의견 : 무효 ○ 악성코드 제거 프로그램 제공업자는 그 제품의 구조, 품질, 성능 등에 있어서 그 유통당시의 기술 수준과 경제성에 비추어 기대 가능한 범위 내의 안전성을 갖춘 제품을 제조, 판매하여야 할 책임이 있음. - 따라서 이러한 안정성을 갖추지 못한 결함 등 사업자의 귀책사유로 발생한 해킹사고, 데이터 손실, PC의 오작동 등으로 인하여 고객에게 손해가 발생하였다면 사업자가 이에 대해 배상하여야 할 것임. ○ 또한 천재지변이 아닌 사업자의 귀책사유로 인하여 발생한 장비의 고장과 사전에 고객에게 미리 고지하지 않고 행한 장비의 보수 및 교체작업 등으로 인하여 고객에게 손해가 발생하였다면 이에 귀책사유가 있는 사업자가 배상하여야 할 것임. ○ 그러나 피심인의 위 약관조항은 자신의 귀책사유인 프로그램상 결함 및 시스템 보수 및 교체 작업 등으로 인하여 발생하는 고객의 피해 등에 대하여 책임을 지지 않는다고 규정하고 있음. ○ 따라서 이는 사업자의 고의 또는 중대한 과실로 인한 법률상 책임을 제한하는 조항으로 약관법 제7조 제1호에 해당됨. ]]> 2. 심사의견 : 무효 ○ 악성코드 제거 프로그램 제공업자는 그 제품의 구조, 품질, 성능 등에 있어서 그 유통당시의 기술 수준과 경제성에 비추어 기대 가능한 범위 내의 안전성을 갖춘 제품을 제조, 판매하여야 할 책임이 있음. - 따라서 이러한 안정성을 갖추지 못한 결함 등 사업자의 귀책사유로 발생한 해킹사고, 데이터 손실, PC의 오작동 등으로 인하여 고객에게 손해가 발생하였다면 사업자가 이에 대해 배상하여야 할 것임. ○ 또한 천재지변이 아닌 사업자의 귀책사유로 인하여 발생한 장비의 고장과 사전에 고객에게 미리 고지하지 않고 행한 장비의 보수 및 교체작업 등으로 인하여 고객에게 손해가 발생하였다면 이에 귀책사유가 있는 사업자가 배상하여야 할 것임. ○ 그러나 피심인의 위 약관조항은 자신의",,기각,,,"근거 서술에 조항 문구 인용 없음. 약관조항의 내용이 '책임을 지지 않는다고 규정하고 있음'으로만 설명되어 있고, 실제 조항 문구는 인용되지 않음"
법제처 OPEN API/ftc,1219,,비씨카드(주)의 IC카드납품계약서상 불공정 약관조항에 대한 건,https://www.law.go.kr/DRF/lawService.do?OC=test&target=ftc&ID=1219&type=HTML,(문서 전체 — 조항 구분 없음),무효,명시,위험,제8조,과도한 위약금,"1219 시정권고서 2010약관1544 2. 심사결과 : 무효 일반적으로 계약상대방의 계약이행을 강제하고 상대방의 귀책으로 인한 손해발생시 이를 보전하기 위하여 위약금인 계약보증금 규정을 둘 수 있으나 계약보증금은 계약당사자 쌍방의 이익을 균형있게 고려한 적정한 수준에서 고려되어야 한다. 피심인은 위약금인 계약보증금 규정을 두고 있음에도 별도 차액보증금 규정을 둠으로써 다음과 같이 고객에 대하여 부당하게 과중한 손해배상의무를 부담시키는 동시에 고객에게 일방적으로 불리하여 약관법 제8조 및 제6조 제2항 제1호에 해당된다. 첫째, 일반적으로 계약보증금은 대체로 계약금액의 10% 수준에서 정하고 있고 피심인과 같이 카드납품을 위탁하는 다른 사업자(은행 등)들도 계약보증금 외에 차액보증금을 별도로 규정하고 있지 않다. 둘째, 피심인의 제한 경쟁입찰에 응하는 업체가 청구인 외에 다수 사업자가 있어 다른 납품업체로의 교체가 용이하고, 발주절차 또한 전체 발주물량은 정해져 있으나 필요시 수시로 분할하여 발주하고 있어 상대방의 계약불이행에 따른 피해규모가 타 업종 또는 사업자에 비해 현저히 높다고 볼 수 없다. 또한, 피심인은 계약보증금 외에 지체보상금(계약서 제8조), 하자보증(계약서 제9조), 손해배상(계약서 제10조) 등의 책임을 물을 수 있도록 규정하여 상대방의 계약불이행에 따른 자신의 피해를 보전 받을 충분한 수단을 보유하고 있다. 셋째, 입찰에 참가한 상대방이 예상가격보다 저가로 낙찰받을 경우 피심인은 그 차액(예상가격 - 낙찰금액)만큼 상대방에게 대가(납품대금)를 적게 지급하게 되어 이익을 취하게 됨에도 상대방에게 차액보증금을 납부토록 하는 것은 자신에게 과도하게 유리할 뿐만 아니라, 만일 예상가격을 임의로 높게 책정할 경우 피심인은 자신이 실제 입은 손해를 현저히 상회하여 보전을 받을 수 있게 되므로 고객에게 매우 불리한 내용이다. 넷째, 차액보증금 제도는 단순 경쟁입찰에 의한 최저가 낙찰방식에서 저가입찰에 의한 부실이행 및 계약이행을 담보하기 위한 제도인데, 피심인은 입찰참가 자격으로 IC카드 개발능력을 보유하고 직전년도 납품실적이 100만매 이상인 업체 중 피심인의 제품사양을 충족하는 업체로 제한하는 등 제한적 경쟁입찰 방식을 취하고 있기 때문에 차액보증금을 규정할 합리적인 이유가 없다. ]]> 2. 심사결과 : 무효 일반적으로 계약상대방의 계약이행을 강제하고 상대방의 귀책으로 인한 손해발생시 이를 보전하기 위하여 위약금인 계약보증금 규정을 둘 수 있으나 계약보증금은 계약당사자 쌍방의 이익을 균형있게 고려한 적정한 수준에서 고려되어야 한다. 피심인은 위약금인 계약보증금 규정을 두고 있음에도 별도 차액보증금 규정을 둠으로써 다음과 같이 고객에 대하여 부당하게 과중한 손해배상의무를 부담시키는 동시에 고객에게 일방적으로 불리하여 약관법 제8조 및 제6조 제2항 제1호에 해당된다. 첫째, 일반적으로 계약보증금은 대체로 계약금액의 10% 수준에서 정하고 있고 피심인과 같이 카드납품을 위탁하는 다른 사업자(은행 등)들도 계약보증금 외에 차액보",,기각,,,"근거 서술에 조항 문구 인용 없음. '차액보증금 규정', '계약보증금' 등 내용만 설명되어 있으며, 계약서 제8조·제9조·제10조 등이 언급되나 해당 조항의 정확한 문구는 인용되지 않음"
법제처 OPEN API/ftc,10823,,사이버포스의 이지캅 프로그램의 이용약관상 불공정약관조항에 대한 건,https://www.law.go.kr/DRF/lawService.do?OC=test&target=ftc&ID=10823&type=HTML,손해배상 제한 및 면책조항,무효,명시,위험,"제7조,제9조",책임 면제|일방적 계약 해지|권리행사 제한|보증금 반환 지연,"2. 손해배상 제한 및 면책조항 가. 약관조항 나. 심사의견 : 무효 ○ 악성코드 제거 프로그램 제공업자는 그 제품의 구조, 품질, 성능 등에 있어서 그 유통당시의 기술 수준과 경제성에 비추어 기대 가능한 범위 내의 안전성을 갖춘 제품을 제조, 판매하여야 할 책임이 있음. - 따라서 이러한 안정성을 갖추지 못한 결함 등 사업자의 귀책사유로 발생한 해킹사고, 데이터 손실, PC의 오작동 등으로 인하여 고객에게 손해가 발생하였다면 사업자가 이에 대해 배상하여야 할 것임. ○ 또한 천재지변이 아닌 사업자의 귀책사유로 인하여 발생한 장비의 고장과 사전에 고객에게 미리 고지하지 않고 행한 장비의 보수 및 교체작업 등으로 인하여 고객에게 손해가 발생하였다면 이에 귀책사유가 있는 사업자가 배상하여야 할 것임. ○ 그러나 피심인의 위 약관조항은 자신의 귀책사유인 프로그램상 결함 및 시스템 보수 및 교체 작업 등으로 인하여 발생하는 고객의 피해 등에 대하여 책임을 지지 않는다고 규정하고 있음. ○ 따라서 이는 사업자의 고의 또는 중대한 과실로 인한 법률상 책임을 제한하는 조항으로 약관법 제7조 제1호에 해당됨. ]]> 나. 심사의견 : 무효 ○ 피심인은 고객으로부터 상품에 따라 일정 금액을 받고 해당기간동안 고객 PC의 스파이웨어, 애드웨어 등 악성코드를 제거해주는 서비스를 제공하는 사업자임. ○ 이들이 판매하는 상품 중 계약기간이 1월 이상이고 중도에 계약해지 하는 경우 위약금에 관한 약정이 있는 상품은 방문판매 등에 관한 법률 제2조 제8호 및 같은 법 시행령 제3조에 규정된 계속거래에 해당됨. - 따라서 위 상품을 구매한 고객은 같은 법 제29조에 따라 계약 기간 중 언제든지 계약을 해지할 수 있다고 할 것임. - 반면 사업자는 같은 법 제30조에 따라 계약해지로 인하여 발생하는 손실을 현저하게 초과하는 위약금을 청구하거나 실제 공급된 재화 등의 대가를 초과하여 수령한 대금의 반환을 부당하게 거부하여서는 아니된다고 할 것임. ○ 그러나 피심인의 위 약관조항은 계약이 체결된 후 일정시점(3일내지 10일)이 초과될 경우 고객이 일방적으로 계약을 해지할 수 없으며, 잔여기간에 대한 사용료도 반환하지 않는다고 규정하고 있음. ○ 따라서 이는 법률의 규정에 의한 고객의 해제권 또는 해지권을 배제하거나 그 행사를 제한하는 조항이자 고객의 원상회복청구권을 부당하게 포기하도록 하는 조항으로 약관법 제9조 제1호 및 제3호에 해당되는 조항임. ",,기각,,,근거 서술에 조항 문구 인용 없음. 사업자의 귀책사유로 인한 손해배상 책임 제한 내용이 설명되어 있으나 약관의 정확한 문구는 제시되지 않음
법제처 OPEN API/ftc,10823,,사이버포스의 이지캅 프로그램의 이용약관상 불공정약관조항에 대한 건,https://www.law.go.kr/DRF/lawService.do?OC=test&target=ftc&ID=10823&type=HTML,손해배상 제한 및 면책조항,무효,명시,위험,제7조,책임 면제,"2. 손해배상 제한 및 면책조항 가. 약관조항 나. 심사의견 : 무효 ○ 악성코드 제거 프로그램 제공업자는 그 제품의 구조, 품질, 성능 등에 있어서 그 유통당시의 기술 수준과 경제성에 비추어 기대 가능한 범위 내의 안전성을 갖춘 제품을 제조, 판매하여야 할 책임이 있음. - 따라서 이러한 안정성을 갖추지 못한 결함 등 사업자의 귀책사유로 발생한 해킹사고, 데이터 손실, PC의 오작동 등으로 인하여 고객에게 손해가 발생하였다면 사업자가 이에 대해 배상하여야 할 것임. ○ 또한 천재지변이 아닌 사업자의 귀책사유로 인하여 발생한 장비의 고장과 사전에 고객에게 미리 고지하지 않고 행한 장비의 보수 및 교체작업 등으로 인하여 고객에게 손해가 발생하였다면 이에 귀책사유가 있는 사업자가 배상하여야 할 것임. ○ 그러나 피심인의 위 약관조항은 자신의 귀책사유인 프로그램상 결함 및 시스템 보수 및 교체 작업 등으로 인하여 발생하는 고객의 피해 등에 대하여 책임을 지지 않는다고 규정하고 있음. ○ 따라서 이는 사업자의 고의 또는 중대한 과실로 인한 법률상 책임을 제한하는 조항으로 약관법 제7조 제1호에 해당됨. ]]>",,기각,,,근거 서술에 조항 문구 인용 없음. 피심인의 약관조항이 '자신의 귀책사유인 프로그램상 결함 및 시스템 보수 및 교체 작업 등으로 인하여 발생하는 고객의 피해 등에 대하여 책임을 지지 않는다고 규정'한다는 내용만 설명되어 있음
법제처 OPEN API/ftc,1153,,생활체육센타의 입회원서상 불공정약관조항에 대한 건,https://www.law.go.kr/DRF/lawService.do?OC=test&target=ftc&ID=1153&type=HTML,헬스장내에서의 고객물품의 분실에 대한 사업자의 면책 조항,무효,명시,위험,"제7조,제11조",책임 면제|권리행사 제한,"2. 헬스장내에서의 고객물품의 분실에 대한 사업자의 면책 조항 가. 약관조항 나. 심사의견: 무효 상법상 공중접객업자는 고객으로부터 임치받은 물건의 보관상 주의를 게을리하지 아니하였음을 증명하지 아니하면 그 물건의 멸실 또는 훼손으로 인한 손해배상의 책임이 있고, 고객으로부터 임치받지 아니한 경우에도 그 시설 내에 휴대한 물건이 공중접객업자 자신 또는 그 사용인의 과실로 인하여 멸실 또는 훼손되었을 대에는 그 손해를 배상할 책임이 있다고 규정(상법 제152조 제1항 및 제2항)하고 있으며, 이에 따라 시설물 내에서의 도난사고의 발생이 사업자의 과실에서 야기된 경우라면 사업자가 그 책임을 지는 것은 당연하다 할 것이다. 또한, 민법상 사업자의 고의 또는 과실로 인한 위법행위로 타인에게 손해를 가한 때에는 그 손해를 배상할 책임이 있으며(민법 제750조) 공작물의 설치 또는 보존의 하자로 인해 타인에게 손해를 가한 때에는 점유자 또는 소유자가 손해배상의 책임이 있다고 규정(민법 제758조 제1항)하고 있으므로 사업자의 과실에 기인한 안전사고에는 사업자가 배상책임을 지어야 할 것이다. 물론 귀중품 등을 안내데스크에 맡기지 않은 경우 우선적으로는 이용자 본인에게 자신의 물건 등의 관리책임이 있을 것이다. 그러나 위 약관에는 헬스장내에서의 고객 개인소지품의 분실에 대해 사업자의 귀책유무를 따짐이 없이 사업자가 면책되는 것으로 규정하고 있다. 따라서 당해 약관조항은 사업자의 고의 또는 중대한 과실로 인한 법률상의 책임을 배제하는 조항으로 약관법 제7조 제1호에 해당되어 무효이다. ]]> 나. 심사의견: 무효 휘트니스회원권은 회원권에 기명된 자가 해당 시설을 이용할 수 있도록 하는 권리증서로 기명식채권의 일종이라 할 것인데, 채권은 성질상 양도ㆍ양수가 불가능하거나 법률에서 금지하는 경우와 당사자간의 개별약정으로 양도ㆍ양수를 제한하는 경우를 제외하고는 원칙적으로 양도ㆍ양수가 허용된다고 할 것이다.(민법 제449조) 체육시설 이용은 일정기간동안 고객이 당해시설을 이용하는 계약으로서 일신전속적 계약이 아니므로 다른 고객이 이용한다고 하여 특별히 계약의 내용이 달라질 것은 없다. 따라서 양도ㆍ양수 시 사업자의 허락을 받거나 통지하도록 하는 등의 절차가 있다면 특별히 양도 자체를 제한할 이유가 없다 할 것이다. 또한,「체육시설의 설치ㆍ이용에 관한 법률」에서도 특별한 사유가 없는 한 회원권의 자유로운 양도를 허용하고 있다. 그러나 위 약관에는 타인에게 회원권의 양도를 금지하는 것으로 규정하고 있다. 따라서 당해 약관조항은 고객이 제3자와 계약을 체결하는 것을 부당하게 제한하는 조항으로 약관법 제11조 제3호에 해당되어 무효이다. ",,기각,,,근거 서술에 조항 문구 인용 없음. '헬스장내에서의 고객 개인소지품의 분실에 대해 사업자의 귀책유무를 따짐이 없이 사업자가 면책되는 것으로 규정'이라는 내용 설명만 있음
법제처 OPEN API/ftc,1153,,생활체육센타의 입회원서상 불공정약관조항에 대한 건,https://www.law.go.kr/DRF/lawService.do?OC=test&target=ftc&ID=1153&type=HTML,헬스장내에서의 고객물품의 분실에 대한 사업자의 면책 조항,무효,명시,위험,제7조,책임 면제,"2. 헬스장내에서의 고객물품의 분실에 대한 사업자의 면책 조항 가. 약관조항 나. 심사의견: 무효 상법상 공중접객업자는 고객으로부터 임치받은 물건의 보관상 주의를 게을리하지 아니하였음을 증명하지 아니하면 그 물건의 멸실 또는 훼손으로 인한 손해배상의 책임이 있고, 고객으로부터 임치받지 아니한 경우에도 그 시설 내에 휴대한 물건이 공중접객업자 자신 또는 그 사용인의 과실로 인하여 멸실 또는 훼손되었을 대에는 그 손해를 배상할 책임이 있다고 규정(상법 제152조 제1항 및 제2항)하고 있으며, 이에 따라 시설물 내에서의 도난사고의 발생이 사업자의 과실에서 야기된 경우라면 사업자가 그 책임을 지는 것은 당연하다 할 것이다. 또한, 민법상 사업자의 고의 또는 과실로 인한 위법행위로 타인에게 손해를 가한 때에는 그 손해를 배상할 책임이 있으며(민법 제750조) 공작물의 설치 또는 보존의 하자로 인해 타인에게 손해를 가한 때에는 점유자 또는 소유자가 손해배상의 책임이 있다고 규정(민법 제758조 제1항)하고 있으므로 사업자의 과실에 기인한 안전사고에는 사업자가 배상책임을 지어야 할 것이다. 물론 귀중품 등을 안내데스크에 맡기지 않은 경우 우선적으로는 이용자 본인에게 자신의 물건 등의 관리책임이 있을 것이다. 그러나 위 약관에는 헬스장내에서의 고객 개인소지품의 분실에 대해 사업자의 귀책유무를 따짐이 없이 사업자가 면책되는 것으로 규정하고 있다. 따라서 당해 약관조항은 사업자의 고의 또는 중대한 과실로 인한 법률상의 책임을 배제하는 조항으로 약관법 제7조 제1호에 해당되어 무효이다. ]]>",,기각,,,근거 서술에 조항 문구 인용 없음. '헬스장내에서의 고객 개인소지품의 분실에 대해 사업자의 귀책유무를 따짐이 없이 사업자가 면책되는 것으로 규정'이라는 내용 설명만 있음
법제처 OPEN API/ftc,8709,,서울교육문화연구소의 회원준수사항약관상 불공정약관조항에 대한 건,https://www.law.go.kr/DRF/lawService.do?OC=test&target=ftc&ID=8709&type=HTML,수수료 미납자에 대한 실명공개 조항,무효,명시,위험,제6조,부당한 비용·세금 전가|선택권 제한·구입 강제|과도한 위약금,"2. 수수료 미납자에 대한 실명공개 조항 가. 약관조항 나. 심사의견 : 무효 어떤 사람의 사회적 평가를 저하시킬 만한 사실을 전파한다면 형법상 명예훼손죄에 해당한다(형법 제307조 제1항). 당해 약관조항과 같이 회원이 피심인에게 수수료를 납부하지 않았다 하여 전국학교에 이 사실을 공개하면 이는 명예훼손죄의 구성요건에 해당한다. 즉, 당해 약관조항은 형법상 범죄에 해당하는 내용을 포함하고 있으므로 타당하다고 보기 어렵다. 그러므로 수수료 미납시 전국학교에 실명을 공개한다는 당해 약관조항은 고객에게 부당하게 불리한 약관조항으로써 약관법 제6조 제2항 제1호에 해당한다. ",,기각,,,근거 서술에 조항 문구 인용 없음. 내용만 설명되어 있음(수수료 미납시 전국학교에 실명을 공개한다는 내용)
법제처 OPEN API/ftc,8709,,서울교육문화연구소의 회원준수사항약관상 불공정약관조항에 대한 건,https://www.law.go.kr/DRF/lawService.do?OC=test&target=ftc&ID=8709&type=HTML,자격 미달자ㆍ신용불량자에 대한 실명 공개 조항,무효,명시,위험,제6조,부당한 비용·세금 전가|선택권 제한·구입 강제|과도한 위약금,"3. 자격 미달자ㆍ신용불량자에 대한 실명 공개 조항 가. 약관조항 나. 심사의견 : 무효 어떤 사람의 사회적 평가를 저하시킬 만한 사실을 전파한다면 형법상 명예훼손죄에 해당한다(형법 제307조 제1항). 당해 약관조항과 같이 회원이 피심인에게 수수료를 납부하지 않았다 하여 전국학교에 이 사실을 공개하면 이는 명예훼손죄의 구성요건에 해당한다. 특히 당해 약관에서 정하는 자격박탈사유를 살펴보면, 피심인이 자의적으로 정할 수 있는 사유들이다. 또한 비밀유지의무를 위반했는지 여부도 피심인이 자의적으로 판단할 여지가 충분히 있다. 따라서 피심인이 전국 학교에 알리는 내용은 '허위의 사실’에 해당할 가능성이 있다. 만약 이 내용이 허위의 사실이라면 형법에 의해 가중 처벌된다(형법 제307조 제2항). 즉, 당해 약관조항은 형법상 범죄에 해당하는 내용을 포함하고 있으므로 타당하다고 보기 어렵다. 그러므로 자격박탈시 전국학교에 실명을 공개할 수 있다는 당해 약관조항은 고객에게 부당하게 불리한 약관조항으로써 약관법 제6조 제2항 제1호에 해당한다. ",,기각,,,근거 서술에 조항 문구 인용 없음. 내용상 '자격박탈시 전국학교에 실명을 공개할 수 있다'는 취지로 설명되어 있으나 따옴표나 「」 등 명시적 인용이 없음
법제처 OPEN API/ftc,8709,,서울교육문화연구소의 회원준수사항약관상 불공정약관조항에 대한 건,https://www.law.go.kr/DRF/lawService.do?OC=test&target=ftc&ID=8709&type=HTML,신용불량자에 대한 과다한 위약금 부과조항,무효,명시,위험,제8조,과도한 위약금,"4. 신용불량자에 대한 과다한 위약금 부과조항 가. 약관조항 나. 심사의견 : 무효 피심인은 회원 중 신용불량자에게 위와 같은 위약금 1,757만원을 부과하도록 규정하고 있다. 당해 약관에 의하면, '신용불량자’란 수수료의 납부에 대하여 고의적으로 회피하거나 거부 또는 미납하는 자를 말한다. 위약금의 약정은 민법 제398조(배상액의 예정) 제4항의 규정에 의하여 손해배상액의 예정으로 추정된다. 손해배상액의 예정이란 채무불이행시 발생할 손해배상의 액수에 관하여 당사자들이 미리 정해 놓은 것을 말한다. 이러한 손해배상의 예정은 손해발생 및 손해액의 입증부담을 덜고 신속하게 손해배상의 문제를 해결하기 위한 것이지만, 계약의 목적과 내용, 예상 손해액의 크기 등을 고려할 때 부당히 과다해서는 아니된다. 또한 통상 중도해지의 경우 손해배상액의 예정은 '총 거래대금’의 10퍼센트 상당으로 함이 거래관행이다. 그런데 당해 약관조항에서는 거래대금이 아닌 한국경제조사연구원이 판단한 피심인의 사업에 대한 가치를 근거로 위약금을 산정하였다. 당해 약관에 의해 피심인이 회원에게 부과할 수 있는 것은 초기 계약비용(70만원)과 교사로 채용되었을 경우 연봉의 5%~13% 정도의 수수료이다. 따라서 계약비용과 수수료를 합친 금액이 거래대금이라 할 수 있다. 예를 들어 교사 채용시 초임 연봉이 3000만원 정도라고 할 때, 정교사가 되면 연봉의 13%를 지급해야 하는 준회원(무료회원)이 피심인에게 지급해야 하는 금액은 약 390만원 정도의 수수료이다. 따라서 거래 관행에 의하면 중도해지시에는 이의 10%정도인 39만원이 적정한 위약금이라 할 것이다. 그런데, 당해 약관조항에 의해 위약금을 산정해보면 이를 훨씬 상회한다. 물론 당해 사안은 중도해지의 경우가 아니라 회원이 수수료를 납부하지 않는 경우이다. 그러나 이러한 경우에 피심인에게 발생할 손해가 매우 커서 중도해지시의 거래관행을 훨씬 상회하는 위약금을 정해놓는 것이 타당하다고 볼 만한 근거는 없다. 오히려 중도해지시에는 사업자가 이미 지출한 비용이 있으므로 손해 발생이 명확하지만, 단순히 수수료 지급 거부의 경우에는 사업자에게 지연이자 외에는 손해가 발생한다고 보기 어렵다. 또한 수수료를 미납한 경우에는 당해 약관조항에 의한 위약금 외에 2.에서 살펴본 바와 같이 월 10%의 지연이자도 지급해야 하므로 회원에게 더욱 부당하게 과중하다고 할 것이다. 그러므로 신용불량자에게 위약금을 부과하는 당해 약관조항을 위반한 자에게 위약금을 부과하는 당해 약관조항은 부당하게 과중한 손해배상액의 예정으로써 약관법 제8조에 해당한다. ",,기각,,,근거 서술에 조항 문구 인용 없음. 신용불량자 정의와 위약금 규정 내용만 설명되어 있음
법제처 OPEN API/ftc,8709,,서울교육문화연구소의 회원준수사항약관상 불공정약관조항에 대한 건,https://www.law.go.kr/DRF/lawService.do?OC=test&target=ftc&ID=8709&type=HTML,비밀유지의무위반자에 대한 과다한 위약금 부과조항,무효,명시,위험,제8조,과도한 위약금,"5. 비밀유지의무위반자에 대한 과다한 위약금 부과조항 가. 약관조항 나. 심사의견 : 무효 피심인은 회원 중 비밀유지의무 위반자에게 위와 같은 위약금 1,757만원을 부과하도록 규정하고 있다. 위약금의 약정은 민법 제398조(배상액의 예정) 제4항의 규정에 의하여 손해배상액의 예정으로 추정된다. 손해배상액의 예정이란 채무불이행시 발생할 손해배상의 액수에 관하여 당사자들이 미리 정해 놓은 것을 말한다. 이러한 손해배상의 예정은 손해발생 및 손해액의 입증부담을 덜고 신속하게 손해배상의 문제를 해결하기 위한 것이지만, 계약의 목적과 내용, 예상 손해액의 크기 등을 고려할 때 부당히 과다해서는 아니된다. 또한 통상 중도해지의 경우 손해배상액의 예정은 '총 거래대금’의 10퍼센트 상당으로 함이 거래관행이다. 그런데 당해 약관조항에서는 거래대금이 아닌 한국경제조사연구원이 판단한 피심인의 사업에 대한 가치를 근거로 위약금을 산정하였다. 당해 약관에 의해 피심인이 회원에게 부과할 수 있는 것은 초기 계약비용(70만원)과 교사로 채용되었을 경우 연봉의 5%~13% 정도의 수수료이다. 따라서 계약비용과 수수료를 합친 금액이 거래대금이라 할 수 있다. 예를 들어 교사 채용시 초임 연봉이 3000만원 정도라고 할 때, 정교사가 되면 연봉의 13%를 지급해야 하는 준회원(무료회원)이 피심인에게 지급해야 하는 금액은 약 390만원 정도이다. 따라서 거래 관행에 의하면 중도 해지시에는 이의 10%정도인 39만원이 적정한 위약금이라 할 것이다. 그런데, 당해 약관조항에 의해 위약금을 산정해보면 이를 훨씬 상회한다. 물론 당해 사안은 중도해지의 경우가 아니라 회원이 비밀유지의무를 위반하는 경우이다. 그러나 이러한 경우에 피심인에게 발생할 손해가 매우 커서 중도해지시의 거래관행을 훨씬 상회하는 위약금을 정해놓는 것이 타당하다고 볼 만한 근거는 없다. 또한 비밀유지의무를 위반한 경우에는 누설한 비밀의 내용ㆍ정도ㆍ상대방에 따라 피심인에게 발생하는 손해의 범위가 매우 다양하다. 이 중 당해 약관조항에서 정한 1,757만원 상당의 손해가 발생하는 경우는 매우 드문 경우일 것이다. 그런데도 일률적으로 이를 위약금으로 정해 놓는 것은 회원에게 부당하게 과중하다. 그러므로 신용불량자에게 위약금을 부과하는 당해 약관조항 및 비밀유지의무를 위반한 자에게 위약금을 부과하는 당해 약관조항은 부당하게 과중한 손해배상액의 예정으로써 약관법 제8조에 해당한다. ]]> 나. 심사의견 : 무효 계약 당사자는 상대방의 계약 위반을 대비하여 이에 대한 지연손해금을 미리 정하여 놓을 수 있다. 다만, 그러한 지연손해금은 부당하게 과중하여서는 아니된다. 당해 약관조항에서는 회원이 수수료를 미납하면 월 10%의 지연이자가 부과되는데, 이는 연 120% 상당의 지연손해금에 해당한다. 피심인은 초기 계약비용을 낮게 책정한 대신 수수료에 대하여는 위와 같은 지연이자를 부과해야 한다고 주장한다. 계약비용과 수수료 자체는 상반관계(trade-off)에 있다고 할 수 있다. 즉, 계약비용이 높게 책정되면 수수료는 낮",,기각,,,"근거 서술에 조항 문구 인용 없음. 비밀유지의무 위반시 위약금 1,757만원 부과 규정의 존재만 언급되어 있으나 정확한 조항 문구는 인용되지 않음"
법제처 OPEN API/ftc,10195,,서울특별시시설관리공단의 이행각서 및 화해조항상 불공정약관조항에 대한 건,https://www.law.go.kr/DRF/lawService.do?OC=test&target=ftc&ID=10195&type=HTML,화해조항,무효,명시,위험,"제6조,제9조",부당한 비용·세금 전가|선택권 제한·구입 강제|과도한 위약금|일방적 계약 해지|권리행사 제한|보증금 반환 지연,"2. 화해조항 가. 약관조항 나. 심사의견 : 무효 ○ 계약의 일방당사자가 계약기간 중 일방적으로 계약을 해지하기 위해서는 천재지변 등 불가피한 사유로 인하여 계약을 이행할 수 없는 경우거나 상대방의 계약불이행 또는 관계법령에 별도의 근거가 있는 경우에 가능하다고 할 것임. ○ 또한 계약의 해지는 계약당사자들의 이해에 중대한 영향을 미치는 사항이므로 설사 상대방의 계약위반이 있더라도 계약을 무의미하게 할 정도가 아니라면 상당한 기간을 정하여 그 이행을 최고하고 그 기간 내에 이행하지 아니한 때에 비로소 계약을 해지할 수 있다 할 것임. ○ 그러나 피심인의 약관 제2조는 단지 국가 또는 서울특별시가 필요로 할 경우 피심인이 3개월 전에 해약통보하면 임대차계약을 일방적으로 해지할 수 있으며, 제6조는 임차인이 임대료나 관리비를 90일 이상 체납할 경우에는 별도의 최고 절차 없이 계약을 해지할 수 있다고 규정하고 있음. ○ 따라서 피심인의 위 약관 제2조 및 제6조는 사업자에게 법률에서 규정하고 있지 않은 해제권 또는 해지권을 부여하거나 법률의 규정에 의한 해제권 또는 해지권의 행사요건을 완화하여 고객에게 불이익을 줄 수 있는 조항으로 약관법 제9조 제2호에 해당됨. ]]> 나. 심사의견 : 무효 ○ 민사소송법 제389조에서는 제소전 화해의 비용부담과 관련하여 화해가 성립된 경우 특별한 합의가 없으면 당사자들이 각자 부담하고, 화해가 성립되지 않은 경우에는 신청인이 부담하도록 규정하고 있음. ○ 또한 민법 제646조에서는 임차인이 사용의 편익을 위하여 임대인의 동의를 얻어 설치한 부속물이 있을 경우 임대차의 종료시 임대인에게 그 부속물의 매수(유익비ㆍ필요비 청구)를 청구할 수 있다고 규정하고 있으며, 같은 법 제652조는 이러한 규정을 위반하는 약정으로서 임차인에게 불리한 것은 그 효력이 없다고 규정하고 있음. ○ 그러나 피심인의 위 약관조항은 제소전 화해를 실시할 경우 화해성립 여부 및 비용에 대한 합의 여부와 상관없이 화해비용은 임차인이 부담하며, 점포내부시설에 소요된 임차인의 비용 등 기타 금원에 대해 일체 금원을 요구할 수 없다고 규정하고 있음. ○ 따라서 이는 고객에게 부당하게 불리한 약관조항이자 법률의 규정에 의한 임차인의 권리를 배제 또는 제한하는 약관조항으로 약관법 제6조 제2항 제1호 및 제11조 제1호에 해당됨. ",,기각,"제소전 화해를 실시할 경우 화해성립 여부 및 비용에 대한 합의 여부와 상관없이 화해비용은 임차인이 부담하며, 점포내부시설에 소요된 임차인의 비용 등 기타 금원에 대해 일체 금원을 요구할 수 없다",높음,공정위 판단 근거 서술에서 약관조항의 내용이 직접 인용되어 있음
법제처 OPEN API/ftc,10195,,서울특별시시설관리공단의 이행각서 및 화해조항상 불공정약관조항에 대한 건,https://www.law.go.kr/DRF/lawService.do?OC=test&target=ftc&ID=10195&type=HTML,화해조항,무효,명시,위험,제9조,일방적 계약 해지|권리행사 제한|보증금 반환 지연,"2. 화해조항 가. 약관조항 나. 심사의견 : 무효 ○ 계약의 일방당사자가 계약기간 중 일방적으로 계약을 해지하기 위해서는 천재지변 등 불가피한 사유로 인하여 계약을 이행할 수 없는 경우거나 상대방의 계약불이행 또는 관계법령에 별도의 근거가 있는 경우에 가능하다고 할 것임. ○ 또한 계약의 해지는 계약당사자들의 이해에 중대한 영향을 미치는 사항이므로 설사 상대방의 계약위반이 있더라도 계약을 무의미하게 할 정도가 아니라면 상당한 기간을 정하여 그 이행을 최고하고 그 기간 내에 이행하지 아니한 때에 비로소 계약을 해지할 수 있다 할 것임. ○ 그러나 피심인의 약관 제2조는 단지 국가 또는 서울특별시가 필요로 할 경우 피심인이 3개월 전에 해약통보하면 임대차계약을 일방적으로 해지할 수 있으며, 제6조는 임차인이 임대료나 관리비를 90일 이상 체납할 경우에는 별도의 최고 절차 없이 계약을 해지할 수 있다고 규정하고 있음. ○ 따라서 피심인의 위 약관 제2조 및 제6조는 사업자에게 법률에서 규정하고 있지 않은 해제권 또는 해지권을 부여하거나 법률의 규정에 의한 해제권 또는 해지권의 행사요건을 완화하여 고객에게 불이익을 줄 수 있는 조항으로 약관법 제9조 제2호에 해당됨. ]]>",,기각,,,"근거 서술에 조항 문구 인용 없음. 제2조와 제6조의 내용이 설명되어 있으나 따옴표나 인용 표시가 없고, 정확한 조항 원문이 제시되지 않음"
법제처 OPEN API/ftc,9001,,성창에프앤디(주)의 개발비납부각서상 불공정약관조항에 대한 건,https://www.law.go.kr/DRF/lawService.do?OC=test&target=ftc&ID=9001&type=HTML,(문서 전체 — 조항 구분 없음),무효,명시,위험,제6조,부당한 비용·세금 전가|선택권 제한·구입 강제|과도한 위약금,"9001 시정권고서 2009약관2957 (2) 심사결과 : 무효 개발비는 수분양자가 차임 및 보증금과는 별도로 상가활성화를 위한 비용의 명목으로 지급하는 것이므로, 사업자는 개발비의 지급목적 즉, 상가활성화를 위한 홍보, 상가시설조성 등의 용도로 이를 사용하여야 한다. 해당 약관조항은 개발비를 사용할 수 있는 홍보의 범위를 특정하지 아니하여 홍보의 내용이나 목적이 수분양자들의 이익과는 직접 관련이 없는 경우 즉, 분양자체를 위한 홍보 등에도 이를 사용할 수 있도록 하고 있다. 상가의 분양자체를 위한 홍보도 상가를 홍보하는 효과가 있고, 일정수준의 분양이 이루어져야 상가가 활성화되는 점을 고려할 때 간접적으로 상가활성화에 도움이 되는 측면이 있다. 그러나 분양자체를 위한 홍보비는 원칙적으로 사업자가 부담하여야 할 비용에 해당한다 할 것이어서 위와 같은 간접적, 부수적 효과를 이유로 수분양자가 전적으로 이를 부담케 하는 것은 타당하지 않다 할 것이다. 또한 개발비를 인테리어비용에 사용할 수 있도록 하고 있는 바, 그 범위가 광범위하여 상가건물로서 기능하기 위하여 갖추어야 할 기본적인 인테리어비용에도 이를 사용할 수 있게 된다. 위 기본적인 인테리어비용은 임차인이 상가의 사용수익에 대한 대가로 지급하는 차임에 포함되어 있으므로 위 용도로 개발비를 지급받아 사용하는 것은 결국 이중으로 차임을 지급받는 결과가 된다 할 것이다. 또한 분양비용은 사업자가 자신의 업무인 분양과 관련하여 사용하는 것으로 사업자가 마땅히 부담하여야 할 것인데도 이에 개발비를 사용할 수 있도록 하여 임차인에게 비용을 전가하고 있다. 아울러 “상가개점전후의 운영경비”라는 불분명한 용도를 정하고 나아가 회사의 “개발수익”에 해당한다고 규정하여 사업자가 자의적으로 개발비를 이용할 수 있도록 하고 있다. 따라서 해당 약관조항은 고객에 대하여 부당하게 불리한 약관조항에 해당하여 약관법 제6조 제1항, 제2항 제1호에 따라 무효이다. ]]> (2) 심사결과 : 무효 개발비는 수분양자가 차임 및 보증금과는 별도로 상가활성화를 위한 비용의 명목으로 지급하는 것이므로, 사업자는 개발비의 지급목적 즉, 상가활성화를 위한 홍보, 상가시설조성 등의 용도로 이를 사용하여야 한다. 해당 약관조항은 개발비를 사용할 수 있는 홍보의 범위를 특정하지 아니하여 홍보의 내용이나 목적이 수분양자들의 이익과는 직접 관련이 없는 경우 즉, 분양자체를 위한 홍보 등에도 이를 사용할 수 있도록 하고 있다. 상가의 분양자체를 위한 홍보도 상가를 홍보하는 효과가 있고, 일정수준의 분양이 이루어져야 상가가 활성화되는 점을 고려할 때 간접적으로 상가활성화에 도움이 되는 측면이 있다. 그러나 분양자체를 위한 홍보비는 원칙적으로 사업자가 부담하여야 할 비용에 해당한다 할 것이어서 위와 같은 간접적, 부수적 효과를 이유로 수분양자가 전적으로 이를 부담케 하는 것은 타당하지 않다 할 것이다. 또한 개발비를 인테리어비용에 사용할 수 있도록 하고 있는 바, 그 범위가 광범위하여 상가건물로서 기능하기 위하여 갖추어야 할 기본적인 인테",,기각,,,"근거 서술에 조항 문구 인용 없음. 개발비 사용 범위(홍보, 인테리어비용, 상가개점전후의 운영경비, 개발수익 등)에 대한 내용 설명만 있음"
법제처 OPEN API/ftc,1261,,솔로몬신용정보(주)의 채권추심위임계약서상 불공정약관조항에 대한 건,https://www.law.go.kr/DRF/lawService.do?OC=test&target=ftc&ID=1261&type=HTML,재판관할 조항,무효,명시,위험,"제8조,제14조",과도한 위약금|권리행사 제한,"2. 재판관할 조항 가. 약관조항 * 갑 : 고객(채권자), 을 : 사업자 나. 심사의견 : 무효 원칙적으로 계약 당사자는 분쟁발생을 예상하여 재판관할을 특약(개별약정)으로 정할 수 있다. 그러나 사업자와 고객간의 거래에 이용되는 약관에서 본사 소재지 관할 법원을 전속관할법원으로 정하는 것은 민사소송법보다 고객에게 불리한 관할법원을 규정하는 것이다. 즉, 특정 법원을 관할 법원으로 정하게 되면 피심인에게는 유리할지언정 원거리에 사는 경제적 약자인 고객에게는 제소 및 응소에 큰 불편을 초래할 우려가 있다. 그러므로 피심인의 본사 또는 지사 소재지 법원을 관할법원으로 정한 위 약관조항은 고객에 대하여 불리한 재판관할 합의조항으로 약관법 제14조에 해당한다. ]]> * 갑 : 고객(채권자), 을 : 사업자 나. 심사의견 : 무효 위임계약은 각 당사자가 언제든지 해지할 수 있고, 그로 말미암아 상대방이 손해를 입는 일이 있어도 그것을 배상할 의무를 부담하지 않는 것이 원칙이지만, 부득이한 사유 없이 상대방에게 불리한 시기에 해지한 경우에는 그 손해를 배상하여야 한다(민법 제689조). 여기서 배상되어야 할 손해는 해지 자체로 인한 것이 아니라 해지가 불리한 시기에 행하여 졌기 때문에 생긴 것을 말한다. 즉, 사무처리 완료를 조건으로 보수를 지급받기로 하는 내용의 위임계약이 있다면 사무처리 완료 전에 계약이 해지되면 보수를 지급받을 수 없는 것이 원칙이고 사무처리 완료 전에 해지했다는 것만으로 불리한 시기에 해지했다고 볼 수 없다(대판 2000. 6. 9. 98다64202). 그러나 당해 계약은 고객의 추심활동을 위임받아 대신하는 위임계약이지만 일의 완성 즉, 채권의 회수를 목적으로 하고 있고, 피심인은 채권이 회수되었을 때 그 중 일부를 지급받는 것이므로 '도급계약’의 성격도 혼재되어 있다고 볼 수 있다. 따라서 피심인이 일의 완성을 위해 그 동안 들인 노력에 대한 대가는 계약이 중도에 해지되더라도 지급받는 것이 공평하다고 할 것이다. 그러므로 고객이 계약기간 중 정당한 사유 없이 계약을 해지하여 피심인에게 손해가 발생한 경우 고객은 이를 배상할 필요가 있다. 또한 피심인은 이러한 손해에 대비하여 적정한 위약금을 정해놓을 수도 있다. 그러나 해당 약관조항은 피심인이 일을 완성하였더라면 받았을 수수료 전부를 위약금으로 규정하고 있다. 즉, 고객은 계약을 중도에 해지하든지 해지하지 않든지 동일한 금액의 수수료를 지급해야 하는 것이다. 이는 사실상 고객의 해지권을 제한하는 기능을 하는 정도로 매우 과다한 위약금이다. 피심인은 해당 약관조항이 없으면 추심활동이 성공하기 직전에 계약을 해지하는 고객이 속출할 것을 염려하고 있다. 그러나 이러한 문제는 피심인의 업무 단계별로 위약금을 다르게 정하는 등의 방법으로 충분히 해결할 수 있는 것이지 무조건 수수료 전부를 위약금으로 하여야 해결할 수 있는 문제는 아니다. 그러므로 고객이 계약을 중도에 해지하더라도 약정 수수료를 모두 지급하게 하는 해당 약관조항은 고객에 대하여 부당하게 과중한 손해배상 의무를 부담시",,기각,,,근거 서술에 재판관할 조항의 구체적 문구 인용 없음. '본사 소재지 관할 법원을 전속관할법원으로 정하는 것' 등 내용 설명만 있음
법제처 OPEN API/ftc,1261,,솔로몬신용정보(주)의 채권추심위임계약서상 불공정약관조항에 대한 건,https://www.law.go.kr/DRF/lawService.do?OC=test&target=ftc&ID=1261&type=HTML,재판관할 조항,무효,명시,위험,제14조,권리행사 제한,"2. 재판관할 조항 가. 약관조항 * 갑 : 고객(채권자), 을 : 사업자 나. 심사의견 : 무효 원칙적으로 계약 당사자는 분쟁발생을 예상하여 재판관할을 특약(개별약정)으로 정할 수 있다. 그러나 사업자와 고객간의 거래에 이용되는 약관에서 본사 소재지 관할 법원을 전속관할법원으로 정하는 것은 민사소송법보다 고객에게 불리한 관할법원을 규정하는 것이다. 즉, 특정 법원을 관할 법원으로 정하게 되면 피심인에게는 유리할지언정 원거리에 사는 경제적 약자인 고객에게는 제소 및 응소에 큰 불편을 초래할 우려가 있다. 그러므로 피심인의 본사 또는 지사 소재지 법원을 관할법원으로 정한 위 약관조항은 고객에 대하여 불리한 재판관할 합의조항으로 약관법 제14조에 해당한다. ]]>",,기각,,,근거 서술에 조항 문구 인용 없음. 피심인의 본사 또는 지사 소재지 법원을 관할법원으로 정한 내용만 설명되어 있음
법제처 OPEN API/ftc,1149,,스타짐휘트니스의 스타짐이용약관상 불공정약관조항에 대한 건,https://www.law.go.kr/DRF/lawService.do?OC=test&target=ftc&ID=1149&type=HTML,계약 해지 시 과다한 위약금 등 부과 조항,무효,명시,위험,제8조,과도한 위약금,"2. 계약 해지 시 과다한 위약금 등 부과 조항 가. 약관조항 나. 심사의견: 무효 대중체육시설 이용계약은 방판법상 계속적인 계약(계속거래)에 해당하는 것으로 고객은 계약기간 중 언제든지 해지할 수 있으며 소비자의 사정으로 계약이 해지된 경우 계약 해지로 인해 발생하는 손실에 상당하는 적정 위약금을 제외한 나머지 대금을 환급해야 할 것이다.(방판법 제29조, 제30조) 고객이 자신의 사정으로 계약기간 중도에 해지를 하는 경우에 사업자는 고객에게 손해배상액의 예정으로서의 위약금을 부담지울 수 있지만, 이 경우에도 관련 임의규정, 통상의 거래관행 등을 고려하여 합리적인 수준의 위약금을 정하여야 할 것이다. 방판법 제30조 제5항에 따라 정하여 고시한 「계속거래 등의 해지ㆍ해제에 따른 위약금 및 대금의 환급에 관한 산정기준」 상에는 헬스장 이용계약과 관련하여 고객의 사정에 의한 중도 해지 시 위약금 상한액을 총 계약금액의 10%로 정하고 있다. 또한, 체력단련장 표준약관 및 소비자분쟁해결기준에서도 체육시설을 이용하는 소비자의 귀책사유로 개시일 이후 계약을 해지할 경우 취소일까지의 이용일수에 해당하는 금액과 총 이용금액의 10%를 위약금으로 공제하고 환급하도록 규정하고 있다. 아울러, 여신전문금융업법에 따르면 신용카드가맹점은 신용카드회원에 대하여 현금결제회원에 비해 불리한 대우를 하지 못하도록 하고 있고 가맹점수수료를 신용카드회원에게 부담시키지 못하도록 규정(제19조 제1항 및 제3항)하고 있으며, 가맹점은 자신의 매출 확대를 위해 고객과의 최초 계약체결 시 자신이 신용카드사에게 가맹점수수료를 부담할 것을 전제로 체육시설 이용료에 대해 신용카드를 통한 결제를 용인하고 있다. 설사 고객의 사정으로 인하여 계약이 해지되었다고 하더라도 카드결제회원에 대해 위약금(이용료의 10%)이외에 추가로 가맹점수수료를 부담하도록 한 당해 약관조항은 여신전문금융업법에 위반될 뿐만 아니라 신의성실의 원칙에도 반한다고 할 것이다. 그러나 위 약관에는 회비의 환불과 관련하여 이용기간에 대한 이용금액과 위약금 10%를 제외한 카드수수료 명목으로 이를 별도 공제하는 것으로 규정하고 있다. 따라서 당해 약관조항은 고객에 대하여 부당하게 과중한 손해배상의무를 부담시키는 약관조항이자 계약의 해제 또는 해지로 인한 고객의 원상회복의무를 상당한 이유없이 과중하게 부담시키거나 원상회복청구권을 부당하게 포기하도록 하는 조항으로 약관법 제8조 및 제9조 제3호에 해당되어 무효이다. ",,기각,회비의 환불과 관련하여 이용기간에 대한 이용금액과 위약금 10%를 제외한 카드수수료 명목으로 이를 별도 공제하는 것,보통,근거 서술에서 약관 내용을 설명하는 형태로 인용된 문구를 그대로 옮김
법제처 OPEN API/ftc,1149,,스타짐휘트니스의 스타짐이용약관상 불공정약관조항에 대한 건,https://www.law.go.kr/DRF/lawService.do?OC=test&target=ftc&ID=1149&type=HTML,"헬스장내에서의 고객물품의 분실, 도난 등에 대한 사업자의 면책 조항",무효,명시,위험,"제7조,제9조",책임 면제|일방적 계약 해지|권리행사 제한|보증금 반환 지연,"3. 헬스장내에서의 고객물품의 분실, 도난 등에 대한 사업자의 면책 조항 가. 약관조항 나. 심사의견: 무효 상법상 공중접객업자는 고객으로부터 임치받은 물건의 보관상 주의를 게을리하지 아니하였음을 증명하지 아니하면 그 물건의 멸실 또는 훼손으로 인한 손해배상의 책임이 있고, 고객으로부터 임치받지 아니한 경우에도 그 시설 내에 휴대한 물건이 공중접객업자 자신 또는 그 사용인의 과실로 인하여 멸실 또는 훼손되었을 대에는 그 손해를 배상할 책임이 있다고 규정(상법 제152조 제1항 및 제2항)하고 있으며, 이에 따라 시설물 내에서의 도난사고의 발생이 사업자의 과실에서 야기된 경우라면 사업자가 그 책임을 지는 것은 당연하다 할 것이다. 또한, 민법상 사업자의 고의 또는 과실로 인한 위법행위로 타인에게 손해를 가한 때에는 그 손해를 배상할 책임이 있으며(민법 제750조) 공작물의 설치 또는 보존의 하자로 인해 타인에게 손해를 가한 때에는 점유자 또는 소유자가 손해배상의 책임이 있다고 규정(민법 제758조 제1항)하고 있으므로 사업자의 과실에 기인한 안전사고에는 사업자가 배상책임을 지어야 할 것이다. 물론 귀중품 등을 안내데스크에 맡기기 않은 경우 우선적으로는 이용자 본인에게 자신의 물건 등의 관리책임이 있을 것이다. 그러나 위 약관에는 헬스장내에서 데스크에 보관하지 않은 개인소지품의 분실, 도난 등에 대해 사업자의 귀책유무를 따짐이 없이 사업자가 면책되는 것으로 규정하고 있다. 따라서 당해 약관조항은 사업자의 고의 또는 중대한 과실로 인한 법률상의 책임을 배제하는 조항으로 약관법 제7조 제1호에 해당되어 무효이다. ]]> 나. 심사의견: 무효 대중체육시설 이용계약은 상당히 장기간에 걸쳐 존속되기 때문에 장래 회원이 불가피하게 계약을 해지해야 할 사정이 발생할 수 있다. 이러란 경우에도 계약해지를 제한하여 이미 고객이 사업자에게 납부한 급부를 일절 반환하지 않는 것은 사업자의 이익에만 치중하게 한 것이라 할 수 있다. 이에 이런 취지를 고려하여 「방문판매 등에 관한 법률」(이하 '방판법’이라 한다)에서 계속거래업자와 계약을 체결한 소비자는 언제든지 계약을 해지할 수 있고, 이에 대하여 계속거래업자는 위약금을 공제하고 대금의 환급조치를 취하여야 한다고 규정(방판법 제29조 및 제30조)하고 있다. 또한, 체력단련장 표준약관 및 소비자분쟁해결기준에서도 체육시설을 이용하는 소비자의 귀책사유로 개시일 이후 계약을 해지할 경우 취소일까지의 이용일수에 해당하는 금액과 총 이용금액의 10%를 위약금으로 공제하고 환급하도록 규정하고 있다. 따라서 계속거래계약을 체결한 헬스장 이용고객은 특별한 제한 없이 언제든지 회원 탈퇴가 가능해야 할 것이고 사업자는 고객의 귀책사유로 계약을 해지할 경우 이용기간에 대한 이용료와 위약금을 공제하고 반환하는 것이 타당하다 할 것이다. 헬스장의 가입금은 통상 입회비(가입비), 연회비, 보증금 및 부가가치세로 구성되어 있는데 연회비는 시설사용료의 선불적 성격을 갖고 있기 때문에 사업자의 귀책사유에 의한 탈회시는 물론이고 고객의 개인사",,기각,,,"근거 서술에 조항 문구 인용 없음. '헬스장내에서 데스크에 보관하지 않은 개인소지품의 분실, 도난 등에 대해 사업자의 귀책유무를 따짐이 없이 사업자가 면책되는 것으로 규정'이라는 내용 설명만 있음"
법제처 OPEN API/ftc,10243,,에버휘트니스의 회원가입약관 및 동의서상 불공정약관조항에 대한 건,https://www.law.go.kr/DRF/lawService.do?OC=test&target=ftc&ID=10243&type=HTML,위약금 조항,무효,명시,위험,"제8조,제9조",과도한 위약금|일방적 계약 해지|권리행사 제한|보증금 반환 지연,"2. 위약금 조항 가. 약관조항 나. 심사의견 : 무효 ○ 대중체육시설업에 있어서 고객의 사정에 의해 중도해지할 경우 사업자가 환급하여야 할 금액은 일반적으로 전체 이용금액의 10%인 위약금과 고객이 실제 시설을 이용한 금액을 제외한 금액이라고 할 것이며, 이는 표준약관이나 소비자분쟁해결기준에도 규정되어 있음. ○ 그러나 피심인의 위 약관조항은 고객이 중도해지 하고자 할 경우 기 납부한 금액 중 부가세를 제외한 총 회비 합계금액의 10%에 상당한 중도해지수수료와 가입당시 면제된 가입비 100,000원, 별도의 수수료 10,000원과 사용된 월회비를 공제하고 잔여금액을 환불하며, 한달기준으로 20일 이상 사용한 경우에는 한달 이용으로 간주한다고 규정하고 있음. - 모든 재화 또는 용역의 거래시 부과되는 부가세는 이용료에 포함되어 있음에도 불구하고 피심인은 별도로 부가세를 중복공제하고 있으며, 설령 부가세로 인하여 사업자에게 실손해가 있다 하더라도 이는 해지시 통상적으로 지급하는 위약금(거래대금의 10%정도)에 포함되어 있다고 봄이 타당함. - 또한 대중체육시설의 회원가입비는 당초 고객이 납득할 만한 근거에 따라 산출된 정도의 금액을 부과해야 할 것인데, 피심인은 별도의 근거 없이 월 이용요금에 비해 상대적으로 과도한 가입비를 일방적으로 정해 놓고 가입할 당시에는 면제해 주었다가 고객이 중도해지 할 경우에는 이를 별도의 위약금으로 부과하고 있어 부당함. - 아울러 고객의 사정에 의한 중도해지시 수수료 10,000원을 별도로 공제하며, 고객이 20일 이상을 이용한 경우에는 월 기준으로 이용요금을 공제하고 환급한다고 규정하고 있어 소비자분쟁해결기준 및 표준약관은 물론 일반거래관행에 비추어 볼 때 고객에게 불공정함. ○ 따라서 피심인의 위 약관조항은 고객에게 부당하게 과중한 손해배상 의무를 부담시키는 조항이자 계약의 해지로 인한 사업자의 원상회복의무를 부당하게 경감하는 조항으로 약관법 제8조에 해당됨. ]]> 나. 심사의견 : 무효 ○ 1개월 이상 계속된 기간을 계약기간으로 하여 체결하는 대중체육시설 이용계약은 「방문판매등에 관한 법률」상 계속계약에 해당하는 것으로서, 고객은 자신의 의사에 따라 계약기간 중 언제든지 해지할 수 있으며 이 경우 사업자는 계약해지로 인해 발생하는 손실에 상당하는 적정 위약금을 공제한 나머지 대금을 환급해야 할 것임(방판법 제29조). ○ 또한 헬스장 이용권은 이용권에 기명된 자가 해당시설을 이용할 수 있도록 하는 권리증서로 기명식 채권의 일종이라고 할 것인데, 채권은 성질상 양도양수가 불가능하거나 법률에서 금지하는 경우와 당사자간의 개별약정으로 양도양수를 제한하는 경우를 제외하고는 원칙적으로 양도양수가 허용된다 할 것임(민법 제449조) ○ 그러나 피심인의 위 약관조항은 운동 시작후에는 환불이 불가하며, 특별한 사정없이 단기 회원권은 해지, 휴회, 양도할 수 없다고 규정하고 있는 바, 이는 법령의 규정에 의한 고객의 해지권 및 고객이 제3자와 계약을 체결하는 것을 제한하는 약관조항으로 약관법 제9조 제1호 및 제11",,기각,"기 납부한 금액 중 부가세를 제외한 총 회비 합계금액의 10%에 상당한 중도해지수수료와 가입당시 면제된 가입비 100,000원, 별도의 수수료 10,000원과 사용된 월회비를 공제하고 잔여금액을 환불하며, 한달기준으로 20일 이상 사용한 경우에는 한달 이용으로 간주한다",높음,판단 근거 서술에서 피심인의 약관조항 내용이 명확하게 인용되어 있음
법제처 OPEN API/ftc,11307,,엘지카드(주)의 신용카드 개인회원규약상 불공정약관조항에 대한 건,https://www.law.go.kr/DRF/lawService.do?OC=test&target=ftc&ID=11307&type=HTML,(문서 전체 — 조항 구분 없음),무효,명시,위험,제7조,책임 면제,"11307 시정권고서 2006약관1165 2. 심사의견 : 무효 ㅇ 위 약관조항은 비밀번호의 유출과 관련하여 발생하는 사고의 경우에 신용카드업자에게 과실이 없으면 신용카드회원에게 아무런 고의 또는 과실이 없는 경우에까지 신용카드의 부정사용과 관련한 모든 손실을 신용카드회원의 책임으로 하는 조항으로 해석되는 바, - 신용카드업자에게 사고방지 조치를 위한 책임이 있음에도 사고방지 책임을 신용카드회원에게 전가하는 것으로 사업자의 업무편의만을 위한 것으로서 사회적 상당성이 없다할 것이며, 경제적 약자인 소비자 보호의 측면에서 가혹함 - 또한 여신전문금융업법(이하 “여전법”이라 함)은 도난ㆍ분실 또는 위조ㆍ변조에 의해 신용카드가 제3자에 의해 부정사용되는 경우 신용카드업자와 신용카드회원간의 책임관계를 규율하고 있으며, 동법 및 동법시행령상 관련 조항의 규정 형식 및 취지를 볼 때, 비밀번호의 유출에 대하여 신용카드회원의 고의ㆍ과실 또는 고의ㆍ중과실이 없는 경우에는 신용카드의 분실ㆍ도난 또는 위조ㆍ변조 등으로 인한 위험부담을 신용카드업자가 지는 것으로 보아야 할 것임 ＊ 여전법 및 동법 시행령에 의하면 신용카드업자는 신용카드의 분실ㆍ도난과 관련하여 신고시점 이후에 발생한 사용대금 및 신고 전 60일 이내에 발생된 신용카드의 부정사용에 대한 책임을 지되, 신고 전 60일 이내의 신용카드의 부정사용액에 대해서는 회원의 고의 또는 과실이 있는 경우에 한해 신용카드회원의 부담으로 할 수 있도록 하고 있고, 한편 위조ㆍ변조의 경우에 있어서는 신용카드업자의 책임으로 하되, 고의 또는 중과실로 비밀번호가 유출되었음을 신용카드업자가 입증하는 경우 신용카드회원에게 책임을 지울 수 있도록 규정하고 있음. 또한 신용카드업자는 이러한 책임을 이행하기 위하여 보험 또는 공제에 가입하거나 준비금을 적립하는 등 필요한 조치를 취하여 함(동법 제16조, 동법시행령 제6조의9, 제6조의10) - 따라서, 위 약관조항은 상당한 이유 없이 사업자가 부담하여야 할 위험을 고객에게 이전시키는 조항으로서 약관법 제7조 제2호에 해당되어 무효임 ]]> 2. 심사의견 : 무효 ㅇ 위 약관조항은 비밀번호의 유출과 관련하여 발생하는 사고의 경우에 신용카드업자에게 과실이 없으면 신용카드회원에게 아무런 고의 또는 과실이 없는 경우에까지 신용카드의 부정사용과 관련한 모든 손실을 신용카드회원의 책임으로 하는 조항으로 해석되는 바, - 신용카드업자에게 사고방지 조치를 위한 책임이 있음에도 사고방지 책임을 신용카드회원에게 전가하는 것으로 사업자의 업무편의만을 위한 것으로서 사회적 상당성이 없다할 것이며, 경제적 약자인 소비자 보호의 측면에서 가혹함 - 또한 여신전문금융업법(이하 “여전법”이라 함)은 도난ㆍ분실 또는 위조ㆍ변조에 의해 신용카드가 제3자에 의해 부정사용되는 경우 신용카드업자와 신용카드회원간의 책임관계를 규율하고 있으며, 동법 및 동법시행령상 관련 조항의 규정 형식 및 취지를 볼 때, 비밀번호의 유출에 대하여 신용카드회원의 고의ㆍ과실 또는 고의ㆍ중과실이 없는 경우에는 신용카드의 분실ㆍ도난 또는",,기각,,,근거 서술에 조항 문구 인용 없음. 약관 내용이 설명·해석되어 있을 뿐 따옴표나 「」로 명시된 원문 인용이 없습니다.
법제처 OPEN API/ftc,1159,,오리엔트스포츠클럽(주)의 회원가입약관 및 동의서상 불공정약관조항에 대한 건,https://www.law.go.kr/DRF/lawService.do?OC=test&target=ftc&ID=1159&type=HTML,계약 해지 시 과다한 위약금 등 부과 조항,무효,명시,위험,제8조,과도한 위약금,"2. 계약 해지 시 과다한 위약금 등 부과 조항 가. 약관조항 나. 심사의견 : 무효 대중체육시설 이용계약은 방판법상 계속적인 계약(계속거래)에 해당하는 것으로 고객은 계약기간 중 언제든지 해지할 수 있으며 소비자의 사정으로 계약이 해지된 경우 계약 해지로 인해 발생하는 손실에 상당하는 적정 위약금을 제외한 나머지 대금을 환급해야 할 것이다.(방판법 제29조, 제30조) 고객이 자신의 사정으로 계약기간 중도에 해지를 하는 경우에 사업자는 고객에게 손해배상액의 예정으로서의 위약금을 부담지울 수 있지만, 이 경우에도 관련 임의규정, 통상의 거래관행 등을 고려하여 합리적인 수준의 위약금을 정하여야 할 것이다. 방판법 제30조 제5항에 따라 정하여 고시한 「계속거래 등의 해지ㆍ해제에 따른 위약금 및 대금의 환급에 관한 산정기준」 상에는 헬스장 이용계약과 관련하여 고객의 사정에 의한 중도 해지 시 위약금 상한액을 총 계약금액의 10%로 정하고 있다. 또한, 체력단련장 표준약관 및 소비자분쟁해결기준에서도 체육시설을 이용하는 소비자의 귀책사유로 개시일 이후 계약을 해지할 경우 취소일까지의 이용일수에 해당하는 금액과 총 이용금액의 10%를 위약금으로 공제하고 환급하도록 규정하고 있다. 헬스장의 가입금은 통상 입회비(가입비), 연회비, 보증금 및 부가가치세로 구성되어 있는데 연회비는 시설사용료의 선불적 성격을 갖고 있기 때문에 사업자의 귀책사유에 의한 탈회시는 물론이고 고객의 개인사정에 의한 탈회시에도 잔여기간에 상당하는 금액은 반환하는 것이 타당하고, 입회비는 그 명칭에 관계없이 성격상 시설이용에 대한 배타적 회원자격의 대가로서의 법률상 보증금과 구별하기가 어려우며 법률적 성질은 시설이용권에 대한 대가로서 성격을 갖는 것이므로 고객의 탈회시 시설이용권의 반환과 함께 입회비를 반환하여야 할 것이다. 그러나 위 약관에는 회비의 환불과 관련하여 위약금 10%과 이용기간을 고려함이 없이 의무기간으로서 6개월분의 회비를 적용하여 이 기간동안의 회비전체를 공제하고 이와는 별도로 가입비 명목으로 이를 공제하는 것으로 규정하고 있다. 따라서 당해 약관조항은 고객에 대하여 부당하게 과중한 손해배상의무를 부담시키는 약관조항이자 계약의 해제 또는 해지로 인한 고객의 원상회복의무를 상당한 이유없이 과중하게 부담시키거나 원상회복청구권을 부당하게 포기하도록 하는 조항으로 약관법 제8조 및 제9조 제3호에 해당되어 무효이다. ",,기각,위약금 10%과 이용기간을 고려함이 없이 의무기간으로서 6개월분의 회비를 적용하여 이 기간동안의 회비전체를 공제하고 이와는 별도로 가입비 명목으로 이를 공제하는 것,보통,"근거 서술에서 약관의 구체적 내용을 설명하는 부분을 그대로 옮겼으나, 원문 표에서의 정확한 조항 문구와 완전히 일치하는지 확인 필요"
법제처 OPEN API/ftc,1159,,오리엔트스포츠클럽(주)의 회원가입약관 및 동의서상 불공정약관조항에 대한 건,https://www.law.go.kr/DRF/lawService.do?OC=test&target=ftc&ID=1159&type=HTML,"헬스장내에서의 고객물품의 분실, 도난에 대한 사업자의 면책 조항",무효,명시,위험,"제7조,제9조,제11조",책임 면제|일방적 계약 해지|권리행사 제한|보증금 반환 지연,"3. 헬스장내에서의 고객물품의 분실, 도난에 대한 사업자의 면책 조항 가. 약관조항 나. 심사의견 : 무효 상법상 공중접객업자는 고객으로부터 임치받은 물건의 보관상 주의를 게을리하지 아니하였음을 증명하지 아니하면 그 물건의 멸실 또는 훼손으로 인한 손해배상의 책임이 있고, 고객으로부터 임치받지 아니한 경우에도 그 시설 내에 휴대한 물건이 공중접객업자 자신 또는 그 사용인의 과실로 인하여 멸실 또는 훼손되었을 대에는 그 손해를 배상할 책임이 있다고 규정(상법 제152조 제1항 및 제2항)하고 있으며, 이에 따라 시설물 내에서의 도난사고의 발생이 사업자의 과실에서 야기된 경우라면 사업자가 그 책임을 지는 것은 당연하다 할 것이다. 또한, 민법상 사업자의 고의 또는 과실로 인한 위법행위로 타인에게 손해를 가한 때에는 그 손해를 배상할 책임이 있으며(민법 제750조) 공작물의 설치 또는 보존의 하자로 인해 타인에게 손해를 가한 때에는 점유자 또는 소유자가 손해배상의 책임이 있다고 규정(민법 제758조 제1항)하고 있으므로 사업자의 과실에 기인한 안전사고에는 사업자가 배상책임을 지어야 할 것이다. 물론 귀중품 등을 안내데스크에 맡기지 않은 경우 우선적으로는 이용자 본인에게 자신의 물건 등의 관리책임이 있을 것이다. 그러나 위 약관에는 헬스장내에서의 고객 물품의 분실, 도난에 대해 사업자의 귀책유무를 따짐이 없이 사업자가 면책되는 것으로 규정하고 있다. 따라서 당해 약관조항은 사업자의 고의 또는 중대한 과실로 인한 법률상의 책임을 배제하는 조항으로 약관법 제7조 제1호에 해당되어 무효이다. ]]> 나. 심사의견 : 무효 (1) 단기회원권의 해지 불가 관련 대중체육시설 이용계약은 상당히 장기간에 걸쳐 존속되기 때문에 장래 회원이 불가피하게 계약을 해지해야 할 사정이 발생할 수 있다. 이러한 경우에도 계약해지를 제한하여 이미 고객이 사업자에게 납부한 급부를 일절 반환하지 않는 것은 사업자의 이익에만 치중하게 한 것이라 할 수 있다. 이에 이런 취지를 고려하여 「방문판매 등에 관한 법률」(이하 '방판법’이라 한다)에서 계속거래업자와 계약을 체결한 소비자는 언제든지 계약을 해지할 수 있고, 이에 대하여 계속거래업자는 위약금을 공제하고 대금의 환급조치를 취하여야 한다고 규정(방판법 제29조 및 제30조)하고 있다. 또한, 체력단련장 표준약관 및 소비자분쟁해결기준에서도 체육시설을 이용하는 소비자의 귀책사유로 개시일 이후 계약을 해지할 경우 취소일까지의 이용일수에 해당하는 금액과 총 이용금액의 10%를 위약금으로 공제하고 환급하도록 규정하고 있다. 설사 단기회원인 고객의 사정으로 계약을 해지하고자 할지라도 이에 상응한 적정 위약금을 공제한 나머지 금액에 대해서는 환불이 이루어져야 할 것이다. 따라서 계속거래계약을 체결한 헬스장 이용고객은 특별한 제한 없이 언제든지 회원 탈퇴가 가능해야 할 것이고 사업자는 고객의 귀책사유로 계약을 해지할 경우 이용기간에 대한 이용료와 위약금을 공제하고 반환하는 것이 타당하다 할 것이다. 그러나 위 약관에는 단기회원권에 대해서 중",,기각,,,근거 서술에 조항 문구 인용 없음. 헬스장내 고객물품 분실·도난에 대한 사업자 면책 내용만 설명되어 있음
법제처 OPEN API/ftc,1159,,오리엔트스포츠클럽(주)의 회원가입약관 및 동의서상 불공정약관조항에 대한 건,https://www.law.go.kr/DRF/lawService.do?OC=test&target=ftc&ID=1159&type=HTML,"헬스장내에서의 고객물품의 분실, 도난에 대한 사업자의 면책 조항",무효,명시,위험,제7조,책임 면제,"3. 헬스장내에서의 고객물품의 분실, 도난에 대한 사업자의 면책 조항 가. 약관조항 나. 심사의견 : 무효 상법상 공중접객업자는 고객으로부터 임치받은 물건의 보관상 주의를 게을리하지 아니하였음을 증명하지 아니하면 그 물건의 멸실 또는 훼손으로 인한 손해배상의 책임이 있고, 고객으로부터 임치받지 아니한 경우에도 그 시설 내에 휴대한 물건이 공중접객업자 자신 또는 그 사용인의 과실로 인하여 멸실 또는 훼손되었을 대에는 그 손해를 배상할 책임이 있다고 규정(상법 제152조 제1항 및 제2항)하고 있으며, 이에 따라 시설물 내에서의 도난사고의 발생이 사업자의 과실에서 야기된 경우라면 사업자가 그 책임을 지는 것은 당연하다 할 것이다. 또한, 민법상 사업자의 고의 또는 과실로 인한 위법행위로 타인에게 손해를 가한 때에는 그 손해를 배상할 책임이 있으며(민법 제750조) 공작물의 설치 또는 보존의 하자로 인해 타인에게 손해를 가한 때에는 점유자 또는 소유자가 손해배상의 책임이 있다고 규정(민법 제758조 제1항)하고 있으므로 사업자의 과실에 기인한 안전사고에는 사업자가 배상책임을 지어야 할 것이다. 물론 귀중품 등을 안내데스크에 맡기지 않은 경우 우선적으로는 이용자 본인에게 자신의 물건 등의 관리책임이 있을 것이다. 그러나 위 약관에는 헬스장내에서의 고객 물품의 분실, 도난에 대해 사업자의 귀책유무를 따짐이 없이 사업자가 면책되는 것으로 규정하고 있다. 따라서 당해 약관조항은 사업자의 고의 또는 중대한 과실로 인한 법률상의 책임을 배제하는 조항으로 약관법 제7조 제1호에 해당되어 무효이다. ]]>",,기각,,,"근거 서술에 조항 문구 인용 없음. 조항 내용이 '헬스장내에서의 고객 물품의 분실, 도난에 대해 사업자의 귀책유무를 따짐이 없이 사업자가 면책되는 것으로 규정'이라고만 설명되어 있음"
법제처 OPEN API/ftc,9729,,우리워터스파사우나의 용역계약서상 불공정약관조항에 대한 건,https://www.law.go.kr/DRF/lawService.do?OC=test&target=ftc&ID=9729&type=HTML,(문서 전체 — 조항 구분 없음),무효,조문인용 추론,위험,제8조,과도한 위약금,"9729 시정권고서 2009약관1342 2. 검토의견 : 무효 기본적으로 임대인은 임차인이 지급하여야 할 임대료 등에 대한 연체이자율을 연체에 따른 손해정도, 거래관행 등의 제반여건을 고려하여 자유롭게 결정할 수 있다. 그러나 임대인이 정한 연체이자율이 관계법령, 거래관행 등에 비추어 과다하여 임차인에게 부당하게 과중한 손해배상의 의무를 부담하도록 하여서는 아니 된다. 한편 현행 이자제한법상 금전대차에 관한 계약상의 최고이율은 연 30%이고, 공정거래위원회가 승인한 백화점 임대차계약 표준약관[표준약관 제10011호] 제7조 제2항에서는 임대료 연체시 연체이자율을 연 24%로 정하고 있다. 그러나 위 약관조항은 임차인이 임대료 등을 연체할 경우 연체이자율을 월 5%로 정하고 있어 이를 연간으로 환산하면 연 60%에 해당되어 관계법령 및 거래관행에 비추어 과다하다고 판단된다. 따라서 위 약관조항은 고객에 대하여 부당하게 과중한 지연손해금 등 과중한 손해배상의무를 부담시키는 조항으로서 약관법 제8조에 해당된다. ]]> 2. 검토의견 : 무효 기본적으로 임대인은 임차인이 지급하여야 할 임대료 등에 대한 연체이자율을 연체에 따른 손해정도, 거래관행 등의 제반여건을 고려하여 자유롭게 결정할 수 있다. 그러나 임대인이 정한 연체이자율이 관계법령, 거래관행 등에 비추어 과다하여 임차인에게 부당하게 과중한 손해배상의 의무를 부담하도록 하여서는 아니 된다. 한편 현행 이자제한법상 금전대차에 관한 계약상의 최고이율은 연 30%이고, 공정거래위원회가 승인한 백화점 임대차계약 표준약관[표준약관 제10011호] 제7조 제2항에서는 임대료 연체시 연체이자율을 연 24%로 정하고 있다. 그러나 위 약관조항은 임차인이 임대료 등을 연체할 경우 연체이자율을 월 5%로 정하고 있어 이를 연간으로 환산하면 연 60%에 해당되어 관계법령 및 거래관행에 비추어 과다하다고 판단된다. 따라서 위 약관조항은 고객에 대하여 부당하게 과중한 지연손해금 등 과중한 손해배상의무를 부담시키는 조항으로서 약관법 제8조에 해당된다. ]]> 2. 검토의견 : 무효 기본적으로 임대인은 임차인이 지급하여야 할 임대료 등에 대한 연체이자율을 연체에 따른 손해정도, 거래관행 등의 제반여건을 고려하여 자유롭게 결정할 수 있다. 그러나 임대인이 정한 연체이자율이 관계법령, 거래관행 등에 비추어 과다하여 임차인에게 부당하게 과중한 손해배상의 의무를 부담하도록 하여서는 아니 된다. 한편 현행 이자제한법상 금전대차에 관한 계약상의 최고이율은 연 30%이고, 공정거래위원회가 승인한 백화점 임대차계약 표준약관[표준약관 제10011호] 제7조 제2항에서는 임대료 연체시 연체이자율을 연 24%로 정하고 있다. 그러나 위 약관조항은 임차인이 임대료 등을 연체할 경우 연체이자율을 월 5%로 정하고 있어 이를 연간으로 환산하면 연 60%에 해당되어 관계법령 및 거래관행에 비추어 과다하다고 판단된다. 따라서 위 약관조항은 고객에 대하여 부당하게 과중한 지연손해금 등 과중한 손해배상의무를 부담시키는 조항으로서 약관법 제8조에 ",,기각,임차인이 임대료 등을 연체할 경우 연체이자율을 월 5%로 정하고 있어,보통,"인용 표시 없이 서술되었으나, 공정위의 판단 대상이 된 구체적 조항 내용으로 명확히 식별됨"
법제처 OPEN API/ftc,9767,,웨디안의 회원가입계약서상 불공정약관조항에 대한 건,https://www.law.go.kr/DRF/lawService.do?OC=test&target=ftc&ID=9767&type=HTML,고객에 대하여 부당하게 불리한 조항,무효,명시,위험,제6조,부당한 비용·세금 전가|선택권 제한·구입 강제|과도한 위약금,"1. 고객에 대하여 부당하게 불리한 조항 다. 심사결과 : 무효 청구인의 귀책사유로 인해 계약이 해지되는 경우 청구인은 피청구인에게 계약해지에 따른 위약금(손해배상의 예정)을 지불하여야 한다. 현재 피청구인이 사용하는 약관에 별도의 위약금 조항이 마련되어 있지 않은 점과 등록비가 계약초기 회원인증에 소요되는 각종 비용 및 수수료인 점을 감안할 때 등록비를 위약금으로 판단하여 계약해지시 이를 반환하지 않는다 하더라도 고객에게 부당하게 불리한 것으로 보기 어렵다. 그리고 등록비는 계약 완료시 지불하기로 한 총 비용(200만원)의 10% 수준의 금액으로 「결혼중개업 표준약관」의 위약금과 비교할 때 고객에게 과도한 손해배상의무를 지우는 것으로 보기는 어렵다. ※ 결혼중개업표준약관에서는 총 비용의 20%를 위약금으로 부과하고 있음 다만 피청구인이 사용하는 약관조항은 계약해지의 귀책사유 구분 없이 모든 경우에 대해 일체 등록비 환불을 금하고 있다. 청구인의 귀책사유로 인한 계약해지와는 반대로 피청구인의 귀책사유로 인한 계약해지의 경우에는 피청구인이 위약금(손해배상의 예정)을 지불하여야 할 것이다. 위 위약금과 관련하여, 계약의 목적이 성혼인 점을 감안할 때 이 위약금에는 청구인이 계약의 목적달성을 기대하며 지출한 비용인 등록비도 포함되는 것으로 보는 것이 타당하다 할 것이다. 대법 판례 역시 계약의 목적 달성을 기대하며 지출한 비용에 대해 “신뢰이익의 손해”라고 표현하며 해당 비용에 대한 손해배상 청구권을 인정하고 있다. 【관련 판례】 피청구인이 사용하는 동 계약서상에 별도의 위약금 규정을 두고 있지 않은 점을 감안할 때 계약해지시 그 귀책사유 구분 없이 등록비 일체를 반환하지 않는 것은 고객에게 부당하게 불리한 조항인 동시에 사업자의 원상회복의무 및 손해배상의무를 부당하게 경감하는 조항으로 약관법 제6조 제2항 제1호에 해당된다. 【심결사례】 ]]> 나. 관련 법규정 약관법 제6조(일반원칙) ②약관에 다음 각호의 1에 해당되는 내용을 정하고 있는 경우에는 당해 약관조항은 공정을 잃은 것으로 추정된다. ",,기각,계약해지시 그 귀책사유 구분 없이 등록비 일체를 반환하지 않는,보통,판단 근거 서술에서 문제 조항의 내용을 설명하는 형태로 제시됨. 인용 표시는 없으나 조항의 핵심 문구로 판단됨
법제처 OPEN API/ftc,1133,,(유)렉스투어의 국외여행특별약관상 불공정약관조항에 대한 건,https://www.law.go.kr/DRF/lawService.do?OC=test&target=ftc&ID=1133&type=HTML,고객이 계약의 거래형태등 제반사정에 비추어 예상하기 어려운 조항,무효,조문인용 추론,위험,제6조,부당한 비용·세금 전가|선택권 제한·구입 강제|과도한 위약금,"2. 고객이 계약의 거래형태등 제반사정에 비추어 예상하기 어려운 조항 ]]> ※ 시정대상 약관조항은 위 약관조항뿐만 아니라 피심인이 사용하고 있는 모든 국외여행상품의 특별약관 중 위 약관조항과 동일한 것으로서 고객의 여행계약 취소시 국외여행표준약관 보다 과중한 위약금을 부과하는 약관조항을 포함합니다. 2. 심사의견 허니문 국외여행상품(이하 “허니문상품”이라한다)은 항공, 숙박, 이동, 관광, 안내 등으로 이루어진 팩키지 상품으로 여행사들은 자신들의 노하우, 시간, 인력 등을 투입하여 허니문상품을 개발하여 판매하거나 대형여행사들이 개발한 허니문상품을 대행 판매하고 있다. 여행사인 피심인은 통상 여행출발일 수개월 전부터 허니문상품을 판매하며 항공좌석 및 숙박시설 예약을 위해 항공사(또는 항공권을 확보하여 판매하는 여행사) 및 현지 숙박업체 등에게 선불금을 지급하는 경우가 많은 데 이때 지급하는 선불금의 크기 및 지급 시기는 허니문상품의 구성내용(숙박시설, 항공사, 항공좌석, 여행시기)에 따라 차이가 크며 고객이 허니문상품의 이용계약을 취소하는 경우 여행사가 이러한 선불금을 항공ㆍ숙박관련 취소료로 부담해야하는 경우가 대부분이다. 피심인은 공정거래위원회가 승인한 국외여행표준약관을 허니문상품의 기본약관으로 사용하면서 여행계약 취소에 따른 위약금과 관련해서는 특별약관(이하 “특약”이라 한다)을 규정하여 운영하고 있다. 동 특약은 고객이 허니문상품의 이용계약을 취소하는 경우 기본약관에 비해 고객에게 부과하는 위약금 금액이 매우 크고, 여행출발일 기준으로 보다 이른 시기에 이용계약을 취소하여도 위약금을 부과하고 있다. 이는 일반 국외여행상품에 비해 고객의 허니문상품 이용계약 취소로 인해 여행사가 숙박ㆍ항공 관련 사업자에게 지급해야할 취소료, 즉 피심인의 손해가 기본약관상 고객이 부담해야할 위약금 규정보다 크고, 보다 이른 시기부터 발생하기 때문인 점이 인정된다. 또한 피심인은 고객의 여행계약취소로 여행사는 허니문상품 개발ㆍ판매에 들어간 유ㆍ무형의 비용, 항공ㆍ숙박관련 사업자에게 지불하는 취소료 등의 손해가 발생하며 이러한 사업자의 손해는 허니문상품에 따라 매우 다양하여 이를 포괄하여 합리적으로 반영한 위약금 부과 기준을 규정ㆍ운영하기에는 현실적인 어려움이 있고, 높은 위약금 부과 기준을 운영하면서 실제 발생한 피심인의 손해가 고객이 부담해야하는 위약금에 비해 적은 경우 고객의 위약금을 감해주는 것이 고객의 반발을 막을 수 있고, 고객으로부터 위약금을 받는 데 편리함이 있음이 인정된다. 그러나, 위와 같은 허니문상품의 특성을 인정한다하더라도 피심인의 특약상 취소료 규정의 밑줄 친 부분은 고객의 여행계약 취소시 다음과 같은 상황을 전혀 고려하지 않고 고율의 위약금을 고객에게 일률적으로 부과하고 있어 고객에게 부당하게 불리하다. 첫째, 허니문상품의 이용 가격은 2인 기준으로 통상 수백만 원에 달하는 거액이므로 피심인이 고객의 계약취소로 인해 부담해야할 항공ㆍ숙박관련 취소료 등에 상응하도록 위약금 부과기준을 좀더 구체적이고 투명하게 할 필요가 있다. 둘째, ",,기각,,,"근거 서술에 조항 문구 인용 없음. 특약상 취소료 규정의 구체적 문구가 제시되지 않았으며, '밑줄 친 부분'이라는 표현만 있음"
법제처 OPEN API/ftc,10297,,(재)경주공원묘원의 묘지사용계약서상 불공정약관조항에 대한 건,https://www.law.go.kr/DRF/lawService.do?OC=test&target=ftc&ID=10297&type=HTML,(문서 전체 — 조항 구분 없음),무효,조문인용 추론,위험,제10조,일방적 급부·조건 변경,10297 시정권고서 2008약관2702 가. 약관조항 나. 검토의견 : 무효 ㅇ 장사 등에 관한 법률 제24조 제1항에 따르면 관리비는 사업자가 정하여 지자체에 신고하도록 규정되어 있을 뿐 지자체(정부)의 승인사항은 아님 - 그러므로 위 약관조항은 고객이 체납된 관리비를 납부하는 경우에는 사업자가 정부에 신고하여 납부 당시 적용하고 있는 관리비를 납부하도록 규정하고 있는 것으로 해석됨 ㅇ 따라서 위 약관조항에 의하면 고객은 기존의 체납관리비에 대하여 사업자가 일방적으로 정한 관리비로 납부하여야 함 - 이 경우 고객은 사업자가 정한 높은 관리비로 기존의 체납된 관리비를 납부하여야 하는 경우가 발생할 수 있음 - 그러므로 위 약관조항은 상당한 이유없이 급부의 내용을 사업자가 일방적으로 결정하거나 변경할 수 있도록 권한을 부여하는 조항으로 약관법 제10조 제1호에 해당됨 ]]> 가. 약관조항 나. 검토의견 : 무효 ㅇ 장사 등에 관한 법률 제24조 제1항에 따르면 관리비는 사업자가 정하여 지자체에 신고하도록 규정되어 있을 뿐 지자체(정부)의 승인사항은 아님 - 그러므로 위 약관조항은 고객이 체납된 관리비를 납부하는 경우에는 사업자가 정부에 신고하여 납부 당시 적용하고 있는 관리비를 납부하도록 규정하고 있는 것으로 해석됨 ㅇ 따라서 위 약관조항에 의하면 고객은 기존의 체납관리비에 대하여 사업자가 일방적으로 정한 관리비로 납부하여야 함 - 이 경우 고객은 사업자가 정한 높은 관리비로 기존의 체납된 관리비를 납부하여야 하는 경우가 발생할 수 있음 - 그러므로 위 약관조항은 상당한 이유없이 급부의 내용을 사업자가 일방적으로 결정하거나 변경할 수 있도록 권한을 부여하는 조항으로 약관법 제10조 제1호에 해당됨 ]]> 가. 약관조항 나. 검토의견 : 무효 ㅇ 장사 등에 관한 법률 제24조 제1항에 따르면 관리비는 사업자가 정하여 지자체에 신고하도록 규정되어 있을 뿐 지자체(정부)의 승인사항은 아님 - 그러므로 위 약관조항은 고객이 체납된 관리비를 납부하는 경우에는 사업자가 정부에 신고하여 납부 당시 적용하고 있는 관리비를 납부하도록 규정하고 있는 것으로 해석됨 ㅇ 따라서 위 약관조항에 의하면 고객은 기존의 체납관리비에 대하여 사업자가 일방적으로 정한 관리비로 납부하여야 함 - 이 경우 고객은 사업자가 정한 높은 관리비로 기존의 체납된 관리비를 납부하여야 하는 경우가 발생할 수 있음 - 그러므로 위 약관조항은 상당한 이유없이 급부의 내용을 사업자가 일방적으로 결정하거나 변경할 수 있도록 권한을 부여하는 조항으로 약관법 제10조 제1호에 해당됨 ]]> 가. 약관조항 나. 검토의견 : 무효 ㅇ 장사 등에 관한 법률 제24조 제1항에 따르면 관리비는 사업자가 정하여 지자체에 신고하도록 규정되어 있을 뿐 지자체(정부)의 승인사항은 아님 - 그러므로 위 약관조항은 고객이 체납된 관리비를 납부하는 경우에는 사업자가 정부에 신고하여 납부 당시 적용하고 있는 관리비를 납부하도록 규정하고 있는 것으로 해석됨 ㅇ 따라서 위 약관조항에 의하면 고객은 기존의 체납관리비에 대,,기각,,,근거 서술에 조항 문구 인용 없음. '위 약관조항'으로만 지칭되며 구체적인 조항 문구가 따옴표나 명시적 인용 형태로 제시되지 않음
법제처 OPEN API/ftc,1197,,정산주의 샘물 배달[판매] 영업소 계약서상 불공정약관조항에 대한 건,https://www.law.go.kr/DRF/lawService.do?OC=test&target=ftc&ID=1197&type=HTML,(문서 전체 — 조항 구분 없음),무효,명시,위험,제6조,부당한 비용·세금 전가|선택권 제한·구입 강제|과도한 위약금,"1197 시정권고서 2010약관1297 * 갑: 피심인, 을 : 대리점 사업자 2. 심사의견 : 무효 계약 종료 후 일정기간 동안 동종업종의 영업을 할 수 없도록 하는 약정은 사업자의 영업비밀 등 보호필요성이 있는 노하우 유출을 방지하기 위한 것이다. 따라서 이러한 약정이 유효한지를 판단하기 위하여서는 사업자의 이익과 고객의 직업선택의 자유를 비교ㆍ형량 하여야 한다. 당해 약관에 따르면 피심인은 대리점 사업자에게 자신이 제조한 생수를 공급하고 대리점 사업자는 그 생수를 소비자들에게 배달ㆍ판매하고 있다. 피심인은 추가적인 가공이 필요 없는 완제품을 대리점 사업자에게 제공하기 때문에 제품과 관련하여 보호할 필요가 있는 피심인의 영업비밀이 있다고 보기 어렵다. 또한 피심인은 계속적으로 영업지역의 고객정보를 관리하고 있었으므로(약관 제8조) 계약이 종료된 대리점사업자의 영업지역에 새로이 대리점을 개설하여 영업을 계속 할 수 있다. 따라서 영업지역상 고객관계 보호라는 피심인의 이익도 대리점 사업자의 직업선택의 자유를 제한할 정도로 크다고 볼 수 없다. * 당해 약관 제8조 금일 현재 갑이 을에게 인계하여 준 고객 및 을이 차후 확보하는 신규고객은 성명, 주소, 자택 및 근무처, 전화번호 등 상세한 고객 인적사항을 갑에게 익일 서면으로 제출하여 갑이 고객관리에 만전을 기하도록 하고, 고객관리는 갑이 감독관장하며, 갑은 을에게 고객서비스에 관하여 을은 절대적으로 갑의 지시에 따라 순응하며 신속 정확하게 처리한다. 그럼에도 당해 약관조항은 영업소 운영자가 계약 종료 후 2년 동안 동일 또는 유사한 업체에 취업하거나 상품을 판매하는 것을 전면적으로 금지하고 있다. 이는 특별히 보호받아야 할 피심인의 이익이 없음에도 단순히 자신의 영업지역이 경쟁업체에게 침탈되는 것을 막기 위해 대리점 사업자의 직업선택의 자유를 지나치게 침해하는 것이다. 더군다나 이러한 의무를 위반하였을 경우 피심인은 영업소 운영자에게 상품판매대금의 5년분이라는 위약금을 부과하고 있다. 피심인의 약관상 계약기간은 2년이고, 중도 해지시 적정한 위약금은 거래대금의 10% 정도임에 비추어 볼 때 지나치게 과중한 위약금 설정이다. 그러므로 계약 종료 후까지 동종ㆍ유사업종의 영업을 금지하고 위반시 위약금을 부과하는 당해 약관조항은 고객에게 부당하게 불리한 조항으로써 약관법 제6조 제2항 제1호에 해당한다. ]]> * 갑: 피심인, 을 : 대리점 사업자 2. 심사의견 : 무효 계약 종료 후 일정기간 동안 동종업종의 영업을 할 수 없도록 하는 약정은 사업자의 영업비밀 등 보호필요성이 있는 노하우 유출을 방지하기 위한 것이다. 따라서 이러한 약정이 유효한지를 판단하기 위하여서는 사업자의 이익과 고객의 직업선택의 자유를 비교ㆍ형량 하여야 한다. 당해 약관에 따르면 피심인은 대리점 사업자에게 자신이 제조한 생수를 공급하고 대리점 사업자는 그 생수를 소비자들에게 배달ㆍ판매하고 있다. 피심인은 추가적인 가공이 필요 없는 완제품을 대리점 사업자에게 제공하기 때문에 제품과 관련하여 보호할 필요가 있는 피심인의 ",,기각,영업소 운영자가 계약 종료 후 2년 동안 동일 또는 유사한 업체에 취업하거나 상품을 판매하는 것을 전면적으로 금지하고 있다,보통,판단 근거 서술에서 약관조항의 내용을 설명하는 형태로 인용된 문구입니다. 정확한 원문 확인 필요
법제처 OPEN API/ftc,9659,,정철인터랩의 가맹계약서상 불공정약관조항에 대한 건,https://www.law.go.kr/DRF/lawService.do?OC=test&target=ftc&ID=9659&type=HTML,고객에 대하여 부당하게 불리한 조항,무효,명시,위험,"제6조,제9조",부당한 비용·세금 전가|선택권 제한·구입 강제|과도한 위약금|일방적 계약 해지|권리행사 제한|보증금 반환 지연,"1. 고객에 대하여 부당하게 불리한 조항 약관법 제9조(계약의 해제ㆍ해지) 4. 계약의 해제ㆍ해지로 인한 사업자의 원상회복의무나 손해배상의무를 부당하게 경감하는 조항 다. 심사결과 : 무효 가맹금이란 그 명칭 여하를 불문하고 가맹본부가 가맹사업자로부터 가맹사업과 관련하여 수령하는 일체의 수익을 말하며 그 성격은 가맹사업의 유형 등에 따라 다음과 같이 구분된다. 첫째, 가입비, 입회비, 가맹비, 교육비 등 가맹사업자가 영업표지의 사용허락 또는 가맹점운영권이나 영업활동에 대한 지원, 교육 등을 받기 위하여 가맹본부에 지급하는 대가 둘째, 가맹사업자가 가맹본부로부터 공급받는 상품의 대금 등에 관한 채무액이나 손해배상액의 지급을 담보하기 위하여 가맹본부에 지급하는 대가 셋째, 가맹사업자가 가맹점운영권을 부여받을 당시에 가맹사업을 착수하기 위하여 가맹본부로부터 공급받는 정착물, 설비, 상품의 가격 또는 부동산의 임차료 명목으로 가맹본부에 지급하는 대가로 구분된다. 우선 심사대상 약관조항의 가입비와 연회비의 구성내역을 살펴보면, 영어교육 노하우 전수, 상표이용권, 교제사용권으로 이루어져 있으며 이는 위에서 언급한 첫 번째 유형에 해당되는 것으로 판단된다. 이와 같은 유형의 가맹금은 소위 개시지급금으로서 노하우 전수에 대한 대가성의 금원과 상표이용권과 같이 기간에 비례하여 존속하는 금원이 모두 포함되어 있는 것으로 판단된다. 따라서 만약 가입초기에 일시불로 가맹금을 지불하였다면 계약해지 시점에 따라 노하우의 전수정도 및 기간의 경과정도를 감안하여 아직 전수되지 않은 노하우와 잔여기간의 상표이용권에 대한 금원은 반환하는 것이 타당하다 할 것이다. 단, 계약해제ㆍ해지의 귀책사유에 따른 손해배상 또는 위약금의 부과는 별론으로 한다. 그리고 피청구인은 단서조항에서 고의 또는 중과실에 의한 계약해지시에만 가맹금을 반환하도록 규정하고 있어 경과실에 의한 계약해지에 대해서는 배상책임을 면하고 있다. 일반적으로 계약의 일방 당사자의 과실로 인해 상대방 당사자에게 손해가 발생한 경우 이를 배상하는 것이 타당하다 할 것이다. 따라서 계약을 중도해지하게 된 피청구인의 과실이 비록 경과실에 해당한다 하더라도 결론적으로 이로 인해 계약이 해지되어 고객에게 손해가 발생한 경우 피청구인은 이를 배상하여야 할 것이다. 따라서 경과실에 대해 손해배상책임을 면하도록 한 단서조항은 고객에게 부당하게 불리한 약관조항으로 약관법 제6조 제2항 제1호에 해당된다. 그리고 위와 같은 가맹금의 성격을 감안할 때 중도해지시 가맹금을 일체 반환하지 않는 것은 계약해지에 따른 피청구인의 원상회복의무를 부당하게 경감시키는 조항으로 약관법 제9조 제4호에 해당된다. ",,기각,,,"근거 서술에 조항 문구 인용 없음. 가입비·연회비 반환 관련 단서조항의 내용만 설명되어 있으며, 정확한 조항 문구는 제시되지 않음"
법제처 OPEN API/ftc,9659,,정철인터랩의 가맹계약서상 불공정약관조항에 대한 건,https://www.law.go.kr/DRF/lawService.do?OC=test&target=ftc&ID=9659&type=HTML,고객이 제3자와 계약을 체결하는 것을 부당하게 제한하는 조항,무효,명시,위험,"제6조,제11조",부당한 비용·세금 전가|선택권 제한·구입 강제|과도한 위약금|권리행사 제한,"3. 고객이 제3자와 계약을 체결하는 것을 부당하게 제한하는 조항 다. 심사결과 : 무효 가맹사업의 영위를 위하여 점포 이미지 및 제공되는 서비스의 특성을 가맹점간에 통일시킬 필요가 있는 것은 사실이다. 하지만 통일성을 유지하는데 지장이 없는 한 가맹사업자는 시공업체를 자율적으로 선택하고 가맹본부는 설계기준의 제시에 그치는 것이 타당하다 할 것이다. 이 건에 있어 피청구인의 체인점 시설의 주된 부분은 간판, 내부 실내장식 등이고 이들의 시공에는 정밀한 설계나 특별한 기술을 요하는 것으로 보기 어려운 점을 감안할 때 가맹본부가 제시한 설계에 따라 가맹사업자가 시공업체를 자율적으로 선택하여 시공한다 하더라도 가맹점간의 통일성을 해칠 우려가 높을 것으로 보기는 어렵다할 것이다. 그리고 가맹사업법에서도 원칙적으로 부동산, 설비 등의 구입 판매 등과 관련하여 부당하게 가맹사업자에게 특정한 거래상대방과 거래할 것을 강제하는 행위를 금지하고 있다. 그럼에도 해당 약관조항은 가맹본부가 지정한 업체에서 간판 등 설비공사를 하도록 하고 있는 바, 이는 고객이 제3자와 계약을 체결하는 것을 부당하게 제한하는 조항으로 약관법 제11조 제3호에 해당된다. ※ 관련법령 ]]> 나. 관련 법규정 약관법 제6조(일반원칙) ②약관에 다음 각호의 1에 해당되는 내용을 정하고 있는 경우에는 당해 약관조항은 공정을 잃은 것으로 추정된다. ",,기각,,,"근거 서술에 조항 문구 인용 없음. 내용상 '가맹본부가 지정한 업체에서 간판 등 설비공사를 하도록 하고 있는' 조항으로 추정되나, 원문 인용이 없어 정확한 문구를 특정할 수 없음"
법제처 OPEN API/ftc,9659,,정철인터랩의 가맹계약서상 불공정약관조항에 대한 건,https://www.law.go.kr/DRF/lawService.do?OC=test&target=ftc&ID=9659&type=HTML,고객이 제3자와 계약을 체결하는 것을 부당하게 제한하는 조항,무효,명시,위험,제11조,권리행사 제한,"3. 고객이 제3자와 계약을 체결하는 것을 부당하게 제한하는 조항 다. 심사결과 : 무효 가맹사업의 영위를 위하여 점포 이미지 및 제공되는 서비스의 특성을 가맹점간에 통일시킬 필요가 있는 것은 사실이다. 하지만 통일성을 유지하는데 지장이 없는 한 가맹사업자는 시공업체를 자율적으로 선택하고 가맹본부는 설계기준의 제시에 그치는 것이 타당하다 할 것이다. 이 건에 있어 피청구인의 체인점 시설의 주된 부분은 간판, 내부 실내장식 등이고 이들의 시공에는 정밀한 설계나 특별한 기술을 요하는 것으로 보기 어려운 점을 감안할 때 가맹본부가 제시한 설계에 따라 가맹사업자가 시공업체를 자율적으로 선택하여 시공한다 하더라도 가맹점간의 통일성을 해칠 우려가 높을 것으로 보기는 어렵다할 것이다. 그리고 가맹사업법에서도 원칙적으로 부동산, 설비 등의 구입 판매 등과 관련하여 부당하게 가맹사업자에게 특정한 거래상대방과 거래할 것을 강제하는 행위를 금지하고 있다. 그럼에도 해당 약관조항은 가맹본부가 지정한 업체에서 간판 등 설비공사를 하도록 하고 있는 바, 이는 고객이 제3자와 계약을 체결하는 것을 부당하게 제한하는 조항으로 약관법 제11조 제3호에 해당된다. ※ 관련법령 ]]>",,기각,,,근거 서술에 조항 문구 인용 없음. 가맹본부가 지정한 업체에서 간판 등 설비공사를 하도록 하는 내용만 설명되어 있음
법제처 OPEN API/ftc,1151,,제주국제영어마을 등록약관의 환불규정상 불공정약관조항에 대한 건,https://www.law.go.kr/DRF/lawService.do?OC=test&target=ftc&ID=1151&type=HTML,(문서 전체 — 조항 구분 없음),무효,명시,위험,제8조,과도한 위약금,"1151 시정권고서 2012약관0616 2. 심사의견 : 무효 고객의 영어캠프 신청은, 캠프 활동을 통한 외국어 교육이라는 무형의 서비스를 이용하기 위한 계약의 성질을 갖는 것으로 볼 수 있고 이때 수업료는 캠프 진행과정에서 소요되는 비용을 고객에게 미리 부과한 것이라 할 수 있다. 특히 제주영어마을의 경우 캠프시작으로부터 4개월 전에 신청이 완료되고 있어 고객이 캠프 신청 시에 예상할 수 없었던 사정에 의해 캠프에 참가하지 못할 가능성을 완전히 배제할 수 없다. 통상 약관에 따른 거래에서 고객은 사업자가 제공하는 서비스를 이용하기 전에 개인적인 사정 등을 이유로 계약을 해지할 경우 일정액의 위약금을 공제한 나머지 금액을 환불받을 수 있으며 이 때 위약금은 과도하게 책정되어서는 안된다. 사업자가 약관을 통해 부과하는 위약금이 '부당하게 과도한지’ 여부를 판단함에 있어서는 고객의 일방적인 계약해지로 인해 사업자가 입게 될 것으로 예상되는 손실뿐만 아니라 거래유형에 따른 계약당사자의 경제적 지위, 거래관행과 경제상태 등을 종합적으로 고려하여야 한다. 본 사안은 영어캠프로서, 고객의 캠프 신청접수가 완료되면 그 이후 원어민 강사초청, 교육프로그램 개발, 교재개발 등 캠프 운영을 위한 각종 절차가 진행된다는 점을 고려할 때 위약금을 책정할 수 있을 것이나, 이러한 경우에도 이에 대한 타당하고 합리적인 사유가 있어야 약관법상 부당하게 과도한 위약금에 해당하지 않는다고 할 것이다. 현재 피심인은 고객이 납부하는 참가비와 캠프 기간에 대한 고려 없이 일괄적으로 30만원을 부과하고 있다. 이로 인해 가장 저렴한 5박6일(489,000원) 캠프의 경우, 전체 참가비 대비 위약금이 약 61%에 이르고 있다. 이마저도 캠프 시작일 한달 전에 취소가 이뤄지는 경우에만 적용되는 것이고 캠프 시작일을 2주 남기고 취소하는 고객에 대해서는 등록비 30만원을 제외한 나머지 수업료의 50%만 반환하고 있다. 결과적으로 고객은 피심인으로부터 아무런 서비스를 제공받지도 못한 채 80%에 달하는 위약금을 납부할 수밖에 없게 된다. ※ 제주국제영어마을의 경우 캠프 기간과 수업 내용에 따라 최소 489,000원(5박6일)에서 최대 2,680,000원(30박31일)으로 참가비가 달리 책정되어 있고 따라서 위약금은 캠프 시작 한달 전 취소 시 총 거래금액의 최소 11%에서 최대 61%, 2주 전 취소 시 총 거래금액의 최소 30%에서 최대 69%, 하루 전 취소 시 총 거래금액의 최소 56%에서 최대 80%까지 나타남 피심인이 아래 표와 같은 내용의 답변서를 통해 스스로 밝힌 기간별 준비작업에 있어서도, 30만원을 일괄징수하여 반환하지 않을만한 합리적인 이유는 보이지 않으며, 실제로도 허술한 운영과 광고와 다른 원어민 강사 및 학생의 초빙, 원어민 강사의 중도 이탈 등에 따른 피해가 발생하고 있다는 점에서 등록비 30만원 반환불가 조항의 정당성은 더욱 떨어진다고 할 것이다. 설사 30만원을 해약금의 성질을 내포한 계약금으로 본다고 하더라도 민법 제565조의 해약금 규정은 고객이 ",,기각,,,"근거 서술에 조항 문구 인용 없음. 위약금 규정의 내용만 설명되어 있으며, 구체적인 약관 조항 문구가 따옴표나 「」로 인용되지 않음"
법제처 OPEN API/ftc,1165,,존슨휘트니스잠실점의 회원약관상 불공정약관조항에 대한 건,https://www.law.go.kr/DRF/lawService.do?OC=test&target=ftc&ID=1165&type=HTML,계약 해지 시 과다한 위약금 등 부과 조항,무효,명시,위험,제8조,과도한 위약금,"2. 계약 해지 시 과다한 위약금 등 부과 조항 가. 약관조항 나. 심사의견: 무효 대중체육시설 이용계약은 방판법상 계속적인 계약(계속거래)에 해당하는 것으로 고객은 계약기간 중 언제든지 해지할 수 있으며 소비자의 사정으로 계약이 해지된 경우 계약 해지로 인해 발생하는 손실에 상당하는 적정 위약금을 제외한 나머지 대금을 환급해야 할 것이다.(방판법 제29조, 제30조) 고객이 자신의 사정으로 계약기간 중도에 해지를 하는 경우에 사업자는 고객에게 손해배상액의 예정으로서의 위약금을 부담지울 수 있지만, 이 경우에도 관련 임의규정, 통상의 거래관행 등을 고려하여 합리적인 수준의 위약금을 정하여야 할 것이다. 방판법 제30조 제5항에 따라 정하여 고시한 「계속거래 등의 해지ㆍ해제에 따른 위약금 및 대금의 환급에 관한 산정기준」상에는 헬스장 이용계약과 관련하여 고객의 사정에 의한 중도 해지 시 위약금 상한액을 총 계약금액의 10%로 정하고 있다. 또한, 체력단련장 표준약관 및 소비자분쟁해결기준에서도 체육시설을 이용하는 소비자의 귀책사유로 개시일 이후 계약을 해지할 경우 취소일까지의 이용일수에 해당하는 금액과 총 이용금액의 10%를 위약금으로 공제하고 환급하도록 규정하고 있다. 아울러, 여신전문금융업법에 따르면 신용카드가맹점은 신용카드회원에 대하여 현금결제회원에 비해 불리한 대우를 하지 못하도록 하고 있고, 가맹점수수료를 신용카드회원에게 부담시키지 못하도록 규정(제19조 제1항 및 제3항)하고 있으며, 가맹점은 자신의 매출 확대를 위해 고객과의 최초 계약체결 시 자신이 신용카드사에게 가맹점수수료를 부담할 것을 전제로 체육시설 이용료에 대해 신용카드를 통한 결제를 용인하고 있다. 설사 고객의 사정으로 인하여 계약이 해지되었다고 하더라도 카드결제회원에 대해 위약금(이용료의 10%)이외에 추가로 가맹점수수료를 부담하도록 한 당해 약관조항은 여신전문금융업법에 위반될 뿐만 아니라 신의성실의 원칙에도 반한다고 할 것이다. 그러나 위 약관에는 회비의 환불과 관련하여 위약금(총회비합계금액의 10%)과 1년회원권에 대해 이용기간과 무관하게 3개월의 의무사용기간을 적용하여 이 기간동안의 회비전체를 공제하고 카드결제 시 이와는 별도로 카드수수료 명목으로 이를 공제하는 것으로 규정하고 있다. 따라서 당해 약관조항은 고객에 대하여 부당하게 과중한 손해배상의무를 부담시키는 약관조항이자 계약의 해제 또는 해지로 인한 고객의 원상회복의무를 상당한 이유없이 과중하게 부담시키거나 원상회복청구권을 부당하게 포기하도록 하는 조항으로 약관법 제8조 및 제9조 제3호에 해당되어 무효이다. ",,기각,회비의 환불과 관련하여 위약금(총회비합계금액의 10%)과 1년회원권에 대해 이용기간과 무관하게 3개월의 의무사용기간을 적용하여 이 기간동안의 회비전체를 공제하고 카드결제 시 이와는 별도로 카드수수료 명목으로 이를 공제하는 것,보통,인용 표시 없이 약관 내용을 설명하는 형태로 서술되어 있음
법제처 OPEN API/ftc,1165,,존슨휘트니스잠실점의 회원약관상 불공정약관조항에 대한 건,https://www.law.go.kr/DRF/lawService.do?OC=test&target=ftc&ID=1165&type=HTML,"헬스장내에서의 고객물품의 분실, 도난에 대한 사업자의 면책 조항",무효,명시,위험,"제7조,제9조,제11조",책임 면제|일방적 계약 해지|권리행사 제한|보증금 반환 지연,"3. 헬스장내에서의 고객물품의 분실, 도난에 대한 사업자의 면책 조항 가. 약관조항 나. 심사의견: 무효 상법상 공중접객업자는 고객으로부터 임치받은 물건의 보관상 주의를 게을리하지 아니하였음을 증명하지 아니하면 그 물건의 멸실 또는 훼손으로 인한 손해배상의 책임이 있고, 고객으로부터 임치받지 아니한 경우에도 그 시설 내에 휴대한 물건이 공중접객업자 자신 또는 그 사용인의 과실로 인하여 멸실 또는 훼손되었을 대에는 그 손해를 배상할 책임이 있다고 규정(상법 제152조 제1항 및 제2항)하고 있으며, 이에 따라 시설물 내에서의 도난사고의 발생이 사업자의 과실에서 야기된 경우라면 사업자가 그 책임을 지는 것은 당연하다 할 것이다. 또한, 민법상 사업자의 고의 또는 과실로 인한 위법행위로 타인에게 손해를 가한 때에는 그 손해를 배상할 책임이 있으며(민법 제750조) 공작물의 설치 또는 보존의 하자로 인해 타인에게 손해를 가한 때에는 점유자 또는 소유자가 손해배상의 책임이 있다고 규정(민법 제758조 제1항)하고 있으므로 사업자의 과실에 기인한 안전사고에는 사업자가 배상책임을 지어야 할 것이다. 물론 귀중품 등을 안내데스크에 맡기지 않은 경우 우선적으로는 이용자 본인에게 자신의 물건 등의 관리책임이 있을 것이다. 그러나 위 약관에는 헬스장내에서 고객 물품의 분실, 도난에 대해 사업자의 귀책유무를 따짐이 없이 사업자가 면책되는 것으로 규정하고 있다. 따라서 당해 약관조항은 사업자의 고의 또는 중대한 과실로 인한 법률상의 책임을 배제하는 조항으로 약관법 제7조 제1호에 해당되어 무효이다. ]]> 나. 심사의견: 무효 대중체육시설 이용계약은 상당히 장기간에 걸쳐 존속되기 때문에 장래 회원이 불가피하게 계약을 해지해야 할 사정이 발생할 수 있다. 이러한 경우에도 계약해지를 제한하여 이미 고객이 사업자에게 납부한 급부를 일절 반환하지 않는 것은 사업자의 이익에만 치중하게 한 것이라 할 수 있다. 이에 이런 취지를 고려하여 「방문판매 등에 관한 법률」(이하 '방판법’이라 한다)에서 계속거래업자와 계약을 체결한 소비자는 언제든지 계약을 해지할 수 있고, 이에 대하여 계속거래업자는 위약금을 공제하고 대금의 환급조치를 취하여야 한다고 규정(방판법 제29조 및 제30조)하고 있다. 또한, 체력단련장 표준약관 및 소비자분쟁해결기준에서도 체육시설을 이용하는 소비자의 귀책사유로 개시일 이후 계약을 해지할 경우 취소일까지의 이용일수에 해당하는 금액과 총 이용금액의 10%를 위약금으로 공제하고 환급하도록 규정하고 있다. 따라서 계속거래계약을 체결한 헬스장 이용고객은 특별한 제한 없이 언제든지 회원 탈퇴가 가능해야 할 것이고 사업자는 고객의 귀책사유로 계약을 해지할 경우 이용기간에 대한 이용료와 위약금을 공제하고 반환하는 것이 타당하다 할 것이다. 그러나 위 약관에는 회원권에 대해 운동 시작 후 환불이 불가능한 것으로 규정하고 있다. 따라서 당해 약관조항은 법률의 규정에 의한 고객의 해제권 또는 해지권을 배제하거나 그 행사를 제한하는 조항이자 계약의 해제 또는 해지로 인한 ",,기각,,,"근거 서술에 조항 문구 인용 없음. '헬스장내에서 고객 물품의 분실, 도난에 대해 사업자의 귀책유무를 따짐이 없이 사업자가 면책되는 것으로 규정'이라는 내용 설명만 있음"
법제처 OPEN API/ftc,1165,,존슨휘트니스잠실점의 회원약관상 불공정약관조항에 대한 건,https://www.law.go.kr/DRF/lawService.do?OC=test&target=ftc&ID=1165&type=HTML,"헬스장내에서의 고객물품의 분실, 도난에 대한 사업자의 면책 조항",무효,명시,위험,제7조,책임 면제,"3. 헬스장내에서의 고객물품의 분실, 도난에 대한 사업자의 면책 조항 가. 약관조항 나. 심사의견: 무효 상법상 공중접객업자는 고객으로부터 임치받은 물건의 보관상 주의를 게을리하지 아니하였음을 증명하지 아니하면 그 물건의 멸실 또는 훼손으로 인한 손해배상의 책임이 있고, 고객으로부터 임치받지 아니한 경우에도 그 시설 내에 휴대한 물건이 공중접객업자 자신 또는 그 사용인의 과실로 인하여 멸실 또는 훼손되었을 대에는 그 손해를 배상할 책임이 있다고 규정(상법 제152조 제1항 및 제2항)하고 있으며, 이에 따라 시설물 내에서의 도난사고의 발생이 사업자의 과실에서 야기된 경우라면 사업자가 그 책임을 지는 것은 당연하다 할 것이다. 또한, 민법상 사업자의 고의 또는 과실로 인한 위법행위로 타인에게 손해를 가한 때에는 그 손해를 배상할 책임이 있으며(민법 제750조) 공작물의 설치 또는 보존의 하자로 인해 타인에게 손해를 가한 때에는 점유자 또는 소유자가 손해배상의 책임이 있다고 규정(민법 제758조 제1항)하고 있으므로 사업자의 과실에 기인한 안전사고에는 사업자가 배상책임을 지어야 할 것이다. 물론 귀중품 등을 안내데스크에 맡기지 않은 경우 우선적으로는 이용자 본인에게 자신의 물건 등의 관리책임이 있을 것이다. 그러나 위 약관에는 헬스장내에서 고객 물품의 분실, 도난에 대해 사업자의 귀책유무를 따짐이 없이 사업자가 면책되는 것으로 규정하고 있다. 따라서 당해 약관조항은 사업자의 고의 또는 중대한 과실로 인한 법률상의 책임을 배제하는 조항으로 약관법 제7조 제1호에 해당되어 무효이다. ]]>",,기각,,,"근거 서술에 조항 문구 인용 없음. 조항 내용이 '헬스장내에서 고객 물품의 분실, 도난에 대해 사업자의 귀책유무를 따짐이 없이 사업자가 면책되는 것으로 규정'이라고만 설명되어 있음"
법제처 OPEN API/ftc,10825,,(주)8282기획[빨리빨리대리운전]의 수익금분배약정서상 불공정약관조항에 대한 건,https://www.law.go.kr/DRF/lawService.do?OC=test&target=ftc&ID=10825&type=HTML,원상회복의무를 경감하는 조항,무효,조문인용 추론,위험,제9조,일방적 계약 해지|권리행사 제한|보증금 반환 지연,"2. 원상회복의무를 경감하는 조항 가. 약관조항 나. 심사의견 : 무 효 ○ 가입비의 대부분은 보험료로서 기사와의 계약이 해지되면 그에 따른 보험계약도 해지되어 해약환급금을 수령하는 경우가 있으므로 이에 해당하는 금액은 반환해야 할 금액에 해당함. 따라서, 가입비에서 경과된 기간에 해당하는 보험료와 영업관리를 위해 사용된 금액 등을 제외한 나머지 금액은 반환하는 것이 타당함 - 위와 같은 점에서 계약해지시 가입비를 전액 반환하지 않는 조항은 사업자가 부담하여야 할 원상회복의무를 부당하게 경감하는 것이므로 약관법 제9조 제4호에 해당됨 ]]> 나. 심사의견 : 무 효 ㅇ 계약의 해지는 계약당사자의 이해관계에 중대한 영향을 미치는 사항으로 해지사유는 구체적으로 열거되고 또한 그 내용도 타당하여야 할 것임 - 설사 계약당사자의 책임있는 사유로 인하여 계약을 해지할 경우에도 채무이행 불능이나 법규위반과 같은 당연사유를 제외하고는 상당한 기간을 정하여 그 이행을 최고하고 이행이 없을 때 비로소 그 계약을 해지할 수 있도록 함이 원칙임(민법 제544조) ㅇ 위 약관조항은 최고할 필요 없이 즉시 해지가 가능하도록 되어있어 법률의 규정에 의한 해지권의 행사요건을 완화하여 고객에 대하여 부당하게 불이익을 줄 우려가 있는 조항으로 약관법 제9조 제2호에 해당됨 ",,기각,,,근거 서술에 조항 문구 인용 없음. 계약해지시 가입비를 전액 반환하지 않는다는 내용만 설명되어 있음
법제처 OPEN API/ftc,10825,,(주)8282기획[빨리빨리대리운전]의 수익금분배약정서상 불공정약관조항에 대한 건,https://www.law.go.kr/DRF/lawService.do?OC=test&target=ftc&ID=10825&type=HTML,원상회복의무를 경감하는 조항,무효,조문인용 추론,위험,제9조,일방적 계약 해지|권리행사 제한|보증금 반환 지연,"2. 원상회복의무를 경감하는 조항 가. 약관조항 나. 심사의견 : 무 효 ○ 가입비의 대부분은 보험료로서 기사와의 계약이 해지되면 그에 따른 보험계약도 해지되어 해약환급금을 수령하는 경우가 있으므로 이에 해당하는 금액은 반환해야 할 금액에 해당함. 따라서, 가입비에서 경과된 기간에 해당하는 보험료와 영업관리를 위해 사용된 금액 등을 제외한 나머지 금액은 반환하는 것이 타당함 - 위와 같은 점에서 계약해지시 가입비를 전액 반환하지 않는 조항은 사업자가 부담하여야 할 원상회복의무를 부당하게 경감하는 것이므로 약관법 제9조 제4호에 해당됨 ]]>",,기각,,,근거 서술에 조항 문구 인용 없음. 계약해지시 가입비 전액 미반환에 대한 내용만 설명되어 있음
법제처 OPEN API/ftc,9499,,(주)가우디환경의 음식물쓰레기처리기 렌탈계약서상 불공정약관조항에 대한 건,https://www.law.go.kr/DRF/lawService.do?OC=test&target=ftc&ID=9499&type=HTML,(문서 전체 — 조항 구분 없음),무효,조문인용 추론,위험,제8조,과도한 위약금,"9499 시정권고서 2009약관 1275 나. 검토의견 : 무효 소송촉진등에 관한 특례법 및 시행령은 금전채무불이행으로 인한 손해배상액산정의 기준이 되는 법정이율을 연 2할로 정하고 있다. 그러나, 심사대상 약관조항은 고객이 렌탈료 납입을 지연하는 경우 고객에게 월 5%, 즉 연 6할의 지연이자를 납부하도록 하고 있고, 또한 피심인은 고객의 렌탈료 납입지연에 따른 피심인의 손해가 지연이자에 상당하다고 볼 수 있는 객관적 근거를 제출하지 못하고 있다. 따라서, 심사대상 약관조항은 고객에게 법정이율의 3배에 해당하는 과중한 지연손해금을 부당하게 부담시키므로 약관법 제8조에 해당되어 무효인 약관조항이다. ※ 「약관법」 제8조(손해배상액의 예정) ㆍ 고객에 대하여 부당하게 과중한 지연손해금 등의 손해배상의무를 부담시키는 약관조항은 이를 무효로 한다. 2. 중도해지에 따른 위약금 관련 가. 약관조항 나. 검토의견 : 무효 고객의 귀책사유로 인한 계약해지시 위약금은 거래관행상 통상적으로 계약금액의 10%정도이고, 정수기임대차(렌탈) 표준약관에 의하면 의무사용기간을 1년 초과로 정한 경우 의무사용기간 잔여월 임대료의 10%에 해당하는 금액이다. 그런데 심사대상 약관조항은 렌탈계약을 중도해지 하는 경우 제품가격의 50% 또는 잔여렌탈비 중 적은 금액을 위약금으로 정하여 고객에게 부담시키고 있고, 피심인은 고객의 중도해지로 인한 피심인의 손해가 위약금에 상당하다고 볼 수 있는 객관적 근거를 제출하지 못하고 있다. 따라서 심사대상 약관조항은 렌탈계약의 중도해지로 발생한 중고 음식쓰레기처리기의 재활용에 어려움이 있음을 감안하더라도 고객에게 지나치게 과중한 손해배상의무를 부담시키므로 약관법 제8조에 해당되어 무효인 약관조항이다. ]]> 나. 검토의견 : 무효 소송촉진등에 관한 특례법 및 시행령은 금전채무불이행으로 인한 손해배상액산정의 기준이 되는 법정이율을 연 2할로 정하고 있다. 그러나, 심사대상 약관조항은 고객이 렌탈료 납입을 지연하는 경우 고객에게 월 5%, 즉 연 6할의 지연이자를 납부하도록 하고 있고, 또한 피심인은 고객의 렌탈료 납입지연에 따른 피심인의 손해가 지연이자에 상당하다고 볼 수 있는 객관적 근거를 제출하지 못하고 있다. 따라서, 심사대상 약관조항은 고객에게 법정이율의 3배에 해당하는 과중한 지연손해금을 부당하게 부담시키므로 약관법 제8조에 해당되어 무효인 약관조항이다. ※ 「약관법」 제8조(손해배상액의 예정) ㆍ 고객에 대하여 부당하게 과중한 지연손해금 등의 손해배상의무를 부담시키는 약관조항은 이를 무효로 한다. 2. 중도해지에 따른 위약금 관련 가. 약관조항 나. 검토의견 : 무효 고객의 귀책사유로 인한 계약해지시 위약금은 거래관행상 통상적으로 계약금액의 10%정도이고, 정수기임대차(렌탈) 표준약관에 의하면 의무사용기간을 1년 초과로 정한 경우 의무사용기간 잔여월 임대료의 10%에 해당하는 금액이다. 그런데 심사대상 약관조항은 렌탈계약을 중도해지 하는 경우 제품가격의 50% 또는 잔여렌탈비 중 적은 금액을 위약금으로 정하여 고객에게 부",,기각,"고객이 렌탈료 납입을 지연하는 경우 고객에게 월 5%, 즉 연 6할의 지연이자를 납부하도록 하고",보통,"따옴표 없이 인용된 조항 내용으로, 지연이자율에 관한 문구를 그대로 옮김"
법제처 OPEN API/ftc,11043,,(주)강일의 차량임대계약서상 불공정약관조항에 대한 건,https://www.law.go.kr/DRF/lawService.do?OC=test&target=ftc&ID=11043&type=HTML,보험처리시 면책금 조항,무효,명시,위험,제6조,부당한 비용·세금 전가|선택권 제한·구입 강제|과도한 위약금,"2. 보험처리시 면책금 조항 (1) 약관조항 (2) 심사결과 : 무효 임차인의 사고발생시 보험회사가 피해자에게 보험금을 지급한 경우 임대인은 보험회사에게 일정 금원을 지급하고, 향후 일정기간 동안 보험료의 할인혜택을 받지 못하거나 할증되는 경우가 있음 자동차대여사업자의 경우 보유한 모든 차량의 보험사고 횟수나 보험금액 등을 고려하여 보험료가 산정되고, 보험료가 할증되면 전 차량의 보험료가 인상됨. 따라서 임대인이 추가적으로 부담하게 되는 총금원은 보유차량대수, 보험가입기간, 보험혜택의 크기 등에 따라 상이함 임대인은 위와같이 보험사고시 부담하는 금원에 대하여 이 사건 약관조항과 같이 임차인으로부터 일정 금원을 징구하는 것임 차량대여료에 이용료, 보험료뿐만 아니라 보험사고가 발생할 경우 렌터카업체가 추가로 부담하게 될 부분을 모두 포함할 경우 그렇지 않은 경우보다 대여료가 올라갈 수 밖에 없음 이 경우에는 사고를 내지 않은 자가 사고를 낸 자의 보험금을 부담하는 것이 되므로 부당한 결과가 됨. 그러나 차량대여료에 이와 같은 비용을 포함하지 아니한 경우에는 사고자가 책임을 지는 것이므로 위와 같이 보험처리시 면책금을 받는 것 자체는 부당하지 아니함 그러나 사고의 종류, 정도 및 보험금액 등에 따라 해당 사고가 임대인이 부담하게 될 금원의 크기에 미치는 영향이 다름. 따라서 보험사고의 정도나 보험금액 등에 따라 임차인이 부담하여야 할 면책금도 차등하여 규정하여야 할 것임 그럼에도 불구하고 위 약관조항은 보험처리시 사고의 경중 등을 구분하지 아니하고 동일한 액수의 면책금을(200만원) 지급하도록 하고 있음. 이는 경미한 사고를 낸 이용자와 중한 사고를 낸 이용자간 형평에 반하여 부당하다 할 것임 따라서 위 약관조항은 고객에게 부당하게 불리한 약관조항에 해당하여 약관법 제6조 제1항, 제2항 제1호에 따라 무효임 ]]> (2) 심사결과 : 무효 위 약관조항은 교통사고처리특례법 위반행위로 인하여 사고가 발생한 경우에는 보험처리를 하지 않는다는 것임 그러나 보험금은 렌터카업체와 보험회사가 체결한 보험계약에 따른 보험사고에 해당하면 지급되는 것이므로 임대인과 임차인이 위와 같은 계약을 체결하더라도 보험금의 지급여부에는 영향을 미치지 아니함 또한 위 금지행위로 인하여 사고가 발생한 경우에도 보험사고에 해당하면 피해자는 보험회사에 대하여 직접 보험금의 청구를 할 수 있음(상법 제724조 제2항) 그럼에도 불구하고 임차인은 위 약관조항에 따라 보험처리가 되지 않는 것으로 생각하여 개별적으로 피해자에게 손해를 배상하거나 합의를 하는 경우가 발생함 따라서 위 약관조항은 사실과 다른 내용을 규정하여 상대방을 오인케하고 재산상손해를 가할 수 있는 규정이므로 고객에게 부당하게 불리한 조항에 해당하여 약관법 제6조 제1항, 제2항 제1호에 따라 무효임 ",,기각,동일한 액수의 면책금을(200만원) 지급하도록 하고 있음,보통,"근거 서술에서 문제 조항의 구체적 내용이 설명되어 있으며, 면책금 액수 200만원이 명시되어 있음"
법제처 OPEN API/ftc,10483,,(주)나인스에비뉴의 상가공급계약서상 불공정약관조항에 대한 건,https://www.law.go.kr/DRF/lawService.do?OC=test&target=ftc&ID=10483&type=HTML,제한물권 설정 조항,무효,명시,위험,제6조,부당한 비용·세금 전가|선택권 제한·구입 강제|과도한 위약금,"2. 제한물권 설정 조항 가. 약관조항 나. 심사의견 : 무효 ㅇ 건축물의 분양에 관한 법률상 분양사업자가 건축물을 분양할 때에는 건축할 대지의 소유권을 확보하여야 하고, 그 대지에 저당권, 가등기담보권, 전세권, 지상권 및 부동산임차권이 설정되어 있으면 이를 말소하도록 규정하고 있으므로 분양사업자는 건축할 대지에는 지상권 등을 설정할 수 없음 ㅇ 그럼에도 불구하고 분양사업자가 사업부지에 제한물권을 설정하고 고객이 이에 대하여 이의를 제기하지 못하도록 한 것은 고객에게 부당하게 불리한 조항으로 약관법 제6조 제2항 제1호에 해당됨 ",,기각,,,근거 서술에 조항 문구 인용 없음. 분양사업자가 사업부지에 제한물권을 설정하고 고객이 이에 대하여 이의를 제기하지 못하도록 한 내용만 설명되어 있음
법제처 OPEN API/ftc,10483,,(주)나인스에비뉴의 상가공급계약서상 불공정약관조항에 대한 건,https://www.law.go.kr/DRF/lawService.do?OC=test&target=ftc&ID=10483&type=HTML,면적 및 조건변경 조항,무효,조문인용 추론,위험,"제6조,제7조,제10조",부당한 비용·세금 전가|선택권 제한·구입 강제|과도한 위약금|책임 면제|일방적 급부·조건 변경,"3. 면적 및 조건변경 조항 가. 약관조항 나. 심사의견 제1항 : 무효 ㅇ 일반적으로 당초에 예정했던 급부내용과 실제 급부내용이 상이한 경우에는 정산절차를 거쳐야 하는 것이 당연하다 할 것이며, 비록 그 차이가 불가피하게 발생된 극소한 경우일지라도 정산방법 등에 관하여 사전에 고객의 의견을 수렴하여 조치하는 것이 타당함 ㅇ 그럼에도 불구하고 현행 약관조항은 공부정리상 공급면적이 계약면적 대비 0.3% 이내의 구좌 간에 면적의 차이가 있을 경우 수분양자가 이에 대하여 이의를 제기치 않는다고 규정하고 있는 바, 이는 상당한 이유없이 사업자의 담보책임을 배제 또는 제한하는 조항으로서 약관법 제7조 제3호에 해당됨 제2항 : 무효 ㅇ 수량을 지정한 매매의 목적물이 부족하게 된 경우 매수인은 매도인에 대하여 대금감액이나 손해배상을 청구할 수 있으며 계약목적을 달성할 수 없을 경우 계약을 해제할 수 있음(민법 제570조 이하) ㅇ 따라서 분양물건의 위치, 면적 및 구조, 경관 등의 변경을 이유로 대지면적이나 건물면적에 변동이 생긴 경우 법률에 의해 인정된 매수인의 권리를 인정하거나 변동에 대해 정산절차를 거쳐야 할 것임 ㅇ 그럼에도 불구하고 사업자의 현행 약관은 건축물의 설계변경 또는 허가조건의 변동 등으로 분양물건의 위치, 면적 및 구조, 경관 등이 변경될 수 있도록 하여 급부의 내용을 사업자가 일방적으로 결정하거나 변경할 수 있도록 권한을 부여하는 조항으로 약관법 제10조 제1호에 해당됨 제3항 : 무효 ㅇ 상가분양계약에서 고객은 사업자가 제공한 광고, 인쇄물, 전단지 등(이하 “홍보물”이라 한다)을 통해 정보(층별 입점업종, 무이자 융자 등 분양조건)를 수집하고 이를 바탕으로 당해 상가를 선택하는 것이 통상이므로 홍보물의 표시사항은 매우 중요하다고 할 것임 ㅇ 층별 입점업종 등 상가분양의 홍보물에 기재된 표시사항중 고객의 권리 ㆍ 의무에 영향을 미치는 중요한 사항이 실제와 상이할 수 있다고 정할 경우에는 고객에게 예측하지 못한 손해를 끼칠 우려가 있음 ㅇ 따라서 사업자의 사정에 따라 홍보물의 표시사항이 실제와 차이가 날 수 있다고 정하고 있는 위 약관조항은 고객에 대하여 부당하게 불리한 조항으로 약관법 제6조 제2항 제1호에 해당됨 ",,기각,,,"근거 서술에 조항 문구 인용 없음. 면적 차이 0.3% 기준, 설계변경 허용, 홍보물 표시사항 변경 가능 등의 내용이 설명되어 있으나 따옴표나 「」로 명시된 원문 인용이 없음"
법제처 OPEN API/ftc,10483,,(주)나인스에비뉴의 상가공급계약서상 불공정약관조항에 대한 건,https://www.law.go.kr/DRF/lawService.do?OC=test&target=ftc&ID=10483&type=HTML,상가개발비 조항,무효,명시,위험,제9조,일방적 계약 해지|권리행사 제한|보증금 반환 지연,"4. 상가개발비 조항 가. 약관조항 나. 심사의견 : 무효 ㅇ 당사자 일방이 계약을 해제한 때에는 각 당사자는 그 상대방에 대하여 원상회복의무를 지게 되는 바, 개발비도 원상회복 의무의 대상에 포함됨 ㅇ 따라서 통상 개발비가 상가활성화를 위하여 공통적으로 사용된 비용이라 하더라도 고객의 사정으로 계약해제시 지출하지 않은 개발비가 있는 경우에는 이를 고객에게 반환하는 것이 타당함 ㅇ 그러나 위 약관조항은 고객의 사유로 계약해제시 고객의 개발비 반환청구권을 배제하고 있으므로 이는 계약의 해제 또는 해지로 인한 고객의 원상회복 청구권을 부당하게 포기하도록 하는 조항으로 약관법 제9조 제3호에 해당됨 ",,기각,,,근거 서술에 조항 문구 인용 없음. '고객의 사유로 계약해제시 고객의 개발비 반환청구권을 배제'한다는 내용만 설명되어 있음
법제처 OPEN API/ftc,10483,,(주)나인스에비뉴의 상가공급계약서상 불공정약관조항에 대한 건,https://www.law.go.kr/DRF/lawService.do?OC=test&target=ftc&ID=10483&type=HTML,시설물 훼손 책임 조항,무효,명시,위험,제7조,책임 면제,5. 시설물 훼손 책임 조항 가. 약관조항 나. 심사의견 : 무효 ㅇ 민법 제750조(불법행위의 내용)에 따르면 자신의 고의 또는 과실로 인한 위법행위로 타인에게 손해를 가한 경우 그 손해를 배상하여야 할 책임이 있음 ㅇ 따라서 수분양자의 시설물에 훼손 등이 발생하면 이에 대한 사업자의 고의나 중대한 관리에 의한 경우에는 책임을 져야 할 것임 ㅇ 그러나 위 약관조항은 사업자의 귀책유무를 따지지 아니하고 미입점으로 인한 시설물의 훼손 등에 대하여 전적으로 고객이 그 책임을 지도록 정하고 있으므로 이는 사업자의 고의 또는 중대한 과실로 인한 법률상의 책임을 배제하는 조항으로 약관법 제7조 제1호에 해당됨 ,,기각,,,근거 서술에 조항 문구 인용 없음. 미입점으로 인한 시설물 훼손에 대해 고객이 전적으로 책임을 지도록 정한다는 내용만 설명되어 있음
법제처 OPEN API/ftc,10483,,(주)나인스에비뉴의 상가공급계약서상 불공정약관조항에 대한 건,https://www.law.go.kr/DRF/lawService.do?OC=test&target=ftc&ID=10483&type=HTML,입점 지연시 책임 조항,무효,조문인용 추론,위험,"제7조,제10조",책임 면제|일방적 급부·조건 변경,"6. 입점 지연시 책임 조항 가. 약관조항 나. 심사의견 제6항 : 무효 ㅇ 민법 제537조의 채무자위험부담주의 규정에 따르면 당사자간의 개별약정으로 달리 정할 수는 있으나 위 약관조항은 '천재지변 등 불가항력인 사유’로 입점 지정일에 분양물건을 수분양자에게 명도할 수 없을 경우 수분양자가 이의 제기하지 못한다고 하여, ㅇ 특약이나 개별약정이 아닌 약관의 형태로서 법률의 규정보다 고객에게 더 불리하게 입점지연에 대한 면책을 규정하여 상당한 이유 없이 사업자의 손해배상범위를 제한하거나 사업자가 부담하여야 할 위험을 고객에게 이전시키는 조항으로서 약관법 제7조제2호에 해당됨 ㅇ 매수인은 계약이 내용대로 이행되지 아니하면 매도인에 대하여 대금감액이나 손해배상을 청구할 수 있으며 계약목적을 달성할 수 없을 경우 계약을 해제할 수도 있음(민법 제570조 이하) ㅇ 만약 사업계획이 불가피하게 변경되는 경우 법률에 의해 인정된 매수인의 권리를 인정하거나 변경에 대해 정산절차를 거쳐야 할 것임 ㅇ 그럼에도 불구하고 사업자의 현행 약관은 '불가피한 사업계획의 변경’일 경우 입점일을 자의적으로 정할 수 있도록 하여 급부의 내용을 사업자가 일방적으로 결정하거나 변경할 수 있도록 권한을 부여한 조항으로 약관법 제10조 제1호에 해당됨 ㅇ 일반적으로 사업자가 불가항력의 사유로 채무를 불이행한 경우 그 책임이 면책되므로 다수 고객을 상대로 하는 약관상에 불가항력 사유를 규정할 때에는 개념과 범위가 명확하여야 할 것임 ㅇ 위 약관조항에서 분양목적물의 인도지연책임 면책사유로 규정한 '기타 상당하다고 인정되는 사유’는 개념이 불명확하고 그 범위가 포괄적임 ㅇ 따라서 사업자의 자의적인 판단에 의해 분양목적물의 인도지연책임을 면책할 수 있도록 규정하면서 이에 대한 이의제기를 금지한 위 조항은 사업자의 고의 또는 중대한 과실로 인한 법률상의 책임을 배제하는 조항 및 법률의 규정에 의한 고객의 항변권, 상계권 등의 권리를 상당한 이유 없이 배제 또는 제한하는 조항으로 약관법 제7조 제1호 및 제11조 제1호에 해당됨 ",,기각,,,"근거 서술에 조항 문구 인용 없음. 내용만 설명되어 있음('천재지변 등 불가항력인 사유', '불가피한 사업계획의 변경', '기타 상당하다고 인정되는 사유' 등은 모두 의역 또는 설명 형태)"
법제처 OPEN API/ftc,10483,,(주)나인스에비뉴의 상가공급계약서상 불공정약관조항에 대한 건,https://www.law.go.kr/DRF/lawService.do?OC=test&target=ftc&ID=10483&type=HTML,수분양자의 관리권 제한 조항,무효,명시,위험,제11조,권리행사 제한,"7. 수분양자의 관리권 제한 조항 가. 약관조항 나. 심사의견 : 무효 ㅇ 집합건물의소유및관리에관한법률 제23조(관리단의 당연설립등)에 의하면 '건물에 대하여 구분소유관계가 성립되면 구분소유자는 전원으로서 건물 및 그 대지와 부속시설의 관리에 관한 사업의 시행을 목적으로 하는 관리단을 구성한다’고 규정하여 구분소유자의 관리단 당연구성권을 인정하고 있음 ㅇ 또한, 동법 제29조(규약의 설정, 변경, 폐지) 제1항은 '규약의 설정, 변경 및 폐지는 관리단 집회에서 구분소유자 및 의결권의 각 3/4 이상의 찬성을 얻어 행한다’고 규정하고 있음 ㅇ 따라서 대규모점포의 특성상 점포주가 입점하기 이전부터 상가홍보 등 상권 활성화를 위한 유지 및 관리업무 등을 수행할 관리회사가 필요할 경우, 관리회사의 설립 또는 지정에 대한 수분양자인 점포주들의 개별적인 동의를 통해 관리권을 위임받는 절차를 거쳐야 할 것임 ㅇ 그러나 위 약관조항 제9조 및 제17조는 수분양자가 당사자간의 개별약정이 아닌 약관에 의하여 사업자 또는 사업자가 일방적으로 정한 관리인이 조직하는 단체에 의무적으로 가입하도록 하고 있음 ㅇ 또한, 수분양자는 사업자 또는 사업자가 지정한 관리인과 관리계약을 체결하도록 하여 사업자 또는 사업자가 지정한 관리인이 일방적으로 정한 제반 관리 규정을 준수하도록 함 ㅇ 그러므로 위 약관조항 제9조 및 제17조는 입점상인이 구분소유자로서 관리단을 구성할 권리 또는 입점상인이 대규모점포 유지 및 관리를 위해 필요한 업무를 수행할 자를 지정할 수 있는 권리를 침해하고 있음 ㅇ 그리고 쇼핑몰의 경우 상가 공동의 이익을 위하여 인테리어 및 구조물 등을 통일적으로 운영할 필요가 있는 경우, 이는 수분양자들이 직접 관리단을 구성하여 그 의사로 정할 수 있는 사항임에도 불구하고 위 약관조항 제10조는 사업자 또는 사업자가 지정한 관리인이 정한 설치 기준에 따르도록 하고 있으므로 ㅇ 이는 법률의 규정에 의한 고객의 권리를 상당한 이유 없이 배제 또는 제한하는 조항이자 고객이 제3자와 계약을 체결하는 것을 부당하게 제한하는 조항으로 약관법 제11조 제1호 및 제3호에 해당됨 ",,기각,,,"근거 서술에 조항 문구 인용 없음. 제9조, 제17조, 제10조의 내용이 설명되어 있으나 정확한 문구는 제시되지 않음"
법제처 OPEN API/ftc,10483,,(주)나인스에비뉴의 상가공급계약서상 불공정약관조항에 대한 건,https://www.law.go.kr/DRF/lawService.do?OC=test&target=ftc&ID=10483&type=HTML,임대 및 재임대 조항,무효,명시,위험,제11조,권리행사 제한,"8. 임대 및 재임대 조항 가. 약관조항 나. 심사의견 : 무효 ㅇ 수분양자가 분양받은 상가를 임대 또는 재임대하는 경우 그 임대조건 및 재임대 조건은 수분양자가 자유롭게 결정할 수 있음 ㅇ 그러나 위 약관조항은 사업자가 분양한 건물을 수분양자가 임대 ㆍ 재임대할 경우 그 구체적인 조건을 사업자가 지정한 관리권자가 정한 기준에 따르게 함으로써 법률의 규정에 의한 고객의 항변권, 상계권 등의 권리를 상당한 이유 없이 배제 또는 제한하는 조항으로 약관법 제11조 제1호 및 제3호에 해당됨 ",,기각,,,근거 서술에 조항 문구 인용 없음. 임대·재임대 조건을 관리권자가 정한 기준에 따르게 한다는 내용만 설명되어 있음
법제처 OPEN API/ftc,10483,,(주)나인스에비뉴의 상가공급계약서상 불공정약관조항에 대한 건,https://www.law.go.kr/DRF/lawService.do?OC=test&target=ftc&ID=10483&type=HTML,수인 의무 조항,무효,명시,위험,제10조,일방적 급부·조건 변경,"9. 수인 의무 조항 가. 약관조항 나. 심사의견 : 무효 ㅇ 불가피한 사정으로 계약내용대로 이행하는 것이 곤란한 사유가 객관적이고 명확하여 상당성이 인정되는 경우에는 계약상대방과의 협의 등을 통해 계약내용이 변경될 수 있을 것임 ㅇ 그러나 계약당사자 일방이 일방적으로 계약내용대로 이행하지 아니하는 경우에는 채무불이행의 책임을 져야 하며, 이에 따라 상대방은 이행강제, 계약해제, 손해배상 청구 등을 할 수 있음 ㅇ 한편 위 약관조항은 사업자가 단지 배치상의 변경이나 추가시설의 할 경우에는 고객은 이에 응하거나 그렇지 않으면 손해배상 청구 등 이의를 제기하거나 계약해제 ㆍ 해지를 주장할 수 있어야 함에도 이에 대해 손해배상 청구나 기타 이의제기를 할 수 없도록 한 것은 고객에게 짐작하기 어려운 손해를 줄 우려가 있음 ㅇ 이는 상당한 이유없이 급부의 내용을 사업자가 일방적으로 결정하거나 변경할 수 있도록 권한을 부여하고 있는 조항이자, 법률의 규정에 의한 고객의 항변권, 상계권 등의 권리를 상당한 이유없이 배제 또는 제한하는 조항으로 약관법 제10조 제1호 및 제11조 제1호에 해당됨 ",,기각,,,근거 서술에 조항 문구 인용 없음. 조항의 내용과 문제점만 설명되어 있음
법제처 OPEN API/ftc,10483,,(주)나인스에비뉴의 상가공급계약서상 불공정약관조항에 대한 건,https://www.law.go.kr/DRF/lawService.do?OC=test&target=ftc&ID=10483&type=HTML,"양도, 양수 조항",유효,명시,안전,,,"10. 양도, 양수 조항 가. 약관조항 나. 심사의견 : 유효 ㅇ 계약에 따른 권리 ㆍ 의무의 양도 ㆍ 양수는 계약 당사자의 합의에 의하여야 하며 이와 관련하여 상가(공동주택 복리시설) 분양계약서 표준약관(공정거래위원회 표준약관 제10010호) 제5조(계약해제) 제1항 제3호에 의하면 수분양자가 권리를 사업자의 승인 없이 양도 하였을 때 사업자가 계약을 해제 ㆍ 해지할 수 있음 ㅇ 그러므로 수분양자가 이 계약에 따른 권리 ㆍ 의무의 양도할 때 사업자의 승인을 받은 후 행하여야 한다고 규정하고 있는 위 약관조항은 무효라고 보기 어려움 ",,기각,수분양자가 이 계약에 따른 권리 ㆍ 의무의 양도할 때 사업자의 승인을 받은 후 행하여야 한다,보통,인용 표시 없이 약관 내용을 설명하는 형태로 서술되어 있음
법제처 OPEN API/ftc,10483,,(주)나인스에비뉴의 상가공급계약서상 불공정약관조항에 대한 건,https://www.law.go.kr/DRF/lawService.do?OC=test&target=ftc&ID=10483&type=HTML,계약해제 ㆍ 해지 조항,무효,조문인용 추론,위험,"제8조,제9조,제11조",과도한 위약금|일방적 계약 해지|권리행사 제한|보증금 반환 지연,"11. 계약해제 ㆍ 해지 조항 가. 약관조항 나. 심사의견 제1항 : 무효 ㅇ 계약의 해제 및 해지는 계약당사자의 이해에 중대한 영향을 미치는 사항이므로 설사 상대방의 계약위반이 있더라도 계약을 무의미하게 할 정도가 아니라면 상당한 기간을 정하여 그 이행을 최고하고 그 기간 내에 이행하지 아니한 때에 비로소 계약을 해제 또는 해지 할 수 있다 할 것임 ㅇ 따라서 상당한 기간을 정하여 최고함이 없이 계약을 해지할 수 있도록 하는 위 약관조항은 법률의 규정에 의한 해제 ㆍ 해지권의 행사 요건을 완화하여 고객에 대하여 부당하게 불이익을 줄 우려가 있는 조항으로 약관법 제9조 제2호에 해당됨 제2항 : 무효 ㅇ 부동산 거래에 있어서 손해배상액의 예정인 위약금은 총 대금의 10%로 함이 통상적인 거래관행임에도 불구하고 총 대금의 10%에 해당하는 계약금뿐만 아니라 총 거래대금의 10%~15%에 해당하는 개발비까지도 위약금으로 약정하고 있는 위 약관조항은 고객에 대하여 부당하게 과중한 손해배상의무를 부담시키는 조항으로 약관법 제8조에 해당됨 ㅇ 또한, 동시이행의 항변권은 우리 민법상 쌍무계약에 있어서 채무이행의 원칙임에도 계약의 해제시에 반환하여야 할 대금을 90일 이내에 반환하기로 하여 동시이행관계를 배척하고 있는 위 약관조항은 법률의 규정에 의한 고객의 항변권을 부당하게 제한하는 조항으로 약관법 제11조 제1호에 해당됨 ",,기각,,,"근거 서술에 조항 문구 인용 없음. 계약해제·해지 관련 구체적인 약관 문구가 따옴표나 「」로 명시되지 않았으며, 공정위의 판단 내용만 서술되어 있음"
법제처 OPEN API/ftc,10483,,(주)나인스에비뉴의 상가공급계약서상 불공정약관조항에 대한 건,https://www.law.go.kr/DRF/lawService.do?OC=test&target=ftc&ID=10483&type=HTML,주소변경 신고 조항,무효,명시,위험,제6조,부당한 비용·세금 전가|선택권 제한·구입 강제|과도한 위약금,"12. 주소변경 신고 조항 가. 약관조항 나. 심사의견 : 무효 ㅇ 상가(공동주택 복리시설) 분양계약서 표준약관(공정거래위원회 표준약관 제10010호) 제11조(기타) 제1항에 의하면 매수인은 본 계약서상의 주소가 변동이 되거나 분양계약자의 신분상 변경사항이 발생하였을 경우에는 10일 이내에 매도인에게 서면으로 통보하여야 하며, 이에 대한 고객의 불이익은 분양사가 책임지지 아니한다고 정하고 있음 ㅇ 그러나 피청구인의 위 약관조항은 상가(공동주택 복리시설) 분양계약서 표준약관(공정거래위원회 표준약관 제10010호) 제1항과 달리 고객이 주소변동사항 발생 후 7일 이내에 신고하도록 규정하고 있는바, 이는 고객에게 불리한 약관조항으로 약관법 제6조 제2항 제1호에 해당됨 ",,기각,고객이 주소변동사항 발생 후 7일 이내에 신고하도록 규정,보통,인용 표시 없이 조항 내용이 설명 형태로 서술되어 있음
법제처 OPEN API/ftc,10483,,(주)나인스에비뉴의 상가공급계약서상 불공정약관조항에 대한 건,https://www.law.go.kr/DRF/lawService.do?OC=test&target=ftc&ID=10483&type=HTML,기타 조항,무효,명시,위험,"제5조,제6조,제10조,제14조",부당한 비용·세금 전가|선택권 제한·구입 강제|과도한 위약금|일방적 급부·조건 변경|권리행사 제한,"12. 기타 조항 가. 약관조항 나. 심사의견 제1항 : 무효 ㅇ 거래약정의 각 조항에 이의가 있거나 견해를 달리할 때는 당사자가 합의하여 결정하고 합의되지 아니한 사항은 관계법령 및 일반관례에 따라 합리적으로 결정할 수 있는 기준을 설정하거나, 작성자 불이익의 원칙에 따라 고객의 이익에 유리하게 해석되어야(약관법 제5조 제2항) 할 것임에도, 위 약관조항은 사업자의 해석에 따르도록 규정하고 있는 바, 이는 고객에게 부당하게 불리한 조항으로 약관법 제6조 제2항 제1호에 해당됨 제3항 : 무효 ㅇ 분쟁발생을 예상하여 재판관할을 당사자간의 특약 또는 개별약정으로 정할 수는 있겠으나 사업자와 고객간의 거래에 이용되는 약관에서 사업자의 주소지 법원을 관할법원으로 하는 것은 고객에게 응소상의 불이익 초래가 있다 할 것임에도, 현행 약관조항은 사업자의 주소지를 소송 관할법원으로 규정하고 있는 바, 이는 고객에 대하여 불리한 재판관할 합의조항으로 약관법 제14조에 해당됨 ]]> 나. 심사의견 : 무효 ㅇ 입점지정일은 분양계약상의 중요사항이므로 계약체결 시에 이를 명백히 하여 사업자의 귀책사유로 입점이 지연되는 경우 고객이 그에 따른 지연배상금을 청구할 수 있고 ㅇ 민법 제544조(이행지체와 해제)의 규정대로 상당한 기간을 정하여 그 이행을 최고하고 그 기간 내에 이행하지 아니한 때에는 계약을 해제할 수 있도록 하는 것이 타당함 ㅇ 따라서 사업자가 일방적으로 입점지정일을 정하여 수분양자에게 통보하도록 한 현행 약관조항은 상당한 이유 없이 급부의 내용을 사업자가 일방적으로 결정하거나 변경할 수 있도록 권한을 부여하는 조항으로 약관법 제10조 제1호에 해당됨 ",,기각,,,"근거 서술에 조항 문구 인용 없음. 사업자의 해석에 따르도록 규정한 내용, 사업자의 주소지를 소송 관할법원으로 규정한 내용, 사업자가 일방적으로 입점지정일을 정하여 수분양자에게 통보하도록 한 내용이 설명되어 있으나 따옴표나 「」로 명시된 원문 인용이 없음"
법제처 OPEN API/ftc,10483,,(주)나인스에비뉴의 상가공급계약서상 불공정약관조항에 대한 건,https://www.law.go.kr/DRF/lawService.do?OC=test&target=ftc&ID=10483&type=HTML,기타 조항,무효,조문인용 추론,위험,"제5조,제6조,제14조",부당한 비용·세금 전가|선택권 제한·구입 강제|과도한 위약금|권리행사 제한,"12. 기타 조항 가. 약관조항 나. 심사의견 제1항 : 무효 ㅇ 거래약정의 각 조항에 이의가 있거나 견해를 달리할 때는 당사자가 합의하여 결정하고 합의되지 아니한 사항은 관계법령 및 일반관례에 따라 합리적으로 결정할 수 있는 기준을 설정하거나, 작성자 불이익의 원칙에 따라 고객의 이익에 유리하게 해석되어야(약관법 제5조 제2항) 할 것임에도, 위 약관조항은 사업자의 해석에 따르도록 규정하고 있는 바, 이는 고객에게 부당하게 불리한 조항으로 약관법 제6조 제2항 제1호에 해당됨 제3항 : 무효 ㅇ 분쟁발생을 예상하여 재판관할을 당사자간의 특약 또는 개별약정으로 정할 수는 있겠으나 사업자와 고객간의 거래에 이용되는 약관에서 사업자의 주소지 법원을 관할법원으로 하는 것은 고객에게 응소상의 불이익 초래가 있다 할 것임에도, 현행 약관조항은 사업자의 주소지를 소송 관할법원으로 규정하고 있는 바, 이는 고객에 대하여 불리한 재판관할 합의조항으로 약관법 제14조에 해당됨 ]]>",,기각,,,"근거 서술에 조항 문구 인용 없음. 제1항과 제3항의 내용이 설명만 되어 있으며, 실제 약관 원문이 제시되지 않음"
법제처 OPEN API/ftc,11331,,(주)다날의 골드회원 서비스 이용약관상 불공정약관조항에 대한 건,https://www.law.go.kr/DRF/lawService.do?OC=test&target=ftc&ID=11331&type=HTML,(문서 전체 — 조항 구분 없음),무효,조문인용 추론,위험,제6조,부당한 비용·세금 전가|선택권 제한·구입 강제|과도한 위약금,"11331 시정권고서 2006약관1331 나. 검토의견 : 무효 ㅇ 사업자가 약관에 의해 자기에게 유리하도록 고객의 해지권을 제한하거나 배제할 경우 계약을 강제로 유지하게 되는 등 고객피해가 매우 크게 됨 ㅇ 더구나 인터넷을 통한 사이버거래는 대부분이 회원제로 운영되고, 회원가입은 사업자가 제공하는 서비스를 약관에 정한 조건에 따라 이용하기로 하는 계약체결이므로 회원탈퇴에 대한 해지의 자유는 보장되어야 할 것임 ㅇ 또한 인터넷사이버몰 표준약관도 회원은 언제든지 탈퇴를 요청할 수 있으며 사업자는 즉시 회원탈퇴를 처리하도록 정하여 회원탈퇴의 자유를 보장하도록 되어 있음 ㅇ 그러나 피청구인의 약관조항은 회원탈퇴에 대한 전제조건으로 무조건 유료회원으로 전환된 월을 포함하여 3개월 이상을 사용하도록 정하여 회원의 자유로운 탈퇴를 상당히 제한하고 있으므로 이는 고객에 대하여 부당하게 불리한 조항으로 약관법 제6조 제2항 제1호에 해당되어 무효임 ]]> 나. 검토의견 : 무효 ㅇ 사업자가 약관에 의해 자기에게 유리하도록 고객의 해지권을 제한하거나 배제할 경우 계약을 강제로 유지하게 되는 등 고객피해가 매우 크게 됨 ㅇ 더구나 인터넷을 통한 사이버거래는 대부분이 회원제로 운영되고, 회원가입은 사업자가 제공하는 서비스를 약관에 정한 조건에 따라 이용하기로 하는 계약체결이므로 회원탈퇴에 대한 해지의 자유는 보장되어야 할 것임 ㅇ 또한 인터넷사이버몰 표준약관도 회원은 언제든지 탈퇴를 요청할 수 있으며 사업자는 즉시 회원탈퇴를 처리하도록 정하여 회원탈퇴의 자유를 보장하도록 되어 있음 ㅇ 그러나 피청구인의 약관조항은 회원탈퇴에 대한 전제조건으로 무조건 유료회원으로 전환된 월을 포함하여 3개월 이상을 사용하도록 정하여 회원의 자유로운 탈퇴를 상당히 제한하고 있으므로 이는 고객에 대하여 부당하게 불리한 조항으로 약관법 제6조 제2항 제1호에 해당되어 무효임 ]]> 나. 검토의견 : 무효 ㅇ 사업자가 약관에 의해 자기에게 유리하도록 고객의 해지권을 제한하거나 배제할 경우 계약을 강제로 유지하게 되는 등 고객피해가 매우 크게 됨 ㅇ 더구나 인터넷을 통한 사이버거래는 대부분이 회원제로 운영되고, 회원가입은 사업자가 제공하는 서비스를 약관에 정한 조건에 따라 이용하기로 하는 계약체결이므로 회원탈퇴에 대한 해지의 자유는 보장되어야 할 것임 ㅇ 또한 인터넷사이버몰 표준약관도 회원은 언제든지 탈퇴를 요청할 수 있으며 사업자는 즉시 회원탈퇴를 처리하도록 정하여 회원탈퇴의 자유를 보장하도록 되어 있음 ㅇ 그러나 피청구인의 약관조항은 회원탈퇴에 대한 전제조건으로 무조건 유료회원으로 전환된 월을 포함하여 3개월 이상을 사용하도록 정하여 회원의 자유로운 탈퇴를 상당히 제한하고 있으므로 이는 고객에 대하여 부당하게 불리한 조항으로 약관법 제6조 제2항 제1호에 해당되어 무효임 ]]> 나. 검토의견 : 무효 ㅇ 사업자가 약관에 의해 자기에게 유리하도록 고객의 해지권을 제한하거나 배제할 경우 계약을 강제로 유지하게 되는 등 고객피해가 매우 크게 됨 ㅇ 더구나 인터넷을 통한 사이버거래는 대부",,기각,회원탈퇴에 대한 전제조건으로 무조건 유료회원으로 전환된 월을 포함하여 3개월 이상을 사용하도록 정하여 회원의 자유로운 탈퇴를 상당히 제한하고 있으므로,보통,"공정위의 판단 근거 서술에서 문제 조항의 내용을 설명하는 부분을 그대로 옮겼으나, 따옴표나 「」 같은 명시적 인용 표시가 없음"
법제처 OPEN API/ftc,10953,,(주)디에이치엘코리아의 발송물 운송약관상 불공정약관조항에 대한 건,https://www.law.go.kr/DRF/lawService.do?OC=test&target=ftc&ID=10953&type=HTML,(문서 전체 — 조항 구분 없음),무효,명시,위험,제7조,책임 면제,"10953 시정권고서 2007약관2597 2. 심사의견 : 무효 ○ 위 약관조항은 상법 및 국제항공운송에 적용되는 국제조약인 바르샤바 협약 등 법규에 반하며 지연손해를 배상하고 있는 업계관행과 달리 고객의 통상적인 수인한도를 벗어난 지연에 대한 책임까지도 배제하고 있는 면책조항으로서 사업자, 이행보조자 또는 피용자의 고의 또는 중대한 과실로 인한 법률상의 책임을 배제하는 조항이자 고객에 대하여 부당하게 불리한 조항으로 약관법 제7조 제1호 및 제6조 제2항 제1호에 해당됨 - 상법 제135조는 운송인의 손해배상책임과 관련하여 “운송인은 자기 또는 운송주선인이나 사용인 기타 운송을 위하여 사용한 자가 운송물의 수령, 인도, 보관과 운송에 관하여 주의를 해태하지 아니하였음을 증명하지 아니하면 운송물의 연착으로 인한 손해를 배상할 책임을 면하지 못한다.”라고 규정하고 있으며, 제137조 제1항 및 제3항에서 “연착된 경우의 손해배상액은 인도할 날의 도착지의 가격에 의하며 운송인의 고의나 중대한 과실로 인한 때에는 운송인은 모든 손해를 배상하여야 한다.”라고 규정하고 있으며 - 국회비준을 받은 승인된 국제조약인 「국제항공운송에 관한 바르샤바 협약」 제19조에도 “운송인은 여객, 수화물 또는 화물의 항공운송에 있어서의 연착으로부터 발생하는 손해에 대하여 책임을 진다.”라고 규정하고 있음 - 또한, 우편법 제38조에 따른 우정사업본부고시 「국제우편물 손해배상금의 산정기준과 국제특급우편 이용자에 대한 실비지급의 절차」에도 도착예정일보다 48시간 이상 지연된 경우 납부한 특급우편요금을 배상하도록 규정되어 있으며, 경쟁업체인 페덱스(Fedex) 등 동종업체의 경우에도 지연손해를 포함한 손해에 대하여 바르샤바협약에 따라 배상하도록 약관에 규정하고 있음 - 피심인은 약관 제11조에 따라 지연손해도 바르샤바 협약에 의한 손해보상을 받을 수 있고 보상한 사례도 있다고 주장하지만, 제11조의 내용을 살펴보면 바르샤바 협약의 적용대상으로 모든 손해가 아닌 대부분의 손해라고 규정하고 있고 손해의 종류로 운송물의 분실, 파손만을 특정하고 있어 지연손해가 명시적으로 규정되어 있지 않은 점을 감안할 때, 소비자들이 지연손해는 제9조가 적용되는 것으로 판단할 가능성이 상당히 높고 이로 인해 손해배상 대상이 아니라고 판단하여 청구권을 포기할 우려가 상당히 높다는 점에서도 고객에게 부당하게 불리함 ]]> 2. 심사의견 : 무효 ○ 위 약관조항은 상법 및 국제항공운송에 적용되는 국제조약인 바르샤바 협약 등 법규에 반하며 지연손해를 배상하고 있는 업계관행과 달리 고객의 통상적인 수인한도를 벗어난 지연에 대한 책임까지도 배제하고 있는 면책조항으로서 사업자, 이행보조자 또는 피용자의 고의 또는 중대한 과실로 인한 법률상의 책임을 배제하는 조항이자 고객에 대하여 부당하게 불리한 조항으로 약관법 제7조 제1호 및 제6조 제2항 제1호에 해당됨 - 상법 제135조는 운송인의 손해배상책임과 관련하여 “운송인은 자기 또는 운송주선인이나 사용인 기타 운송을 위하여 사용한 자가 운송물의 수령, ",,기각,,,근거 서술에 조항 문구 인용 없음. 제9조와 제11조의 존재만 언급되며 구체적인 조항 문구는 제시되지 않음
법제처 OPEN API/ftc,10359,,(주)로즈가든 개별약정서 계약서 상 불공정약관조항에 대한 건,https://www.law.go.kr/DRF/lawService.do?OC=test&target=ftc&ID=10359&type=HTML,감가상각 불인정 조항,무효,조문인용 추론,위험,"제6조,제10조",부당한 비용·세금 전가|선택권 제한·구입 강제|과도한 위약금|일방적 급부·조건 변경,2. 감가상각 불인정 조항 가. 약관조항 나. 검토의견 : 무효 ㅇ 고객이 자신의 귀책사유로 사업자가 지원한 미니자판기를 반환할 수 없는 경우에는 그로인해 사업자가 입은 실제 손해를 사업자에게 배상하는 것이 통상적이라 할 것임 ㅇ 미니자판기 등 기계장치는 사용기간이 늘어남에 따라 감가상각비만큼 자산가치가 줄어드는 것이 일반적임 ㅇ 그럼에도 가치감소분인 감가상각비를 인정하지 않고 배상하도록 하는 것은 고객에게 과도한 손해배상의무를 부담시키는 것으로 고객에게 부당하게 불리한 조항으로 약관법 제6조 제2항 제1호에 해당함 ]]> 나. 검토의견 : 무효 ㅇ 상품가격의 변경은 계약의 중요한 내용으로 이를 변경하기 위해서는 합리적인 기준에 의하거나 양 당사자간의 합의가 있어야 할 것임. ㅇ '시장의 변화’라는 기준은 지나치게 포괄적이어서 사업자가 자의적으로 적용할 소지가 있음에도 상당한 이유 없이 급부의 내용을 사업자가 일방적으로 결정하거나 변경할 수 있도록 권한을 부여하고 있으므로 약관법 제10조 제1호에 해당함 ,,미검수,,,근거 서술에 감가상각 불인정 조항의 구체적 문구 인용 없음. 내용만 설명되어 있음
법제처 OPEN API/ftc,10359,,(주)로즈가든 개별약정서 계약서 상 불공정약관조항에 대한 건,https://www.law.go.kr/DRF/lawService.do?OC=test&target=ftc&ID=10359&type=HTML,감가상각 불인정 조항,무효,조문인용 추론,위험,제6조,부당한 비용·세금 전가|선택권 제한·구입 강제|과도한 위약금,2. 감가상각 불인정 조항 가. 약관조항 나. 검토의견 : 무효 ㅇ 고객이 자신의 귀책사유로 사업자가 지원한 미니자판기를 반환할 수 없는 경우에는 그로인해 사업자가 입은 실제 손해를 사업자에게 배상하는 것이 통상적이라 할 것임 ㅇ 미니자판기 등 기계장치는 사용기간이 늘어남에 따라 감가상각비만큼 자산가치가 줄어드는 것이 일반적임 ㅇ 그럼에도 가치감소분인 감가상각비를 인정하지 않고 배상하도록 하는 것은 고객에게 과도한 손해배상의무를 부담시키는 것으로 고객에게 부당하게 불리한 조항으로 약관법 제6조 제2항 제1호에 해당함 ]]>,,미검수,,,근거 서술에 조항 문구 인용 없음
법제처 OPEN API/ftc,11049,,(주)명품렌트카의 차량대여계약서상 불공정약관조항에 대한 건,https://www.law.go.kr/DRF/lawService.do?OC=test&target=ftc&ID=11049&type=HTML,(문서 전체 — 조항 구분 없음),무효,명시,위험,제6조,부당한 비용·세금 전가|선택권 제한·구입 강제|과도한 위약금,"11049 시정권고서 2008약관1304 (2) 심사결과 : 무효 임차인의 사고발생시 보험회사가 피해자에게 보험금을 지급한 경우 임대인은 보험회사에게 일정 금원을 지급하고, 향후 일정기간 동안 보험료의 할인혜택을 받지 못하거나 할증되는 경우가 있음 자동차대여사업자의 경우 보유한 모든 차량의 보험사고 횟수나 보험금액 등을 고려하여 보험료가 산정되고, 보험료가 할증되면 전 차량의 보험료가 인상됨. 따라서 임대인이 추가적으로 부담하게 되는 총금원은 보유차량대수, 보험가입기간, 보험혜택의 크기 등에 따라 상이함 임대인은 위와같이 보험사고시 부담하는 금원에 대하여 이 사건 약관조항과 같이 임차인으로부터 일정 금원을 징구하는 것임 차량대여료에 이용료, 보험료뿐만 아니라 보험사고가 발생할 경우 렌터카업체가 추가로 부담하게 될 부분을 모두 포함할 경우 그렇지 않은 경우보다 대여료가 올라갈 수 밖에 없음 이 경우에는 사고를 내지 않은 자가 사고를 낸 자의 보험금을 부담하는 것이 되므로 부당한 결과가 됨. 그러나 차량대여료에 이와 같은 비용을 포함하지 아니한 경우에는 사고자가 책임을 지는 것이므로 위와 같이 보험처리시 면책금을 받는 것 자체는 부당하지 아니함 그러나 사고의 종류, 정도 및 보험금액 등에 따라 해당 사고가 임대인이 부담하게 될 금원의 크기에 미치는 영향이 다름. 따라서 보험사고의 정도나 보험금액 등에 따라 임차인이 부담하여야 할 면책금도 차등하여 규정하여야 할 것임 그럼에도 불구하고 위 약관조항은 보험처리시 사고의 경중 등을 구분하지 아니하고 동일한 액수의 면책금을(50만원) 지급하도록 하고 있음. 이는 경미한 사고를 낸 이용자와 중한 사고를 낸 이용자간 형평에 반하여 부당하다 할 것임 따라서 위 약관조항은 고객에게 부당하게 불리한 약관조항에 해당하여 약관법 제6조 제1항, 제2항 제1호에 따라 무효임 ]]> (2) 심사결과 : 무효 임차인의 사고발생시 보험회사가 피해자에게 보험금을 지급한 경우 임대인은 보험회사에게 일정 금원을 지급하고, 향후 일정기간 동안 보험료의 할인혜택을 받지 못하거나 할증되는 경우가 있음 자동차대여사업자의 경우 보유한 모든 차량의 보험사고 횟수나 보험금액 등을 고려하여 보험료가 산정되고, 보험료가 할증되면 전 차량의 보험료가 인상됨. 따라서 임대인이 추가적으로 부담하게 되는 총금원은 보유차량대수, 보험가입기간, 보험혜택의 크기 등에 따라 상이함 임대인은 위와같이 보험사고시 부담하는 금원에 대하여 이 사건 약관조항과 같이 임차인으로부터 일정 금원을 징구하는 것임 차량대여료에 이용료, 보험료뿐만 아니라 보험사고가 발생할 경우 렌터카업체가 추가로 부담하게 될 부분을 모두 포함할 경우 그렇지 않은 경우보다 대여료가 올라갈 수 밖에 없음 이 경우에는 사고를 내지 않은 자가 사고를 낸 자의 보험금을 부담하는 것이 되므로 부당한 결과가 됨. 그러나 차량대여료에 이와 같은 비용을 포함하지 아니한 경우에는 사고자가 책임을 지는 것이므로 위와 같이 보험처리시 면책금을 받는 것 자체는 부당하지 아니함 그러나 사고의 종류, 정도 및 보험",,미검수,보험처리시 사고의 경중 등을 구분하지 아니하고 동일한 액수의 면책금을(50만원) 지급하도록 하고 있음,보통,근거 서술에서 약관조항의 내용을 설명하는 형태로 인용됨. 정확한 원문 표현과 일치 여부는 원본 약관 확인 필요
법제처 OPEN API/ftc,9497,,(주)바이더웨이의 가맹계약서상 불공정약관조항에 대한 건,https://www.law.go.kr/DRF/lawService.do?OC=test&target=ftc&ID=9497&type=HTML,(문서 전체 — 조항 구분 없음),무효,명시,위험,제8조,과도한 위약금,"9497 시정권고서 2008약관4031 (2) 심사결과 : 무효 해당 약관조항은 가맹점이 자신의 사정으로 중도에 계약을 해지하는 경우 가맹본부인 피심인에게 평균 월 매출총이익 3개월분과 잔여개월당 평균 월매출총이익의 1퍼센트에 해당하는 금원을 지급하도록 하고 있다. 가맹점은 매월 매출총이익의 25퍼센트 내지 30퍼센트를 피심인에게 가맹수수료로 지급하고 있으므로 위 위약금은 가맹점이 피심인에게 매월 지급하는 가맹수수료의 10개월분 내지 12개월분에 해당한다. 계약의 당사자가 임의로 계약을 해지하는 경우에는 이로 인한 손해를 배상할 의무가 있으며, 계약해지시 약정된 위약금은 손해배상액의 예정으로 추정되므로 해당 약관조항은 손해배상액의 예정에 해당한다. 이러한 손해배상의 예정은 손해발생 및 손해액의 입증부담을 덜고 신속하게 손해배상의 문제를 해결하기 위한 것이지만, 계약의 목적과 내용, 예상 손해액의 크기 등을 고려할 때 부당히 과다해서는 아니된다. 검토컨대, 해당 계약은 5년의 계약기간 동안 피심인이 자신의 시스템에 따라 가맹점이 편의점을 운영할 수 있도록 하고, 경영지도 및 기술원조 등을 제공하며, 가맹점은 이에 대하여 가맹수수료를 지급하는 것이다. 피심인은 가맹점의 개설ㆍ유지에 각종 투자와 지원을 제공하나, 이는 가맹점이 기지급한 가맹수수료, 계약해지시 위약금과 별도로 지급하는 투자설비 및 공사비용의 감가상각 잔액 및 임대설비의 반환 등을 통해 대부분 회수할 수 있다할 것이다. 또한 통상 중도해지의 경우 손해배상액의 예정은 총 거래대금의 10퍼센트 상당으로 함이 거래관행인데, 해당 위약금은 총 계약기간 동안 가맹점이 지급하는 가맹수수료의 10퍼센트를 훨씬 상회하는 것이다. 위와 같이 이 사건 계약의 내용 및 예상 손해액, 거래관행 등을 고려할 때 해당 약관조항은 고객에 대하여 부당하게 과중한 지연손해금등의 손해배상의무를 부담시키는 약관조항에 해당하여 약관법 제8조에 따라 무효이다. ]]> (2) 심사결과 : 무효 해당 약관조항은 가맹점이 자신의 사정으로 중도에 계약을 해지하는 경우 가맹본부인 피심인에게 평균 월 매출총이익 3개월분과 잔여개월당 평균 월매출총이익의 1퍼센트에 해당하는 금원을 지급하도록 하고 있다. 가맹점은 매월 매출총이익의 25퍼센트 내지 30퍼센트를 피심인에게 가맹수수료로 지급하고 있으므로 위 위약금은 가맹점이 피심인에게 매월 지급하는 가맹수수료의 10개월분 내지 12개월분에 해당한다. 계약의 당사자가 임의로 계약을 해지하는 경우에는 이로 인한 손해를 배상할 의무가 있으며, 계약해지시 약정된 위약금은 손해배상액의 예정으로 추정되므로 해당 약관조항은 손해배상액의 예정에 해당한다. 이러한 손해배상의 예정은 손해발생 및 손해액의 입증부담을 덜고 신속하게 손해배상의 문제를 해결하기 위한 것이지만, 계약의 목적과 내용, 예상 손해액의 크기 등을 고려할 때 부당히 과다해서는 아니된다. 검토컨대, 해당 계약은 5년의 계약기간 동안 피심인이 자신의 시스템에 따라 가맹점이 편의점을 운영할 수 있도록 하고, 경영지도 및 기술원조 등을 제공",,미검수,평균 월 매출총이익 3개월분과 잔여개월당 평균 월매출총이익의 1퍼센트에 해당하는 금원을 지급하도록 하고,보통,"인용 표시 없이 약관 내용이 서술되어 있으나, 구체적 수치와 함께 조항 문구로 보이는 부분을 그대로 옮김"
법제처 OPEN API/ftc,1217,,(주)서림리조트[테르메덴 웰빙센터]의 입회계약서상 불공정약관조항에 대한 건,https://www.law.go.kr/DRF/lawService.do?OC=test&target=ftc&ID=1217&type=HTML,(문서 전체 — 조항 구분 없음),무효,조문인용 추론,위험,제9조,일방적 계약 해지|권리행사 제한|보증금 반환 지연,"1217 시정권고서 2010약관0072 나. 검토의견 : 무효 (주)서림리조트 테르메덴 웰빙 센터의 입회계약은 「방문판매 등에 관한 법률」제2조 제8호의 “계속거래”에 해당하고, 동법 제29조는 계속거래업자 등과 계속거래 등의 계약을 체결한 소비자는 언제든지 계약 기간 중 계약을 해지할 수 있다고 규정하고 있다. * 방문판매법 제2조 제8호 “계속거래”라 함은 대통령령이 정하는 일정기간(1월) 이상 계속하여 재화 또는 용역을 공급하는 계약으로서 중도에 해지할 경우 대금환급의 제한 또는 위약금에 관한 약정이 있는 거래를 말한다. 또한 약관법 제9조 제1호는 법률의 규정에 의한 고객의 해제권이나 해지권을 배제하거나 그 행사를 제한하는 조항은 무효로 한다고 규정하고 있다. 실제 사용한 부분에 대한 실비의 정산과 함께 위약금을 부과하는 것은 별론으로 하더라도 회사가 인정하는 사유가 있는 경우에만 탈퇴를 허용하는 것은 방문판매법 등이 인정하는 고객의 계약 해지권을 명문으로 차단하는 것이며 이러한 (주)서림리조트의 회원이용약관은 약관법 제9조 제1호에 위반되어 무효라고 할 것이다. 2. (주)서림리조트 테르메덴 웰빙 센터의 입회계약서 가. 약관조항 나. 검토의견 : 무효 약관법 제9조 제5호는 계속적인 채권관계의 발생을 목적으로 하는 계약에서 그 존속기간을 부당하게 단기 또는 장기로 하거나 묵시의 기간 연장 또는 갱신이 가능하도록 정하여 고객에게 부당하게 불이익을 줄 우려가 있는 조항은 무효로 한다고 규정하고 있다. 그러나 입회계약서 상의 동 조항은 고객의 계약해지 행사요건을 계약만료 1개월 전 서면통지로 정하고, 요건을 충족하지 못하여 계약이 자동 연장된 고객은 동일조건으로 연장되도록 정하고 있다. 이 때 3년의 계약기간이 끝나기 전에는 자유로운 탈회도 불가능하다. 이용약관 제14조(탈퇴)의 규정에 따르면 회사가 인정하는 불가피한 사유에만 탈퇴가 허용되는데, 이러한 사유는 사망, 이민과 같이 매우 제한적이기 때문이다. 이상의 내용을 살펴볼 때 서면으로 1개월 전에 계약해지신청을 하지 아니한 고객에 대해 동일조건으로 계약이 자동연장 되도록 한 당해 조항은 묵시의 기간 연장이 가능토록 하여 고객에게 부당하게 불이익을 줄 우려가 있는바, 약관법 제9조 제5호의 사유에 해당되어 무효라 할 것이다. ]]> 나. 검토의견 : 무효 (주)서림리조트 테르메덴 웰빙 센터의 입회계약은 「방문판매 등에 관한 법률」제2조 제8호의 “계속거래”에 해당하고, 동법 제29조는 계속거래업자 등과 계속거래 등의 계약을 체결한 소비자는 언제든지 계약 기간 중 계약을 해지할 수 있다고 규정하고 있다. * 방문판매법 제2조 제8호 “계속거래”라 함은 대통령령이 정하는 일정기간(1월) 이상 계속하여 재화 또는 용역을 공급하는 계약으로서 중도에 해지할 경우 대금환급의 제한 또는 위약금에 관한 약정이 있는 거래를 말한다. 또한 약관법 제9조 제1호는 법률의 규정에 의한 고객의 해제권이나 해지권을 배제하거나 그 행사를 제한하는 조항은 무효로 한다고 규정하고 있다. 실제 사용한 부분에 대한",,미검수,회사가 인정하는 사유가 있는 경우에만 탈퇴를 허용하는 것,보통,"이용약관 제14조(탈퇴)의 내용으로 보이며, 근거 서술에서 조항의 실질적 내용이 설명되어 있음"
법제처 OPEN API/ftc,10939,,(주)성창에프엔디의 신촌역사쇼핑몰 임대분양계약서상 불공정약관조항에 대한 건,https://www.law.go.kr/DRF/lawService.do?OC=test&target=ftc&ID=10939&type=HTML,점포의 임의배정 조항,무효,조문인용 추론,위험,제10조,일방적 급부·조건 변경,"2. 점포의 임의배정 조항 가. 약관조항 나. 검토의견 : 무효 ㅇ 상가의 임대분양 계약에 있어 점포의 종류와 위치는 점포운영자인 수분양자에게 있어 영업의 중요한 요소를 이루는 것이므로 임대분양시 결정되거나 부득이한 사정으로 분양시 결정할 수 없다면 추첨과 같은 객관적이고 공정한 방법에 의하여 위치가 결정되어야 할 것임 - 그러나, 위 약관조항은 임대인이 일방적으로 일부 과점포의 배정을 할 수 있도록 정하고 있으므로 이는 상당한 이유없이 급부의 내용을 사업자가 일방적으로 결정하거나 변경할 수 있는 권한을 부여하는 조항으로 약관법 제10조 제1호에 해당됨 ",,미검수,,,근거 서술에 조항 문구 인용 없음. 임대인의 일방적 배정 권한 내용만 설명되어 있음
법제처 OPEN API/ftc,10939,,(주)성창에프엔디의 신촌역사쇼핑몰 임대분양계약서상 불공정약관조항에 대한 건,https://www.law.go.kr/DRF/lawService.do?OC=test&target=ftc&ID=10939&type=HTML,계약갱신시 임대조건 수용조항,무효,조문인용 추론,위험,제6조,부당한 비용·세금 전가|선택권 제한·구입 강제|과도한 위약금,"3. 계약갱신시 임대조건 수용조항 가. 약관조항 나. 검토의견 : 무효 ㅇ 당초 약정한 임대차계약이 종료되어 사업자와 수분양자가 임대차계약을 연장하는 계약을 체결하는 경우 임대계약조건은 당사자 합의에 의하여 정하여져야 할 것임 - 그러나, 위 약관조항은 임대차 연장계약 체결 시 임대인이 정한 임대조건을 임차인이 무조건적으로 수용하도록 정하고 있으므로 이는 부당하게 고객에게 불리한 조항으로 약관법 제6조 제2항 제1호에 해당됨 ",,미검수,,,근거 서술에 조항 문구 인용 없음. 임대인이 정한 임대조건을 임차인이 무조건적으로 수용하도록 정한다는 내용만 설명되어 있음
법제처 OPEN API/ftc,10939,,(주)성창에프엔디의 신촌역사쇼핑몰 임대분양계약서상 불공정약관조항에 대한 건,https://www.law.go.kr/DRF/lawService.do?OC=test&target=ftc&ID=10939&type=HTML,제3자 면책조항,무효,조문인용 추론,위험,제11조,권리행사 제한,"4. 제3자 면책조항 가. 약관조항 나. 검토의견 : 무효 ㅇ 민법 제750조에 따르면 자신의 고의 또는 과실로 인한 위법행위로 타인에게 손해를 가한 경우 그 손해를 배상할 책임이 있음 - 그러나, 위 약관조항은 임대인과 임차인 사이의 임대분양계약에 대하여 어떠한 경우라도 신촌역사(주)가 법적ㆍ물적 책임을 지지 않는다고 규정하고 있으므로 이는 법률의 규정에 의한 고객의 항변권, 상계권 등의 권리를 상당한 이유없이 배제 또는 제한하는 조항으로 약관법 제11조 제1호에 해당됨 ",,미검수,어떠한 경우라도 신촌역사(주)가 법적ㆍ물적 책임을 지지 않는다,보통,공정위 판단 근거 서술에서 약관조항의 내용을 설명하며 인용한 문구
법제처 OPEN API/ftc,10939,,(주)성창에프엔디의 신촌역사쇼핑몰 임대분양계약서상 불공정약관조항에 대한 건,https://www.law.go.kr/DRF/lawService.do?OC=test&target=ftc&ID=10939&type=HTML,상가관리규정 재ㆍ개정 조항,무효,조문인용 추론,위험,제6조,부당한 비용·세금 전가|선택권 제한·구입 강제|과도한 위약금,"5. 상가관리규정 재ㆍ개정 조항 가. 약관조항 나. 검토의견 : 무효 ㅇ 상가관리규정은 임차인의 영업행위 및 권리의무에 관한 중요한 내용을 규정하고 있으므로 이의 제ㆍ개정은 임차인의 이해관계에 중대한 변경을 초래할 수 있기 때문에 임차인과 사전에 협의를 하거나 사후적으로 추인 받는 절차가 필요하다 할 것임 - 그러나, 위 약관조항은 입점상인 과반수의 동의로 선출하여 구성한 운영협의회에서 상가관리규정을 제정 또는 개정하도록 규정하고 있음 - 이 경우 운영협의회는 임차인이 입점하지 않거나 임차인이 제3자에게 전대함으로서 임차인이 아닌 제3자로 일부 구성될 수 있음 - 따라서, 위 약관조항은 임차인이 아닌 제3자로 구성될 수 있는 운영협의회에서 임차인의 권리의무에 중대한 변경을 초래할 수 있는 상가관리규정을 제ㆍ개정할 수 있도록 하고, 임차인이 동 규정을 준수하도록 정하고 있으므로 이는 고객에게 부당하게 불리한 조항으로 약관법 제6조 제2항 제1호에 해당됨 ",,미검수,입점상인 과반수의 동의로 선출하여 구성한 운영협의회에서 상가관리규정을 제정 또는 개정하도록 규정,보통,"인용 표시 없이 조항 내용이 설명되어 있으나, 판단 근거에서 약관조항의 핵심 내용으로 명확히 서술된 부분을 옮김"
법제처 OPEN API/ftc,10939,,(주)성창에프엔디의 신촌역사쇼핑몰 임대분양계약서상 불공정약관조항에 대한 건,https://www.law.go.kr/DRF/lawService.do?OC=test&target=ftc&ID=10939&type=HTML,전대시 협의조항,무효,조문인용 추론,위험,제6조,부당한 비용·세금 전가|선택권 제한·구입 강제|과도한 위약금,"6. 전대시 협의조항 가. 약관조항 나. 검토의견 : 무효 ㅇ 임차인은 임대인의 동의를 얻으면 임대물을 전대할 수 있음(민법 제629조) - 그러나, 위 약관조항은 임차인이 전대하는 경우 입점상인 과반수의 동의로 선출하여 구성한 운영협의회와 협의하고 개점전에는 개점준비위원회와 협의하도록 하고 있음 - 따라서, 위 조항은 임차인이 전대하는 경우 임대인이 아닌 자와 협의하도록 정하여 임대인의 동의를 얻어 전대할 수 있는 임차인의 권리를 제한하고 있으므로 이는 고객에게 부당하게 불리한 조항으로 약관법 제6조 제2항 제1호에 해당됨 ",,미검수,임차인이 전대하는 경우 입점상인 과반수의 동의로 선출하여 구성한 운영협의회와 협의하고 개점전에는 개점준비위원회와 협의하도록,보통,"인용 표시 없이 약관 내용이 서술된 형태로, 근거 문장에서 그대로 옮김"
법제처 OPEN API/ftc,10939,,(주)성창에프엔디의 신촌역사쇼핑몰 임대분양계약서상 불공정약관조항에 대한 건,https://www.law.go.kr/DRF/lawService.do?OC=test&target=ftc&ID=10939&type=HTML,개점후 홍보 및 사은행사 비용부담 조항,무효,조문인용 추론,위험,제6조,부당한 비용·세금 전가|선택권 제한·구입 강제|과도한 위약금,"7. 개점후 홍보 및 사은행사 비용부담 조항 가. 약관조항 나. 검토의견 : 무효 ㅇ 상가 개점 후 고객유치를 위한 홍보비는 점포운영자를 위한 것이므로 이는 점포운영자가 부담하여야 할 것임 - 한편, 임차인은 입점하지 않거나 목적물을 제3자에게 전대함으로서 점포운영을 하지 않을 수도 있음 - 그러나, 위 약관조항은 점포운영을 하지 않은 임차인에게 개점 후 고객유치를 위한 홍보비 및 사은행사비를 부담시킬 수 있으므로 이는 고객에게 부당하게 불리한 조항으로 약관법 제6조 제2항 제1호에 해당됨 ",,미검수,,,근거 서술에 조항 문구 인용 없음
법제처 OPEN API/ftc,10939,,(주)성창에프엔디의 신촌역사쇼핑몰 임대분양계약서상 불공정약관조항에 대한 건,https://www.law.go.kr/DRF/lawService.do?OC=test&target=ftc&ID=10939&type=HTML,임대인과 제3자 계약 및 이의제기 금지조항,무효,조문인용 추론,위험,제6조,부당한 비용·세금 전가|선택권 제한·구입 강제|과도한 위약금,"8. 임대인과 제3자 계약 및 이의제기 금지조항 가. 약관조항 나. 검토의견 : 무 효 ㅇ 계속적 계약관계에서는 사정변경의 원칙이 적용될 여지가 많아 상가운영상 임대인이 제3자와 계약체결하거나 계약내용을 변경할 필요가 있을 것임 - 그러나, 임대인이 상가운영과 관련하여 제3자와의 계약체결하거나 계약내용을 변경하는 것은 임차인의 영업행위 및 권리ㆍ의무관계에 중대한 변경을 초래할 수 있기 때문에 사전에 임차인의 동의를 얻어야 함 ㅇ 한편, 위 약관조항은 임대인이 상가운영과 관련하여 제3자와 계약체결하거나 계약변경시 입점상인 과반수의 동의로 선출하여 구성한 운영협의회와 협의를 하도록 정하고 있음 - 이 경우 운영협의회는 임차인이 입점하지 않거나 임차인이 제3자에게 전대함으로서 임차인이 아닌 제3자로 일부 구성될 수 있어 입점하지 않은 임차인은 임대인이 상가운영과 관련하여 제3자와 체결한 계약내용이나 그 변경에 대하여 자기의 의사를 반영할 수 없음 - 따라서, 위 약관조항은 임대인이 임차인이 아닌 제3자로 구성될 수 있는 운영협의회와 협의만으로 상가운영과 관련하여 임차인의 권리의무에 중대한 변경을 초래할 수 있는 제3자와의 계약체결이나 계약내용 변경을 할 수 있도록 하고 이에 대하여 임차인이 이의를 제기할 수 없도록 규정하고 있음 - 그러므로 위 조항은 고객에 대하여 부당하게 불리한 조항이자 법률의 규정에 의한 고객의 항변권 등의 권리를 상당한 이유없이 배제 또는 제한하는 조항으로 약관법 제6조 제2항 제1호 및 제11조 제1호에 해당됨 ",,미검수,,,근거 서술에 조항 문구 인용 없음. 임대인이 제3자와 계약체결·변경시 운영협의회와 협의하도록 하고 임차인의 이의제기를 금지하는 내용으로만 설명됨
법제처 OPEN API/ftc,10939,,(주)성창에프엔디의 신촌역사쇼핑몰 임대분양계약서상 불공정약관조항에 대한 건,https://www.law.go.kr/DRF/lawService.do?OC=test&target=ftc&ID=10939&type=HTML,업종위반시 위약금조항,무효,조문인용 추론,위험,제8조,과도한 위약금,"9. 업종위반시 위약금조항 가. 약관조항 나. 검토의견 : 무효 ㅇ 대형쇼핑몰의 경우 상가의 공동이익의 증진 및 상가의 원활한 기능 유지라는 목적을 달성하기 위하여 업종을 제한하고 임차인이 이를 위반하지 않도록 하게 할 필요는 있으나, - 업종제한 규정을 미준수하는 임차인에게 불이익을 주는 방법으로 임차인이 업종제한 규정을 준수하도록 하는 경우 임차인에게 주는 불이익의 정도는 규정의 목적, 규정 미준수로 인한 손해정도, 거래관행 등을 고려하되 최소한의 범위로 한정하여야 할 것임 ㅇ 그러나, 위 규정은 임차인이 업종제한 규정을 위반할 때 임대인이 계약을 해지할 수 있고, 임차인이 총 거래대금의 20%를 위약금으로 지급하도록 규정하고 있음 - 이는, 임차인이 업종제한 규정을 위반한 경우 임대인은 임차인과의 계약을 바로 해지하여 업종제한을 현실적으로 유지할 수 있고, 업종제한 규정위반에 따른 손해정도는 계약해지에 따른 다른 임차인을 새로이 구하는 정도인 점을 감안할 때, - 업종제한 규정을 위반한 임차인에게 통상의 부동산 거래분야에서 계약해제에 따른 위약금인 거래대금의 10%정도를 초과하여 위약금을 총 분양대금의 20%로 정하고 있는 것은 고객에 대하여 과중한 손해배상의무를 부담시키는 조항으로 약관법 제8조에 해당됨 ",,미검수,"임차인이 업종제한 규정을 위반할 때 임대인이 계약을 해지할 수 있고, 임차인이 총 거래대금의 20%를 위약금으로 지급하도록 규정",보통,따옴표 없이 서술되었으나 조항의 핵심 내용을 그대로 옮김
법제처 OPEN API/ftc,10939,,(주)성창에프엔디의 신촌역사쇼핑몰 임대분양계약서상 불공정약관조항에 대한 건,https://www.law.go.kr/DRF/lawService.do?OC=test&target=ftc&ID=10939&type=HTML,시설유지보수비 부담조항,무효,조문인용 추론,위험,제6조,부당한 비용·세금 전가|선택권 제한·구입 강제|과도한 위약금,"10. 시설유지보수비 부담조항 가. 약관조항 나. 검토의견 : 무 효 ㅇ 민법 제623조(임대인 의무)에 따르면 임대분양 상가건물 및 시설의 대규모 수선ㆍ유지ㆍ보수는 임대분양계약상 임대목적물을 사용ㆍ수익에 필요한 상태로 유지할 임대인의 의무에 포함됨 - 따라서, 상가건물 및 시설물 수선 등으로 인한 건물의 객관적 가치의 보전 또는 증대에 따른 이익은 건물소유자인 임대인에게 귀속하는 것이므로 특별한 사정이 없는 한 그 비용은 임대인이 부담하는 것이 공평의 원칙에 부합하다 할 것임 - 그러나, 위 약관조항은 상당한 이유없이 건물의 수선ㆍ유지보수에 관련된 모든 비용을 관리비에 포함시켜 임차인 을에게 부과하게 하는 것으로서 고객에게 부당하게 불리한 조항으로 약관법 제6조 제2항 제1호에 해당됨 ",,미검수,,,근거 서술에 조항 문구 인용 없음. 조항 내용이 '건물의 수선·유지보수에 관련된 모든 비용을 관리비에 포함시켜 임차인에게 부과'하는 것으로만 설명됨
법제처 OPEN API/ftc,10939,,(주)성창에프엔디의 신촌역사쇼핑몰 임대분양계약서상 불공정약관조항에 대한 건,https://www.law.go.kr/DRF/lawService.do?OC=test&target=ftc&ID=10939&type=HTML,관리비 미납시 법적조치 및 이의제기 금지조항,무효,조문인용 추론,위험,제6조,부당한 비용·세금 전가|선택권 제한·구입 강제|과도한 위약금,"11. 관리비 미납시 법적조치 및 이의제기 금지조항 가. 약관조항 나. 검토의견 : 무효 ㅇ 임대차계약에 의하여 임차인은 임대인에 대하여 임차료 지급의무와 임대목적물에 대한 관리비 납부의무를 부담하게 됨 - 따라서, 임차인이 관리비를 납부하지 않은 경우, 임대인이 임차인에게 법적조치를 할 수 있을 것임 - 그러나, 위 약관조항은 임대인이 아닌 상가관리법인이 임차인의 관리비 미납에 따른 법적조치를 할 수 있도록 정하고 있고, 이에 대하여 임차인이 일체의 민ㆍ형사상 이의제기를 할 수 없도록 정하고 있음 - 그러므로, 위 조항은 고객에 대하여 부당하게 불리한 조항이자 법률의 규정에 의한 고객의 항변권 등의 권리를 상당한 이유없이 배제 또는 제한하는 조항으로 약관법 제6조 제2항 제1호 및 제11조 제1호에 해당됨 ",,미검수,,,근거 서술에 조항 문구 인용 없음. 조항 내용이 설명만 되어 있음
법제처 OPEN API/ftc,10939,,(주)성창에프엔디의 신촌역사쇼핑몰 임대분양계약서상 불공정약관조항에 대한 건,https://www.law.go.kr/DRF/lawService.do?OC=test&target=ftc&ID=10939&type=HTML,분양대금의 양도 및 질권 설정 제한조항,무효,조문인용 추론,위험,제11조,권리행사 제한,"12. 분양대금의 양도 및 질권 설정 제한조항 가. 약관조항 나. 검토의견 : 무효 ㅇ 분양금(임대보증금+임대료) 중 임대보증금에 관한 임차인의 보증금반환 청구권은 채권으로서 양도할 수 있고(민법 제449조 제1항), 질권설정의 방법으로 담보제공 할 수 있으므로(민법 345조) 임차인은 이를 양도하거나 담보제공함으로써 자금융통을 할 수 있음 - 그러나, 위 약관조항은 임차인의 보증금반환청구권을 임대인의 승낙없이 양도 및 질권설정 할 수 없도록 하고 이를 위반할 경우 계약을 해지 또는 해제 할 수 있도록 하고 있음 - 따라서, 동 조항은 법률의 규정에 의한 고객의 권리를 상당한 이유없이 배제 또는 제한하는 조항이자 사업자에게 법률에서 규정하고 있지 아니하는 해제권ㆍ해지권을 부여하는 조항으로 약관법 제11조 제1호 및 제9조 제2호에 해당됨 ",,미검수,,,근거 서술에 조항 문구 인용 없음. 임차인의 보증금반환청구권을 임대인의 승낙없이 양도 및 질권설정 할 수 없도록 하고 위반 시 계약 해지·해제 가능하다는 내용만 설명됨
법제처 OPEN API/ftc,10939,,(주)성창에프엔디의 신촌역사쇼핑몰 임대분양계약서상 불공정약관조항에 대한 건,https://www.law.go.kr/DRF/lawService.do?OC=test&target=ftc&ID=10939&type=HTML,화재보험료 부담조항,무효,조문인용 추론,위험,제6조,부당한 비용·세금 전가|선택권 제한·구입 강제|과도한 위약금,"13. 화재보험료 부담조항 가. 약관조항 나. 검토의견 : 무효 ㅇ 임대분양면적에 대한 화재보험료에는 건물소유자가 배상할 화재로 인한 타인의 인적 손해 배상책임을 위한 인적손해배상특약부화재보험(이하 “인적보험”이라 함)이 포함됨 - 그러나, 「화재로 인한 재해보상과 보험가입에 관한 법률」동법 제5조에 의하면 소유자가 위 인적보험에 가입하여야 할 의무가 있고 이를 위반시 500만원 이하의 벌금에 처할 것으로 규정하고 있음 ㅇ 그러나, 위 약관조항은 소유자가 부담하여야 할 인적보험 화재보험료를 합리적인 이유없이 임차인에게 부담시키고 있으므로 이는 고객에게 부당하게 불리한 조항으로 약관법 제6조 제2항 제1호에 해당됨 ",,미검수,,,근거 서술에 조항 문구 인용 없음. 조항 내용(임차인에게 인적보험료 부담시키는 것)만 설명되어 있음
법제처 OPEN API/ftc,10939,,(주)성창에프엔디의 신촌역사쇼핑몰 임대분양계약서상 불공정약관조항에 대한 건,https://www.law.go.kr/DRF/lawService.do?OC=test&target=ftc&ID=10939&type=HTML,입주지연에 대한 면책조항,무효,조문인용 추론,위험,제7조,책임 면제,"14. 입주지연에 대한 면책조항 가. 약관조항 나. 검토의견 : 무효 ㅇ 민법 제537조의 채무자 위험부담주의 규정은 당사자간의 개별약정으로 달리 정할 수는 있음 - 그러나, 특약이나 개별약정이 아닌 약관의 형태로서 법률의 규정보다 고객에게 더 불리한 입주지연에 대한 면책을 규정하는 위 약관조항은 상당한 이유없이 사업자의 손해배상범위를 제한하거나 사업자가 부담하여야 할 위험을 고객에게 이전시키는 조항으로서 약관법 제7조 제2호에 해당됨 ",,미검수,,,근거 서술에 조항 문구 인용 없음
법제처 OPEN API/ftc,10939,,(주)성창에프엔디의 신촌역사쇼핑몰 임대분양계약서상 불공정약관조항에 대한 건,https://www.law.go.kr/DRF/lawService.do?OC=test&target=ftc&ID=10939&type=HTML,관할법원 조항,무효,조문인용 추론,위험,제14조,권리행사 제한,"15. 관할법원 조항 가. 약관조항 나. 검토의견 : 무효 ㅇ 위 약관조항은 임대인의 소재지 관할법원과 민사소송법상 관할법원 중 하나를 관할법원으로 임대인과 임차인이 자유롭게 선택할 수 있도록 되어 있음 - 이에 따라 임대인이 임차인을 상대로 소를 제기하는 경우 임대인은 위 조항에 의하여 임대인의 소재지 관할법원을 관할법원으로 할 수 있음 - 그러나, 이 경우 피고 즉 임차인의 주소지 소재 관할법원에 관할권을 부여하는 민사소송법상 규정보다 고객에게 응소상의 불편을 초래할 우려가 있으므로 동 조항은 고객에 대하여 부당하게 불리한 재판관할의 합의조항으로 약관법 제14조에 해당됨 ",,미검수,,,근거 서술에 조항 문구 인용 없음. 임대인의 소재지 관할법원과 민사소송법상 관할법원 중 선택 가능한 내용만 설명되어 있음
법제처 OPEN API/ftc,10939,,(주)성창에프엔디의 신촌역사쇼핑몰 임대분양계약서상 불공정약관조항에 대한 건,https://www.law.go.kr/DRF/lawService.do?OC=test&target=ftc&ID=10939&type=HTML,개발비 사용조항,무효,조문인용 추론,위험,제6조,부당한 비용·세금 전가|선택권 제한·구입 강제|과도한 위약금,16. 개발비 사용조항 가. 약관조항 나. 검토의견 : 무효 ㅇ 상가분양과 관련한 분양후의 분쟁 해결비용 중에는 임차인의 이익에 관련이 없이 순수하게 임대인이 부담하여야 할 분쟁해결 비용까지 포함되므로 이러한 비용을 개발비라는 명목으로 임차인에게 부담시킬 수 있는 위 약관조항은 고객에 대하여 부당하게 불리한 조항으로 약관법 제6조 제2항 제1호에 해당됨 ,,미검수,,,근거 서술에 조항 문구 인용 없음
법제처 OPEN API/ftc,10939,,(주)성창에프엔디의 신촌역사쇼핑몰 임대분양계약서상 불공정약관조항에 대한 건,https://www.law.go.kr/DRF/lawService.do?OC=test&target=ftc&ID=10939&type=HTML,개발비 사용에 대한 이의제기 금지조항,무효,조문인용 추론,위험,제11조,권리행사 제한,"17. 개발비 사용에 대한 이의제기 금지조항 가. 약관조항 나. 검토의견 : 무 효 ㅇ 상가개발비가 당초 임대인과 임차인이 약정한대로 사용되지 아니한 경우에는 임차인은 임대인에게 이의를 제기할 수 있어야 함에도 불구하고, ㅇ 위 약관조항은 어떠한 경우라도 임차인이 임대인의 개발비 집행에 대하여 이의제기를 할 수 없도록 규정하고 있으므로 이는 법률 규정에 의한 고객의 항변권, 상계권 등의 권리를 상당한 이유없이 배제 또는 제한하는 조항으로 약관법 제11조 제1호에 해당됨 ",,기각,,,근거 서술에 조항 문구 인용 없음. 내용만 설명되어 있음
법제처 OPEN API/ftc,10939,,(주)성창에프엔디의 신촌역사쇼핑몰 임대분양계약서상 불공정약관조항에 대한 건,https://www.law.go.kr/DRF/lawService.do?OC=test&target=ftc&ID=10939&type=HTML,개발비 미납시 계약해지 조항,무효,조문인용 추론,위험,"제7조,제9조",책임 면제|일방적 계약 해지|권리행사 제한|보증금 반환 지연,"18. 개발비 미납시 계약해지 조항 가. 약관조항 나. 검토의견 : 무효 ㅇ 계약의 해지는 계약당사자에게 중대한 영향을 미치는 사항이므로 계약을 해지할 만한 상당한 이유가 있다 할지라도 상당한 기간을 정하여 상대방에게 계약내용을 이행할 것을 최고하고 그 기간내에 이행하지 아니할 때에 비로소 계약을 해지함이 타당하고(민법 제544조), - 이러한 계약해지가 부당한 경우에는 임차인은 임대인에게 이의제기를 할 수 있어야 함 ㅇ 그러나, 위 조항은 임차인이 개발비를 정해진 기간까지 납부하지 않은 경우 임대인이 최고없이 바로 계약을 해지 할 수 있고 이에 대해 임차인이 아무런 이의를 제기할 수 없도록 정하고 있음 - 따라서, 이는 법률의 규정에 의한 해지권의 행사요건을 완화하여 고객에게 부당하게 불이익을 줄 우려가 있는 조항이자 법률의 규정에 의한 고객의 항변권 등을 상당한 이유없이 배제 또는 제한하는 조항으로 약관법 제9조 제2호 및 제11조 제1호에 해당됨 ]]> 나. 검토의견 : 무효 ㅇ 일반적으로 당초에 예정했던 급부내용과 실제 급부내용이 상이한 경우에는 정산절차를 거쳐야 하는 것이 당연하다 할 것이며, 비록 그 차이가 불가피하게 발생된 극소한 경우일지라도 정산방법 등에 관하여 사전에 고객의 의견을 수렴하여 조치하는 것이 타당함 - 따라서, 임대분양면적의 증감이 있는 경우에 임대인은 임차인과 면적 증감에 대한 정산절차를 거쳐야 함 - 그러나, 위 약관조항은 임대분양면적 중 전용면적 10%이상 증감시에만 정산하도록 규정하고 있으므로 이는 상당한 이유없이 사업자의 담보책임을 배제 또는 제한하는 조항으로 약관법 제7조 제3호에 해당됨 ",,기각,,,근거 서술에 조항 문구 인용 없음. 내용상 '개발비 미납시 최고없이 계약해지' 및 '이의제기 불가' 규정으로 추정되나 직접 인용된 문구 없음
법제처 OPEN API/ftc,10939,,(주)성창에프엔디의 신촌역사쇼핑몰 임대분양계약서상 불공정약관조항에 대한 건,https://www.law.go.kr/DRF/lawService.do?OC=test&target=ftc&ID=10939&type=HTML,개발비 미납시 계약해지 조항,무효,조문인용 추론,위험,제9조,일방적 계약 해지|권리행사 제한|보증금 반환 지연,"18. 개발비 미납시 계약해지 조항 가. 약관조항 나. 검토의견 : 무효 ㅇ 계약의 해지는 계약당사자에게 중대한 영향을 미치는 사항이므로 계약을 해지할 만한 상당한 이유가 있다 할지라도 상당한 기간을 정하여 상대방에게 계약내용을 이행할 것을 최고하고 그 기간내에 이행하지 아니할 때에 비로소 계약을 해지함이 타당하고(민법 제544조), - 이러한 계약해지가 부당한 경우에는 임차인은 임대인에게 이의제기를 할 수 있어야 함 ㅇ 그러나, 위 조항은 임차인이 개발비를 정해진 기간까지 납부하지 않은 경우 임대인이 최고없이 바로 계약을 해지 할 수 있고 이에 대해 임차인이 아무런 이의를 제기할 수 없도록 정하고 있음 - 따라서, 이는 법률의 규정에 의한 해지권의 행사요건을 완화하여 고객에게 부당하게 불이익을 줄 우려가 있는 조항이자 법률의 규정에 의한 고객의 항변권 등을 상당한 이유없이 배제 또는 제한하는 조항으로 약관법 제9조 제2호 및 제11조 제1호에 해당됨 ]]>",,기각,,,근거 서술에 조항 문구 인용 없음. 임차인이 개발비를 정해진 기간까지 납부하지 않은 경우 임대인이 최고없이 바로 계약을 해지할 수 있고 이에 대해 임차인이 아무런 이의를 제기할 수 없도록 정한다는 내용만 설명되어 있음
법제처 OPEN API/ftc,10971,,(주)소재의 용인동백 P.F사업 쇼핑몰 상가 분양계약서상 불공정약관조항에 대한 건,https://www.law.go.kr/DRF/lawService.do?OC=test&target=ftc&ID=10971&type=HTML,자의적인 관리인 지정조항,무효,조문인용 추론,위험,제11조,권리행사 제한,"2. 자의적인 관리인 지정조항 가. 약관조항 나. 검토의견 : 무효 ㅇ 집합건물의 소유 및 관리에 관한 법률 제23조(관리단의 당연설립 등) 및 제29조(규약의 설정, 변경, 폐지)에 따르면 구분소유자에게 관리단의 구성권을 인정하고 있고, 규약의 설정ㆍ변경ㆍ폐지는 관리단의 집회에서 찬성(구분소유자 및 의결권의 각 3/4 이상)을 얻도록 규정하고 있음 - 위 규정에 따라 상가운영 및 관리업무 등을 수행할 관리회사는 관리단이 설정한 규약에 정해져 있다면 그 규약에 따르고, 규약에 정해져 있지 아니한 경우에는 관리단의 집회를 통해 결정하여야 할 것임 ㅇ 그러나 위 약관조항은 약관에 의하여 2년 동안 시행사 또는 시행사가 지정한 시설관리법인이 상가를 관리하도록 하고, 그 이후에는 상가 자치관리위원회와 시행사가 협의하여 결정하도록 한 것은 법률의 규정에 의한 고객의 권리를 상당한 이유 없이 배제 또는 제한하는 조항으로 약관법 제11조 제1호에 해당됨 ",,기각,"약관에 의하여 2년 동안 시행사 또는 시행사가 지정한 시설관리법인이 상가를 관리하도록 하고, 그 이후에는 상가 자치관리위원회와 시행사가 협의하여 결정하도록 한 것",보통,공정위의 판단 근거 서술에서 문제 조항의 내용을 설명하는 형태로 인용됨
법제처 OPEN API/ftc,10971,,(주)소재의 용인동백 P.F사업 쇼핑몰 상가 분양계약서상 불공정약관조항에 대한 건,https://www.law.go.kr/DRF/lawService.do?OC=test&target=ftc&ID=10971&type=HTML,관리법인 설립 동의 간주조항,무효,조문인용 추론,위험,제11조,권리행사 제한,"3. 관리법인 설립 동의 간주조항 가. 약관조항 나. 검토의견 : 무효 ㅇ 집합건물의 소유 및 관리에 관한 법률 제23조(관리단의 당연설립 등) 및 제29조(규약의 설정, 변경, 폐지)에 따르면 건물에 대하여 구분소유 관계가 성립되면 구분소유자에게 관리단의 구성권을 인정하고 있고, 상가의 운영ㆍ관리와 관련한 사항이 포함된 규약의 설정ㆍ변경ㆍ폐지는 관리단의 집회에서 찬성(구분소유자 및 의결권의 각 3/4 이상)을 얻도록 규정하고 있음 - 위 규정에 의하면 건물에 대하여 구분소유 관계가 성립되면 관리단이 설립되기 이전에도 사업자가 상권 활성화 등을 위한 특별한 사정으로 상가운영 및 관리업무 등을 수행할 관리회사를 사업자가 설립하고 상가를 운영ㆍ관리하기 위해서는 수분양자들로부터 개별적으로 상가의 운영ㆍ관리와 관련한 권한을 위임받는 동의절차를 거쳐야 할 것임 ㅇ 그러나 위 약관조항은 당사자간의 개별약정이 아닌 약관에 의하여 사업자가 상가의 운영ㆍ관리법인을 설립할 경우 고객은 이에 대해 동의 및 승낙한 것으로 간주하도록 정하여 고객의 진정한 의사에 반해 고객에게 불이익을 줄 우려가 있으므로 법률의 규정에 의한 고객의 권리를 상당한 이유 없이 배제 또는 제한하는 조항으로 약관법 제11조 제1호에 해당됨 ",,기각,,,근거 서술에 조항 문구 인용 없음. 조항 내용이 '동의 및 승낙한 것으로 간주하도록 정하여'로만 설명되어 있음
법제처 OPEN API/ftc,10971,,(주)소재의 용인동백 P.F사업 쇼핑몰 상가 분양계약서상 불공정약관조항에 대한 건,https://www.law.go.kr/DRF/lawService.do?OC=test&target=ftc&ID=10971&type=HTML,상가용도 등의 임의적 변경조항,무효,조문인용 추론,위험,제10조,일방적 급부·조건 변경,"4. 상가용도 등의 임의적 변경조항 가. 약관조항 나. 검토의견 : 무효 ㅇ 상가분양계약에 있어서 상가용도는 고객이 당해 상가를 선택하고 계약을 체결함에 있어 매우 중요한 사항이므로 이에 대한 변경이 있을 경우에는고객에게 짐작하지 못한 손해를 끼칠 우려가 있는 바, 이에 대하여는 고객의 동의를 구하거나 그렇지 않으면 고객이 손해배상 청구 또는 계약해제ㆍ해지 등을 주장할 수 있어야 할 것임 ㅇ 그러나 위 약관조항은 사업자가 건축층별 상가용도 등을 상가의 분양 및 영업의 활성화를 위한 명목으로 일방적으로 변경 할 수 있고, 고객은 이에 대해 이의를 제기할 수 없도록 정하고 있으므로 이는 상당한 이유없이 급부의 내용을 사업자가 일방적으로 결정하거나 변경할 수 있도록 권한을 부여하고 있는 조항이자, 법률의 규정에 의한 고객의 항변권, 상계권 등의 권리를 상당한 이유없이 배제 또는 제한하는 조항으로 약관법 제10조 제1호 및 제11조 제1호에 해당됨 ",,기각,,,근거 서술에 조항 문구 인용 없음. 상가용도 변경 권한과 고객의 이의제기 불가 내용이 설명되어 있으나 원문 인용 없음
법제처 OPEN API/ftc,10971,,(주)소재의 용인동백 P.F사업 쇼핑몰 상가 분양계약서상 불공정약관조항에 대한 건,https://www.law.go.kr/DRF/lawService.do?OC=test&target=ftc&ID=10971&type=HTML,연체료 환불불가 조항,무효,조문인용 추론,위험,제9조,일방적 계약 해지|권리행사 제한|보증금 반환 지연,"5. 연체료 환불불가 조항 가. 약관조항 나. 검토의견 : 무효 ㅇ 민법 제548조에 따르면 쌍무계약에 있어서 당사자 일방이 계약을 해제한 때에는 각 당사자는 그 상대방에 대하여 즉시 원상회복의무가 있으므로 사업자가 계약을 해제할 경우 고객이 납부한 분양대금에서 위약금(부동산매매에 있어 통상적인 거래관행 상 분양대금의 10% 수준)을 공제하고 잔여 분양대금과 고객이 지불한 연체료 등은 신속하게 반환하여야 함 ㅇ 그러나 위 약관조항은 고객이 사업자에게 납부한 연체료를 환불하지 않더라도 이에 대해 이의를 제기할 수 없도록 정하고 있으므로 이는 계약의 해제ㆍ해지로 인한 사업자의 원상회복의무를 부당하게 경감하는 조항이자, 법률의 규정에 의한 고객의 항변권, 상계권 등의 권리를 상당한 이유없이 배제 또는 제한하는 조항으로 약관법 제9조 제4호 및 제11조 제1호에 해당됨 ",,기각,,,근거 서술에 조항 문구 인용 없음. 연체료 환불 불가 내용이 설명되어 있으나 원문 인용 없음
법제처 OPEN API/ftc,10971,,(주)소재의 용인동백 P.F사업 쇼핑몰 상가 분양계약서상 불공정약관조항에 대한 건,https://www.law.go.kr/DRF/lawService.do?OC=test&target=ftc&ID=10971&type=HTML,면적변경 수인조항,무효,조문인용 추론,위험,"제7조,제10조",책임 면제|일방적 급부·조건 변경,"6. 면적변경 수인조항 가. 약관조항 나. 검토의견 : 무효 ㅇ 상가분양계약에서 분양면적과 관련한 제반사항은 수분양자에게는 매우 중요한 사항이므로 분양면적과 관련한 배분이나 건축물의 면적구획 등의 변경사항은 고객의 동의를 구하거나 그렇지 않으면 고객이 손해배상 청구 또는 계약해제ㆍ해지 등을 주장할 수 있어야 할 것임 ㅇ 그러나 위 약관조항은 계약물건의 전용부분, 공용부분 및 주차장 면적의 배분에 대하여 고객은 이의없이 동의하고, 향후 건축물의 면적구획, 면적변경, 호수배정의 변경내용을 수인하도록 정하여 고객에게 짐작하기 어려운 손해를 줄 우려가 있으므로 - 이는 상당한 이유없이 급부의 내용을 사업자가 일방적으로 결정하거나 변경할 수 있도록 권한을 부여하고 있는 조항이자, 법률의 규정에 의한 고객의 항변권, 상계권 등의 권리를 상당한 이유없이 배제 또는 제한하는 조항으로 약관법 제10조 제1호 및 제11조 제1호에 해당됨 ]]> 나. 검토의견 : 무효 ㅇ 일반적으로 당초에 예정했던 급부내용과 실제 급부내용이 상이한 경우에는 정산절차를 거쳐야 하는 것이 당연하다 할 것이며, 비록 그 차이가 불가피하게 발생된 극소한 경우일지라도 정산방법 등에 관하여 사전에 고객의 의견을 수렴하여 조치하는 것이 타당함 ㅇ 그러나 위 약관조항은 법령 등 기타 공부정리 절차 등으로 분양면적이 다소간에 차이가 있을 수 있음을 합의하고, 실제로 분양면적에 차이가 있더라도 매매대금에 영향을 미치지 않도록 정하고 있으므로 이는 상당한 이유없이 사업자의 담보책임을 배제 또는 제한하는 조항으로 약관법 제7조 제3호에 해당됨 ",,기각,"계약물건의 전용부분, 공용부분 및 주차장 면적의 배분에 대하여 고객은 이의없이 동의하고, 향후 건축물의 면적구획, 면적변경, 호수배정의 변경내용을 수인하도록",보통,공정위 판단 근거에서 약관조항의 내용을 설명하는 형태로 인용되어 있음
법제처 OPEN API/ftc,10971,,(주)소재의 용인동백 P.F사업 쇼핑몰 상가 분양계약서상 불공정약관조항에 대한 건,https://www.law.go.kr/DRF/lawService.do?OC=test&target=ftc&ID=10971&type=HTML,면적변경 수인조항,무효,조문인용 추론,위험,제10조,일방적 급부·조건 변경,"6. 면적변경 수인조항 가. 약관조항 나. 검토의견 : 무효 ㅇ 상가분양계약에서 분양면적과 관련한 제반사항은 수분양자에게는 매우 중요한 사항이므로 분양면적과 관련한 배분이나 건축물의 면적구획 등의 변경사항은 고객의 동의를 구하거나 그렇지 않으면 고객이 손해배상 청구 또는 계약해제ㆍ해지 등을 주장할 수 있어야 할 것임 ㅇ 그러나 위 약관조항은 계약물건의 전용부분, 공용부분 및 주차장 면적의 배분에 대하여 고객은 이의없이 동의하고, 향후 건축물의 면적구획, 면적변경, 호수배정의 변경내용을 수인하도록 정하여 고객에게 짐작하기 어려운 손해를 줄 우려가 있으므로 - 이는 상당한 이유없이 급부의 내용을 사업자가 일방적으로 결정하거나 변경할 수 있도록 권한을 부여하고 있는 조항이자, 법률의 규정에 의한 고객의 항변권, 상계권 등의 권리를 상당한 이유없이 배제 또는 제한하는 조항으로 약관법 제10조 제1호 및 제11조 제1호에 해당됨 ]]>",,기각,"계약물건의 전용부분, 공용부분 및 주차장 면적의 배분에 대하여 고객은 이의없이 동의하고, 향후 건축물의 면적구획, 면적변경, 호수배정의 변경내용을 수인하도록",보통,공정위 판단 근거 서술에서 약관조항의 내용을 설명하는 부분에서 조항 문구로 보이는 서술을 그대로 옮김
법제처 OPEN API/ftc,1259,,(주)스페컴의 임대계약서 상 불공정약관 조항에 대한 건,https://www.law.go.kr/DRF/lawService.do?OC=test&target=ftc&ID=1259&type=HTML,(문서 전체 — 조항 구분 없음),무효,조문인용 추론,위험,제8조,과도한 위약금,"1259 시정권고서 2010약관0073 ※ 청구인과 피심인간의 계약내역 및 위약금 - 약정기간 3년, 사용월수 10 월, 잔여월수 26 월 - 월 임대료 : 8,800원 - 위약금 : 22만 8,800원 [(36개월 - 10개월) × 8,800원] 2. 검토의견 : 무효 「방문판매 등에 관한 법률」(이하 '방문판매법’) 제30조 제1항에 따르면 계속거래업자*는 자신의 귀책 없이 계약이 해지된 때에 위약금을 부과할 수 있고, 이때 손해배상액의 예정으로서 위약금은 손해발생 및 손해액의 입증부담을 덜고 신속하게 손해배상의 문제를 해결하기 위한 것이지만 계약의 목적과 내용, 예상 손해액의 크기 등을 고려할 때 부당하게 과다하여서는 아니 된다. * 방문판매법 제2조 제8호 “계속거래”라 함은 대통령령이 정하는 일정기간(1월) 이상 계속하여 재화 또는 용역을 공급하는 계약으로서 중도에 해지할 경우 대금환급의 제한 또는 위약금에 관한 약정이 있는 거래를 말한다. 일반적으로 약관에 따른 거래에서 고객의 귀책사유로 인하여 계약해지를 할 경우에는 사업자에게 해지일까지의 이용일수에 해당되는 금액 이외에 총 이용금액의 10%를 위약금으로 정하고 있다. ※ 본 사안과 유사한 여건에 있는 정수기임대차의 경우, 표준약관에서 의무사용기간 또는 임대차기간 잔여월 임대료의 10%에 해당하는 금액을 위약금으로 부과토록 규정 (표준약관 제10052호) 그러나 피심인의 약관 조항은 약정기간이 종료하기 전에 고객이 개인사유로 인하여 계약을 해지하고자 할 경우 잔여 약정기간에 대한 월납입금의 합계금액을 위약금으로 청구한다고 규정하고 있어 사실상 위약금이 잔여계약기간 사용료의 100%가 된다. 경쟁이 치열한 업계현황과 초기 투자비용 등을 고려하더라도 이는 당해 계약의 해지로 인해 사업자에게 발생하는 손해를 능가하는 위약금의 책정이라고 할 것이다. 또한 고객의 입장에서 볼 때 임대차 계약을 해지하고도 그 후 잔여기간의 사용료를 부담하게 되므로 임대사업자는 전혀 손해를 보지 아니하면서 오히려 이익이 되고, 고객은 과다한 위약금을 부담하든지 당해 계약을 억지로 유지할 수밖에 없다. 이상의 내용을 살펴볼 때 약정기간 잔여 개월의 사용료 전액을 위약금으로 부과하는 (주)스페컴의 임대계약서상 손해배상조항은 고객에 대하여 부당하게 과중한 손해배상의무를 부담시키는 조항으로서 약관법 제8조 사유에 해당되어 무효라고 할 것이다. ]]> ※ 청구인과 피심인간의 계약내역 및 위약금 - 약정기간 3년, 사용월수 10 월, 잔여월수 26 월 - 월 임대료 : 8,800원 - 위약금 : 22만 8,800원 [(36개월 - 10개월) × 8,800원] 2. 검토의견 : 무효 「방문판매 등에 관한 법률」(이하 '방문판매법’) 제30조 제1항에 따르면 계속거래업자*는 자신의 귀책 없이 계약이 해지된 때에 위약금을 부과할 수 있고, 이때 손해배상액의 예정으로서 위약금은 손해발생 및 손해액의 입증부담을 덜고 신속하게 손해배상의 문제를 해결하기 위한 것이지만 계약의 목적과 내용, 예상 손해액의 크기 등을 고려할 때 ",,기각,약정기간이 종료하기 전에 고객이 개인사유로 인하여 계약을 해지하고자 할 경우 잔여 약정기간에 대한 월납입금의 합계금액을 위약금으로 청구한다,보통,인용 표시 없이 서술되었으나 조항의 구체적 내용으로 보이는 문구를 그대로 옮김
법제처 OPEN API/ftc,10039,,(주)시스코피엠의 스틸랜드 공급계약서상 불공정약관조항에 대한 건,https://www.law.go.kr/DRF/lawService.do?OC=test&target=ftc&ID=10039&type=HTML,(문서 전체 — 조항 구분 없음),무효,조문인용 추론,위험,"제8조,제9조",과도한 위약금|일방적 계약 해지|권리행사 제한|보증금 반환 지연,"10039 시정권고서 2009약관0229 2. 검토의견 : 무 효 부동산 거래분야에서 계약해제에 따른 위약금은 거래대금의 10%정도가 통상적인 거래관행이며 판례의 취지이다. 그러나 위 약관조항은 수분양자의 귀책사유로 인한 계약취소ㆍ해지시 위약금으로 총 분양대금의 20%를 위약금으로 정하고 있으므로 이는 고객에게 과중한 손해배상의무를 부담시키는 조항으로 약관법 제8조에 해당된다. 또한 민법 제548조에 따르면 쌍무계약에 있어서 당사자 일방이 계약을 해제한 때에는 각 당사자는 그 상대방에 대하여 즉시 원상회복의무가 있고, 그에 따라 반환하여야 할 것이 금전인 경우 그 받은 날로부터 이자를 가하여 반환하여 한다. 그러나 위 약관조항은 계약이 해제된 경우 사업자가 수분양자에게 분양대금을 반환함에 있어 기 납부한 분양대금에 대한 이자를 지급하지 않기 위하여 수분양자가 사업자에게 동 이자를 청구할 수 없도록 정하고 있다. 따라서 동 조항은 계약의 해제ㆍ해지로 인한 사업자의 원상회복의무를 부당하게 경감하는 조항으로 약관법 제9조 제4호에 해당된다. ]]> 2. 검토의견 : 무 효 부동산 거래분야에서 계약해제에 따른 위약금은 거래대금의 10%정도가 통상적인 거래관행이며 판례의 취지이다. 그러나 위 약관조항은 수분양자의 귀책사유로 인한 계약취소ㆍ해지시 위약금으로 총 분양대금의 20%를 위약금으로 정하고 있으므로 이는 고객에게 과중한 손해배상의무를 부담시키는 조항으로 약관법 제8조에 해당된다. 또한 민법 제548조에 따르면 쌍무계약에 있어서 당사자 일방이 계약을 해제한 때에는 각 당사자는 그 상대방에 대하여 즉시 원상회복의무가 있고, 그에 따라 반환하여야 할 것이 금전인 경우 그 받은 날로부터 이자를 가하여 반환하여 한다. 그러나 위 약관조항은 계약이 해제된 경우 사업자가 수분양자에게 분양대금을 반환함에 있어 기 납부한 분양대금에 대한 이자를 지급하지 않기 위하여 수분양자가 사업자에게 동 이자를 청구할 수 없도록 정하고 있다. 따라서 동 조항은 계약의 해제ㆍ해지로 인한 사업자의 원상회복의무를 부당하게 경감하는 조항으로 약관법 제9조 제4호에 해당된다. ]]> 2. 검토의견 : 무 효 부동산 거래분야에서 계약해제에 따른 위약금은 거래대금의 10%정도가 통상적인 거래관행이며 판례의 취지이다. 그러나 위 약관조항은 수분양자의 귀책사유로 인한 계약취소ㆍ해지시 위약금으로 총 분양대금의 20%를 위약금으로 정하고 있으므로 이는 고객에게 과중한 손해배상의무를 부담시키는 조항으로 약관법 제8조에 해당된다. 또한 민법 제548조에 따르면 쌍무계약에 있어서 당사자 일방이 계약을 해제한 때에는 각 당사자는 그 상대방에 대하여 즉시 원상회복의무가 있고, 그에 따라 반환하여야 할 것이 금전인 경우 그 받은 날로부터 이자를 가하여 반환하여 한다. 그러나 위 약관조항은 계약이 해제된 경우 사업자가 수분양자에게 분양대금을 반환함에 있어 기 납부한 분양대금에 대한 이자를 지급하지 않기 위하여 수분양자가 사업자에게 동 이자를 청구할 수 없도록 정하고 있다. 따라서 동 조항은 계약의 해제",,기각,,,근거 서술에 조항 문구 인용 없음. 위약금 20% 규정과 이자 청구 불가 규정의 내용만 설명되어 있음
법제처 OPEN API/ftc,10957,,(주)신도종합건설의 발코니확장계약서상 불공정약관조항에 대한 건,https://www.law.go.kr/DRF/lawService.do?OC=test&target=ftc&ID=10957&type=HTML,(문서 전체 — 조항 구분 없음),무효,명시,위험,제9조,일방적 계약 해지|권리행사 제한|보증금 반환 지연,"10957 시정권고서 2007약관2941 2. 심사의견 : 무효 ○ 민법 제565조에서는 '매매의 당사자 일방이 계약 당시에 금전 기타 물건을 계약금ㆍ보증금 등의 명목으로 상대방에게 교부한 때에는 당사자간에 다른 약정이 없는 한 당사자의 일방이 이행에 착수할 때까지 교부자는 이를 포기하고 수령자는 그 배액을 상환하여 매매계약을 해제할 수 있다’고 정하고 있고, 다른 유상계약에서도 이 규정을 준용하고 있음. ○ 발코니확장공사는 계약 후 사업자가 해당세대에 대하여 공법을 변경하여 적용하였거나 이미 발코니확장공사를 착수한 시점에서 고객의 사유로 인하여 계약을 해지 또는 해제하게 될 경우에는 사업자에게 과도한 손해가 발생하거나 해당건물에 대한 원상복구가 불가능하다고 할 것이지만, - 사업자가 해당세대에 대해 공법을 변경하기 이전 또는 단순히 관련제품의 주문(제작)이 들어간 시점 정도라면, 고객은 자신의 사정에 따라 사업자에게 지급한 계약금을 포기하거나 계약해제로 인하여 사업자가 입게 되는 실손해액을 배상하는 정도로 계약을 해제할 수 있다고 할 것임. ○ 그러나 피심인의 위 약관조항은 공사의 진척상황 등과 관계없이 계약을 체결한 이후에는 시공상의 문제로 해약이 불가능하다고 일률적으로 규정하고 있는 바, 이는 법률의 규정에 의한 고객의 해제권 또는 해지권을 배제하거나 그 행사를 제한하는 조항으로 약관법 제9조 제1호에 해당됨. ]]> 2. 심사의견 : 무효 ○ 민법 제565조에서는 '매매의 당사자 일방이 계약 당시에 금전 기타 물건을 계약금ㆍ보증금 등의 명목으로 상대방에게 교부한 때에는 당사자간에 다른 약정이 없는 한 당사자의 일방이 이행에 착수할 때까지 교부자는 이를 포기하고 수령자는 그 배액을 상환하여 매매계약을 해제할 수 있다’고 정하고 있고, 다른 유상계약에서도 이 규정을 준용하고 있음. ○ 발코니확장공사는 계약 후 사업자가 해당세대에 대하여 공법을 변경하여 적용하였거나 이미 발코니확장공사를 착수한 시점에서 고객의 사유로 인하여 계약을 해지 또는 해제하게 될 경우에는 사업자에게 과도한 손해가 발생하거나 해당건물에 대한 원상복구가 불가능하다고 할 것이지만, - 사업자가 해당세대에 대해 공법을 변경하기 이전 또는 단순히 관련제품의 주문(제작)이 들어간 시점 정도라면, 고객은 자신의 사정에 따라 사업자에게 지급한 계약금을 포기하거나 계약해제로 인하여 사업자가 입게 되는 실손해액을 배상하는 정도로 계약을 해제할 수 있다고 할 것임. ○ 그러나 피심인의 위 약관조항은 공사의 진척상황 등과 관계없이 계약을 체결한 이후에는 시공상의 문제로 해약이 불가능하다고 일률적으로 규정하고 있는 바, 이는 법률의 규정에 의한 고객의 해제권 또는 해지권을 배제하거나 그 행사를 제한하는 조항으로 약관법 제9조 제1호에 해당됨. ]]> 2. 심사의견 : 무효 ○ 민법 제565조에서는 '매매의 당사자 일방이 계약 당시에 금전 기타 물건을 계약금ㆍ보증금 등의 명목으로 상대방에게 교부한 때에는 당사자간에 다른 약정이 없는 한 당사자의 일방이 이행에 착수할 때까지 교부자는 이를",,기각,공사의 진척상황 등과 관계없이 계약을 체결한 이후에는 시공상의 문제로 해약이 불가능하다,보통,공정위의 판단 근거 서술에서 문제 조항의 내용을 설명하는 형태로 인용됨
법제처 OPEN API/ftc,1201,,(주)씨디엘코리아의 Millennium Seoul Hilton 웨딩계약약관상 불공정약관조항에 대한 건,https://www.law.go.kr/DRF/lawService.do?OC=test&target=ftc&ID=1201&type=HTML,(문서 전체 — 조항 구분 없음),무효,명시,위험,제8조,과도한 위약금,"1201 시정권고서 2010약관1715 (2) 심사결과 : 무효 예식계약의 경우 고객의 사정으로 인해 당해 예식일을 기준으로 예식이 임박하거나 일정기간 이내에 해약될 경우에는 피심인은 이를 대체할 고객이 없게 되어 영업상의 손실을 입게 되므로 고객의 귀책사유로 인한 계약 해제 시 고객에 대해 채무불이행에 따른 손해배상책임을 물을 수 있다. 이와 관련하여 일반적인 예식계약에 있어 사업자의 예상 매출액은 장소 임대료와 피로연 식사 제공으로 인한 수입이 주가 될 것이므로 계약 해제 시 위약금의 산정은 장소 임대와 피로연 식사 제공으로 인한 기대이익을 일정부분 반영한 수준에서 책정되는 것이 적절할 것으로 판단된다. 그러나 당해 약관조항은 고객의 귀책사유로 행사 60일 이전 취소 시 계약금을 환불하지 아니하고 60일 이후 취소 통보시에는 호텔예상매출손실액의 30%를 배상금으로 부과할 수 있도록 규정하고 있다. 이는 피로연 음식재료 준비가 보통 예식일 며칠 전에 완료되는 점과 피로연 식대로 피심인이 얻을 수 있는 이익, 장소 임대료 등의 기대이익을 감안한다고 하더라도 지나치게 과도한 것으로 판단된다. 아울러 현행 소비자분쟁해결기준(예식업과 외식서비업종)과 예식장이용 표준약관(공정거래위원회 표준약관 제10030호)상의 위약금 부과규정에 비하여서도 현재 피심인의 위약금 수준은 지나치게 과도하다고 판단된다. 따라서 당해 약관조항은 약관법 제8조 소정의 고객에게 부당하게 과중한 손해배상의무를 부담시키는 조항에 해당하여 무효이다. ]]> (2) 심사결과 : 무효 예식계약의 경우 고객의 사정으로 인해 당해 예식일을 기준으로 예식이 임박하거나 일정기간 이내에 해약될 경우에는 피심인은 이를 대체할 고객이 없게 되어 영업상의 손실을 입게 되므로 고객의 귀책사유로 인한 계약 해제 시 고객에 대해 채무불이행에 따른 손해배상책임을 물을 수 있다. 이와 관련하여 일반적인 예식계약에 있어 사업자의 예상 매출액은 장소 임대료와 피로연 식사 제공으로 인한 수입이 주가 될 것이므로 계약 해제 시 위약금의 산정은 장소 임대와 피로연 식사 제공으로 인한 기대이익을 일정부분 반영한 수준에서 책정되는 것이 적절할 것으로 판단된다. 그러나 당해 약관조항은 고객의 귀책사유로 행사 60일 이전 취소 시 계약금을 환불하지 아니하고 60일 이후 취소 통보시에는 호텔예상매출손실액의 30%를 배상금으로 부과할 수 있도록 규정하고 있다. 이는 피로연 음식재료 준비가 보통 예식일 며칠 전에 완료되는 점과 피로연 식대로 피심인이 얻을 수 있는 이익, 장소 임대료 등의 기대이익을 감안한다고 하더라도 지나치게 과도한 것으로 판단된다. 아울러 현행 소비자분쟁해결기준(예식업과 외식서비업종)과 예식장이용 표준약관(공정거래위원회 표준약관 제10030호)상의 위약금 부과규정에 비하여서도 현재 피심인의 위약금 수준은 지나치게 과도하다고 판단된다. 따라서 당해 약관조항은 약관법 제8조 소정의 고객에게 부당하게 과중한 손해배상의무를 부담시키는 조항에 해당하여 무효이다. ]]> (2) 심사결과 : 무효 예식계약의 경우 고",,기각,고객의 귀책사유로 행사 60일 이전 취소 시 계약금을 환불하지 아니하고 60일 이후 취소 통보시에는 호텔예상매출손실액의 30%를 배상금으로 부과할 수 있도록 규정하고 있다,보통,따옴표 없이 서술되었으나 약관 조항의 구체적 내용으로 보이는 문구를 그대로 옮김
법제처 OPEN API/ftc,10465,,(주)아이온시티의 아이온시티 분양공급계약서상 불공정약관조항에 대한 건,https://www.law.go.kr/DRF/lawService.do?OC=test&target=ftc&ID=10465&type=HTML,(문서 전체 — 조항 구분 없음),무효,조문인용 추론,위험,제6조,부당한 비용·세금 전가|선택권 제한·구입 강제|과도한 위약금,"10465 시정권고서 2008약관2547 가. 약관조항 나. 검토의견 : 무 효 ㅇ 상가 분양공급계약에서 수분양자의 중도금 및 잔금 납부지연에 대한 연체이자와 사업자의 입주지연에 대한 지체상금은 급부지연에 대한 손해배상이라는 점에서 공통적인 성격을 가짐 ㅇ 따라서 수분양자의 중도금 및 잔금 납부지연에 대한 연체이자율과 사업자의 지체상금 이자율은 동일하거나 유사한 정도이어야 함 ㅇ 그러나 위 약관조항은 수분양자의 연체이자율은 15%, 사업자의 자체상금 이자율은 6%로 현저하게 차이가 나게 정하고 있음 ㅇ 그러므로 동 조항은 고객인 수분양자에게 부당하게 불리한 조항으로 약관법 제6조 제2항 제1호에 해당됨 ]]> 가. 약관조항 나. 검토의견 : 무 효 ㅇ 상가 분양공급계약에서 수분양자의 중도금 및 잔금 납부지연에 대한 연체이자와 사업자의 입주지연에 대한 지체상금은 급부지연에 대한 손해배상이라는 점에서 공통적인 성격을 가짐 ㅇ 따라서 수분양자의 중도금 및 잔금 납부지연에 대한 연체이자율과 사업자의 지체상금 이자율은 동일하거나 유사한 정도이어야 함 ㅇ 그러나 위 약관조항은 수분양자의 연체이자율은 15%, 사업자의 자체상금 이자율은 6%로 현저하게 차이가 나게 정하고 있음 ㅇ 그러므로 동 조항은 고객인 수분양자에게 부당하게 불리한 조항으로 약관법 제6조 제2항 제1호에 해당됨 ]]> 가. 약관조항 나. 검토의견 : 무 효 ㅇ 상가 분양공급계약에서 수분양자의 중도금 및 잔금 납부지연에 대한 연체이자와 사업자의 입주지연에 대한 지체상금은 급부지연에 대한 손해배상이라는 점에서 공통적인 성격을 가짐 ㅇ 따라서 수분양자의 중도금 및 잔금 납부지연에 대한 연체이자율과 사업자의 지체상금 이자율은 동일하거나 유사한 정도이어야 함 ㅇ 그러나 위 약관조항은 수분양자의 연체이자율은 15%, 사업자의 자체상금 이자율은 6%로 현저하게 차이가 나게 정하고 있음 ㅇ 그러므로 동 조항은 고객인 수분양자에게 부당하게 불리한 조항으로 약관법 제6조 제2항 제1호에 해당됨 ]]> 가. 약관조항 나. 검토의견 : 무 효 ㅇ 상가 분양공급계약에서 수분양자의 중도금 및 잔금 납부지연에 대한 연체이자와 사업자의 입주지연에 대한 지체상금은 급부지연에 대한 손해배상이라는 점에서 공통적인 성격을 가짐 ㅇ 따라서 수분양자의 중도금 및 잔금 납부지연에 대한 연체이자율과 사업자의 지체상금 이자율은 동일하거나 유사한 정도이어야 함 ㅇ 그러나 위 약관조항은 수분양자의 연체이자율은 15%, 사업자의 자체상금 이자율은 6%로 현저하게 차이가 나게 정하고 있음 ㅇ 그러므로 동 조항은 고객인 수분양자에게 부당하게 불리한 조항으로 약관법 제6조 제2항 제1호에 해당됨 ]]> 가. 약관조항 나. 검토의견 : 무 효 ㅇ 상가 분양공급계약에서 수분양자의 중도금 및 잔금 납부지연에 대한 연체이자와 사업자의 입주지연에 대한 지체상금은 급부지연에 대한 손해배상이라는 점에서 공통적인 성격을 가짐 ㅇ 따라서 수분양자의 중도금 및 잔금 납부지연에 대한 연체이자율과 사업자의 지체상금 이자율은 동일하거나 유사한 정도이어야 함 ",,기각,,,"근거 서술에 조항 문구 인용 없음. 연체이자율 15%, 지체상금 이자율 6%의 구체적 수치만 언급되어 있으나 원문 약관 조항의 정확한 문구는 제시되지 않음"
법제처 OPEN API/ftc,9801,,(주)아크로시스의 렌탈(임대차)계약서상 불공정약관조항에 대한 건,https://www.law.go.kr/DRF/lawService.do?OC=test&target=ftc&ID=9801&type=HTML,손해배상면책조항,무효,명시,위험,제7조,책임 면제,"2. 손해배상면책조항 가. 약관조항 나. 심사결과 : 무효 피심인이 리스물건을 회수하기 위해 설치장소에 들어가려면 원칙적으로 고객의 동의를 얻어야 하고, 무단으로 설치장소에 들어가거나 피심인이 장비를 제거 또는 분리하는 과정에서 고의 또는 과실로 손해를 발생시키는 경우에는 불법행위책임 등이 성립할 수 있다. 그럼에도 해당 약관조항은 피심인의 귀책사유를 불문하고 위 행위로 인하여 발생한 손해에 대해 책임을 지지 아니한다고 규정하고 있다. 따라서 사업자의 고의 또는 중대한 과실로 인한 법률상의 책임을 배제하는 조항 또는 고객에 대하여 부당하게 불리한 조항에 해당하여 약관법 제7조 제1호 또는 제6조 제2항 제1호에 따라 무효이다. ",,기각,,,근거 서술에 조항 문구 인용 없음. 조항 내용이 설명만 돼 있어 정확한 문구를 특정할 수 없음
법제처 OPEN API/ftc,9801,,(주)아크로시스의 렌탈(임대차)계약서상 불공정약관조항에 대한 건,https://www.law.go.kr/DRF/lawService.do?OC=test&target=ftc&ID=9801&type=HTML,해약금 조항,무효,명시,위험,제8조,과도한 위약금,"3. 해약금 조항 가. 약관조항 나. 심사결과 : 무효 해당 약관조항은 고객이 중도에 계약을 해지한 경우 총 렌탈료와 연체료 등 피심인에 대한 모든 채무와 피심인의 손해를 변상하도록 하고, 반환하는 장비의 가치는 일체 고려하지 아니한다고 규정하고 있다. 리스이용자가 임의로 중도에 리스계약을 해지한 경우에는 이로 인한 리스회사의 손해를 배상하여야 할 것이나 잔여 리스료를 지급하고 피심인의 손해까지 배상하도록 하는 것은 과다하다 할 것이다. 또한 리스업자는 리스기간의 도중에 이용자로부터 리스물건의 반환을 받은 경우 특별한 사정이 없는 한 그 반환에 의하여 취득한 이익을 반환하는 등으로 이를 청산하여야 할 필요가 있다. 그럼에도 해당 약관조항은 계약해지시 잔여 렌탈료 외에 피심인의 손해를 별도로 배상하도록 하고 있을 뿐만 아니라 피심인의 청산의무도 배제하고 있다. 따라서 이는 고객에 대하여 부당하게 과중한 지연손해금등의 손해배상의무를 부담시키는 약관에 해당하여 약관법 제8조에 따라 무효이다. ",,기각,,,근거 서술에 조항 문구 인용 없음. 조항 내용이 설명만 되어 있음
법제처 OPEN API/ftc,9801,,(주)아크로시스의 렌탈(임대차)계약서상 불공정약관조항에 대한 건,https://www.law.go.kr/DRF/lawService.do?OC=test&target=ftc&ID=9801&type=HTML,면책조항,무효,명시,위험,제6조,부당한 비용·세금 전가|선택권 제한·구입 강제|과도한 위약금,"4. 면책조항 가. 약관조항 나. 심사결과 : 무효 리스물건의 제조사는 리스물건을 직접 고객에게 인도하는 점, 리스기간은 물품인도일부터 개시되는 점 등을 고려할 때 제조사 사정에 의한 납기의 지연에 대하여 피심인이 책임지지 아니하는 것은 부당하다고 보기 어렵다. 그러나 해당 계약에서 양 당사자는 제품의 내용이나 수량 등을 약정하고 이에 따라 리스료 등을 산정하는 것이므로 피심인은 고객에게 계약내용에 따라 채무를 이행할 의무를 부담한다 할 것이다. 그럼에도 해당 약관조항은 제품내용의 변경 등 계약상의 내용과 달리하는 부분에 대하여는 책임을 지지 않는다고 규정하고 있는 바, 이는 고객에 대하여 부당하게 불리한 약관으로 약관법 제6조 제1항, 제2항 제1호에 따라 무효이다. ",,기각,,,근거 서술에 조항 문구 인용 없음. 제품내용의 변경 등 계약상의 내용과 달리하는 부분에 대하여는 책임을 지지 않는다는 내용만 설명되어 있음
법제처 OPEN API/ftc,9801,,(주)아크로시스의 렌탈(임대차)계약서상 불공정약관조항에 대한 건,https://www.law.go.kr/DRF/lawService.do?OC=test&target=ftc&ID=9801&type=HTML,해지 및 환불조항,무효,명시,위험,제9조,일방적 계약 해지|권리행사 제한|보증금 반환 지연,"5. 해지 및 환불조항 가. 약관조항 나. 심사결과 : 무효 계약의 해지는 계약당사자에게 중대한 영향을 미치는 것이므로 계약해지사유는 구체적으로 열거되어야 하고, 그 내용도 타당하여야 한다. 해당 약관조항은 고객이 KT렌탈의 이용요건을 갖추지 못한 경우 피심인이 장비의 공급을 중지하거나 계약을 해약할 수 있도록 하고 있다. 피심인은 KT렌탈의 이용요건이란 피심인이 내부적으로 정한 것으로 고객의 신용상태악화나 자력감소 등을 의미한다고 주장하나 해당 약관 및 KT렌탈계약서에는 이용요건의 내용이 전혀 규정되어 있지 않다. 즉, 해당 약관조항은 불명확한 해지사유를 규정하여 사업자의 일방적이고 자의적인 판단에 의하여 계약을 해지할 수 있도록 하고 있으며, 고객으로서는 이를 전혀 예측할 수도 없다 할 것이다. 또한 계약이 해지된 경우 제품의 공급여부 및 계약의 해지시점 등을 고려하지 아니하고 계약금을 포함하여 기납입한 금원을 일체 반환하지 아니하도록 하고 있다. 따라서 해당 약관조항은 사업자에게 법률에서 규정하고 있지 아니하는 해제권ㆍ해지권을 부여하여 고객에 대하여 부당하게 불이익을 줄 우려가 있는 조항 및 계약의 해제 또는 해지로 인한 사업자의 원상회복의무를 부당하게 경감하는 조항에 해당하여 약관법 제9조 제2호 및 제3호에 따라 무효이다. ",,기각,,,근거 서술에 조항 문구 인용 없음. 해지사유와 환불 조건의 내용이 설명되어 있으나 따옴표나 「」로 명시된 원문 인용이 없습니다.
법제처 OPEN API/ftc,9801,,(주)아크로시스의 렌탈(임대차)계약서상 불공정약관조항에 대한 건,https://www.law.go.kr/DRF/lawService.do?OC=test&target=ftc&ID=9801&type=HTML,관할법원조항,무효,명시,위험,제14조,권리행사 제한,6. 관할법원조항 가. 약관조항 나. 심사결과 : 무효 모든 관할합의가 반드시 부당하다고 할 수는 없으나 그러한 합의의 유효성은 당사자 사이에 개별적이고 명백한 특약이 있는 경우에 한하고 일반거래약관에서 위와 같이 민사소송법 규정보다 고객에게 불리할 수 있는 재판관할을 정하는 것은 고객에게 응소의 불편을 초래할 우려가 있다. 따라서 해당 약관조항은 고객에 대하여 부당하게 불리한 재판관할의 합의조항에 해당하여 약관법 제14조에 따라 무효이다. ,,기각,,,근거 서술에 조항 문구 인용 없음. 관할법원 관련 내용이 설명만 되어 있음
법제처 OPEN API/ftc,9801,,(주)아크로시스의 렌탈(임대차)계약서상 불공정약관조항에 대한 건,https://www.law.go.kr/DRF/lawService.do?OC=test&target=ftc&ID=9801&type=HTML,계약상 권리양도 조항,무효,명시,위험,"제6조,제9조",부당한 비용·세금 전가|선택권 제한·구입 강제|과도한 위약금|일방적 계약 해지|권리행사 제한|보증금 반환 지연,"7. 계약상 권리양도 조항 가. 약관조항 나. 심사결과 : 무효 해당 약관조항은 피심인이 고객에 대한 통지없이 해당 계약에 따라 고객에 대하여 가지는 계약상의 모든 권리를 양도할 수 있도록 하고 있다. 이에 따라 고객은 권리양도의 사실을 알지 못하여 이중변제의 위험이 있으며, 양도인에게 대항할 수 있는 사유로서 양수인에게 대항하지 못하는 불이익을 입을 수 있다. 따라서 해당 약관조항은 고객에 대하여 부당하게 불리한 조항에 해당하여 약관법 제6조 제1항, 제2항 제1호에 따라 무효이다. ]]> 나. 심사결과 : 무효 (1) 제4조 각 항 외의 부분 밑줄부분 및 제2항 : 무효 당사자 일방이 채무를 이행하지 아니하는 경우 계약을 해지하려면 상대방에게 상당한 기간을 정하여 이행을 최고하고 상대방이 그 기간내에 이행하지 아니한 경우에 계약을 해지하여야 한다.(민법 제544조) 그럼에도 해당 약관조항은 고객이 렌탈료를 10일 이상 연체한 경우 즉시 계약을 해지할 수 있도록 하고 있는 바, 법률의 규정에 의한 해제권ㆍ해지권의 행사요건을 완화하여 고객에 대하여 부당하게 불이익을 줄 우려가 있는 조항으로 약관법 제9조 제2호에 해당한다. (2) 제4조 제7항 및 제8항 밑줄부분 : 무효 해당 약관조항은 연대보증인에게 파산, 해산 등 자력이 악화된 것으로 볼 수 있는 사유가 발생한 경우 피심인이 바로 계약을 해지할 수 있도록 하고 있다. 연대보증인에게 위와 같은 사유가 발생한 경우 이로 인하여 당사자에게 변제자력이나 신용상태의 악화, 신뢰관계의 파괴 등 계약을 유지할 수 없는 사유가 발생하였다고 보기는 어렵다. 또한 위와 같은 경우에도 우선 상대방에게 보증인의 교체 등을 요청하고 이에 응하지 아니하는 경우에 계약을 해지할 수 있도록 하여야 할 것이다. 따라서 해당 약관조항은 사업자에게 법률에서 규정하고 있지 아니한 해지권을 부여하여 고객에 대하여 부당하게 불이익을 줄 우려가 있는 조항으로 약관법 제9조 제2호에 해당한다. ",,기각,고객에 대한 통지없이 해당 계약에 따라 고객에 대하여 가지는 계약상의 모든 권리를 양도할 수 있도록,보통,따옴표 없이 서술되었으나 조항 내용을 설명하는 문구로 보여 그대로 옮김
법제처 OPEN API/ftc,9801,,(주)아크로시스의 렌탈(임대차)계약서상 불공정약관조항에 대한 건,https://www.law.go.kr/DRF/lawService.do?OC=test&target=ftc&ID=9801&type=HTML,계약상 권리양도 조항,무효,명시,위험,제6조,부당한 비용·세금 전가|선택권 제한·구입 강제|과도한 위약금,"7. 계약상 권리양도 조항 가. 약관조항 나. 심사결과 : 무효 해당 약관조항은 피심인이 고객에 대한 통지없이 해당 계약에 따라 고객에 대하여 가지는 계약상의 모든 권리를 양도할 수 있도록 하고 있다. 이에 따라 고객은 권리양도의 사실을 알지 못하여 이중변제의 위험이 있으며, 양도인에게 대항할 수 있는 사유로서 양수인에게 대항하지 못하는 불이익을 입을 수 있다. 따라서 해당 약관조항은 고객에 대하여 부당하게 불리한 조항에 해당하여 약관법 제6조 제1항, 제2항 제1호에 따라 무효이다. ]]>",,기각,,,근거 서술에 조항 문구 인용 없음. 피심인이 고객에 대한 통지없이 계약상의 모든 권리를 양도할 수 있다는 내용만 설명되어 있음
법제처 OPEN API/ftc,10801,,(주)애니유니드의 경매취소수수료 안내상 불공정약관조항에 대한 건,https://www.law.go.kr/DRF/lawService.do?OC=test&target=ftc&ID=10801&type=HTML,(문서 전체 — 조항 구분 없음),무효,조문인용 추론,위험,제6조,부당한 비용·세금 전가|선택권 제한·구입 강제|과도한 위약금,"10801 시정권고서 2008약관1782 : 무효 ㅇ 회원이 낙찰후 피심인이 상품을 인수하기 전에 취소할 때 피심인에게 발생하는 손해는 아이디의 부정적 평가를 방지하기 위해 출품자에게 지급하는 금액(출품자의 낙찰수수료)과 피심인의 경매대행수수료로 볼 수 있음 ㅇ 피심인이 회원의 낙찰취소로 일본 출품자에게 보상하는 낙찰수수료(일본 출품자가 야후 재팬 옥션에 출품하고 낙찰받았을 때 야후 재팬 옥션에 지급하는 수수료)가 약 5.25%이고, 피심인의 경매대행수수료는 낙찰가가 높을 수록 낮아지는 구조인 점(1만엔 이하 1,500엔, 1만엔 이상은 낙찰가구간별로 12~5%), 낙찰가가 6,000엔 이상인 경우 일률적으로 선취소수수료로 낙찰가의 35%를 적용함으로써 낙찰가가 클수록 경매대행수수료와는 달리 선취소수수료 금액이 커진다는 점 등에 비추어 보면 위 조항은 고객에 대하여 부당하게 불리한 조항으로 약관법 제6조 제2항 제1호에 해당 ]]> : 무효 ㅇ 회원이 낙찰후 피심인이 상품을 인수하기 전에 취소할 때 피심인에게 발생하는 손해는 아이디의 부정적 평가를 방지하기 위해 출품자에게 지급하는 금액(출품자의 낙찰수수료)과 피심인의 경매대행수수료로 볼 수 있음 ㅇ 피심인이 회원의 낙찰취소로 일본 출품자에게 보상하는 낙찰수수료(일본 출품자가 야후 재팬 옥션에 출품하고 낙찰받았을 때 야후 재팬 옥션에 지급하는 수수료)가 약 5.25%이고, 피심인의 경매대행수수료는 낙찰가가 높을 수록 낮아지는 구조인 점(1만엔 이하 1,500엔, 1만엔 이상은 낙찰가구간별로 12~5%), 낙찰가가 6,000엔 이상인 경우 일률적으로 선취소수수료로 낙찰가의 35%를 적용함으로써 낙찰가가 클수록 경매대행수수료와는 달리 선취소수수료 금액이 커진다는 점 등에 비추어 보면 위 조항은 고객에 대하여 부당하게 불리한 조항으로 약관법 제6조 제2항 제1호에 해당 ]]> : 무효 ㅇ 회원이 낙찰후 피심인이 상품을 인수하기 전에 취소할 때 피심인에게 발생하는 손해는 아이디의 부정적 평가를 방지하기 위해 출품자에게 지급하는 금액(출품자의 낙찰수수료)과 피심인의 경매대행수수료로 볼 수 있음 ㅇ 피심인이 회원의 낙찰취소로 일본 출품자에게 보상하는 낙찰수수료(일본 출품자가 야후 재팬 옥션에 출품하고 낙찰받았을 때 야후 재팬 옥션에 지급하는 수수료)가 약 5.25%이고, 피심인의 경매대행수수료는 낙찰가가 높을 수록 낮아지는 구조인 점(1만엔 이하 1,500엔, 1만엔 이상은 낙찰가구간별로 12~5%), 낙찰가가 6,000엔 이상인 경우 일률적으로 선취소수수료로 낙찰가의 35%를 적용함으로써 낙찰가가 클수록 경매대행수수료와는 달리 선취소수수료 금액이 커진다는 점 등에 비추어 보면 위 조항은 고객에 대하여 부당하게 불리한 조항으로 약관법 제6조 제2항 제1호에 해당 ]]> : 무효 ㅇ 회원이 낙찰후 피심인이 상품을 인수하기 전에 취소할 때 피심인에게 발생하는 손해는 아이디의 부정적 평가를 방지하기 위해 출품자에게 지급하는 금액(출품자의 낙찰수수료)과 피심인의 경매대행수수료로 볼 수 있음 ㅇ 피심인이 회",,기각,,,"근거 서술에 조항 문구 인용 없음. 선취소수수료 관련 조항의 내용만 설명되어 있으며, 따옴표나 「」 등의 인용 표시가 없습니다."
법제처 OPEN API/ftc,1207,,"(주)에버다임의 제품 판매대리, 아프터-서비스에 관한 계약서상 불공정약관조항에 대한 건",https://www.law.go.kr/DRF/lawService.do?OC=test&target=ftc&ID=1207&type=HTML,영업범위 조항,무효,명시,위험,제10조,일방적 급부·조건 변경,2. 영업범위 조항 (1) 약관조항 (2) 심사결과 : 무효 해당 대리점계약에 따라 대리점은 피심인을 대리하여 영업지역에서 피심인이 공급하는 제품을 판매하고 사후관리를 담당하며 그 대가로 일정 수수료를 받게 된다. 대리점계약에서 대리점에 반드시 일정 지역에 대한 독점ㆍ배타적인 권리를 부여하여야 한다는 원칙이나 법적 근거는 없다 할 것이므로 대리점에 독점적 권리를 부여하지 아니하는 것이 부당하다고 보기 어렵다. 그러나 대리점이 영업활동을 할 수 있는 지역적인 범위 및 판매하는 제품은 대리점의 영업활동 및 수익과 직결되는 것으로서 해당 계약에서 매우 중요한 내용에 해당한다. 따라서 당사자간 협의를 통하여 이와 같은 사항을 결정하거나 변경할 수 있도록 하여야 할 것임에도 제4조 제1항은 피심인이 일방적으로 이를 정할 수 있도록 하고 있다. 그러므로 제4조 제1항은 상당한 이유없이 급부의 내용을 사업자가 일방적으로 결정하거나 변경할 수 있도록 권한을 부여하는 조항에 해당하여 약관법 제10조 제1호에 따라 무효이다. ,,기각,,,근거 서술에 조항 문구 인용 없음. 제4조 제1항의 내용이 설명만 돼 있음
법제처 OPEN API/ftc,1207,,"(주)에버다임의 제품 판매대리, 아프터-서비스에 관한 계약서상 불공정약관조항에 대한 건",https://www.law.go.kr/DRF/lawService.do?OC=test&target=ftc&ID=1207&type=HTML,판매제한 조항,무효,명시,위험,제6조,부당한 비용·세금 전가|선택권 제한·구입 강제|과도한 위약금,3. 판매제한 조항 (1) 약관조항 (2) 심사결과 : 무효 원칙적으로 피심인은 위임인으로서 위임사무의 범위를 정할 수 있으므로 판매범위 및 판매조건 등을 제한할 수 있다 할 것이다. 그러나 해당 약관조항은 피심인이 지정하는 수요처에는 피심인이 직접 판매할 수 있다고 하여 판매처를 구체적으로 특정하지 아니하고 피심인이 자의적으로 자신이 원하는 고객에게 직접 판매를 할 수 있도록 하고 있다. 이에 따라 영업지역에서 일반적인 판매대리권을 가지고 특별한 사유가 없는 한 상대방의 제한 없이 판매를 할 수 있을 것으로 기대한 대리점에게 예상치 못한 피해를 줄 수 있다 할 것이다. 특히 피심인은 판매가격 및 판매조건 등을 임의로 정할 수 있어 대리점의 영업활동을 침해할 수 있는 소지가 크다. 따라서 해당 약관조항은 고객에 대하여 부당하게 불리한 약관조항으로 약관법 제6조 제2항 제1호에 해당한다. ,,기각,피심인이 지정하는 수요처에는 피심인이 직접 판매할 수 있다,보통,"판단 근거 서술에서 문제 조항의 내용을 설명하며 인용한 문구로, 따옴표는 없으나 조항 문구로 보이는 서술을 그대로 옮김"
법제처 OPEN API/ftc,1207,,"(주)에버다임의 제품 판매대리, 아프터-서비스에 관한 계약서상 불공정약관조항에 대한 건",https://www.law.go.kr/DRF/lawService.do?OC=test&target=ftc&ID=1207&type=HTML,계약해지조항,무효,명시,위험,"제6조,제9조",부당한 비용·세금 전가|선택권 제한·구입 강제|과도한 위약금|일방적 계약 해지|권리행사 제한|보증금 반환 지연,"4. 계약해지조항 (1) 약관조항 (2) 심사결과 : 무효 계약해지는 당사자에게 중대한 영향을 미치는 것이므로 해지사유는 구체적으로 열거되고 그 내용도 타당한 것이어야 하며, 상대방의 이행지체 등 계약위반이 있다 하더라도 상당한 기간을 두고 이행을 최고한 후 그 기간 내에 이행을 하지 아니는 경우에 계약을 해지할 수 있다 할 것이다. 먼저, “가압류”나 “가처분”은 집행보전 또는 손해방지를 위해 일시적으로 현상을 동결하거나 임시적 법률관계를 형성하게 하는 보전처분으로서 통상 채권자의 신청에 의하여 일방적으로 행하여짐을 고려할 때 이와 같은 사실만으로 계약을 유지하기 어려운 사유가 발생하였다고 보기는 어렵다 할 것이다. 또한 “계약의 근본취지에 위배되는 행위”나 “중요부분의 의무위반행위를 한 때” 라는 주관적이고 추상적인 요건을 계약해지사유로 규정하여 피심인이 자의적으로 이를 해석하여 바로 계약을 해지할 수 있도록 하고 있다. 따라서 사업자에게 법률에서 규정하고 있지 아니하는 해지권을 부여하거나 법률의 규정에 의한 해지권의 행사요건을 완화하여 고객에게 부당하게 불이익을 줄 우려가 있는 조항으로 약관법 제9조 제2호에 해당된다. 5. 판매대리점의 추가지정 (1) 약관조항 (2) 심사결과 : 무효 해당 약관조항은 “을이 판매와 서비스 책임 수행이나 갑의 목적에 부합하지 못할 때”에 피심인이 대리점을 평가한 후 시정요구 및 판매대리자를 추가할 수 있도록 하고 있다. 대리점의 영업관할구역내에 판매대리점을 추가하는 것은 대리점의 영업이익을 감소시킬 수 있는 것으로 대리점의 영업에 큰 영향을 미치는 중요한 조치임을 고려할 때 그 요건은 타당하고 구체적이어야 한다. 그럼에도 해당 약관조항은 “갑의 목적에 부합하지 못할 때”라는 주관적이고 추상적인 요건을 규정하여 결국 피심인이 자의적으로 이를 해석, 적용할 수 있도록 하고 있다. 이에 따라 피심인이 자의적ㆍ일방적으로 대리점의 영업지역내에 대리점을 추가하여 대리점의 영업지역을 축소 조정할 수 있도록 함으로써 대리점의 판매지역권을 부당하게 침해할 수 있게 된다. 따라서 해당 약관조항은 약관법 제6조 제2항 제1호의 고객에 대하여 부당하게 불리한 약관조항으로 무효이다. ]]> (2) 심사결과 : 무효 통상 본사는 영업기회의 유용방지 및 정력분산방지 등을 위하여 합리적인 범위에서 대리점의 영업활동을 제한할 수 있다 할 것이다. 그러나 대리점에 경업금지 의무를 부과함에 있어 그 제한의 정도는 고객의 정당한 취업기회를 제한하여 직업선택의 자유를 침해하지 아니하면서 사업자의 정당한 영업상 이익을 침해하지 않는 합리적 범위 내이어야 한다. 해당 약관조항은 영업의 종류나 범위 또는 당해 거래에 미치는 영향 등을 전혀 고려하지 아니하고 대리점이 일체 다른 사업을 할 수 없도록 하고 있는 바, 대리점의 영업의 자유를 지나치게 제한하고 있다 할 것이다. 따라서 약관법 제6조 제2항 제1호의 고객에 대하여 부당하게 불리한 약관조항에 해당하여 무효이다. ",,기각,,,폐기: 제시한 문구가 근거 서술에 없음 (창작 의심)
법제처 OPEN API/ftc,12825,,(주)엘비젼의 계약규정상 불공정약관조항에 대한 건,https://www.law.go.kr/DRF/lawService.do?OC=test&target=ftc&ID=12825&type=HTML,(문서 전체 — 조항 구분 없음),무효,명시,위험,제8조,과도한 위약금,"12825 시정권고서 2009약관2278 2. 관련 법규정 약관법 제8조(손해배상액의 예정) 고객에 다하여 부당하게 과중한 지연손해금 등의 손해배상의무를 부담시키는 조항은 이를 무효로 한다. 3. 심사결과 : 무효 돌잔치와 같은 행사의 특성상 최소 1개월 전에 예약이 이루어지는 점을 감안할 때 예약취소시 사업자의 기대이익의 일정 부분에 대한 배상은 이루어져야 할 것이다. 일반적으로 돌잔치에 있어 사업자의 예상매출액은 장소임대료와 식사 제공으로 인한 수입이 주가 될 것이므로 계약해제시 위약금의 산정은 장소임대와 식사제공으로 인한 기대이익을 일정부분 반영한 수준에서 책정되는 것이 적절할 것으로 판단된다. 하지만 피청구인이 사용하는 약관의 위약금 수준은 식사제공으로 피청구인이 얻을 수 있는 이익, 장소임대료 등의 기대이익을 감안하더라도 지나치게 과도한 것으로 판단된다. 그리고 현행 소비자분쟁해결기준의 예식업과 외식서비스업의 내용과 비교할 때 지나치게 과도한 것으로 약관법 제8조에 해당하는 불공정 약관조항에 해당된다. ]]> 2. 관련 법규정 약관법 제8조(손해배상액의 예정) 고객에 다하여 부당하게 과중한 지연손해금 등의 손해배상의무를 부담시키는 조항은 이를 무효로 한다. 3. 심사결과 : 무효 돌잔치와 같은 행사의 특성상 최소 1개월 전에 예약이 이루어지는 점을 감안할 때 예약취소시 사업자의 기대이익의 일정 부분에 대한 배상은 이루어져야 할 것이다. 일반적으로 돌잔치에 있어 사업자의 예상매출액은 장소임대료와 식사 제공으로 인한 수입이 주가 될 것이므로 계약해제시 위약금의 산정은 장소임대와 식사제공으로 인한 기대이익을 일정부분 반영한 수준에서 책정되는 것이 적절할 것으로 판단된다. 하지만 피청구인이 사용하는 약관의 위약금 수준은 식사제공으로 피청구인이 얻을 수 있는 이익, 장소임대료 등의 기대이익을 감안하더라도 지나치게 과도한 것으로 판단된다. 그리고 현행 소비자분쟁해결기준의 예식업과 외식서비스업의 내용과 비교할 때 지나치게 과도한 것으로 약관법 제8조에 해당하는 불공정 약관조항에 해당된다. ]]> 2. 관련 법규정 약관법 제8조(손해배상액의 예정) 고객에 다하여 부당하게 과중한 지연손해금 등의 손해배상의무를 부담시키는 조항은 이를 무효로 한다. 3. 심사결과 : 무효 돌잔치와 같은 행사의 특성상 최소 1개월 전에 예약이 이루어지는 점을 감안할 때 예약취소시 사업자의 기대이익의 일정 부분에 대한 배상은 이루어져야 할 것이다. 일반적으로 돌잔치에 있어 사업자의 예상매출액은 장소임대료와 식사 제공으로 인한 수입이 주가 될 것이므로 계약해제시 위약금의 산정은 장소임대와 식사제공으로 인한 기대이익을 일정부분 반영한 수준에서 책정되는 것이 적절할 것으로 판단된다. 하지만 피청구인이 사용하는 약관의 위약금 수준은 식사제공으로 피청구인이 얻을 수 있는 이익, 장소임대료 등의 기대이익을 감안하더라도 지나치게 과도한 것으로 판단된다. 그리고 현행 소비자분쟁해결기준의 예식업과 외식서비스업의 내용과 비교할 때 지나치게 과도한 것으로 약관법 제8조에 해당하는 불공정",,기각,,,근거 서술에 조항 문구 인용 없음. 위약금 수준이 과도하다는 판단만 있고 원문 약관 조항의 구체적 문구가 인용되지 않음
법제처 OPEN API/ftc,10485,,(주)엘지데이콤의 유통망업무계약상 불공정약관조항에 대한 건,https://www.law.go.kr/DRF/lawService.do?OC=test&target=ftc&ID=10485&type=HTML,계약기간 동안의 영업실적 일체에 대한 권리 상실 조항,무효,명시,위험,제6조,부당한 비용·세금 전가|선택권 제한·구입 강제|과도한 위약금,"2. 계약기간 동안의 영업실적 일체에 대한 권리 상실 조항 가. 약관조항 나. 심사의견 : 무효 □ 피심인은 유통망업자와 체결한 유통망계약서 및 부속약정서(이하 “약정서”)에서 정한 내용대로 지급사유, 지급기준 등의 요건을 충족할 경우 유치수수료, 관리수수료, 개통수수료, 다량이용인센티브 등 수수료를 지급할 의무가 있음 □ 피심인이 계약이 해지 또는 종료된 때 당초 약정서에서 정한 지급기준 등에 따라 지급의무가 발생된 유치수수료, 관리수수료 등을 지급하였는지 여부는 약관법으로 검토ㆍ처리할 문제가 아니므로 별론으로 하고, ㅇ 위 조항의 문언상의 의미로만 볼 때는 계약해지 또는 종료된 경우 “계약기간 동안”의 “영업실적 일체에 대한 권리가 상실되며 이에 대한 권리를 요구할 수 없다”고 규정하여, ㆍ 지급의무가 발생된 유치수수료 등에 대한 “권리”도 상실되고, 이에 대한 “권리”를 요구할 수 없다는 의미도 포함되는 것으로 볼 수 있다는 점에서 위 조항은 고객에 대하여 부당하게 불리한 조항으로 약관법 제6조 제2항 제1호에 해당 ",,기각,"계약해지 또는 종료된 경우 ""계약기간 동안""의 ""영업실적 일체에 대한 권리가 상실되며 이에 대한 권리를 요구할 수 없다""",보통,공정위 판단 근거에서 조항의 문언상 의미를 설명하며 인용한 부분을 그대로 옮김. 따옴표로 표시된 핵심 문구들을 포함.
법제처 OPEN API/ftc,10485,,(주)엘지데이콤의 유통망업무계약상 불공정약관조항에 대한 건,https://www.law.go.kr/DRF/lawService.do?OC=test&target=ftc&ID=10485&type=HTML,계약해지조항,무효,명시,위험,"제7조,제11조",책임 면제|권리행사 제한,"3. 계약해지조항 가. 약관조항 나. 심사의견 : 무효 □ 유통망업자가 피심인에게 손해를 끼친 경우에는 그 손해를 배상하여야 할 것이나, 피심인이 그 손해배상액을 일방적으로 산정하는 경우에는 그 금액이 잘못 산정되는 경우가 발생할 가능성도 있음 ㅇ 따라서, 피심인이 유통망업자에게 지급할 수수료에서 손해발생액을 상계하거나, 담보실행을 통해 손해발생액을 우선 변제하더라도 이에 대해 이의를 제기하지 못하도록 한 조항은 법률의 규정에 의한 고객의 항변권, 상계권 등의 권리를 상당한 이유없이 배제하거나 제한하는 조항으로 약관법 제11조 제1호에 해당 ]]> 나. 심사의견 : 무효 □ 존속기간이 정함이 있는 계속적 계약관계에서는 당사자간의 신뢰관계의 파괴, 부득이한 사유의 발생, 채무불이행 등 특별한 사정이 있는 경우를 제외하고는 계약을 임의로 해지할 수 없음이 원칙임 ㅇ 또한 채무자의 고의나 과실없이 이행할 수 없게 된 때외에는 채무자가 채무의 내용에 좇은 이행을 하지 아니한 때에 채권자는 손해배상을 청구할 수 있음(민법 제390조) □ 위 조항 중 “통신사업 환경의 변화”와 같은 외부적 요인으로 계약을 유지하기 어려운 특별한 사정이 있는 경우에 사업자는 계약을 해지할 수 있고, 사업자의 고의ㆍ과실이 없는 한 손해배상 책임도 없다고 볼 수 있으므로 약관법에 위반된다고 보기 어려우나, ㅇ “사업방향의 변경”과 같은 내부적 요인으로 계약을 유지하기 어려운 특별한 사정이 있는 경우는 사업자 내부의 사정에 불과할 뿐, 피심인의 귀책사유가 있다면 계약해지로 인한 손해배상 책임을 부담하여야 하므로, - 피심인이 손해배상없이 계약을 해지할 수 있도록 한 조항은 상당한 이유없이 사업자의 손해배상범위를 제한하는 조항으로 약관법 제7조 제2호에 해당 ",,기각,,,근거 서술에 조항 문구 인용 없음. 내용만 설명되어 있음
법제처 OPEN API/ftc,10485,,(주)엘지데이콤의 유통망업무계약상 불공정약관조항에 대한 건,https://www.law.go.kr/DRF/lawService.do?OC=test&target=ftc&ID=10485&type=HTML,계약해지조항,무효,명시,위험,제11조,권리행사 제한,"3. 계약해지조항 가. 약관조항 나. 심사의견 : 무효 □ 유통망업자가 피심인에게 손해를 끼친 경우에는 그 손해를 배상하여야 할 것이나, 피심인이 그 손해배상액을 일방적으로 산정하는 경우에는 그 금액이 잘못 산정되는 경우가 발생할 가능성도 있음 ㅇ 따라서, 피심인이 유통망업자에게 지급할 수수료에서 손해발생액을 상계하거나, 담보실행을 통해 손해발생액을 우선 변제하더라도 이에 대해 이의를 제기하지 못하도록 한 조항은 법률의 규정에 의한 고객의 항변권, 상계권 등의 권리를 상당한 이유없이 배제하거나 제한하는 조항으로 약관법 제11조 제1호에 해당 ]]>",,기각,,,근거 서술에 조항 문구 인용 없음. 손해배상 상계·담보실행 및 이의제기 제한에 관한 내용이 설명되어 있으나 따옴표나 「」 등 인용 표시가 없고 원문 문구를 특정할 수 없음
법제처 OPEN API/ftc,1137,,(주)오리엔탈여행사의 여행계약서 및 여행일정표 유의사항상 불공정약관조항에 대한 건,https://www.law.go.kr/DRF/lawService.do?OC=test&target=ftc&ID=1137&type=HTML,고객이 계약의 거래형태등 제반사정에 비추어 예상하기 어려운 조항,무효,조문인용 추론,위험,"제6조,제8조",부당한 비용·세금 전가|선택권 제한·구입 강제|과도한 위약금,"2. 고객이 계약의 거래형태등 제반사정에 비추어 예상하기 어려운 조항 나. 숙박시설(풀빌라, 호텔) 비용에 대한 환불불가 및 취소료 추가 부과 관련 피심인은 공정거래위원회가 승인한 국외여행표준약관을 허니문상품의 기본약관으로 사용하면서 위약금과 관련해서는 특약(여행일정표 유의사항상의 밑줄 친 부분)을 규정하여 운영하고 있고, 동 특약은 고객이 허니문상품의 이용계약을 취소하는 경우 기본약관에 비해 고객에게 부과하는 위약금(취소료) 금액이 매우 크고, 여행출발일 기준으로 이른 시기에 이용계약을 취소하여도 위약금을 부과하고 있다. 위와 같이 특약으로 위약금을 과중하고 엄격하게 부과하고 있음에도 불구하고, 피심인의 여행계약서 및 여행일정표 유의사항상의 밑줄 친 부분(숙박관련 환불불가 및 추가 취소료 관련)은 고객의 이용계약 취소시 고객에게 숙박시설(호텔, 풀빌라)에 대한 취소료를 위 위약금 외에 별도로 규정하고 있을 뿐만 아니라, 고객의 여행계약 취소로 피심인이 숙박과 관련하여 부담해야하는 취소료의 크기가 상품마다 크게 차이가 있음에도 이를 전혀 고려하지 않고 숙박료 전액을 고객에게 위약금으로 부과할 수 있도록 하고 있다. 따라서 피심인의 여행계약서 및 여행일정표 유의사항상의 밑줄 친 부분(숙박관련 환불불가 및 추가 취소료 관련)고객에 대하여 부당하게 과중한 위약금을 부과하고 있어 약관법 제8조(손해배상액의 예정)에 해당되어 무효이다. ※「약관법」 제8조(손해배상액의 예정) 고객에 대하여 부당하게 과중한 손해배상의무를 부담시키는 약관조항은 이를 무효로 한다. ]]> ※ 시정대상 약관조항은 위 약관조항뿐만 아니라 피심인이 사용하고 있는 모든 국외여행상품의 특별약관 중 위 약관조항과 동일한 것으로서 고객의 여행계약 취소시 국외여행표준약관 보다 과중한 위약금을 부과하는 약관조항을 포함합니다. 2. 심사의견 가. 여행계약취소시 위약금 부과율 관련 허니문 국외여행상품(이하 “허니문상품”이라한다)은 항공, 숙박, 이동, 관광, 안내 등으로 이루어진 팩키지 상품으로 여행사들은 자신들의 노하우, 시간, 인력 등을 투입하여 허니문상품을 개발하여 판매하거나 대형여행사들이 개발한 허니문상품을 대행 판매하고 있다. 여행사인 피심인은 통상 여행출발일 수개월 전부터 허니문상품을 판매하며 항공좌석 및 숙박시설 예약을 위해 항공사(또는 항공권을 확보하여 판매하는 여행사) 및 현지 숙박업체 등에게 선불금을 지급하는 경우가 많은 데 이때 지급하는 선불금의 크기 및 지급 시기는 허니문상품의 구성내용(숙박시설, 항공사, 항공좌석, 여행시기)에 따라 차이가 크며 고객이 허니문상품의 이용계약을 취소하는 경우 여행사가 이러한 선불금을 항공ㆍ숙박관련 취소료로 부담해야하는 경우가 대부분이다. 피심인은 공정거래위원회가 승인한 국외여행표준약관을 허니문상품의 기본약관으로 사용하면서 여행계약 취소에 따른 위약금과 관련해서는 특별약관조항(이하 “특약”이라 한다)을 규정하여 운영하고 있다. 동 특약은 고객이 허니문상품의 이용계약을 취소하는 경우 기본약관에 비해 고객에게 부과하는 위약금 금액이 매우 크",,기각,,,"근거 서술에 조항 문구 인용 없음. '여행일정표 유의사항상의 밑줄 친 부분(숙박관련 환불불가 및 추가 취소료 관련)'으로만 표현되어 있으며, 실제 조항 문구는 제시되지 않음"
법제처 OPEN API/ftc,1137,,(주)오리엔탈여행사의 여행계약서 및 여행일정표 유의사항상 불공정약관조항에 대한 건,https://www.law.go.kr/DRF/lawService.do?OC=test&target=ftc&ID=1137&type=HTML,고객이 계약의 거래형태등 제반사정에 비추어 예상하기 어려운 조항,무효,조문인용 추론,위험,제8조,과도한 위약금,"2. 고객이 계약의 거래형태등 제반사정에 비추어 예상하기 어려운 조항 나. 숙박시설(풀빌라, 호텔) 비용에 대한 환불불가 및 취소료 추가 부과 관련 피심인은 공정거래위원회가 승인한 국외여행표준약관을 허니문상품의 기본약관으로 사용하면서 위약금과 관련해서는 특약(여행일정표 유의사항상의 밑줄 친 부분)을 규정하여 운영하고 있고, 동 특약은 고객이 허니문상품의 이용계약을 취소하는 경우 기본약관에 비해 고객에게 부과하는 위약금(취소료) 금액이 매우 크고, 여행출발일 기준으로 이른 시기에 이용계약을 취소하여도 위약금을 부과하고 있다. 위와 같이 특약으로 위약금을 과중하고 엄격하게 부과하고 있음에도 불구하고, 피심인의 여행계약서 및 여행일정표 유의사항상의 밑줄 친 부분(숙박관련 환불불가 및 추가 취소료 관련)은 고객의 이용계약 취소시 고객에게 숙박시설(호텔, 풀빌라)에 대한 취소료를 위 위약금 외에 별도로 규정하고 있을 뿐만 아니라, 고객의 여행계약 취소로 피심인이 숙박과 관련하여 부담해야하는 취소료의 크기가 상품마다 크게 차이가 있음에도 이를 전혀 고려하지 않고 숙박료 전액을 고객에게 위약금으로 부과할 수 있도록 하고 있다. 따라서 피심인의 여행계약서 및 여행일정표 유의사항상의 밑줄 친 부분(숙박관련 환불불가 및 추가 취소료 관련)고객에 대하여 부당하게 과중한 위약금을 부과하고 있어 약관법 제8조(손해배상액의 예정)에 해당되어 무효이다. ※「약관법」 제8조(손해배상액의 예정) 고객에 대하여 부당하게 과중한 손해배상의무를 부담시키는 약관조항은 이를 무효로 한다. ]]>",,기각,,,근거 서술에 조항 문구 인용 없음. '여행일정표 유의사항상의 밑줄 친 부분(숙박관련 환불불가 및 추가 취소료 관련)'으로만 표현되어 있음
법제처 OPEN API/ftc,1241,,(주)오케이웨이브영어의 사업계약서상 불공정약관조항에 대한 건,https://www.law.go.kr/DRF/lawService.do?OC=test&target=ftc&ID=1241&type=HTML,고객이 계약의 거래형태등 제반사정에 비추어 예상하기 어려운 조항,무효,조문인용 추론,위험,"제6조,제9조",부당한 비용·세금 전가|선택권 제한·구입 강제|과도한 위약금|일방적 계약 해지|권리행사 제한|보증금 반환 지연,"2. 고객이 계약의 거래형태등 제반사정에 비추어 예상하기 어려운 조항 2. 영업 양도 관련 가. 약관조항 나. 심사의견 가맹점사업권은 일신전속적인 성질 등을 가진 것이 아니므로 가맹점사업자는 가맹점사업권을 양도하고 양수인으로부터 그 대가를 받을 수 있는 권리를 가지고 있다. 그런데 피심인은 가맹점사업자의 가맹점사업권 양도시 동 양도 계약의 효력발생 요건으로 가맹점사업자로 하여금 계약금의 10%를 피심인에게 납부하도록 규정하고 있고 이러한 규정은 합리적 타당성이 있다고 보기 어렵다. 따라서, 피심인의 사업계약서 제22조 제2항은 가맹점사업자에게 부당하게 불리한 약관조항으로 약관법 제6조 제2항 제1호에 해당되어 무효이다. 3. 계약 해지의 사유 관련 가. 심사대상 약관조항 나. 심사의견 (1) 계약해지 사유 관련 계약의 해지는 계약당사자의 이해관계에 중대한 영향을 미치는 사항으로 비록 계약위반이 있더라도 그것이 경미한 계약위반으로 계약의 존속을 무의미하게 할 정도가 아니면 계약의 해지를 엄격히 제한해야 할 것이고 그 사유를 약정하는 경우에도 그 사유가 구체적으로 열거되고 그 내용 또한 타당하여야 할 것이다. 그런데 피심인의 사업계약서 제25조 제2항의 “사업자간 분쟁 및 조직의 친목을 해할 때“ 및 같은 조 제4항의 ”3회 이상 고객 불만을 야기할 때“는 해당 가맹점사업자의 귀책사유에 의하지 않은 사항이나, 경미한 사항을 포함할 수 있고, 같은 조 제3항의 ”월 보고서를 2회 이상 제출하지 않을 때”는 월 보고서가 어떤 사항에 대한 것인지를 구체적으로 제시하지 않고 있다. 따라서 피심인의 사업계약서 제25조 제2항ㆍ제3항ㆍ제4항의 밑줄 부분은 가맹점사업자의 귀책사유에 의하지 않은 사항, 계약해지에 이를 정도로 중대하지 않은 사항, 계약해지 사유로 명확하지 않은 사항 등을 이유로 피심인의 자의적 판단에 따라 일방적으로 가맹점계약을 해지할 수 있으므로 약관법 제9조 제2호에 해당되어 무효이다. ※「약관법」 제9조(계약의 해제ㆍ해지) 계약의 해제ㆍ해지에 관하여 정하고 있는 약관의 내용중 다음 각 호의 1에 해당되는 내용을 정하고 있는 조항은 이를 무효로 한다. 1. ㆍㆍㆍㆍㆍㆍㆍㆍㆍㆍㆍㆍㆍㆍㆍㆍㆍㆍㆍㆍㆍㆍㆍㆍㆍ 2. 사업자에게 법률에서 규정하고 있지 아니하는 해제권ㆍ해지권을 부여하거나 법률의 규정에 의한 해제권ㆍ해지권의 행사요건을 완화하여 고객에 대하여 부당하게 불이익을 줄 우려가 있는 조항 (2) 계약해지 절차관련 「가맹사업거래의 공정화에 관한 법률」제14조[가맹계약해지의 제한]는 “가맹본부가 가맹계약을 해지하려는 경우에는 가맹점사업자에게 2개월 이상의 유예기간을 두어 계약의 위반사실을 구체적으로 밝히고 이를 시정하지 아니하면 그 계약을 해지한다는 사실을 서면으로 2회 이상 통지하여야 하며 이러한 절차를 거치지 아니한 가맹계약의 해지는 그 효력이 없다.”고 규정하고 있다. 그러나 피심인의 사업계약서 제25조 본문은 “다음 항에 해당될 경우 '갑’은 '을’과의 계약을 해지하고 '을’은 '갑’에게 이의를 제기하지 않는다.”고 규정하고, 같은 조 ",,기각,사업자간 분쟁 및 조직의 친목을 해할 때,높음,"제25조 제2항에서 따옴표 없이 인용된 문구이며, 심사의견에서 명확히 구분되어 제시됨"
법제처 OPEN API/ftc,10835,,(주)우리은행의 우리카드 가입신청서상 불공정약관조항에 대한 건,https://www.law.go.kr/DRF/lawService.do?OC=test&target=ftc&ID=10835&type=HTML,약관조항,무효,조문인용 추론,위험,제12조,일방적 계약 해지,"1. 약관조항 2. 검토의견 : 무효 ㅇ 고객의 신용카드 이용과 보험가입은 그 상품의 내용이 본질적으로 다르므로 신용카드 사업자가 신용카드를 이용하는 고객에게 무료 제공하는 보험에 고객이 가입할 것인지 여부는 고객이 자유롭게 선택할 수 있어야 할 것임 - 그러나, 위 약관조항은 고객이 신용카드 이용약정을 체결하면서 사업자가 고객에게 무료 제공하는 보험의 가입 여부에 대하여 아무런 의사를 표시하지 아니한 경우, 고객이 특정 보험상품에 가입한 것으로 간주하고 있음 - 이 경우 보험에 가입의사가 없던 고객은 자기 의사에 반하여 보험에 가입됨에 따라 보험사에 대한 고객의 개인정보 제공, 보험사로부터 상품관련 전화 등 개인의 사생활에 대한 침해가 발생함 - 따라서, 동 조항은 일정한 부작위가 있을 때 고객의 의사표시가 표명되는 것으로 보는 조항으로 약관법 제12조 제1호에 해당됨 ]]> ",,기각,,,근거 서술에 조항 문구 인용 없음. 보험 가입 여부에 대한 의사 미표시 시 가입 간주 내용만 설명되어 있음
법제처 OPEN API/ftc,10835,,(주)우리은행의 우리카드 가입신청서상 불공정약관조항에 대한 건,https://www.law.go.kr/DRF/lawService.do?OC=test&target=ftc&ID=10835&type=HTML,약관조항,무효,조문인용 추론,위험,제12조,일방적 계약 해지,"1. 약관조항 2. 검토의견 : 무효 ㅇ 고객의 신용카드 이용과 보험가입은 그 상품의 내용이 본질적으로 다르므로 신용카드 사업자가 신용카드를 이용하는 고객에게 무료 제공하는 보험에 고객이 가입할 것인지 여부는 고객이 자유롭게 선택할 수 있어야 할 것임 - 그러나, 위 약관조항은 고객이 신용카드 이용약정을 체결하면서 사업자가 고객에게 무료 제공하는 보험의 가입 여부에 대하여 아무런 의사를 표시하지 아니한 경우, 고객이 특정 보험상품에 가입한 것으로 간주하고 있음 - 이 경우 보험에 가입의사가 없던 고객은 자기 의사에 반하여 보험에 가입됨에 따라 보험사에 대한 고객의 개인정보 제공, 보험사로부터 상품관련 전화 등 개인의 사생활에 대한 침해가 발생함 - 따라서, 동 조항은 일정한 부작위가 있을 때 고객의 의사표시가 표명되는 것으로 보는 조항으로 약관법 제12조 제1호에 해당됨 ]]>",,기각,,,근거 서술에 조항 문구 인용 없음. 보험 가입 여부에 대한 의사 미표시 시 가입 간주 내용이 설명만 되어 있음
법제처 OPEN API/ftc,1223,,(주)전자관웨딩프라자의 예식계약서상 불공정약관조항에   대한 건,https://www.law.go.kr/DRF/lawService.do?OC=test&target=ftc&ID=1223&type=HTML,(문서 전체 — 조항 구분 없음),무효,명시,위험,제8조,과도한 위약금,"1223 시정권고서 2010약관1704 (2) 심사결과 : 무효 예식계약의 경우 고객의 사정으로 인해 당해 예식일을 기준으로 예식이 임박하거나 일정기간 이내에 해약될 경우에는 피심인은 이를 대체할 고객이 없게 되어 영업상의 손실을 입게 되므로 고객의 귀책사유로 인한 계약 해제 시 고객에 대해 채무불이행에 따른 손해배상책임을 물을 수 있다. 이와 관련하여 일반적인 예식계약에 있어 사업자의 예상 매출액은 장소 임대료와 피로연 식사 제공으로 인한 수입이 주가 될 것이므로 계약 해제 시 위약금의 산정은 장소 임대와 피로연 식사 제공으로 인한 기대이익을 일정부분 반영한 수준에서 책정되는 것이 적절할 것으로 판단된다. 그러나 당해 약관조항은 고객의 귀책사유로 계약이 해제될 경우 계약시점에 관계없이 계약금을 환불해 주지 않는 것은 물론이고 이에 덧붙여 지불보증인원 식대의 50%에 상당하는 금액을 위약금으로 부과하고 있다. 이는 피로연 음식재료 준비가 보통 예식일 며칠 전에 완료되는 점과 피로연 식대로 피심인이 얻을 수 있는 이익, 장소 임대료 등의 기대이익을 감안한다고 하더라도 지나치게 과도한 것으로 판단된다. 아울러 현행 소비자분쟁해결기준(예식업과 외식서비업종)과 예식장이용 표준약관(공정거래위원회 표준약관 제10030호)상의 위약금 부과규정에 비하여서도 현재 피심인의 위약금 수준은 지나치게 과도하다고 판단된다. 따라서 당해 약관조항은 약관법 제8조 소정의 고객에게 부당하게 과중한 손해배상의무를 부담시키는 조항에 해당하여 무효이다. ]]> (2) 심사결과 : 무효 예식계약의 경우 고객의 사정으로 인해 당해 예식일을 기준으로 예식이 임박하거나 일정기간 이내에 해약될 경우에는 피심인은 이를 대체할 고객이 없게 되어 영업상의 손실을 입게 되므로 고객의 귀책사유로 인한 계약 해제 시 고객에 대해 채무불이행에 따른 손해배상책임을 물을 수 있다. 이와 관련하여 일반적인 예식계약에 있어 사업자의 예상 매출액은 장소 임대료와 피로연 식사 제공으로 인한 수입이 주가 될 것이므로 계약 해제 시 위약금의 산정은 장소 임대와 피로연 식사 제공으로 인한 기대이익을 일정부분 반영한 수준에서 책정되는 것이 적절할 것으로 판단된다. 그러나 당해 약관조항은 고객의 귀책사유로 계약이 해제될 경우 계약시점에 관계없이 계약금을 환불해 주지 않는 것은 물론이고 이에 덧붙여 지불보증인원 식대의 50%에 상당하는 금액을 위약금으로 부과하고 있다. 이는 피로연 음식재료 준비가 보통 예식일 며칠 전에 완료되는 점과 피로연 식대로 피심인이 얻을 수 있는 이익, 장소 임대료 등의 기대이익을 감안한다고 하더라도 지나치게 과도한 것으로 판단된다. 아울러 현행 소비자분쟁해결기준(예식업과 외식서비업종)과 예식장이용 표준약관(공정거래위원회 표준약관 제10030호)상의 위약금 부과규정에 비하여서도 현재 피심인의 위약금 수준은 지나치게 과도하다고 판단된다. 따라서 당해 약관조항은 약관법 제8조 소정의 고객에게 부당하게 과중한 손해배상의무를 부담시키는 조항에 해당하여 무효이다. ]]> (2) 심사결과 : 무효 ",,기각,고객의 귀책사유로 계약이 해제될 경우 계약시점에 관계없이 계약금을 환불해 주지 않는 것은 물론이고 이에 덧붙여 지불보증인원 식대의 50%에 상당하는 금액을 위약금으로 부과하고 있다,보통,따옴표 없이 서술되었으나 약관 조항의 구체적 내용으로 보이는 문구를 그대로 옮김
법제처 OPEN API/ftc,9677,,(주)제너시스의 BBQ 가맹계약서 상 불공정약관조항에 대한 건,https://www.law.go.kr/DRF/lawService.do?OC=test&target=ftc&ID=9677&type=HTML,소비자와 분쟁에 대한 책임 전가 조항,무효,조문인용 추론,위험,제7조,책임 면제,"2. 소비자와 분쟁에 대한 책임 전가 조항 가. 약관조항 ※ 갑: 가맹본부(피심인), 을: 가맹점사업자 나. 검토의견 : 무효 가맹점사업자는 독립적인 사업자로서 자신이 판매한 물품에 대해 소비자와 분쟁이 생긴 경우 그 분쟁의 당사자로서 책임을 져야 할 의무가 있다. 그러나 소비와 가맹점사업자간의 분쟁 중 그 원인이 가맹본부의 귀책사유로 인한 경우도 있을 수 있다(예 : 가맹본부가 공급한 물품의 원시적 하자로 소비자에게 피해가 발생한 경우). 이러한 경우에는 귀책사유가 있는 가맹본부의 책임과 부담으로 분쟁을 해결하는 것이 형평에 맞는다. 프랜차이즈 표준약관도 가맹본부가 그의 상표를 사용하여 공급한 상품ㆍ자재의 하자로 인하여 소비자나 제3자가 입은 손해에 대하여 책임을 지도록 규정하고 있다(제24조 제4항). 그런데 위 약관조항은 소비자와의 분쟁의 원인이 무엇이든지 이를 가맹점사업자가 책임지도록 규정하고 있다. 이는 상당한 이유 없이 사업자의 손해배상범위를 제한하거나 사업자가 부담하여야 할 위험을 고객에게 이전시키는 조항으로써 약관법 제7조 제1호에 해당한다. ",,기각,,,"근거 서술에 조항 문구 인용 없음. 조항 내용이 설명만 되어 있으며, 실제 약관 문구는 '가. 약관조항' 표에 있었으나 API 응답에서 탈락함"
법제처 OPEN API/ftc,9677,,(주)제너시스의 BBQ 가맹계약서 상 불공정약관조항에 대한 건,https://www.law.go.kr/DRF/lawService.do?OC=test&target=ftc&ID=9677&type=HTML,계약 갱신시 가입비 등 증가조항,무효,조문인용 추론,위험,제6조,부당한 비용·세금 전가|선택권 제한·구입 강제|과도한 위약금,"3. 계약 갱신시 가입비 등 증가조항 가. 약관조항 ※ 갑: 가맹본부(피심인), 을: 가맹점사업자 나. 검토의견 : 무효 계약의 갱신의 경우 기존의 계약내용에 대하여 변경이 필요한 경우가 있을 수 있다. 이때 경제사정이나 가맹본부의 영업방침에 따라 가입비 및 계약이행보증금이 변경될 가능성도 있음을 물론이다. ※ 가입비 : BBQ 영업표지의 최초 사용허락의 개시 및 가맹사업 운영 노하우의 이전에 대한 1회성의 대가로서 계약체결 시 가맹점사업자가 가맹본부에게 지급하는 금원 ※ 계약이행보증금 : 계약이 종료되거나 해지된 경우에 가맹점사업자가 제23조[계약종료 후의 의무 및 조치]에서 정한 의무를 이행하지 못한 경우의 손해배상액을 담보하기 위한 것으로서, 가맹점사업자가 가맹본부에게 지급하는 금원 그런데 당해 약관조항은 계약의 갱신이 있을 때 가입비 등이 '증가’될 수 있는 가능성에 대하여만 규정하였을 뿐 '감소’될 가능성에 대하여는 전혀 상정하지 않고 있다. 이는 고객인 가맹점사업자에게 대하여 부당하게 불리한 조항으로써 약관법 제6조 제2항 제1호에 해당한다. ",,기각,,,"근거 서술에 조항 문구 인용 없음. 약관 내용이 설명만 되어 있으며, 실제 조항 문구는 '가. 약관조항' 표에 있었으나 API 응답에서 탈락함"
법제처 OPEN API/ftc,9677,,(주)제너시스의 BBQ 가맹계약서 상 불공정약관조항에 대한 건,https://www.law.go.kr/DRF/lawService.do?OC=test&target=ftc&ID=9677&type=HTML,가입비 반환금지 조항,무효,조문인용 추론,위험,제6조,부당한 비용·세금 전가|선택권 제한·구입 강제|과도한 위약금,"4. 가입비 반환금지 조항 가. 약관조항 ※ 갑: 가맹본부(피심인), 을: 가맹점사업자 나. 검토의견 : 무효 가맹사업법에 의하면 일정한 사유가 인정되면 가맹점사업자는 가맹계약 체결 전 또는 가맹계약의 체결일부터 2개월 이내에 가맹금의 반환을 요구할 수 있다(법 제10조). 그런데 위 약관조항에 의하면, 가맹본부는 가맹점이 개설되기만 하면 가맹계약의 체결일로부터 2개월 이내라 하더라도 가입비를 반환하지 않아도 된다. 이는 가맹사업법보다 더 불리하게 규정한 조항으로써 고객에게 부당하게 불리한 조항이므로 약관법 제6조 제2항 제1호에 해당한다. ",,기각,,,근거 서술에 조항 문구 인용 없음. 가맹점이 개설되기만 하면 가입비를 반환하지 않는다는 내용만 설명되어 있음
법제처 OPEN API/ftc,9677,,(주)제너시스의 BBQ 가맹계약서 상 불공정약관조항에 대한 건,https://www.law.go.kr/DRF/lawService.do?OC=test&target=ftc&ID=9677&type=HTML,광고비 산정기준 조항,무효,조문인용 추론,위험,제6조,부당한 비용·세금 전가|선택권 제한·구입 강제|과도한 위약금,"5. 광고비 산정기준 조항 가. 약관조항 ※ 갑: 가맹본부(피심인), 을: 가맹점사업자 나. 검토의견 : 무효 가맹사업에 대한 광고는 가맹본부와 가맹점사업자에게 모두 이익이 되는 것이다. 따라서 전체 광고비를 가맹본부와 가맹점사업자 사이에 합리적인 방법으로 분담하도록 정해져야 한다. 프랜차이즈 표준약관에도 광고에 소요되는 비용은 가맹본부와 가맹점사업자가 분담하도록 규정하고 있다. ※ 제18조(광 고) ③ 광고에 소요되는 비용은 가맹사업자가 ( )%, 가맹계약자측(전국규모의 광고의 경우에는 전국의 가맹계약자들, 지역단위의 광고의 경우에는 해당 지역의 가맹계약자들)이 ( )%씩 분담한다. 각 가맹계약자 간의 비용부담의 배분은 각각의 총매출액에 따른 비율에 의한다. 또한 광고비 산출근거와 가맹점사업자가 분담하는 광고비에 대해서도 가맹점사업자가 충분히 알 수 있도록 되어 있어야 할 것이다. 그런데 위 약관조항은 광고비의 산출근거 및 가맹본부와 가맹점사업자의 광고비 분담비율에 대해서는 전혀 언급이 없다. 즉, 가맹본부가 합리적인 방법으로 가맹점사업자에게 광고비를 분담하도록 하고 있다고 볼 수 없다. 그러므로 위 약관조항은 고객에게 부당하게 불리한 조항으로써 약관법 제6조 제2항 제1호에 해당한다. ※ 유사 심결례 (제2005약관0216) ",,기각,,,근거 서술에 조항 문구 인용 없음. 표준약관 제18조 예시만 제시되고 피심인의 실제 약관 조항 문구는 인용되지 않음
법제처 OPEN API/ftc,9677,,(주)제너시스의 BBQ 가맹계약서 상 불공정약관조항에 대한 건,https://www.law.go.kr/DRF/lawService.do?OC=test&target=ftc&ID=9677&type=HTML,물품대금을 현금으로만 지급 강제하는 조항,무효,조문인용 추론,위험,제6조,부당한 비용·세금 전가|선택권 제한·구입 강제|과도한 위약금,"6. 물품대금을 현금으로만 지급 강제하는 조항 가. 약관조항 ※ 갑: 가맹본부(피심인), 을: 가맹점사업자 나. 검토의견 : 무효 여신전문금융업법은 신용카드가맹점에게 신용카드로 거래한다는 이유로 물품의 판매 또는 용역의 제공 등을 거절하지 못하도록 의무를 부과하고 있다(제19조 제1항). 피심인으로부터 확인한 결과 피심인은 위법에 의한 신용카드가맹점에 해당한다. ※ 여신전문금융업법 관련 규정 가맹사업법에 따라 예치의무가 있는 가입비, 계약이행보증금 등의 경우에는 위에서 살펴본 바와 같이 현금으로 지급하여야 할 상당한 이유가 있다고 인정된다. 그러나, 예치의무가 없는 물품대금의 경우까지 반드시 현금으로 지급하여야 상당한 이유는 인정되지 아니한다. 더군다나 가맹점사업자는 신용카드가맹점으로서 소비자에게 신용카드로 대금을 지급받는 경우가 많은 데에 반해, 가맹본부에게 지급하는 물품대금은 반드시 현금으로 지급하도록 한다면 형평에 어긋난다고 판단된다. 이를 종합하여 볼 때, 당해 약관조항은 고객에게 부당하게 불리한 약관조항으로써 약관법 제6조 제2항 제1호에 해당한다. ",,기각,,,근거 서술에 조항 문구 인용 없음
법제처 OPEN API/ftc,9677,,(주)제너시스의 BBQ 가맹계약서 상 불공정약관조항에 대한 건,https://www.law.go.kr/DRF/lawService.do?OC=test&target=ftc&ID=9677&type=HTML,가맹점사업자의 양수인 가입비 지급 강제 조항,무효,조문인용 추론,위험,제6조,부당한 비용·세금 전가|선택권 제한·구입 강제|과도한 위약금,"7. 가맹점사업자의 양수인 가입비 지급 강제 조항 가. 약관조항 ※ 갑: 가맹본부(피심인), 을: 가맹점사업자 나. 검토의견 : 무효 영업의 양도란 '영업목적을 위하여 조직화된 유기적 일체로서의 기능재산의 동일성이 유지된 일괄이전’을 의미한다(대법원 1989. 12. 26. 선고 88다카10128). . 즉, 영업양수인은 영업양도인의 권리의무를 포괄적으로 승계 받게 되므로 당해 약관에서 영업양수인은 기존의 가맹점사업자와 가맹본부간의 권리의무관계를 그대로 승계 받는다. 따라서 영업양수인은 양도인과 가맹본부간의 계약기간동안에는 양도인과 동일한 권리를 갖고 가맹점사업자로서 영업을 할 수 있게 된다. 또한 위 약관에 의하면 가맹점사업자는 가맹점 영업을 양도하려면 가맹본부의 사전 서면 승인을 얻어야 한다(제29조 제1항). 그런데, 위 약관조항은 가맹점사업자의 양수인을 신규계약자로 보고 있다. 이는 영업양도의 본질적 성격에 반하고 사전 승인을 받게 하는 취지에도 부합하지 않는다. 프랜차이즈 표준약관에는 가맹점사업자의 양수인이 따로 요청을 하는 경우에만 신규계약을 체결한 것으로 규정하고 있다(제20조 제6항). 결국 위 약관조항에 의하여 가맹점사업자의 영업양도는 심히 제한될 수 있다. 따라서 가맹점의 양수인에게 가입비 등의 지급의무를 부과하고 있는 위 약관조항은 고객에게 부당하게 불리한 약관조항으로써 약관법 제6조 제2항 제1호에 해당한다. ※ 참고 ",,기각,,,근거 서술에 조항 문구 인용 없음. 가맹점사업자의 양수인에게 가입비 등의 지급의무를 부과하는 내용만 설명되어 있음
법제처 OPEN API/ftc,9677,,(주)제너시스의 BBQ 가맹계약서 상 불공정약관조항에 대한 건,https://www.law.go.kr/DRF/lawService.do?OC=test&target=ftc&ID=9677&type=HTML,즉시 발견할 수 없는 하자에 대한 가맹본부의 담보책임면제 조항,무효,조문인용 추론,위험,제6조,부당한 비용·세금 전가|선택권 제한·구입 강제|과도한 위약금,"8. 즉시 발견할 수 없는 하자에 대한 가맹본부의 담보책임면제 조항 가. 약관조항 ※ 갑: 가맹본부(피심인), 을: 가맹점사업자 나. 검토의견 : 무효 상인간 매매에서는 매수인이 매매의 목적물에 즉시 발견할 수 없는 하자가 있는 경우에 매수인이 6월내에 이를 발견하여 즉시 매도인에게 통지를 발송하면 이로 인한 계약의 해제, 대금감액 또는 손해배상을 청구할 수 있다(상법 제69조 제1항). ※ 상법 제69조 [ 매수인의 목적물의 검사와 하자통지의무] 그런데 위 약관조항들은 가맹점사업자가 12시간내에 하자를 통지한 경우와 가맹본부가 악의인 경우에만 가맹본부의 하자담보책임을 인정하고 있다. 이는 상인간의 매매에 있어서 하자담보책임을 규정하고 있는 상법규정보다 가맹점사업자에게 불리하게 규정된 조항이다. 프랜차이즈 표준약관에도 위 상법 규정과 동일한 규정을 따로 두고 있다. ※ 프랜차이즈 표준약관 제24조 그러므로 가맹본부의 하자담보책임을 좁혀 놓은 위 약관조항들은 고객에게 부당하게 불리한 약관조항으로써 약관법 제6조 제2항 제1호에 해당한다. ",,기각,,,근거 서술에 조항 문구 인용 없음. 가맹점사업자가 12시간내에 하자를 통지한 경우와 가맹본부가 악의인 경우에만 담보책임을 인정하는 내용만 설명되어 있음
법제처 OPEN API/ftc,9677,,(주)제너시스의 BBQ 가맹계약서 상 불공정약관조항에 대한 건,https://www.law.go.kr/DRF/lawService.do?OC=test&target=ftc&ID=9677&type=HTML,다른 가맹점 선동을 사유로 하는 계약 해지 조항,무효,조문인용 추론,위험,제9조,일방적 계약 해지|권리행사 제한|보증금 반환 지연,"9. 다른 가맹점 선동을 사유로 하는 계약 해지 조항 가. 약관조항 ※ 갑: 가맹본부(피심인), 을: 가맹점사업자 나. 검토의견 : 무효 위 약관조항에서 사용된 '선동’, '협박’ 등의 단어는 어떻게 해석하느냐에 따라 의미가 달라질 수 있는 추상적인 개념들이다. 따라서 위 약관조항들은 가맹본부의 부당한 행위에 대항하기 위해 가맹점사업자들이 협의회를 구성하는 것을 저지하는 수단으로 사용될 수 있다. 즉, 가맹점사업자들이 가맹본부의 부당한 영업방침이나 정책에 대하여 정당하게 이의를 제기할 수 있는 길이 봉쇄될 가능성이 있다. 더군다나 피심인은 이미 영업방침을 위반한 경우를 계약 해지 사유로 규정하고 있으므로 위의 해지 사유들을 규정할 특별한 이유가 없다. 그리고 계약의 해지는 계약관계를 종료시키는 중대한 영향을 미친다. 따라서 계약의 해지사유는 고객의 계약위반이 계약목적을 달성하기 어려운 경우로 제한되어야 한다. 위 약관조항에서 규정한 계약의 해지사유는 계약목적을 달성하기 어려운 경우로도 보기 어렵다. 그러므로, 위와 같은 계약의 해지사유를 인정하는 것은 사업자에게 법률에서 규정하고 있지 아니하는 해지권을 부여하는 조항으로써 약관법 제9조 제2호에 해당한다. ",,기각,,,"근거 서술에 조항 문구 인용 없음. '선동', '협박' 등의 단어만 언급되며 구체적인 조항 문구는 제시되지 않음"
법제처 OPEN API/ftc,9677,,(주)제너시스의 BBQ 가맹계약서 상 불공정약관조항에 대한 건,https://www.law.go.kr/DRF/lawService.do?OC=test&target=ftc&ID=9677&type=HTML,시설교체비용 부담 강제 조항,무효,조문인용 추론,위험,제6조,부당한 비용·세금 전가|선택권 제한·구입 강제|과도한 위약금,"10. 시설교체비용 부담 강제 조항 가. 약관조항 ※ 갑: 가맹본부(피심인), 을: 가맹점사업자 나. 검토의견 : 무효 가맹본부는 가맹사업의 개선을 위하여 가맹점사업자에게 시성 등의 교체를 요구할 필요가 있음은 인정된다. 프랜차이즈 표준약관에도 '가맹점사업자는 가맹사업의 개선을 위하여 필요한 때에는 점포의 실내장식, 시설, 각종의 기기를 교체ㆍ보수할 것을 요구할 수 있다.’고 규정되어 있다(제15조 제6항). 그런데 시설 등의 교체의 목적이 브랜드 가치 제고와 사업개선이라고 한다면 가맹점사업자만이 아니라 가맹본부도 이에 따라 이익을 얻게 된다. 그럼에도 무조건 가맹점사업자가 가맹본부의 기준에 맞추어 교체를 하고 그에 따른 비용도 모두 부담하는 것은 부당하다. 프랜차이즈 표준약관에도 비용분담에 관하여는 협의하여야 한다고 규정하고 있다(제15조 제6항). 이를 종합하여 볼 때, 시설 등 교체에 따른 비용을 모두 가맹점사업자가 부담하여야 하는 위 약관조항은 고객에게 부당하게 불리한 약관조항으로써 약관법 제6조 제2항 제1호에 해당한다. ",,기각,,,"근거 서술에 조항 문구 인용 없음. 시설교체비용 부담에 관한 내용만 설명되어 있으며, 표준약관 제15조 제6항만 인용됨"
법제처 OPEN API/ftc,9677,,(주)제너시스의 BBQ 가맹계약서 상 불공정약관조항에 대한 건,https://www.law.go.kr/DRF/lawService.do?OC=test&target=ftc&ID=9677&type=HTML,가맹본부 양도시 동의간주 조항,무효,조문인용 추론,위험,제12조,일방적 계약 해지,"11. 가맹본부 양도시 동의간주 조항 가. 약관조항 ※ 갑: 가맹본부(피심인), 을: 가맹점사업자 나. 검토의견 : 무효 가맹계약에서 가맹본부가 영업을 양도하는 것은 가맹점사업자가 계약을 해지할 수 있을만한 중요한 내용에 해당한다. 따라서 영업 양도가 이루어져도 계약이 해지되지 않고 유지되려면 상대방인 가맹점사업자의 사전 동의를 얻는 절차가 필요하다. 또한 당해 약관은 가맹점사업자가 영업을 양도할 경우에는 사전승인을 거치도록 하고 있으면서(제29조 제1항), 가맹본부의 양도의 경우에는 동의를 간주하는 것은 형평에 맞지 않는다. 그러므로 위 약관조항은 일정한 작위 또는 부작위가 있을 때 고객의 의사표시가 표명된 것으로 보는 약관조항으로써 약관법 제12조 제1호에 해당한다. ",,기각,,,"근거 서술에 조항 문구 인용 없음. 가맹본부 양도시 동의간주 조항의 구체적 문구가 제시되지 않았으며, 제29조 제1항(가맹점사업자의 양도 사전승인)만 언급됨"
법제처 OPEN API/ftc,9677,,(주)제너시스의 BBQ 가맹계약서 상 불공정약관조항에 대한 건,https://www.law.go.kr/DRF/lawService.do?OC=test&target=ftc&ID=9677&type=HTML,지나치게 짧은 상속 통지기한 조항,무효,조문인용 추론,위험,제6조,부당한 비용·세금 전가|선택권 제한·구입 강제|과도한 위약금,"12. 지나치게 짧은 상속 통지기한 조항 가. 약관조항 ※ 갑: 가맹본부(피심인), 을: 가맹점사업자 나. 검토의견 : 무효 상속인은 상속 개시된 때로부터 피상속인의 재산에 관한 포괄적 권리의무를 승계한다(민법 제1005조). 즉, 위 약관조항에 따른 통지가 없더라도 상속인은 피상속인이 사망한 시점부터 영업을 상속하게 되는 것이다. 다만, 가맹본부는 가맹계약에 따른 관리의무가 있으므로 상속이 발생한 사실을 알 필요성은 인정된다. 그렇다 하여도 위 약관조항에 따른 통지기한 일주일은 매우 짧아서 그 의무가 현실적으로 준수되기가 매우 어렵다. 프랜차이즈 표준약관에서는 상속개시일로부터 3개월 내에 통지하도록 규정하고 있다(제2조 제2항). 그러므로 상속인에게 상속개시일로부터 일주일내에 통지의무를 부과한 위 약관조항은 고객에게 부당하게 불리한 조항으로써 약관법 제6조 제2항 제1호에 해당한다. ",,기각,,,근거 서술에 조항 문구 인용 없음. 통지기한이 '일주일'임은 언급되나 원문 약관 조항의 정확한 문구가 제시되지 않음
법제처 OPEN API/ftc,9677,,(주)제너시스의 BBQ 가맹계약서 상 불공정약관조항에 대한 건,https://www.law.go.kr/DRF/lawService.do?OC=test&target=ftc&ID=9677&type=HTML,가맹점사업자의 상속인 계약이행보증금 부담 강제 조항,무효,조문인용 추론,위험,제6조,부당한 비용·세금 전가|선택권 제한·구입 강제|과도한 위약금,"13. 가맹점사업자의 상속인 계약이행보증금 부담 강제 조항 가. 약관조항 ※ 갑: 가맹본부(피심인), 을: 가맹점사업자 나. 검토의견 : 무효 위에서 살펴본 바와 같이 상속인은 피상속인의 재산적 권리의무를 포괄적으로 이전받는다. 따라서 피상속인이 이미 가맹본부에게 지급한 계약이행보증금은 상속인과 가맹본부와의 관계에서도 여전히 유효하다. 그럼에도 상속인에게 계약이행보증금은 다시 지급하라고 하는 것은 상속의 효과를 부인하는 것이다. 그러므로 상속인에게 계약이행보증금 지급의무를 부과하고 있는 위 약관조항은 고객에게 부당하게 불리한 조항으로써 약관법 제6조 제2항 제1호에 해당한다. ",,기각,,,근거 서술에 조항 문구 인용 없음
법제처 OPEN API/ftc,9677,,(주)제너시스의 BBQ 가맹계약서 상 불공정약관조항에 대한 건,https://www.law.go.kr/DRF/lawService.do?OC=test&target=ftc&ID=9677&type=HTML,지나치게 짧은 상속인의 교육기한 조항,무효,조문인용 추론,위험,제6조,부당한 비용·세금 전가|선택권 제한·구입 강제|과도한 위약금,"14. 지나치게 짧은 상속인의 교육기한 조항 가. 약관조항 ※ 갑: 가맹본부(피심인), 을: 가맹점사업자 나. 검토의견 : 무효 가맹점사업자의 상속인이 영업을 상속받는다고 하더라도 정상적으로 영업을 수행하기 위해서는 가맹본부의 일정한 교육을 이수할 필요가 있다. 그렇다하더라도 위 약관조항은 상속개시일로부터 1주일이내에 그 교육을 수료하도록 규정하고 있어서 그 기한이 지나치게 짧다. 그러므로 상속인이 상속개시일로부터 일주일이내에 교육을 수료하도록 한 위 약관조항은 고객에게 부당하게 불리한 조항으로써 약관법 제6조 제2항 제1호에 해당한다. ",,기각,상속개시일로부터 1주일이내에 그 교육을 수료하도록,보통,"인용 표시 없이 약관 내용이 서술되어 있으며, 문제가 된 구체적 기한이 명시된 부분을 옮김"
법제처 OPEN API/ftc,9677,,(주)제너시스의 BBQ 가맹계약서 상 불공정약관조항에 대한 건,https://www.law.go.kr/DRF/lawService.do?OC=test&target=ftc&ID=9677&type=HTML,유사한 업종에 대한 경업 금지 조항,무효,조문인용 추론,위험,제6조,부당한 비용·세금 전가|선택권 제한·구입 강제|과도한 위약금,"15. 유사한 업종에 대한 경업 금지 조항 가. 약관조항 ※ 갑: 가맹본부(피심인), 을: 가맹점사업자 나. 검토의견 : 무효 경업금지의무는 일정한 기간동안에 영업비밀, 영업양도 등을 보호하기 위한 약정으로, 이로 인한 사업자와 고객의 이익수준에 형평성이 유지되어야 한다. 위 약관조항에서 가맹점사업자에게 경업금지의무를 부과할 합리적인 사유가 있다고 하더라도 이로 인한 피심인이 얻는 이익과 가맹점사업자의 직업선택의 자유가 침해되지 아니하는 범위 내에서 이루어져야 할 것이다. 그러나 위 조항은 '동종 업종’뿐만 아니라 '유사한 업종’에 대한 경업 금지하고 잇는바, '유사한 업종’은 그 범위가 어디까지 인지 명확하지 않다. 또한 피심인의 영업비밀에 대한 보호는 동종업종에 대한 경업을 금지하는 것만으로도 충분히 가능하다. 그러므로 유사한 경쟁관계에 있는 업종까지 경업을 금지하는 위 약관조항의 밑줄친 부분은 고객에게 부당하게 불리한 조항으로써 약관법 제6조 제2항 제1호에 해당한다. ",,기각,,,"근거 서술에 조항 문구 인용 없음. '동종 업종', '유사한 업종' 등의 용어만 언급되어 있으나 조항의 정확한 문구는 제시되지 않음"
법제처 OPEN API/ftc,9677,,(주)제너시스의 BBQ 가맹계약서 상 불공정약관조항에 대한 건,https://www.law.go.kr/DRF/lawService.do?OC=test&target=ftc&ID=9677&type=HTML,계약 종료 후 2년간 경업 금지 조항,무효,조문인용 추론,위험,제6조,부당한 비용·세금 전가|선택권 제한·구입 강제|과도한 위약금,"16. 계약 종료 후 2년간 경업 금지 조항 가. 약관조항 ※ 갑: 가맹본부(피심인), 을: 가맹점사업자 나. 검토의견 : 무효 경업금지의무는 일정한 기간동안에 영업비밀, 영업양도 등을 보호하기 위한 약정으로, 이로 인한 사업자와 고객의 이익수준에 형평성이 유지되어야 한다. 위 약관조항에서 가맹점사업자에게 경업금지의무를 부과할 합리적인 사유가 있다고 하더라도 이로 인한 피심인이 얻는 이익과 가맹점사업자의 직업선택의 자유가 침해되지 아니하는 범위 내에서 이루어져야 할 것이다. 그러나 계약이 종료한 후에까지 가맹점사업자의 동종 또는 유사한 업종에 대한 경업을 금지하는 것은 가맹점사업자의 직업선택의 자유를 지나치게 침해하는 것이다. 또한 본 가맹계약의 경우 가맹계약자가 가맹계약으로 인하여 어떤 특수한 영업상의 비밀이나 기술상의 핵심기술 등을 습득하였다고 보기는 어렵다. 오히려 경업금지가 가맹점사업자의 영업이익의 독점을 위한 것으로 볼 여지가 많다. 그러므로 계약 종료 후까지 겸업을 금지하는 위 약관조항의 밑줄친 부분은 고객에게 부당하게 불리한 조항으로써 약관법 제6조 제2항 제1호에 해당한다. ",,기각,,,근거 서술에 조항 문구 인용 없음. 표 형식의 약관조항이 탈락하여 원문을 확인할 수 없음
법제처 OPEN API/ftc,9677,,(주)제너시스의 BBQ 가맹계약서 상 불공정약관조항에 대한 건,https://www.law.go.kr/DRF/lawService.do?OC=test&target=ftc&ID=9677&type=HTML,전화번호 소유권 귀속 의제 조항,무효,조문인용 추론,위험,제6조,부당한 비용·세금 전가|선택권 제한·구입 강제|과도한 위약금,"17. 전화번호 소유권 귀속 의제 조항 가. 약관조항 ※ 갑: 가맹본부(피심인), 을: 가맹점사업자 나. 검토의견 : 무효 전화번호는 일반적으로 소유권의 대상이 아니라 전화사용계약기간동안 전화번호 명의자에게 그 번호를 사용할 수 있는 권한이 주어지는 것이다. 따라서 위 약관 조항상 전화번호의 소유권이란 '전화번호의 이용권’을 의미하는 것으로 판단된다. 시내전화 이용약관에 의하면 전화의 이용권의 승계를 일정한 요건에 따라 인정하고 있다. ※ (주)케이티 시내전화이용약관 가맹점사업자는 독립적인 사업자로서 영업을 하기 위해 가맹본부의 대표전화 외에 점포에서 사용할 전화번호를 개설하고 사용료를 지급한다. 가맹점사업자는 자신의 점포의 영업력을 높이기 위해 개설한 전화번호를 홍보하는 등의 노력을 한다. 이에 따라 영업지역 내의 소비자들은 가맹본부의 대표전화를 사용하기 보다는 가맹점사업자의 전화번호를 사용하여 주문을 하게 된다. 따라서 가맹점사업자에 의해 오랜 기간 사용된 전화번호의 사용권을 갖는 자는 영업망 확보라는 사실상의 이익을 얻게 되는 것이다. 그러한 전화번호 사용권을 가맹본부에게 귀속시키는 규정은 가맹점사업자의 독립적인 사업자로서의 지위를 부정하는 것일뿐만 아니라 가맹점사업자의 노력으로 얻게 된 이익을 반대급부 없이 가맹본부에 귀속시키도록 하는 것이어서 부당하다. 그러므로 가맹본부에게 전화번호의 소유권을 귀속시키는 위 약관조항은 고객에게 부당하게 불리한 약관조항으로써 약관법 제6조 제2항 제1호에 해당한다. 18. 제3자의 영업비밀 준수의무위반책임을 가맹점사업자에게 전가 하는 조항 가. 약관조항 ※ 갑: 가맹본부(피심인), 을: 가맹점사업자 나. 검토의견 : 무효 고의 또는 과실에 의한 영업비밀 침해행위로 영업비밀보유자의 영업상 이익을 침해하여 손해를 입힌 자는 그 손해를 배상할 책임이 있다(부정경쟁방지 및 영업비밀보호에 관한 법률 제11조). 따라서 가맹점사업자 뿐만 아니라 그의 가족, 직원, 기타 관계자들도 가맹본부의 영업비밀을 침해하면 당연히 위 법률에 따라 그 손해를 배상하여야 한다. 그런데 위 약관조항은 가맹점사업자의 가족, 직원, 기타 관계자들이 영업비밀을 침해하면 가맹점사업자가 직접 그 책임을 지도록 규정하고 있다. 그러나 가맹점사업자는 그가 그의 가족, 직원, 기타 관계자들의 사용인인 경우에 한하여 그들에 대한 감독의무를 질뿐이지 그들의 행위 전부에 대하여 무조건 책임을 질 의무는 없다(민법 제756조). 즉, 가맹점사업자는 그의 가족, 지원, 기타 관계자들의 사용인으로서의 관리감독의무를 다하지 않은 경우에만 그에 대한 책임을 질뿐이다. 그러므로 위 약관조항은 고객에게 부당하게 불리한 조항으로써 약관법 제6조 제2항 제1호에 해당한다. ",,기각,,,근거 서술에 조항 문구 인용 없음. 전화번호 소유권 귀속에 관한 내용만 설명되어 있음
법제처 OPEN API/ftc,9677,,(주)제너시스의 BBQ 가맹계약서 상 불공정약관조항에 대한 건,https://www.law.go.kr/DRF/lawService.do?OC=test&target=ftc&ID=9677&type=HTML,재판관할 조항,무효,조문인용 추론,위험,"제6조,제14조",부당한 비용·세금 전가|선택권 제한·구입 강제|과도한 위약금|권리행사 제한,"19. 재판관할 조항 가. 약관조항 ※ 갑: 가맹본부(피심인), 을: 가맹점사업자 나. 검토의견 : 무효 원칙적으로 계약 당사자는 분쟁발생을 예상하여 재판관할을 특약(개별약정)으로 정할 수 있다. 그러나 사업자와 고객간의 거래에 이용되는 약관에서 서울중앙지방법원을 관할법원으로 정하는 것은 민사소송법상의 관할법원 규정보다 고객에게 불리한 관할법원을 규정하는 것이다. 즉, 특정 법원을 관할 법원으로 정하게 되면 피심인에게는 유리할지언정 원거리에 사는 경제적 약자인 고객에게는 제소 및 응소에 큰 불편을 초래할 우려가 있다. 그러므로 서울중앙지방법원을 관할법원으로 정한 위 약관조항은 고객에 대하여 불리한 재판관할 합의조항으로 약관법 제14조에 해당한다. ]]> ※ 갑: 가맹본부(피심인), 을: 가맹점사업자 나. 검토의견 : 무효 위 약관조항상의 로열티, 광고비, 판촉비, 교육비는 가맹사업법상의 '가맹금’에 해당한다. 가맹사업법에서는 가맹본부에게 귀책사유가 있는 일정한 경우에 가맹점사업자에게 가맹금을 반환하도록 규정하고 있다(법 제10조 참조). ※ 가맹사업법 제10조 [가맹금 반환의 요구] 법 제10조 제1항에 따라 가맹금의 반환을 요구하고자 하는 가맹점사업자 또는 가 맹희망자는 다음 각 호의 사항이 기재된 서면으로 요구하는 날부터 1개월 이내에 가맹금을 반환하여야 한다. 3. 가맹본부가 제9조 제1항을 위반한 경우로서 허위 또는 과장된 정보나 중요사 항의 누락된 내용이 계약 체결에 중대한 영향을 준 것으로 인정되어 가맹점사 업자가 가맹계약의 체결일부터 2개월 이내에 가맹금의 반환을 요구하는 경우 그럼에도 어떠한 경우에도 가맹금이 반환되지 않는다고 규정한 위 약관조항 밑줄 친 부분은 고객에 대하여 부당하게 불리한 조항으로써 약관법 제6조 제2항 제1호에 해당한다. ",,기각,서울중앙지방법원을 관할법원으로 정한,보통,"재판관할 조항의 구체적 문구는 인용 표시 없이 서술되어 있으며, 공정위의 판단 근거에서 '서울중앙지방법원을 관할법원으로 정한 위 약관조항'이라고 표현된 부분을 그대로 옮김"
법제처 OPEN API/ftc,9677,,(주)제너시스의 BBQ 가맹계약서 상 불공정약관조항에 대한 건,https://www.law.go.kr/DRF/lawService.do?OC=test&target=ftc&ID=9677&type=HTML,재판관할 조항,무효,조문인용 추론,위험,제14조,권리행사 제한,"19. 재판관할 조항 가. 약관조항 ※ 갑: 가맹본부(피심인), 을: 가맹점사업자 나. 검토의견 : 무효 원칙적으로 계약 당사자는 분쟁발생을 예상하여 재판관할을 특약(개별약정)으로 정할 수 있다. 그러나 사업자와 고객간의 거래에 이용되는 약관에서 서울중앙지방법원을 관할법원으로 정하는 것은 민사소송법상의 관할법원 규정보다 고객에게 불리한 관할법원을 규정하는 것이다. 즉, 특정 법원을 관할 법원으로 정하게 되면 피심인에게는 유리할지언정 원거리에 사는 경제적 약자인 고객에게는 제소 및 응소에 큰 불편을 초래할 우려가 있다. 그러므로 서울중앙지방법원을 관할법원으로 정한 위 약관조항은 고객에 대하여 불리한 재판관할 합의조항으로 약관법 제14조에 해당한다. ]]>",,기각,,,근거 서술에 조항 문구 인용 없음. 서울중앙지방법원을 관할법원으로 정한 내용만 설명되어 있음
법제처 OPEN API/ftc,9383,,(주)제이케이파트너즈의 대리점계약서상 불공정 약관조항에 대한 건,https://www.law.go.kr/DRF/lawService.do?OC=test&target=ftc&ID=9383&type=HTML,사업활동제한조항,무효,조문인용 추론,위험,"제6조,제9조",부당한 비용·세금 전가|선택권 제한·구입 강제|과도한 위약금|일방적 계약 해지|권리행사 제한|보증금 반환 지연,"2. 사업활동제한조항 가. 검토의견 : 무효 □ 사업자는 대리점 사업의 목적달성에 필요한 권한범위 내에서 대리점주와 그 고용인에 대해 교육ㆍ훈련을 실시하거나 경영지도 등의 영업활동을 할 수 있으나 ㅇ 사업자가 정당한 이유없이 자신의 영업활동범위를 벗어나 대리점 고유의 영업활동범위에 직접 관여하는 것은 부당하다 할 것임. ㅇ 위 약관조항은 대리점이 영업사원(고용인)을 채용할 때에 사업자와 사전에 협의하도록 규정한 것은 대리점의 독자적인 영업활동을 지나치게 제한하는 것이므로 고객에 대하여 부당하게 불리한 조항으로 약관법 제6조 제2항 제1호에 해당 ]]> 가. 검토의견 : 무효 [수정 전 약관 제11조 제4항] □ 통상 대리점 계약의 경우 존속기간이 있는 계속적 거래관계에서 당사자 사이에 기초적 신뢰관계의 파괴, 부득이한 사유발생, 채무불이행 등 특별한 사정의 발생 유무에 따라 일방 당사자가 계약을 해제ㆍ해지할 수 있다고 할 것이고, ㅇ 계약의 해제ㆍ해지는 당사자간의 이해관계에 중대한 영향을 미치는 사항이므로 비록 계약당사자의 책임있는 사유로 계약을 해지하더라도 상당한 기간을 정하여 그 이행을 최고하고 그 기간내 이행하지 아니한 때 비로소 계약을 해지할 수 있을 것임 ㅇ 또한 경미한 계약위반 등으로 계약의 존속이 무의미할 정도가 아니면 계약의 해제ㆍ해지는 엄격히 제한된다 할 것이며, 그 해지의 사유도 구체적으로 열거하고 그 내용도 객관적이고 명백ㆍ타당한 사유로서 계약관계의 종료에 적합해야 할 것임 □ 수정 전 약관 제11조는 계약목적을 달성할 수 없는 정도의 이행불능이거나 계약을 계속하여 존속하기 어려운 정도의 중대하고 명백한 계약위반 사유가 아니면 상당한 기간을 정하여 이행을 최고하고 그 기간내 불이행할 때 계약을 해지할 수 있음에도 이행최고의 절차없이 서면통보 후 언제든지 계약해지권을 행사할 수 있도록 정한 약관조항이며 □ 수정 전 약관 제11조 제4항은 대리점의 판매실적 부진에 대한 구체적이고 객관적인 기준없이 '현저하게’ 와 같이 계약위반의 정도가 추상적이고 불분명하여 사업자가 자의적인 판단에 따라 일방적인 계약해지권을 행사할 우려가 있음 ㅇ 비록 판매실적의 현저한 부진사유 이외 '더 이상 정상적인 운영이 어려울 때’라는 추가 해지사유가 있어 사업자의 주관적인 판단이 아닌 객관적인 사정에 비추어 판단할 것으로 해석되어 일응 타당한 측면이 있으나, - 사업자가 상대적으로 우월한 지위 또는 적어도 대리점과 거래활동에 상당한 영향을 미칠수 있는 거래상 지위가 있고(대법원 2006.6.29 선고, 2003두1646) - 대리점은 사업자가 독점 수입한 고유브랜드 공급물품에 의존할 수 밖에 없어 사업자가 거래상 지위를 이용하여 계약해지로 공급이 중단될 경우 공급대체선이 없어 영업을 중단해야 하는 점 - 대리점의 책임없는 사유로 계약이 일방적으로 해지될 경우 대리점은 시설비, 임대료 등 투자자본 회수의 장기화로 회복할 수 없는 손실을 감수해야 하는 점 - 이 건 대리점 계약이 해지된 사실관계를 감안할 때, 대리점을 위한 조항이 아니라 사업자 자신",,기각,,,"근거 서술에 조항 문구 인용 없음. 판단 근거는 약관 제11조 제4항의 내용을 설명하고 있으나, 실제 조항 문구가 따옴표나 인용 표시 없이 기술되어 있음"
법제처 OPEN API/ftc,9383,,(주)제이케이파트너즈의 대리점계약서상 불공정 약관조항에 대한 건,https://www.law.go.kr/DRF/lawService.do?OC=test&target=ftc&ID=9383&type=HTML,사업활동제한조항,무효,조문인용 추론,위험,제6조,부당한 비용·세금 전가|선택권 제한·구입 강제|과도한 위약금,2. 사업활동제한조항 가. 검토의견 : 무효 □ 사업자는 대리점 사업의 목적달성에 필요한 권한범위 내에서 대리점주와 그 고용인에 대해 교육ㆍ훈련을 실시하거나 경영지도 등의 영업활동을 할 수 있으나 ㅇ 사업자가 정당한 이유없이 자신의 영업활동범위를 벗어나 대리점 고유의 영업활동범위에 직접 관여하는 것은 부당하다 할 것임. ㅇ 위 약관조항은 대리점이 영업사원(고용인)을 채용할 때에 사업자와 사전에 협의하도록 규정한 것은 대리점의 독자적인 영업활동을 지나치게 제한하는 것이므로 고객에 대하여 부당하게 불리한 조항으로 약관법 제6조 제2항 제1호에 해당 ]]>,,기각,,,근거 서술에 조항 문구 인용 없음. 대리점이 영업사원(고용인)을 채용할 때에 사업자와 사전에 협의하도록 규정한 내용이 설명되어 있으나 원문 인용 없음
법제처 OPEN API/ftc,9933,,(주)천도관광의 국외여행계약서상 불공정약관조항에 대한 건,https://www.law.go.kr/DRF/lawService.do?OC=test&target=ftc&ID=9933&type=HTML,(문서 전체 — 조항 구분 없음),무효,명시,위험,제8조,과도한 위약금,"9933 시정권고서 2009약관0331 나. 심사의견 : 무효 위 약관조항 중 위약금의 성격은 고객의 귀책사유로 인해 여행계약이 해지되는 경우 리조트 취소에 소요되는 비용을 공제하기 위한 것으로 판단되므로 위약벌이 아닌 손해배상예정으로 추정된다. 손해배상예정액이 부당하게 과중한지 여부는 손해배상예정의 동기, 실제손해액과 예정액의 대비, 거래관행 등을 종합적으로 고려하여 판단하여야 한다. 이 사건의 경우 고객의 계약취소로 인해 피청구인은 해외 리조트에 일정 부분의 취소수수료를 지불하여야 할 것이므로 이에 상응하는 금액을 위약금으로 산정하는 것은 타당하다 할 것이다. 하지만 피청구인이 제출한 자료에서도 언급했듯이 리조트별로 취소수수료가 모두 상이하며 100%의 취소수수료를 부과하는 경우는 일부에 한정되는 것으로 판단된다. 따라서 리조트 특약에서 일괄적으로 100%의 위약금을 부과하는 것은 피청구인에게 발생되는 실손해에 비해 과도하게 배상액을 예정한 것으로 판단되므로 약관법 제8조에 해당하는 것으로 판단된다. ]]> 나. 심사의견 : 무효 위 약관조항 중 위약금의 성격은 고객의 귀책사유로 인해 여행계약이 해지되는 경우 리조트 취소에 소요되는 비용을 공제하기 위한 것으로 판단되므로 위약벌이 아닌 손해배상예정으로 추정된다. 손해배상예정액이 부당하게 과중한지 여부는 손해배상예정의 동기, 실제손해액과 예정액의 대비, 거래관행 등을 종합적으로 고려하여 판단하여야 한다. 이 사건의 경우 고객의 계약취소로 인해 피청구인은 해외 리조트에 일정 부분의 취소수수료를 지불하여야 할 것이므로 이에 상응하는 금액을 위약금으로 산정하는 것은 타당하다 할 것이다. 하지만 피청구인이 제출한 자료에서도 언급했듯이 리조트별로 취소수수료가 모두 상이하며 100%의 취소수수료를 부과하는 경우는 일부에 한정되는 것으로 판단된다. 따라서 리조트 특약에서 일괄적으로 100%의 위약금을 부과하는 것은 피청구인에게 발생되는 실손해에 비해 과도하게 배상액을 예정한 것으로 판단되므로 약관법 제8조에 해당하는 것으로 판단된다. ]]> 나. 심사의견 : 무효 위 약관조항 중 위약금의 성격은 고객의 귀책사유로 인해 여행계약이 해지되는 경우 리조트 취소에 소요되는 비용을 공제하기 위한 것으로 판단되므로 위약벌이 아닌 손해배상예정으로 추정된다. 손해배상예정액이 부당하게 과중한지 여부는 손해배상예정의 동기, 실제손해액과 예정액의 대비, 거래관행 등을 종합적으로 고려하여 판단하여야 한다. 이 사건의 경우 고객의 계약취소로 인해 피청구인은 해외 리조트에 일정 부분의 취소수수료를 지불하여야 할 것이므로 이에 상응하는 금액을 위약금으로 산정하는 것은 타당하다 할 것이다. 하지만 피청구인이 제출한 자료에서도 언급했듯이 리조트별로 취소수수료가 모두 상이하며 100%의 취소수수료를 부과하는 경우는 일부에 한정되는 것으로 판단된다. 따라서 리조트 특약에서 일괄적으로 100%의 위약금을 부과하는 것은 피청구인에게 발생되는 실손해에 비해 과도하게 배상액을 예정한 것으로 판단되므로 약관법 제8조에 해당하는 것으로 판단된",,기각,,,"근거 서술에 조항 문구 인용 없음. 문제 조항은 '리조트 특약에서 일괄적으로 100%의 위약금을 부과'하는 내용으로 추정되나, 원문 인용이 없어 정확한 문구를 특정할 수 없음"
법제처 OPEN API/ftc,8529,,(주)캐슬렉스제주의 골프클럽회칙상 불공정약관조항에 대한 건,https://www.law.go.kr/DRF/lawService.do?OC=test&target=ftc&ID=8529&type=HTML,(문서 전체 — 조항 구분 없음),무효,명시,위험,제9조,일방적 계약 해지|권리행사 제한|보증금 반환 지연,"8529 시정권고서 2010약관0019 2. 심사결과 : 무효 계약이 해제ㆍ해지 또는 종료되면 쌍방당사자는 계약의 존속을 전제로 하여 상대방으로부터 받은 급부가 있는 경우에는 이를 원상회복함으로써 계약관계를 청산하여야 하며, 그 원상회복은 계약의 종료 시나 종료 시로부터 가능한 신속히 이루어지는 것이 바람직하다 할 것이다. 또한, 체육시설법 시행령 제19조 제3호는 “회원자격의 존속기한을 정한 회원이 회원자격의 존속기한이 끝나 입회금의 반환을 요구하는 경우에는 요구한 날부터 10일 이내에 반환하여야 한다. 다만, 입회금의 반환여부 등에 관한 약정이 있는 경우에는 그 약정에 따른다.” 고 규정하고 있다. 피심인은 체육시설법에 의한 체육시설업자로 회원자격의 존속기한(5년)이 확정되어 있고 입회금의 반환여부에 대하여 해당 계약서 제6조에서 규정하고 있으나, “입회금을 반환한다.”라고만 규정하였지 그 반환시기에 대하여는 구체적으로 규정하고 있지 않다. 따라서, 피심인은 회원자격의 존속기간이 확정되어 있는 입회금에 대하여 그 반환시기를 약정하였다고 볼 수 없으므로 체육시설법 시행령 제19조 의해 요구일로부터 10일 이내 입회금을 반환하여야 할 것이다. 또한 반환시기를 약정할 경우에도 원상회복의무의 특성상 필요한 최소한의 기한으로 정하여야 할 것이다. 또한, 해당 계약서 제6조 단서에서 불가항력의 사례가 발생할 경우 피심인은 이사회의 의결로 거치기간을 연장할 수 있다고 하였으나 그 규정내용이 포괄적이고 불분명하여 피심인의 자의적이고 일방적인 판단에 의해서도 입회금을 장기간 반환하지 않을 수 있게 되므로 동 약관은 계약의 해제 또는 해지로 인한 사업자의 원상회복의무나 손해배상의무를 부당하게 경감하는 조항으로 약관법 제9조 제4호에 해당되어 무효이다. ]]> 2. 심사결과 : 무효 계약이 해제ㆍ해지 또는 종료되면 쌍방당사자는 계약의 존속을 전제로 하여 상대방으로부터 받은 급부가 있는 경우에는 이를 원상회복함으로써 계약관계를 청산하여야 하며, 그 원상회복은 계약의 종료 시나 종료 시로부터 가능한 신속히 이루어지는 것이 바람직하다 할 것이다. 또한, 체육시설법 시행령 제19조 제3호는 “회원자격의 존속기한을 정한 회원이 회원자격의 존속기한이 끝나 입회금의 반환을 요구하는 경우에는 요구한 날부터 10일 이내에 반환하여야 한다. 다만, 입회금의 반환여부 등에 관한 약정이 있는 경우에는 그 약정에 따른다.” 고 규정하고 있다. 피심인은 체육시설법에 의한 체육시설업자로 회원자격의 존속기한(5년)이 확정되어 있고 입회금의 반환여부에 대하여 해당 계약서 제6조에서 규정하고 있으나, “입회금을 반환한다.”라고만 규정하였지 그 반환시기에 대하여는 구체적으로 규정하고 있지 않다. 따라서, 피심인은 회원자격의 존속기간이 확정되어 있는 입회금에 대하여 그 반환시기를 약정하였다고 볼 수 없으므로 체육시설법 시행령 제19조 의해 요구일로부터 10일 이내 입회금을 반환하여야 할 것이다. 또한 반환시기를 약정할 경우에도 원상회복의무의 특성상 필요한 최소한의 기한으로 정하여야 할 것",,기각,,,폐기: 제시한 문구가 근거 서술에 없음 (창작 의심)
법제처 OPEN API/ftc,10201,,(주)태영전자의 대리점계약서상 불공정약관조항에 대한 건,https://www.law.go.kr/DRF/lawService.do?OC=test&target=ftc&ID=10201&type=HTML,(문서 전체 — 조항 구분 없음),무효,명시,위험,,,"10201 시정권고서 2008약관3221 (2) 심사결과 : 무효 가맹금은 가맹점사업자가 영업표지의 사용과 영업활동 등에 대한 교육의 대가로 가맹본부에게 지급하는 것인데, 계약체결 후 피심인의 귀책사유로 인하여 계약이 해지되는 경우 등에는 지급받은 가맹비의 전부 또는 일부를 반환하여야 할 것이다. 해당 약관조항은 계약해지의 원인, 영업활동의 개시여부 및 계약해지의 시점 등을 고려함이 없이 계약해지시 어떤 경우에도 가맹비를 일체 반환하지 아니하도록 하고 있다. 따라서 이는 계약의 해지로 인한 사업자의 원상회복의무나 손해배상의무를 부당하게 경감하는 조항에 해당한다. ]]> (2) 심사결과 : 무효 가맹금은 가맹점사업자가 영업표지의 사용과 영업활동 등에 대한 교육의 대가로 가맹본부에게 지급하는 것인데, 계약체결 후 피심인의 귀책사유로 인하여 계약이 해지되는 경우 등에는 지급받은 가맹비의 전부 또는 일부를 반환하여야 할 것이다. 해당 약관조항은 계약해지의 원인, 영업활동의 개시여부 및 계약해지의 시점 등을 고려함이 없이 계약해지시 어떤 경우에도 가맹비를 일체 반환하지 아니하도록 하고 있다. 따라서 이는 계약의 해지로 인한 사업자의 원상회복의무나 손해배상의무를 부당하게 경감하는 조항에 해당한다. ]]> (2) 심사결과 : 무효 가맹금은 가맹점사업자가 영업표지의 사용과 영업활동 등에 대한 교육의 대가로 가맹본부에게 지급하는 것인데, 계약체결 후 피심인의 귀책사유로 인하여 계약이 해지되는 경우 등에는 지급받은 가맹비의 전부 또는 일부를 반환하여야 할 것이다. 해당 약관조항은 계약해지의 원인, 영업활동의 개시여부 및 계약해지의 시점 등을 고려함이 없이 계약해지시 어떤 경우에도 가맹비를 일체 반환하지 아니하도록 하고 있다. 따라서 이는 계약의 해지로 인한 사업자의 원상회복의무나 손해배상의무를 부당하게 경감하는 조항에 해당한다. ]]> (2) 심사결과 : 무효 가맹금은 가맹점사업자가 영업표지의 사용과 영업활동 등에 대한 교육의 대가로 가맹본부에게 지급하는 것인데, 계약체결 후 피심인의 귀책사유로 인하여 계약이 해지되는 경우 등에는 지급받은 가맹비의 전부 또는 일부를 반환하여야 할 것이다. 해당 약관조항은 계약해지의 원인, 영업활동의 개시여부 및 계약해지의 시점 등을 고려함이 없이 계약해지시 어떤 경우에도 가맹비를 일체 반환하지 아니하도록 하고 있다. 따라서 이는 계약의 해지로 인한 사업자의 원상회복의무나 손해배상의무를 부당하게 경감하는 조항에 해당한다. ]]> (2) 심사결과 : 무효 가맹금은 가맹점사업자가 영업표지의 사용과 영업활동 등에 대한 교육의 대가로 가맹본부에게 지급하는 것인데, 계약체결 후 피심인의 귀책사유로 인하여 계약이 해지되는 경우 등에는 지급받은 가맹비의 전부 또는 일부를 반환하여야 할 것이다. 해당 약관조항은 계약해지의 원인, 영업활동의 개시여부 및 계약해지의 시점 등을 고려함이 없이 계약해지시 어떤 경우에도 가맹비를 일체 반환하지 아니하도록 하고 있다. 따라서 이는 계약의 해지로 인한 사업자의 원상회복의무나 손해배상의무를 부당하게 경",,기각,계약해지시 어떤 경우에도 가맹비를 일체 반환하지 아니하도록 하고 있다,보통,"따옴표 없이 서술되었으나, 공정위의 판단 대상이 된 조항의 핵심 내용으로 보임"
법제처 OPEN API/ftc,949,,(주)태원의 상거래계약서상 불공정약관조항에 대한 건,https://www.law.go.kr/DRF/lawService.do?OC=test&target=ftc&ID=949&type=HTML,계약위반 등의 경우 사전통보 없이 계약을 해지할 수 있도록 한 조항,무효,명시,위험,"제6조,제9조",부당한 비용·세금 전가|선택권 제한·구입 강제|과도한 위약금|일방적 계약 해지|권리행사 제한|보증금 반환 지연,"2. 계약위반 등의 경우 사전통보 없이 계약을 해지할 수 있도록 한 조항 가. 약관조항 나. 심사의견 : 무효 약관법 제9조 제3호는 계약의 해제ㆍ해지에 관하여 정하고 있는 약관의 내용 중 법률에 따른 사업자의 해제권 또는 해지권의 행사요건을 완화하여 고객에게 부당하게 불이익을 줄 우려가 있는 조항은 무효로 한다고 규정하고 있다. 또한, 민법 제544조(이행지체와 해제)는 당사자 일방이 그 채무를 이행하지 아니하는 때에는 상대방은 상당한 기간을 정하여 그 이행을 최고하고 그 기간내에 이행하지 아니한 때에는 계약을 해제할 수 있다고 규정하고 있으므로, 비록 상대방의 계약위반이 있더라도 계약의 존속을 무의미하게 할 정도가 아니면 상당한 기간을 정하여 그 이행을 최고하고 그 기간 내 이행하지 아니한 때 비로소 계약을 해지할 수 있을 것이다. 그런데 위 약관조항 제9조는 거래상대방이 관련 법령이나 계약을 위반하는 경우 등 계약을 해지할 수 있는 사유를 열거하고, 그 사유에 해당하는 경우 사전 통보없이 거래중지 및 계약해지를 할 수 있도록 하여 고객이 계약사항을 위반하는 경우 그 위반에 대한 사실여부 확인이나 시정 등을 위한 절차나 계약이행을 위한 최고기간 등을 두지 않고 계약을 해지할 수 있도록 규정하고 있으므로 법률의 규정에 의한 해지권 행사요건을 완화하여 고객에게 부당하게 불이익을 줄 우려가 있는 약관조항으로서 약관법 제9조 제3호에 해당하여 무효이다. ]]> 나. 심사의견 : 무효 보증금에는 급부목적의 보증금, 권리금 성격의 보증금, 변제담보 수단의 보증금 등이 있으며, 이 건 거래보증금은 중도매인들이 도매시장 시설 사용에 따른 공과금(전기료, 수도료, 쓰레기처리비, 폐수처리비, 공공사용 시설유지비등) 납부를 지연하였을 경우 또는 거래대금 미수금 정리 등 중도매인과의 거래에서 발생하는 채무이행을 보증하기 위한 변제담보 수단의 성격을 지니고 있다. 변제담보 수단으로 예치하게 되는 보증금은 그 성격상 일정한 채무의 불이행 등이 있을 경우에 채무의 변제를 위한 수단으로 지급되는 금전이며, 보증금에서 발생되는 이자를 급부로 하는 것은 아니다. 따라서 이 건 약관의 거래보증금은 피심인이 『안양시 농수산물도매시장 운영관리 조례』 제30조 제1항에 의거 금융기관에 예치하여 관리하여야 하므로 이자 발생이 예상되고, 계약의 해제ㆍ해지 또는 계약기간의 만료 등에 따라 보증금을 반환할 때에는 미수금 정리 후 원금과 함께 이자도 반환하여야 할 것이다. 민법 제548조(해제의 효과, 원상회복의무) 제2항에서도 계약이 해제된 경우에 반환할 금전에는 이자를 가하도록 규정하고 있고, 경쟁계약에 있어서 예정가격에 비하여 현저히 저가로 입찰한 낙찰자가 납부한 차액보증금에 대하여 계약이행 후 이를 환급하게 되는 경우에는 소정의 이자를 가산하여 지급하는 것이 타당하다는 대법원 판례(대법원 1998.4.28., 선고97다51223 판결)등에 비추어 볼 때, 이 이자는 원칙적으로 납입자인 중도매인에게 귀속된다고 보는 것이 타당하다. ※ 안양시농수산물도매시장운영관리조례 제30조(",,기각,"거래상대방이 관련 법령이나 계약을 위반하는 경우 등 계약을 해지할 수 있는 사유를 열거하고, 그 사유에 해당하는 경우 사전 통보없이 거래중지 및 계약해지를 할 수 있도록",보통,"심사의견에서 약관조항 제9조의 내용을 설명하는 부분에서 문구를 추출했으나, 원본 약관 표가 없어 정확한 원문 확인 불가"
법제처 OPEN API/ftc,949,,(주)태원의 상거래계약서상 불공정약관조항에 대한 건,https://www.law.go.kr/DRF/lawService.do?OC=test&target=ftc&ID=949&type=HTML,계약위반 등의 경우 사전통보 없이 계약을 해지할 수 있도록 한 조항,무효,명시,위험,제9조,일방적 계약 해지|권리행사 제한|보증금 반환 지연,"2. 계약위반 등의 경우 사전통보 없이 계약을 해지할 수 있도록 한 조항 가. 약관조항 나. 심사의견 : 무효 약관법 제9조 제3호는 계약의 해제ㆍ해지에 관하여 정하고 있는 약관의 내용 중 법률에 따른 사업자의 해제권 또는 해지권의 행사요건을 완화하여 고객에게 부당하게 불이익을 줄 우려가 있는 조항은 무효로 한다고 규정하고 있다. 또한, 민법 제544조(이행지체와 해제)는 당사자 일방이 그 채무를 이행하지 아니하는 때에는 상대방은 상당한 기간을 정하여 그 이행을 최고하고 그 기간내에 이행하지 아니한 때에는 계약을 해제할 수 있다고 규정하고 있으므로, 비록 상대방의 계약위반이 있더라도 계약의 존속을 무의미하게 할 정도가 아니면 상당한 기간을 정하여 그 이행을 최고하고 그 기간 내 이행하지 아니한 때 비로소 계약을 해지할 수 있을 것이다. 그런데 위 약관조항 제9조는 거래상대방이 관련 법령이나 계약을 위반하는 경우 등 계약을 해지할 수 있는 사유를 열거하고, 그 사유에 해당하는 경우 사전 통보없이 거래중지 및 계약해지를 할 수 있도록 하여 고객이 계약사항을 위반하는 경우 그 위반에 대한 사실여부 확인이나 시정 등을 위한 절차나 계약이행을 위한 최고기간 등을 두지 않고 계약을 해지할 수 있도록 규정하고 있으므로 법률의 규정에 의한 해지권 행사요건을 완화하여 고객에게 부당하게 불이익을 줄 우려가 있는 약관조항으로서 약관법 제9조 제3호에 해당하여 무효이다. ]]>",,기각,"거래상대방이 관련 법령이나 계약을 위반하는 경우 등 계약을 해지할 수 있는 사유를 열거하고, 그 사유에 해당하는 경우 사전 통보없이 거래중지 및 계약해지를 할 수 있도록 하여",보통,"심사의견 서술에서 약관조항 제9조의 내용을 설명하는 부분에서 문구를 추출했으나, 원본 표의 정확한 조항 문구와의 일치 여부는 원문 대조 필요"
법제처 OPEN API/ftc,1177,,(주)티디엠하우징의 상가분양계약서상 불공정약관조항에 대한 건,https://www.law.go.kr/DRF/lawService.do?OC=test&target=ftc&ID=1177&type=HTML,과다한 위약금 조항,무효,조문인용 추론,위험,"제8조,제10조",과도한 위약금|일방적 급부·조건 변경,"2. 과다한 위약금 조항 가. 약관조항 나. 검토의견 : 무효 부동산거래분야에서 계약해제에 따른 위약금은 거래대금의 10% 정도가 통상적인 거래관행이며 판례의 취지이다. 따라서 고객의 사유로 인한 계약해제 시 위약금을 임대분양대금의 20%에 해당하는 계약금을 위약금으로 하는 것은 고객에게 과중한 손해배상의무를 부담시키는 조항으로서 약관법 제8조에 해당된다. ]]> 나. 검토의견 : 무효 상가분양계약에서 잔금납부와 분양목적물 인도는 동시이행관계에 있으며, 통산 사전분양의 경우에는 계약시 입점예정일을 지정하여 그 기간이 초과되는 경우 사업자가 지체상금을 지급하는 것이 기본원칙이라고 할 것이다. 본건과 같이 피심인이 잔금납부일을 특정하지 않고 소유권 이전시에 잔금납부를 하도록 규정할 경우, 수분양자는 인도예정일을 알 수 없고 사업자는 목적물 인도일을 자의적으로 정할 수 있으므로 이는 상당한 이유없이 급부의 내용을 사업자가 일방적으로 결정하거나 변경할 수 있는 권한을 부여하는 조항으로서 약관법 제10조 제1호에 해당한다. ",,기각,고객의 사유로 인한 계약해제 시 위약금을 임대분양대금의 20%에 해당하는 계약금을 위약금으로 하는 것,보통,공정위의 판단 근거 서술에서 문제 조항의 내용을 설명하는 형태로 인용됨
법제처 OPEN API/ftc,1177,,(주)티디엠하우징의 상가분양계약서상 불공정약관조항에 대한 건,https://www.law.go.kr/DRF/lawService.do?OC=test&target=ftc&ID=1177&type=HTML,과다한 위약금 조항,무효,조문인용 추론,위험,제8조,과도한 위약금,2. 과다한 위약금 조항 가. 약관조항 나. 검토의견 : 무효 부동산거래분야에서 계약해제에 따른 위약금은 거래대금의 10% 정도가 통상적인 거래관행이며 판례의 취지이다. 따라서 고객의 사유로 인한 계약해제 시 위약금을 임대분양대금의 20%에 해당하는 계약금을 위약금으로 하는 것은 고객에게 과중한 손해배상의무를 부담시키는 조항으로서 약관법 제8조에 해당된다. ]]>,,기각,,,근거 서술에 조항 문구 인용 없음. 위약금 내용(임대분양대금의 20%)이 설명되어 있으나 원문 약관 조항의 정확한 문구가 인용되지 않음
법제처 OPEN API/ftc,10413,,(주)플레이쉘의 씨앤스퀘어 쇼핑몰 분양계약서상 불공정약관조항에 대한 건,https://www.law.go.kr/DRF/lawService.do?OC=test&target=ftc&ID=10413&type=HTML,위약금조항,무효,명시,위험,제8조,과도한 위약금,2. 위약금조항 가. 약관조항 나. 심사의견 : 무효 ㅇ 통상의 부동산 매매계약에서 매매대금의 10% 정도에 해당하는 금액을 계약금으로 정하고 매수인이 위약할 경우 그 계약금을 포기하기로 하는 거래관행이 있음. ㅇ 또한 상가(공동주택 복리시설) 분양계약서 표준약관(공정거래위원회 표준약관 제10010호) 제5조(계약해제) 제4항의 규정에 의하면 계약해제시 위약금으로 분양대금 총액의 10%를 상대방에게 지급하도록 정하고 있음. ㅇ 그러나 위 약관조항은 분양대금 총액의 15% 및 20% 상당액을 위약금으로 정하고 있으므로 이는 고객에 대하여 부당하게 과중한 손해배상의무를 부담시키는 조항으로 약관법 제8조에 해당됨. ,,기각,,,근거 서술에 조항 문구 인용 없음. 위약금이 분양대금 총액의 15% 및 20%라는 내용만 설명되어 있음
법제처 OPEN API/ftc,10413,,(주)플레이쉘의 씨앤스퀘어 쇼핑몰 분양계약서상 불공정약관조항에 대한 건,https://www.law.go.kr/DRF/lawService.do?OC=test&target=ftc&ID=10413&type=HTML,중도해약 불가조항,무효,명시,위험,제9조,일방적 계약 해지|권리행사 제한|보증금 반환 지연,"3. 중도해약 불가조항 가. 약관조항 나. 심사의견 : 무효 (1) 제9조 제3항 ㅇ 유상계약의 경우 계약당사자 일방이 계약당시에 계약금을 상대방에게 교부한 때에는 당사자의 일방이 이행에 착수할 때까지 교부자는 계약금을 포기하고 그 계약을 해제할 수 있음(민법 제565조). ㅇ 또한 상가(공동주택 복리시설) 분양계약서 표준약관(공정거래위원회 표준약관 제10010호) 제5조(계약해제) 제2항에 의하면 “을”은 자신의 사정으로 인한 경우 스스로 본 계약을 해지할 수 있지만, 중도금을 납부한 후에는 갑이 인정하는 경우에 한한다고 규정하고 있음. ㅇ 따라서 위 약관조항이 중도금을 납부한 이후의 경우라면 “갑”이 인정하는 경우에 한하여 계약의 해지가 가능하다 할 것이나, 그렇지 않은 경우에는 “을”이 자신의 사정에 따라 계약을 해지할 수 있음에도 계약의 해제 또는 해지를 할 수 없도록 규정하고 있으므로 이는 법률의 규정에 의한 고객의 해제권 또는 해지권을 배제하거나 그 행사를 제한하는 조항으로 약관법 제9조 제1호의 규정에 해당됨. (2) 제9조 제4항 ㅇ 유상계약의 경우 계약당사자 일방이 계약당시에 계약금을 상대방에게 교부한 때에는 당사자의 일방이 이행에 착수할 때까지 교부자는 계약금을 포기하고 그 계약을 해제할 수 있음(민법 제565조). ㅇ 따라서 중도금을 납부한 경우가 아닌 한 을은 자신의 사정에 따라 계약을 해지할 수 있음에도 계약의 해제 또는 해지를 할 수 없도록 규정하고 있는 위 약관조항은 법률의 규정에 의한 고객의 해제권 또는 해지권을 배제하거나 그 행사를 제한하는 조항으로 약관법 제9조 제1호의 규정에 해당됨. ",,기각,,,"근거 서술에 제9조 제3항, 제4항의 구체적 조항 문구 인용 없음. 내용만 설명되어 있음"
법제처 OPEN API/ftc,10413,,(주)플레이쉘의 씨앤스퀘어 쇼핑몰 분양계약서상 불공정약관조항에 대한 건,https://www.law.go.kr/DRF/lawService.do?OC=test&target=ftc&ID=10413&type=HTML,화재보험가입조항,무효,명시,위험,제11조,권리행사 제한,"4. 화재보험가입조항 가. 약관조항 나. 심사의견 : 무효 ㅇ “화재로 인한 재해보상과 보험가입에 관한 법률” 제5조에 의하면 소유자가 신체손해배상특약부화재보험에 가입하여야 할 의무가 있고, 건물소유자인 수분양자는 보험회사별 상품, 요율 등을 비교하여 자신에게 유리한 보험상품을 자율적으로 선택할 수 있어야 할 것임. ㅇ 그러나 위 약관조항은 사업자가 보험계약을 일괄 가입할 수 있도록 정하고 있으므로, 이는 고객이 제3자와 계약을 체결하는 것을 부당하게 제한하는 조항으로 약관법 제11조 제3호의 규정에 해당됨. ",,기각,,,근거 서술에 조항 문구 인용 없음. '사업자가 보험계약을 일괄 가입할 수 있도록 정하고 있다'는 내용 설명만 있음
법제처 OPEN API/ftc,10413,,(주)플레이쉘의 씨앤스퀘어 쇼핑몰 분양계약서상 불공정약관조항에 대한 건,https://www.law.go.kr/DRF/lawService.do?OC=test&target=ftc&ID=10413&type=HTML,급부내용 변경 및 담보책임 배제조항,무효,명시,위험,제10조,일방적 급부·조건 변경,"5. 급부내용 변경 및 담보책임 배제조항 가. 약관조항 나. 심사의견 : 무효 ㅇ 계약당사자 일방이 계약내용대로 이행하지 아니하는 경우에는 채무불이행의 책임을 져야 하며, 그 상대방은 이행강제, 계약해제, 손해배상 등을 청구할 수 있음. ㅇ 상가분양계약에 있어서 상가용도는 고객이 당해 상가를 선택하고 계약을 체결하에 있어 매우 중요한 사항이므로 이에 대한 변경이 있을 경우에는 고객은 자신의 책임하에 판단하고 이에 응하거나 계약해제ㆍ해지를 주장할 수 있는 것임. ㅇ 또한 피청구인이 상가용도를 임의적으로 변경하더라도 이에 대해 이의 제기를 할 수 없도록 한 것은 고객에게 짐작하기 어려운 손해를 줄 우려가 있음. ㅇ 따라서 위 약관조항은 상당한 이유없이 급부의 내용을 사업자가 일방적으로 결정하거나 변경할 수 있도록 권한을 부여하고 있는 조항으로 약관법 제10조 제1호 및 제11조 제1호의 규정에 해당됨. ",,기각,,,근거 서술에 조항 문구 인용 없음. 상가용도 변경 관련 내용이 설명만 되어 있음
법제처 OPEN API/ftc,10413,,(주)플레이쉘의 씨앤스퀘어 쇼핑몰 분양계약서상 불공정약관조항에 대한 건,https://www.law.go.kr/DRF/lawService.do?OC=test&target=ftc&ID=10413&type=HTML,담보 양도조항,무효,명시,위험,제11조,권리행사 제한,"6. 담보 양도조항 가. 약관조항 나. 심사의견 : 무효 ㅇ 채권의 양도는 가능할 것이나, 사업자가 쇼핑몰의 분양자로서 권리와 의무를 제3자에게 양도하는 경우와 같이 계약당사자로서의 승계를 목적으로 하는 계약인수는 계약상 지위에 관한 양도인과 양수인 사이의 합의뿐만 아니라 나머지 당사자인 매수인(수분양자)의 동의 내지 승낙이 있어야 함. ㅇ 그러나 위 약관조항은 사업자가 분양자로서 권리와 의무를 제3자에게 양도하는 경우 고객이 승낙하도록 하고 있으므로, 이는 법률 규정에 의한 고객의 항변권 등의 권리를 상당한 이유 없이 배제 또는 제한하는 조항으로 약관법 제11조 제1호의 규정에 해당됨. ",,기각,,,근거 서술에 조항 문구 인용 없음
법제처 OPEN API/ftc,10413,,(주)플레이쉘의 씨앤스퀘어 쇼핑몰 분양계약서상 불공정약관조항에 대한 건,https://www.law.go.kr/DRF/lawService.do?OC=test&target=ftc&ID=10413&type=HTML,급부내용 변경 및 담보책임 배제조항,무효,명시,위험,제10조,일방적 급부·조건 변경,"7. 급부내용 변경 및 담보책임 배제조항 가. 약관조항 나. 심사의견 : 무효 ㅇ 계약당사자 일방이 계약내용대로 이행하지 아니하는 경우에는 채무불이행의 책임을 져야 하며, 그 상대방은 이행강제, 계약해제, 손해배상 등을 청구할 수 있음. ㅇ 상가분양계약에 있어서 상가용도는 고객이 당해 상가를 선택하고 계약을 체결하에 있어 매우 중요한 사항이므로 이에 대한 변경이 있을 경우에는 고객은 자신의 책임하에 판단하고 이에 응하거나 계약해제ㆍ해지를 주장할 수 있는 것임. ㅇ 또한 피청구인이 상가용도를 임의적으로 변경하더라도 이에 대해 이의 제기를 할 수 없도록 한 것은 고객에게 짐작하기 어려운 손해를 줄 우려가 있음. ㅇ 따라서 위 약관조항은 상당한 이유없이 급부의 내용을 사업자가 일방적으로 결정하거나 변경할 수 있도록 권한을 부여하고 있는 조항으로 약관법 제10조 제1호 및 제11조 제1호의 규정에 해당됨. ",,기각,,,근거 서술에 조항 문구 인용 없음. 상가용도 변경 관련 내용이 설명만 되어 있음
법제처 OPEN API/ftc,10413,,(주)플레이쉘의 씨앤스퀘어 쇼핑몰 분양계약서상 불공정약관조항에 대한 건,https://www.law.go.kr/DRF/lawService.do?OC=test&target=ftc&ID=10413&type=HTML,개발비 조항,무효,명시,위험,"제6조,제10조",부당한 비용·세금 전가|선택권 제한·구입 강제|과도한 위약금|일방적 급부·조건 변경,"8. 개발비 조항 가. 약관조항 나. 심사의견 : 무효 ㅇ 본 계약에서 개발비는 홍보비, 행사비 등 상권 활성화를 위해 사용하는 경비로 명시되어 있으나, 동 개발비의 내역에는 원래 점포공급주체가 부담하여야 할 상가조성비용을 수분양자가 부담하는 경우가 있을 수 있음. ㅇ 따라서 수분양자가 부담할 성격이 아닌 개발비에 대해서는 계약의 해제 또는 해지시 수분양자에게 반환하여야 함이 타당함에도 사업자와 고객 사이에 이용되는 일반거래약관 속에 계약해제시 반환하지 않는다고 명시하고 있고, 또한 사업자 임의로 다른 용도로 개발비를 사용할 경우에도 그에 대한 일체의 이의제기를 금지하고 있는 바, 이는 고객에 대하여 부당하게 불리한 조항으로 약관법 제6조 제2항 제1호의 규정에 해당됨. ]]> 나. 심사의견 : 무효 ㅇ 계약당사자 일방이 계약내용대로 이행하지 아니하는 경우에는 채무불이행의 책임을 져야 하며, 그 상대방은 이행강제, 계약해제, 손해배상 등을 청구할 수 있음. ㅇ 상가분양계약에 있어서 상가용도는 고객이 당해 상가를 선택하고 계약을 체결함에 있어 매우 중요한 사항이므로 이에 대한 변경이 있을 경우에는 고객은 자신의 책임하에 판단하고 이에 응하거나 계약해제ㆍ해지를 주장할 수 있는 것임. ㅇ 또한 피청구인이 상가용도를 임의적으로 변경하더라도 이에 대해 동의하도록 한 것은 고객에게 짐작하기 어려운 손해를 줄 우려가 있음. ㅇ 따라서 피청구인의 약관조항은 상당한 이유 없이 급부의 내용을 사업자가 일방적으로 결정하거나 변경할 수 있도록 권한을 부여하고 있는 조항과 법률의 규정에 의한 고객의 항변권, 상계권 등의 권리를 상당한 이유 없이 배제 또는 제한하는 조항으로 약관법 제10조 제1호 및 제11조 제1호의 규정에 해당됨. ",,기각,,,근거 서술에 개발비 조항의 구체적 문구 인용 없음. 내용만 설명되어 있음
법제처 OPEN API/ftc,10413,,(주)플레이쉘의 씨앤스퀘어 쇼핑몰 분양계약서상 불공정약관조항에 대한 건,https://www.law.go.kr/DRF/lawService.do?OC=test&target=ftc&ID=10413&type=HTML,개발비 조항,무효,명시,위험,제6조,부당한 비용·세금 전가|선택권 제한·구입 강제|과도한 위약금,"8. 개발비 조항 가. 약관조항 나. 심사의견 : 무효 ㅇ 본 계약에서 개발비는 홍보비, 행사비 등 상권 활성화를 위해 사용하는 경비로 명시되어 있으나, 동 개발비의 내역에는 원래 점포공급주체가 부담하여야 할 상가조성비용을 수분양자가 부담하는 경우가 있을 수 있음. ㅇ 따라서 수분양자가 부담할 성격이 아닌 개발비에 대해서는 계약의 해제 또는 해지시 수분양자에게 반환하여야 함이 타당함에도 사업자와 고객 사이에 이용되는 일반거래약관 속에 계약해제시 반환하지 않는다고 명시하고 있고, 또한 사업자 임의로 다른 용도로 개발비를 사용할 경우에도 그에 대한 일체의 이의제기를 금지하고 있는 바, 이는 고객에 대하여 부당하게 불리한 조항으로 약관법 제6조 제2항 제1호의 규정에 해당됨. ]]>",,기각,,,"근거 서술에 조항 문구 인용 없음. 개발비의 정의, 반환 불가 조항, 용도 변경 이의제기 금지 조항의 내용만 설명되어 있음"
법제처 OPEN API/ftc,10373,,(주)학산건설의 스파크쇼핑몰 표준임대차계약서상 불공정약관조항에 대한 건,https://www.law.go.kr/DRF/lawService.do?OC=test&target=ftc&ID=10373&type=HTML,임대차 기간 중 해지 조항,무효,조문인용 추론,위험,제9조,일방적 계약 해지|권리행사 제한|보증금 반환 지연,"2. 임대차 기간 중 해지 조항 (1) 약관조항 (2) 심사의견 : 무 효 ㅇ 민법상 임대차계약에 있어 기간의 약정이 있는 경우에도 기간내에 해지할 권리를 유보한 때에는 임대인이 해지를 통고할 때에는 6월, 임차인이 해지를 통고할 때에는 1개월 경과 후 해지의 효력이 발생하도록 하고 있으며 이에 반할 경우 무효로 하고 있음(제635조, 제636조, 제652조) - 이에 위 약관조항은 임차인인 “을”이 계약기간 중 3개월전에 통보함으로써 해지할 수 있도록 규정하고 있는 바, 이는 법률의 규정에 의한 해지권의 행사요건을 완화하는 것으로서 약관법 제9조 제2호에 해당함 ㅇ 계약의 해지는 장래에 대해 그 효력이 소멸되는 것으로 민법 제635조에 따라 임대차 해지의 통고 후 일정기간 경과 후 계약이 종료하게 되는 데, 위 약관조항의 단서는 임차인의 해지통지 후에도 제3의 계약자가 나타나지 않거나 '질서유지’ 내지 '상가활성화’ 등을 이유로 임대인의 해지를 받아 주지 않을 수도 있는 것으로 되어 있음 - 이는 법률이 보장한 임차인의 해지권을 부당한 사유에 따라 제한할 수 있게 하는 것인 바, 이는 약관법 제9조 제1호상의 법률의 규정에 의한 고객의 해지권의 행사를 제한하는 조항임 ",,기각,"임차인인 ""을""이 계약기간 중 3개월전에 통보함으로써 해지할 수 있도록 규정",보통,"인용 표시 없이 약관 내용이 설명되어 있으며, 단서 부분의 구체적 문구는 근거 서술에 명시되지 않음"
법제처 OPEN API/ftc,10373,,(주)학산건설의 스파크쇼핑몰 표준임대차계약서상 불공정약관조항에 대한 건,https://www.law.go.kr/DRF/lawService.do?OC=test&target=ftc&ID=10373&type=HTML,"해지 시 필요비, 유익비, 개발비청구 배제 조항",무효,조문인용 추론,위험,"제8조,제9조,제11조",과도한 위약금|일방적 계약 해지|권리행사 제한|보증금 반환 지연,"3. 해지 시 필요비, 유익비, 개발비청구 배제 조항 (1) 약관조항 (2) 심사의견 : 무 효 ㅇ 민법 제626조는 임차인이 임차물의 보존에 관하여 필요비를 지출한 때에는 임대인에 대해 그 상환을 청구할 수 있고, 유익비를 지출한 때에는 임차인의 임대차종료 시에 그 가액의 증가가 현존하는 때에 한하여 임차인의 지출한 금액이나 그 증가액 중 상대방의 선택에 좇아 그 상환을 청구할 수 있도록 하고 있음 - 물론 민법상 비용상환청구 규정은 임의규정으로 당사자간의 특약이나 개별약정으로 이를 배제할 수는 있을 것이나 약관의 형식으로 임차인의 비용상환청구 권리를 일방적으로 할 수 없도록 하고 있는 현행 조항은 법률의 규정에 의한 고객의 권리를 상당한 이유없이 배제하는 조항으로 약관법 제11조 제1호에 해당함 ㅇ 한편, 상가개발비에 대해 법원은 임대차기간 중의 상권형성을 위한 비용지출을 통일적으로 운용하기 위한 것으로 임대차기간이 종료 전에 중도해지된 경우에는 나머지 기간에 해당하는 개발비를 임차인에게 반환하여야 한다는 판결(서울지법 1997.12.11 선고 96가합16204, 서울지법 2002.9.26 선고 2001가합60045)과 임차인은 점포에 관한 임차권의 양도 또는 전대 등을 통하여 이를 회수할 수 있는 권리금에 유사한 성격을 가진다는 판결(서울고법 2002.1.8 선고 2001나44613, 서울지법 2004.6.17 선고 2003가합10488 등)로 나뉘어져 있음 - 하지만, 개발비의 성격을 권리금에 유사한 성격을 가지는 것으로 본다 하더라도, 위 조항에 의하면 임대인의 채무불이행으로 임대차 계약이 중도 해지되는 경우 및 상가시설의 조성ㆍ홍보를 위해 사용되지 아니한 경우 등 어떠한 경우에도 임차인은 개발비 반환청구를 할 수 없도록 규정하고 있는 바, 이는 임차인의 부당이득반환청구권과 항변권을 정당한 이유없이 배제 또는 제한하고 있으므로 약관법 제9조 제4호 및 제11조 제1호에 해당됨 ]]> (2) 심사의견 : 무 효 ㅇ 부동산거래에 있어 계약해제 또는 해지로 인한 위약금은 통상 거래대금의 10%정도라 할 것이고, 임대차계약에서 거래대금은 계약기간 동안의 임대보증금의 이자분과 월임대료를 합한 금액, 즉 임대료총액으로 보는 것이 적정하다고 할 것임 ㅇ 하지만, 위 약관조항은 임대료총액이 아닌 임대보증금을 기준으로 그 10%를 위약금으로 임대인에게 지급하도록 하고 있는 바, 이는 고객에 대하여 부당하게 과중한 손해배상의무를 부담시키는 것으로 약관법 제8조에 해당함 ",,기각,,,근거 서술에 조항 문구 인용 없음. 임차인의 필요비·유익비·개발비 청구를 배제하는 내용만 설명되어 있음
법제처 OPEN API/ftc,9963,,(주)한국토지신탁[부산지점]의 르네시떼 상가분양계약서상 불공정약관조항에 대한 건,https://www.law.go.kr/DRF/lawService.do?OC=test&target=ftc&ID=9963&type=HTML,(문서 전체 — 조항 구분 없음),무효,조문인용 추론,위험,제11조,권리행사 제한,"9963 시정권고서 2009특수0505 (2) 심사의견 : 무 효 ㅇ 「집합건물의 소유 및 관리에 관한 법률」제23조(관리단의 당연설립 등)에 의하면 '건물에 대하여 구분소유관계가 성립되면 구분소유자는 전원으로 건물 및 그 대지와 부속시설의 관리에 관한 사업의 시행을 목적으로 하는 관리단을 구성한다’고 규정하여 구분소유자의 관리단 구성권을 인정하고 있음 - 또한, 같은 법 제29조(규약의 설정, 변경, 폐지) 제1항은 '규약의 설정ㆍ변경 및 폐지는 관리단 집회에서 구분소유자 및 의결권의 각 4분의3 이상의 찬성을 얻어 행한다’고 규정되어 있음 ㅇ 따라서, 구분소유주가 입주한 후 관리단을 구성하여 관리업체를 지정하거나 대규모 건물의 특성상 구분소유주가 입점하기 이전부터 건물의 홍보 등을 위한 유지 및 관리업무 등을 수행할 관리회사가 필요할 경우 관리회사의 설립 또는 지정에 대한 수분양자인 구분소유주들의 개별적인 동의를 통해 관리권을 위임받는 절차를 거쳐야 할 것임 ㅇ 하지만, 위 약관조항은 수분양자인 '을’이 시행사인 '갑’과 시공사인 '병’이 정한 '르네시떼 상가관리규정’을 준수하도록 함으로써 구분소유자인 수분양자의 관리단 구성권리 및 규약제정 권리를 침해하고 있는 바, 이는 법률의 규정에 의한 고객의 권리를 상당한 이유없이 배제 또는 제한하는 조항으로 약관법 제11조 제1호에 해당함 ]]> (2) 심사의견 : 무 효 ㅇ 「집합건물의 소유 및 관리에 관한 법률」제23조(관리단의 당연설립 등)에 의하면 '건물에 대하여 구분소유관계가 성립되면 구분소유자는 전원으로 건물 및 그 대지와 부속시설의 관리에 관한 사업의 시행을 목적으로 하는 관리단을 구성한다’고 규정하여 구분소유자의 관리단 구성권을 인정하고 있음 - 또한, 같은 법 제29조(규약의 설정, 변경, 폐지) 제1항은 '규약의 설정ㆍ변경 및 폐지는 관리단 집회에서 구분소유자 및 의결권의 각 4분의3 이상의 찬성을 얻어 행한다’고 규정되어 있음 ㅇ 따라서, 구분소유주가 입주한 후 관리단을 구성하여 관리업체를 지정하거나 대규모 건물의 특성상 구분소유주가 입점하기 이전부터 건물의 홍보 등을 위한 유지 및 관리업무 등을 수행할 관리회사가 필요할 경우 관리회사의 설립 또는 지정에 대한 수분양자인 구분소유주들의 개별적인 동의를 통해 관리권을 위임받는 절차를 거쳐야 할 것임 ㅇ 하지만, 위 약관조항은 수분양자인 '을’이 시행사인 '갑’과 시공사인 '병’이 정한 '르네시떼 상가관리규정’을 준수하도록 함으로써 구분소유자인 수분양자의 관리단 구성권리 및 규약제정 권리를 침해하고 있는 바, 이는 법률의 규정에 의한 고객의 권리를 상당한 이유없이 배제 또는 제한하는 조항으로 약관법 제11조 제1호에 해당함 ]]> (2) 심사의견 : 무 효 ㅇ 「집합건물의 소유 및 관리에 관한 법률」제23조(관리단의 당연설립 등)에 의하면 '건물에 대하여 구분소유관계가 성립되면 구분소유자는 전원으로 건물 및 그 대지와 부속시설의 관리에 관한 사업의 시행을 목적으로 하는 관리단을 구성한다’고 규정하여 구분소유자의 관리단 구성권을",,기각,수분양자인 '을'이 시행사인 '갑'과 시공사인 '병'이 정한 '르네시떼 상가관리규정'을 준수하도록 함,보통,약관조항의 구체적 문구가 아닌 공정위의 설명 형태로 제시됨. 원문 표에서 정확한 조항 문구 확인 필요
법제처 OPEN API/ftc,9647,,"(주)현대이주공사의 계약서(캐나다 마니토바주이민, 캐나다 뉴브런스윅스주 이민)상 불공정약관조항에 대한 건",https://www.law.go.kr/DRF/lawService.do?OC=test&target=ftc&ID=9647&type=HTML,(문서 전체 — 조항 구분 없음),무효,명시,위험,제9조,일방적 계약 해지|권리행사 제한|보증금 반환 지연,9647 시정권고서 2009약관1614 나. 심사결과 : 무효 쌍무계약에 있어 계약체결 후 계약의 목적을 실현하기 불가능한 후발적 불능이 발생한 경우 계약당사자는 상호 원상회복의무를 지며 그 후발적 불능의 귀책사유에 따라 손해배상책임이 발생한다. 피청구인은 제9조 제1항이 단지 원상회복의무만을 규정하고 있을 뿐 청구인의 손해배상 청구권을 배제하고 있지 않다고 주장한다. 하지만 제9조 제2항의 환불규정에 의하면 청구인의 귀책사유로 인한 비자발급 거절일 경우에는 일체의 환불을 청구할 수 없도록 하고 있다. 만일 위 심사대상약관조항이 피청구인의 주장과 같이 단지 계약해제에 따른 원상회복의무만을 규정한 조항이라면 청구인의 귀책사유로 인한 비자발급 거절시에도 알선수수료 중 70%를 환불하는 것이 타당하다 할 것이다. 그리고 피청구인이 약관에서 계약해제의 귀책사유에 따라 환불액을 구분한 점을 감안할 때 제9조(환불규정)은 단지 계약해제에 따른 원상회복의무 뿐만 아니라 손해배상액의 예정도 함께 규정한 것으로 판단된다. 따라서 피청구인의 귀책사유로 인한 계약해제시 청구인의 손해발생 정도를 고려하지 않고 일부 알선료만을 환불하도록 한 제9조 제1항은 계약의 해제ㆍ해지로 인한 사업자의 손해배상의무를 부당하게 경감하는 조항으로서 약관법 제9조 제4호에 해당된다. ]]> 나. 심사결과 : 무효 쌍무계약에 있어 계약체결 후 계약의 목적을 실현하기 불가능한 후발적 불능이 발생한 경우 계약당사자는 상호 원상회복의무를 지며 그 후발적 불능의 귀책사유에 따라 손해배상책임이 발생한다. 피청구인은 제9조 제1항이 단지 원상회복의무만을 규정하고 있을 뿐 청구인의 손해배상 청구권을 배제하고 있지 않다고 주장한다. 하지만 제9조 제2항의 환불규정에 의하면 청구인의 귀책사유로 인한 비자발급 거절일 경우에는 일체의 환불을 청구할 수 없도록 하고 있다. 만일 위 심사대상약관조항이 피청구인의 주장과 같이 단지 계약해제에 따른 원상회복의무만을 규정한 조항이라면 청구인의 귀책사유로 인한 비자발급 거절시에도 알선수수료 중 70%를 환불하는 것이 타당하다 할 것이다. 그리고 피청구인이 약관에서 계약해제의 귀책사유에 따라 환불액을 구분한 점을 감안할 때 제9조(환불규정)은 단지 계약해제에 따른 원상회복의무 뿐만 아니라 손해배상액의 예정도 함께 규정한 것으로 판단된다. 따라서 피청구인의 귀책사유로 인한 계약해제시 청구인의 손해발생 정도를 고려하지 않고 일부 알선료만을 환불하도록 한 제9조 제1항은 계약의 해제ㆍ해지로 인한 사업자의 손해배상의무를 부당하게 경감하는 조항으로서 약관법 제9조 제4호에 해당된다. ]]> 나. 심사결과 : 무효 쌍무계약에 있어 계약체결 후 계약의 목적을 실현하기 불가능한 후발적 불능이 발생한 경우 계약당사자는 상호 원상회복의무를 지며 그 후발적 불능의 귀책사유에 따라 손해배상책임이 발생한다. 피청구인은 제9조 제1항이 단지 원상회복의무만을 규정하고 있을 뿐 청구인의 손해배상 청구권을 배제하고 있지 않다고 주장한다. 하지만 제9조 제2항의 환불규정에 의하면 청구인의 귀책,,기각,청구인의 귀책사유로 인한 비자발급 거절일 경우에는 일체의 환불을 청구할 수 없도록 하고 있다,보통,제9조 제2항 환불규정의 내용으로 근거 서술에 직접 기술되어 있으나 따옴표 없이 설명 형태로 제시됨
법제처 OPEN API/ftc,10375,,중흥에스클래스건설(주)의 타운하우스 별도 옵션계약서 및 발코니 확장계약서상 불공정약관조항에 대한 건,https://www.law.go.kr/DRF/lawService.do?OC=test&target=ftc&ID=10375&type=HTML,위약금 조항,무효,조문인용 추론,위험,제8조,과도한 위약금,2. 위약금 조항 가. 약관조항 나. 검토의견 : 무효 ㅇ 본 건 계약은 일종의 도급계약으로서 회사가 계약을 착수한 이후 수분양자의 귀책사유로 계약이 해제된 경우 수분양자는 계약의 진행정도에 따른 실 손해액을 사업자에게 배상하여야 함 ㅇ 따라서 자재발주가 완료되거나 일부 공사가 완료된 후 수분양자 귀책사유로 계약이 해제된 경우 사업자는 이미 지출한 비용과 일을 완성하였다면 얻었을 이익을 합한 금액을 수분양자에게 손해배상 청구할 수 있을 것임 ㅇ 그러나 위 약관조항은 자재발주가 완료되거나 일부 공사가 완료된 후 수분양자 귀책사유로 계약이 해제된 경우 수분양자에게 공사금액의 10%에 해당하는 금액을 위약금으로 배상하도록 규정하고 이와는 별도로 자재발주 또는 원상회복 등에 따른 손해를 배상청구 할 수 있도록 규정하여 위약금 10%외에 별도로 포괄적인 손해배상을 청구할 수 있도록 규정하고 있음 ㅇ 이 경우 사업자는 수분양자의 계약해제에 따라 자기가 입은 실 손해액을 초과하여 수분양자에게 손해배상을 청구할 수 있음 ㅇ 따라서 동 조항은 고객에 대하여 과중한 지연손해금등의 손해배상의무를 부담시키는 조항으로 약관법 제8조에 해당됨 ,,기각,,,"근거 서술에 조항 문구 인용 없음. 내용만 설명되어 있음(공사금액의 10% 위약금, 자재발주·원상회복 손해배상 등)"
법제처 OPEN API/ftc,10375,,중흥에스클래스건설(주)의 타운하우스 별도 옵션계약서 및 발코니 확장계약서상 불공정약관조항에 대한 건,https://www.law.go.kr/DRF/lawService.do?OC=test&target=ftc&ID=10375&type=HTML,하자담보 책임기간 조항,무효,조문인용 추론,위험,제7조,책임 면제,"3. 하자담보 책임기간 조항 가. 약관조항 나. 검토의견 : 무효 ㅇ 본 건 별도 옵션계약에 따른 공사 중 타일공사, 주방기구공사, 환기공사, 옥내 가구공사 등과 발코니 확장계약에 따른 공사 중 창호공사, 옥내 가구공사 등에 대한 주택법 시행령[별표6]상 하자담보 책임기간은 2년임 ㅇ 그러나 위 약관조항은 위 공사를 포함하여 본 건 계약에 따른 모든 공사에 대하여 하자담보 책임기간을 1년으로 정하고 있음 ㅇ 따라서 동 조항은 상당한 이유없이 사업자의 담보책임을 배제 또는 제한하는 조항으로 약관법 제7조 제3호에 해당됨 ",,기각,,,근거 서술에 조항 문구 인용 없음. 하자담보 책임기간을 1년으로 정하는 내용만 설명되어 있음
법제처 OPEN API/ftc,10375,,중흥에스클래스건설(주)의 타운하우스 별도 옵션계약서 및 발코니 확장계약서상 불공정약관조항에 대한 건,https://www.law.go.kr/DRF/lawService.do?OC=test&target=ftc&ID=10375&type=HTML,입주거부 조항,무효,조문인용 추론,위험,"제6조,제9조",부당한 비용·세금 전가|선택권 제한·구입 강제|과도한 위약금|일방적 계약 해지|권리행사 제한|보증금 반환 지연,4. 입주거부 조항 가. 약관조항 나. 검토의견 : 무효 ㅇ 본 건 별도 옵션계약 및 발코니 확장계약은 피청구인의 공급하는 주택공급계약과 별도로 체결하고 있으므로 별도 옵션계약 및 발코니 확장계약은 주택공급계약과 별개의 계약임 ㅇ 또한 별도 옵션계약 및 발코니 확장계약은 주택공급계약의 금액 및 계약내용에 비추어 볼 때 주택의 일부분 대한 계약임 ㅇ 따라서 위 약관조항과 같이 수분양자가 별도 옵션계약 및 발코니 확장계약 대금을 완납하지 않은 경우 주택 자체의 입주를 못하도록 한 것은 수분양자의 행위에 대한 사업자의 조치가 지나치게 과중하여 수분양자에게 불리함 ㅇ 그러므로 동 조항은 고객에 대하여 부당하게 불리한 조항으로 약관법 제6조 제2항 제1호에 해당됨 ]]> 나. 검토의견 : 무효 ㅇ 본 건 별도 옵션계약 및 발코니 확장계약은 발코니 확장 및 인테리어 공사 등을 완성시키는 계약으로서 민법 규정에 따른 “도급” 계약임 ㅇ 한편 도급계약에 있어 도급인에게 불필요하게 된 일을 무리하게 완성시킬 필요가 없으므로 민법 제673조는 “수급인이 일을 완성하기 전에는 도급인은 손해를 배상하고 계약을 해제할 수 있다”라고 도급인의 법정해제권을 규정하고 있음 ㅇ 따라서 도급인인 수분양자는 수급인인 피청구인이 일을 완성하기 전에 언제든지 그 사유에 상관없이 그 손해를 배상하고 계약을 해제할 수 있음 ㅇ 그러나 위 약관조항은 수분양자가 계약체결 후 자기 사정으로 계약을 해지* 할 수 없도록 정하고 있으므로 이는 상당한 이유없이 법률의 규정에 의한 고객의 해제권 또는 해지권을 배제하거나 그 행사를 제한하는 조항으로서 약관법 제9조 제1호에 해당됨 * 도급공사는 계속적계약이 아니므로 해지는 해제로 이해됨 ,,기각,,,"근거 서술에 조항 문구 인용 없음. 입주거부 조항의 구체적 문언이 인용되지 않았으며, 조항의 내용만 설명되어 있음"
법제처 OPEN API/ftc,10375,,중흥에스클래스건설(주)의 타운하우스 별도 옵션계약서 및 발코니 확장계약서상 불공정약관조항에 대한 건,https://www.law.go.kr/DRF/lawService.do?OC=test&target=ftc&ID=10375&type=HTML,입주거부 조항,무효,조문인용 추론,위험,제6조,부당한 비용·세금 전가|선택권 제한·구입 강제|과도한 위약금,4. 입주거부 조항 가. 약관조항 나. 검토의견 : 무효 ㅇ 본 건 별도 옵션계약 및 발코니 확장계약은 피청구인의 공급하는 주택공급계약과 별도로 체결하고 있으므로 별도 옵션계약 및 발코니 확장계약은 주택공급계약과 별개의 계약임 ㅇ 또한 별도 옵션계약 및 발코니 확장계약은 주택공급계약의 금액 및 계약내용에 비추어 볼 때 주택의 일부분 대한 계약임 ㅇ 따라서 위 약관조항과 같이 수분양자가 별도 옵션계약 및 발코니 확장계약 대금을 완납하지 않은 경우 주택 자체의 입주를 못하도록 한 것은 수분양자의 행위에 대한 사업자의 조치가 지나치게 과중하여 수분양자에게 불리함 ㅇ 그러므로 동 조항은 고객에 대하여 부당하게 불리한 조항으로 약관법 제6조 제2항 제1호에 해당됨 ]]>,,기각,,,"근거 서술에 조항 문구 인용 없음. 입주거부 조항의 구체적 문구가 따옴표나 「」로 명시되지 않았으며, 조항 내용만 설명되어 있음"
법제처 OPEN API/ftc,10977,,지엠대우오토앤테크놀로지 주식회사의 전문판매점 부품판매계약서상 불공정 약관조항에 대한 건,https://www.law.go.kr/DRF/lawService.do?OC=test&target=ftc&ID=10977&type=HTML,(문서 전체 — 조항 구분 없음),무효,조문인용 추론,위험,제6조,부당한 비용·세금 전가|선택권 제한·구입 강제|과도한 위약금,"10977 시정권고서 2007약관4078 나. 검토의견 : 무효 □ 계약의 해제ㆍ해지는 계약당사자간의 이해관계에 중대한 영향을 미치는 사항으로서, 당사자 사이에 계약해지 사유를 정하는 경우에도 그 사유가 구체적으로 열거되고 그 내용도 계약관계의 종료에 적합하고 객관적 타당성을 가져야 할 것임 ㅇ 이 사건 전문판매점 부품판매 계약서에 의하면, 사업자가 정하는 기준에 따라 부품판매에 필요한 시설 및 장비를 갖추어야 하고 피심인을 제외한 다른 사업자로부터는 부품 공급을 직접 받을 수 없으며, 사업자가 정하는 기준에 따라 상호, 상표, 광고 등을 사용하여야 하며, ㅇ 또한, 사업자가 시장 수요량 증가 또는 대리점의 판매실적이 저조하다고 판단할 경우, 판매대리점의 동의없이 동일지역에 신규로 전문판매점을 개설할 수 있는 점, 사업자는 별도의 약정을 통해 추가로 판매권역을 조정할 수 있는 점 등을 고려할 때, 사업자에 의한 계약의 일방적인 해지는 판매대리점에게는 이해관계에 중대한 영향을 미친다고 할 것임 □ 그럼에도 불구하고, 위 약관조항은 사업자가 부품판매 계약기간 중 판매대리점의 귀책사유 여부를 불문하고 계약해지에 대한 구체적이고 명확한 사유를 명시하지 않고 “상대방에게 60일 전에 서면통지로써 임의로 계약을 해지”할 수 있도록 하는 조항으로서 사업자가 거래상의 지위를 이용하여 사실상 일방적으로 부품판매 계약해지권을 행사할 수 있도록 허용한 규정이라 할 것임 □ 또한, 위 약관조항이 형식적으로는 당사자 쌍방간에 동등한 해지권을 유보한 것처럼 보이나, 판매대리점은 범퍼(Bumper)류 부품판매를 위한 직원 고용, 보관설비 마련 등 전문판매점 운영을 위해 많은 자본을 투하하였기 때문에 사업자와 달리 판매대리점은 투하자본 회수의 어려움, 재고부담 등으로 임의로 계약을 해지할 이유가 적으나, ㅇ 사업자는 사업경영상 필요에 따라 2개월의 유예기간만 두면 언제든지 계약해지가 가능하므로 실질적으로는 사업자의 이익을 위한 조항이라고 할 것임. □ 그리고, 위 약관조항은 존속기간이 있는 계속적 거래관계에서 당사자 사이에 기초적 신뢰관계의 파괴, 부득이한 사유발생, 채무불이행 등 특별한 사정의 발생유무를 불문하고 사업자가 2개월 전에 서면예고만 하면 언제든지 계약을 해지할 있도록 한 규정이라 할 것임[대법원 2003.1.10. 선고 2001두1604호 참조] ㅇ 따라서, 사업자가 상대방에게 60일 전에 서면예고만 하면 언제든지 해지할 수 있는 조항은 고객에 대하여 부당하게 불리한 조항으로 약관법 제6조 제2항 제1호에 해당함 ]]> 나. 검토의견 : 무효 □ 계약의 해제ㆍ해지는 계약당사자간의 이해관계에 중대한 영향을 미치는 사항으로서, 당사자 사이에 계약해지 사유를 정하는 경우에도 그 사유가 구체적으로 열거되고 그 내용도 계약관계의 종료에 적합하고 객관적 타당성을 가져야 할 것임 ㅇ 이 사건 전문판매점 부품판매 계약서에 의하면, 사업자가 정하는 기준에 따라 부품판매에 필요한 시설 및 장비를 갖추어야 하고 피심인을 제외한 다른 사업자로부터는 부품 공급을 직접 받을 ",,기각,상대방에게 60일 전에 서면통지로써 임의로 계약을 해지,높음,공정위 판단 근거 서술에서 약관조항의 내용이 직접 인용되어 있음
법제처 OPEN API/ftc,10969,,지엠클럽의 회원약관 및 상품약관상 불공정약관조항에 대한 건,https://www.law.go.kr/DRF/lawService.do?OC=test&target=ftc&ID=10969&type=HTML,(문서 전체 — 조항 구분 없음),무효,조문인용 추론,위험,제9조,일방적 계약 해지|권리행사 제한|보증금 반환 지연,"10969 시정권고서 2007약관2665 (2) 심사의견 : 무 효 ㅇ 피청구인의 회원제 상품거래는 회원으로 계약한 고객에게 일정한 상품이나 용역에 대해 일정기간 내에 할인혜택을 받을 수 있는 권리를 제공하기 위해 판매원을 고용하여 영업하는 형태로 「방문판매 등에 관한 법률」(이하 방문판매법)상 방문판매 계약임 - 같은 법 제10조(손해배상청구금액의 제한 등) 제1항은 소비자에게 책임있는 사유로 인하여 재화 등의 판매하여 계약이 해제된 경우 손해배상액은 재화 등이 반환되었다면 반환된 재화 등의 통상 사용료액 또는 그 사용에 의하여 통상 얻어지는 이익에 상당하는 금액과 반환된 재화 등이 반환된 당시의 가액을 공제한 금액 중 큰 금액(제1호), 재화 등이 반환되지 않았다면 재화 등의 판매가격에 상당하는 금액(제2호)으로 하고 각호에다 미납에 따른 지연배상금을 더한 금액을 초과할 수 없도록 규정하고 있음 - 한편, 소비자분쟁해결기준(재경부 고시 제2007-54호)에는 할인회원권업의 경우 소비자 귀책 해지 시 이용개시 전에는 총이용금액의 10%를, 이용개시 후에는 취소일까지의 이용일수에 해당하는 금액과 총이용금액의 10%를 공제한 후 환급하도록 규정하고 있음 ㅇ 피청구인의 회원제 상품약관상 청약철회기간 이후 해지에 따른 위약금으로 90일이내 270,000원, 이후에는 가입비의 15%에 1일에 1,890원을 더해 산정하고 있는 것 중 90일 이후 환불은 다음과 같은 상품의 특성을 고려하여 결정한 것이 계약의 해지로 인한 사업자의 손해배상의무를 경감하는 것으로 볼 수 없음 - 위 상품계약의 주된 계약 내용은 회원에게 재화나 용역을 직접 제공하는 것이 아니라 쿠폰을 발행하여 결혼과 관련된 행사시 필요한 서비스를 가맹점을 통하여 유효기간 내 이용할 경우 약정된 금액만큼 할인해 주는 것으로 유효기간이 도과하면 회원의 이용유무와 관계없이 그 권리가 소멸되는 특성이 있는 점 - 방문판매 특성상 회원 1인당 유치 시 판매원에게 일정금액의 모집수당이 지급되어 사업자에게 초기 소멸비용으로 발생되고 있는 점을 고려하되, 지나치게 많은 수당비용은 고객에게 전부 전가할 수는 없으나 서비스 가액에 수당비용이 일부 포함된다고 볼 수 있는 점 - 회원기간, 즉 계약기간은 1년으로 하였으나 이 계약 할인 서비스를 이용할 수 있는 권리(쿠폰)는 10년으로 하여 일반적인 상사채권 소멸시효(5년)보다 길게 하고 이에 중도해지 시 이용금액을 일할계산(690,000원÷365일≒1,890원)하여 정산하고 있는 점 ㅇ 하지만, 청약철회기간 이후 해지에 따른 위약금으로 90일이내 270,000원을 환불하도록 규정하고 있는 것은 90일 이상 해지 시 위약금이 회원의 가입비의 15%에 비해 90일 이내 해지 시 위약금액은 상품금액의 39.1%로 초기 판매원의 수당지급의 영업비용을 일부 고려하더라도 과다할 뿐만 아니라 이용일수와 관계없이 일률적으로 부과하고 있는 바, 이는 계약의 해지로 인한 사업자의 손해배상의무를 부당하게 경감하는 것으로 약관법 제9조 제4호에 해당됨 ]]> (2) 심사의견 ",,기각,"90일이내 270,000원, 이후에는 가입비의 15%에 1일에 1,890원을 더해 산정",보통,청약철회기간 이후 해지에 따른 위약금 규정으로 근거 서술에서 그대로 옮김
법제처 OPEN API/ftc,1239,,진원이앤씨(주)의 판교 로제비앙 2단지 별도품목 및 발코니확장계약서상 불공정약관조항에 대한 건,https://www.law.go.kr/DRF/lawService.do?OC=test&target=ftc&ID=1239&type=HTML,발코니 확장 변경/취소 금지 및 과다한 손해배상 조항,무효,조문인용 추론,위험,"제6조,제7조,제8조,제9조",부당한 비용·세금 전가|선택권 제한·구입 강제|과도한 위약금|책임 면제|일방적 계약 해지|권리행사 제한|보증금 반환 지연,"2. 발코니 확장 변경/취소 금지 및 과다한 손해배상 조항 가. 약관조항 나. 검토의견 : 무효 발코니확장공사 등 본 건 계약은 일종의 도급계약이므로 민법 제673조에 따라 수분양자는 도급자로서 계약의 진행정도에 따른 실손해액을 사업자에게 배상하고 계약을 해제할 수 있다. 즉, 사업자가 해당 세대에 대해 공법을 변경하기 이전이나, 단순히 관련 제품의 주문(제작)이 들어간 시점 정도라면, 고객은 자신의 사정에 따라 사업자에게 지급한 계약금을 포기하거나 계약해제로 인하여 사업자가 입게 되는 실손해액을 배상하는 정도로 계약을 해제할 수 있다고 할 것이다. 그러나, 피심인의 위 약관조항은 공사의 진척상황 등과 관계없이 계약을 체결한 이후에는 시공상의 문제로 해약이 불가능하다고 일률적으로 규정하고 있는 바, 이는 법률의 규정에 의한 고객의 해제권 또는 해지권을 제한하거나 그 행사를 제한하는 조항으로서 약관법 제9조제1호에 해당된다. 또한, 상기 약관 제3조 제2항은 시공이 시작된 이후에 해약을 하는 경우에는 위약금과 별도로 투입된 금액의 배액을 배상하도록 하고 있는데, 이는 고객에게 지나치게 과중한 지연손해금 등의 손해배상의무를 부담시키는 약관조항으로 약관법 제8조에 해당한다고 판단된다. 3. 단기의 하자보수기간 조항 등 가. 약관조항 나. 검토의견 : 무효 ㅇ '하자보수대상 하자의 범위 및 시설공사별 하자담보책임기간’을 규정한 주택법 시행령 '별표6’은 하자보수에 관하여 아래와 같이 규정하고 있다. 발코니창이나 발코니확장은 온돌공사나 창호철물공사로 볼 수 있으므로 하자담보책임기간을 2년 이상으로 보는 것이 타당하며, 발코니창호공사표준계약서도 공사후 하자발생시 발생일로부터 2년(유리는 1년)이내에는 무상수리를 하도록 규정(제10조 제1항)하고 있다. 따라서 하자담보책임기간을 1년으로 규정한 피심인 약관은 상당한 이유없이 사업자가 부담하여야 할 위험을 고객에게 이전시키는 조항으로서 약관법 제7조 제2호에 해당한다고 판단된다. 우리 민법은 과실책임주의를 원칙으로 하고 있으므로, 자신의 고의 또는 과실로 인한 위법행위로 타인에게 손해를 가한 경우 그 손해를 배상할 책임이 있다.(민법 제750조, 제756조) 그러나 피심인은 임차인에게 책임을 지우기 어려운 천재지변 등의 사고에 대하여도 임대인은 책임지지 않으며 임차인이 책임을 부담하도록 하고 있는데, 이는 고객에게 부당하게 불리한 조항으로 약관법 제6조제2항제1호에 해당된다고 판단된다. ",,미검수,공사의 진척상황 등과 관계없이 계약을 체결한 이후에는 시공상의 문제로 해약이 불가능하다,보통,"공정위의 약관 내용 설명 서술에서 추출했으며, 정확한 원문 표현과 일치하는지 원본 확인 필요"
법제처 OPEN API/ftc,1239,,진원이앤씨(주)의 판교 로제비앙 2단지 별도품목 및 발코니확장계약서상 불공정약관조항에 대한 건,https://www.law.go.kr/DRF/lawService.do?OC=test&target=ftc&ID=1239&type=HTML,입주제한 조항,무효,조문인용 추론,위험,"제6조,제7조,제10조",부당한 비용·세금 전가|선택권 제한·구입 강제|과도한 위약금|책임 면제|일방적 급부·조건 변경,"4. 입주제한 조항 가. 약관조항 나. 검토의견 : 무효 일반적으로 아파트 공급 등과 관련한 계약은 사업자의 경영방침에 따라 고객과 아파트 공급계약만을 체결하거나 아파트 공급계약과 더불어 옵션(발코니) 공급계약을 부속서류로 하는 방법과 아파트 공급계약과 옵션공급계약을 별도로 체결하는 형태로 나누어진다. 피심인의 경우는 자신의 아파트 공급계약을 체결한 고객에게 아파트 공급계약과 함께 옵션 공급계약을 별도로 체결하고 있으므로 아파트공급계약과 옵션 공급계약은 별도의 계약이다. 따라서 발코니확장공사를 한 경우, 비록 발코니 부분이 주거면적과 합해져서 경계가 모호해진다고 하나 발코니확장대금과 옵션품목대금을 납부하지 않은 경우에 입주를 제한하는 것은 임차인의 행위에 대한 사업자의 조치가 지나치게 과중하다고 할 것이다. 따라서 피심인의 해당 약관조항은 고객에 대하여 부당하게 불리한 조항으로 약관법 제6조제2항제1호에 해당될 소지가 있다. ]]> 나. 검토의견 : 무효 임대아파트 사업자가 발코니확장이나 옵션 비용 등을 임차보증금 내역에 포함해서 분양승인을 받지 않는 경우, 해당 비용을 별도로 산정하여 임대아파트 계약자들과 계약을 체결하는 것을 부당하다고 보기는 곤란하다. 그러나 피심인은 임차인이 주택을 명도할 때 발코니확장공사비로 납입한 금액 중 내용연수를 5년으로 계산하여 감가상각비를 공제한 후 반환하는 것으로 하고 있는데, 발코니확장은 그 이용가치가 반영구적임을 감안할 때 감가상각기간(5년)이 지나치게 단기라고 판단된다. 따라서 제4조 제1항 본문은 고객에게 부당하게 불리한 조항으로서 약관법 제6조 제2항 제1호에 해당한다고 할 것이다. 또한 피심인은 임차인의 부주의로 보수가 필요한 경우, 보수공사비는 피심인이 임의로 결정하고 임차인의 어떠한 이의제기도 금지하고 있다.(제1항 단서조항) 이는 상당한 이유없이 급부의 내용을 사업자가 일방적으로 결정하거나 변경할 수 있도록 권한을 부여하는 조항이며, 법률의 규정에 의한 고객의 항변권, 상계권 등의 권리를 상당한 이유 없이 배제 또는 제한하는 조항으로서 약관법 제10조제1호 및 제11조제1호에 해당한다. 옵션품목인 드레스 수납장, 화장대에 하자가 발생하는 경우에 반환금의 결정은 양당사자가 합의하여 결정함이 타당함에도 피심인은 일방적으로 반환금을 결정하고 임차인의 이의제기를 금지하고 있다. 이는 고객에 대하여 부당하게 불리한 조항이며, 법률의 규정에 의한 고객의 항변권, 상계권 등의 권리를 상당한 이유없이 배제 또는 제한하는 조항으로서 약관법 제6조 제2항 제1호 및 제11조제1호에 해당한다. 임차인의 주택명도시 피심인은 가스쿡탑, 가스오븐레인지, 주방라디오폰 등 옵션품목에 대한 매수청구권을 부인하고 있는데, 가스쿡탑이나 주방라디오폰은 건물자체에 부착되어 탈ㆍ부착이 자유롭지 않고 다른 건물에서의 재사용이 곤란한 특성이 있다. 따라서 주택명도시 옵션품목 설치로 주택가액의 증가가 현존할 수 있음에도 임차인의 매수청구를 금지시키는 것은 상당한 이유없이 사업자가 부담하여야 할 위험을 임차인에게 이전시키는 약관조항",,미검수,,,근거 서술에 입주제한 조항의 구체적 문구 인용 없음. 발코니확장대금과 옵션품목대금 미납시 입주제한 내용만 설명됨
법제처 OPEN API/ftc,1239,,진원이앤씨(주)의 판교 로제비앙 2단지 별도품목 및 발코니확장계약서상 불공정약관조항에 대한 건,https://www.law.go.kr/DRF/lawService.do?OC=test&target=ftc&ID=1239&type=HTML,입주제한 조항,무효,조문인용 추론,위험,제6조,부당한 비용·세금 전가|선택권 제한·구입 강제|과도한 위약금,"4. 입주제한 조항 가. 약관조항 나. 검토의견 : 무효 일반적으로 아파트 공급 등과 관련한 계약은 사업자의 경영방침에 따라 고객과 아파트 공급계약만을 체결하거나 아파트 공급계약과 더불어 옵션(발코니) 공급계약을 부속서류로 하는 방법과 아파트 공급계약과 옵션공급계약을 별도로 체결하는 형태로 나누어진다. 피심인의 경우는 자신의 아파트 공급계약을 체결한 고객에게 아파트 공급계약과 함께 옵션 공급계약을 별도로 체결하고 있으므로 아파트공급계약과 옵션 공급계약은 별도의 계약이다. 따라서 발코니확장공사를 한 경우, 비록 발코니 부분이 주거면적과 합해져서 경계가 모호해진다고 하나 발코니확장대금과 옵션품목대금을 납부하지 않은 경우에 입주를 제한하는 것은 임차인의 행위에 대한 사업자의 조치가 지나치게 과중하다고 할 것이다. 따라서 피심인의 해당 약관조항은 고객에 대하여 부당하게 불리한 조항으로 약관법 제6조제2항제1호에 해당될 소지가 있다. ]]>",,미검수,,,근거 서술에 조항 문구 인용 없음
법제처 OPEN API/ftc,8533,,진원이앤씨(주)의 판교 로제비앙(2단지) 임대차계약서상 불공정약관조항에 대한 건,https://www.law.go.kr/DRF/lawService.do?OC=test&target=ftc&ID=8533&type=HTML,임대차기간 연장 부당 간주 조항,무효,조문인용 추론,위험,제12조,일방적 계약 해지,"2. 임대차기간 연장 부당 간주 조항 가. 약관조항 나. 검토의견 : 무효 임대차기간이 만료한 때에 임대인이 제시한 임대조건으로 재계약을 할 것인지 여부는 임차인이 선택할 문제이며, 더욱이 임대조건을 변경하고 변경된 임대조건에 따라 재계약 여부를 타진하는 것은 새로운 계약의 청약이라 할 수 있다. 이러한 청약에 대해서는 상대방의 승낙이 있어야만 비로소 계약이 성립되고 효력이 발생한다 할 것임에도, 현행 약관조항은 임차인이 변경된 임대조건에 대한 계약여부를 임대차기간 종료 시까지 통보하지 아니하고 계속 거주하는 경우에는 재계약으로 간주하고 있다. 따라서 이는 일정한 작위 또는 부작위가 있을 때 고객의 의사표시가 표명되거나 표명되지 아니한 것으로 보는 조항으로 약관법 제12조 제1호에 해당된다. ",,미검수,,,근거 서술에 조항 문구 인용 없음. 조항의 내용(임차인이 변경된 임대조건에 대한 계약여부를 임대차기간 종료 시까지 통보하지 아니하고 계속 거주하는 경우에는 재계약으로 간주)만 설명되어 있음
법제처 OPEN API/ftc,8533,,진원이앤씨(주)의 판교 로제비앙(2단지) 임대차계약서상 불공정약관조항에 대한 건,https://www.law.go.kr/DRF/lawService.do?OC=test&target=ftc&ID=8533&type=HTML,불명확한 위약금 산정 방식 조항,무효,조문인용 추론,위험,제6조,부당한 비용·세금 전가|선택권 제한·구입 강제|과도한 위약금,"3. 불명확한 위약금 산정 방식 조항 가. 약관조항 나. 검토의견 : 무효 통상 부동산거래에 있어 계약해제 또는 해지로 인한 위약금은 거래대금의 10% 정도로 하는 것이 거래관행이므로 이에 준하는 위약금이 적정한 수준의 위약금이라 할 것이다. 주택임대차계약에서의 위약금은 거래대금적 성격의 금원인 '임차인이 임대인에게 지급하는 임대보증금에 대한 이자’와 '계약기간동안의 월임대료’를 합한 금액의 100분의 10정도로 하는 것이 적정하다고 할 수 있다. 그러나 피심인의 현행 위약금 조항은 위약금 산정방식이 명확하지 않아 고객에게 불리하게 해석될 여지가 있다. 따라서 이는 고객에 대하여 부당하게 불리한 약관조항으로서 약관법 제6조 제2항 제1호에 해당한다. ]]> 나. 검토의견 : 무효 주택임대차계약에 있어서 임차물인 주택에 대한 조세, 공과의 증감 기타 경제사정의 변동으로 인하여 약정한 차임이 상당하지 아니하게 된 때에는 당사자는 장래에 대한 차임의 증감을 청구할 수 있다. 따라서 물가변동 등 구체적 사정을 고려하여 임대료 증액이 이루어질 수 있으며, 사정에 따라 감액요인이 발생하는 경우에는 임차인도 차임의 감액을 청구할 수 있을 것이다. 그럼에도 불구하고 피심인의 현행 약관조항은 매년 5% 이내의 임대보증금 및 임대료 인상을 기정 사실화 하고 있는데, 이는 고객인 임차인에 부당하게 불리한 조항이며 임차인의 차임감액청구권을 사실상 배제하는 조항으로서 약관법 제6조 제2항 제1호 및 제11조 제1호에 해당한다. ",,미검수,,,근거 서술에 위약금 산정 방식 조항의 구체적 문구 인용 없음. 내용만 설명됨
법제처 OPEN API/ftc,8533,,진원이앤씨(주)의 판교 로제비앙(2단지) 임대차계약서상 불공정약관조항에 대한 건,https://www.law.go.kr/DRF/lawService.do?OC=test&target=ftc&ID=8533&type=HTML,불명확한 위약금 산정 방식 조항,무효,조문인용 추론,위험,제6조,부당한 비용·세금 전가|선택권 제한·구입 강제|과도한 위약금,3. 불명확한 위약금 산정 방식 조항 가. 약관조항 나. 검토의견 : 무효 통상 부동산거래에 있어 계약해제 또는 해지로 인한 위약금은 거래대금의 10% 정도로 하는 것이 거래관행이므로 이에 준하는 위약금이 적정한 수준의 위약금이라 할 것이다. 주택임대차계약에서의 위약금은 거래대금적 성격의 금원인 '임차인이 임대인에게 지급하는 임대보증금에 대한 이자’와 '계약기간동안의 월임대료’를 합한 금액의 100분의 10정도로 하는 것이 적정하다고 할 수 있다. 그러나 피심인의 현행 위약금 조항은 위약금 산정방식이 명확하지 않아 고객에게 불리하게 해석될 여지가 있다. 따라서 이는 고객에 대하여 부당하게 불리한 약관조항으로서 약관법 제6조 제2항 제1호에 해당한다. ]]>,,미검수,,,"근거 서술에 조항 문구 인용 없음. 공정위는 위약금 산정방식이 '명확하지 않다'는 내용만 설명하고 있으며, 실제 약관 문구는 제시되지 않음"
법제처 OPEN API/ftc,9783,,짱구애견의 분양계약서상 불공정약관조항에 대한 건,https://www.law.go.kr/DRF/lawService.do?OC=test&target=ftc&ID=9783&type=HTML,(문서 전체 — 조항 구분 없음),무효,명시,위험,제7조,책임 면제,"9783 시정권고서 2009약관0675 (2) 심사결과 : 무효 해당 약관조항은 애완견을 매매한 경우 고객에게 구매대금을 일체 환불하지 아니하되, 3일 이내에 폐사한 경우에는 동종 애완견으로 교환만을 해주고, 4일 이후 14일 이내에 폐사한 경우에는 고객이 구매대금의 50퍼센트를 부담하는 것을 조건으로 동종 애완견으로 교환해준다고 규정하고 있다. 매매 목적물의 하자로 인하여 계약의 목적을 달성할 수 없는 경우 매수인은 계약을 해제할 수 있으며(민법 제580조, 제575조), 이 경우 사업자는 고객에게 매매대금을 반환하여야 한다(민법 제548조). 애완견에 자주 발생하는 파보 바이러스나 홍역 등의 잠복기가 최소 2주인 점 등을 고려할 때 애완견이 15일 이내에 폐사한 경우에는 특별한 사정이 없는 한 애완견에 질병이나 그 밖의 하자가 있었던 것으로 볼 수 있다. 즉, 애완견이 15일 이내에 폐사한 경우에는 매매 목적물의 하자로 인하여 계약의 목적을 달성할 수 없는 경우에 해당하여 민법상 고객은 계약을 해제하고 매매대금의 반환을 청구할 수 있다 할 것이다. 이에 소비자분쟁해결기준(공정거래위원회 고시 제2009-1호)에서도 애완동물 구입후 15일 이내에 폐사한 경우 소비자의 중대한 과실이 없는 한 동종의 애완동물로 교환하거나 구입가를 환급하도록 하고 있다. 그럼에도 해당 약관조항은 매매의 목적물에 중대한 하자가 있어 계약의 목적을 달성할 수 없는 경우에도 고객의 해제권을 배제하고, 사업자가 일부의 책임만을 지도록 하여 사업자의 담보책임을 제한하고 있다, 따라서 해당 약관조항은 상당한 이유없이 사업자의 담보책임을 배제 또는 제한하는 조항으로 약관법 제7조 제3호에 해당한다. ]]> (2) 심사결과 : 무효 해당 약관조항은 애완견을 매매한 경우 고객에게 구매대금을 일체 환불하지 아니하되, 3일 이내에 폐사한 경우에는 동종 애완견으로 교환만을 해주고, 4일 이후 14일 이내에 폐사한 경우에는 고객이 구매대금의 50퍼센트를 부담하는 것을 조건으로 동종 애완견으로 교환해준다고 규정하고 있다. 매매 목적물의 하자로 인하여 계약의 목적을 달성할 수 없는 경우 매수인은 계약을 해제할 수 있으며(민법 제580조, 제575조), 이 경우 사업자는 고객에게 매매대금을 반환하여야 한다(민법 제548조). 애완견에 자주 발생하는 파보 바이러스나 홍역 등의 잠복기가 최소 2주인 점 등을 고려할 때 애완견이 15일 이내에 폐사한 경우에는 특별한 사정이 없는 한 애완견에 질병이나 그 밖의 하자가 있었던 것으로 볼 수 있다. 즉, 애완견이 15일 이내에 폐사한 경우에는 매매 목적물의 하자로 인하여 계약의 목적을 달성할 수 없는 경우에 해당하여 민법상 고객은 계약을 해제하고 매매대금의 반환을 청구할 수 있다 할 것이다. 이에 소비자분쟁해결기준(공정거래위원회 고시 제2009-1호)에서도 애완동물 구입후 15일 이내에 폐사한 경우 소비자의 중대한 과실이 없는 한 동종의 애완동물로 교환하거나 구입가를 환급하도록 하고 있다. 그럼에도 해당 약관조항은 매매의 목적물에 중대한 하자가 있",,미검수,"애완견을 매매한 경우 고객에게 구매대금을 일체 환불하지 아니하되, 3일 이내에 폐사한 경우에는 동종 애완견으로 교환만을 해주고, 4일 이후 14일 이내에 폐사한 경우에는 고객이 구매대금의 50퍼센트를 부담하는 것을 조건으로 동종 애완견으로 교환해준다",높음,판단 근거 서술의 첫 문장에서 약관 조항 내용이 그대로 인용되어 있음
법제처 OPEN API/ftc,1237,,창동역사(주)의 '입점비 납부 및 사용에 관한 동의서’상 불공정약관조항에 대한 건,https://www.law.go.kr/DRF/lawService.do?OC=test&target=ftc&ID=1237&type=HTML,개발비 관리 및 집행을 전문개발회사에 위임하는 조항,무효,조문인용 추론,위험,제11조,권리행사 제한,"2. 개발비 관리 및 집행을 전문개발회사에 위임하는 조항 가. 약관조항 나. 검토의견 : 무효 '집합건물의소유및관리에관합법률’ 제23조(관리단의 당연설립 등) 및 제29조(규약의 설정, 변경, 폐지)에 따르면 건물에 대하여 구분소유 관계가 성립되면 구분소유자에게 관리단의 구성권을 인정하고 있고, 상가의 운영ㆍ관리와 관련한 사항이 포함된 규약의 설정ㆍ변경ㆍ폐지는 관리단의 집회에서 찬성(구분소유자 및 의결권의 약 3/4 이상)을 얻도록 규정하고 있다. 따라서 대규모점포의 특성상 점포주가 입점하기 이전부터 상가홍보 등 상권활성화를 위한 유지 및 관리업무 등을 수행할 관리회사가 필요할 경우, 수분양자인 점포주들의 개별적인 동의 또는 점포주들의 위임을 받은 대표 동의 등을 통해 를 통해 관리권을 위임받는 절차를 거쳐야 할 것이다. 그럼에도 불구하고 현행 약관조항은 당사자간의 개별약정이 아닌 약관으로 피심인이 일방적으로 정한 관리회사에게 입점비 관리 및 집행을 위임하도록 규정하고 있다. 따라서 이는 법률의 규정에 의한 고객의 권리를 상당한 이유없이 배제 또는 제한하는 조항이자 고객이 제3자와 계약을 체결하는 것을 부당하게 제한하는 조항으로서 약관법 제11조 제1호 및 제3호에 해당된다. ",,미검수,,,근거 서술에 조항 문구 인용 없음. 약관이 '피심인이 일방적으로 정한 관리회사에게 입점비 관리 및 집행을 위임하도록 규정'한다는 내용만 설명되어 있음
법제처 OPEN API/ftc,1237,,창동역사(주)의 '입점비 납부 및 사용에 관한 동의서’상 불공정약관조항에 대한 건,https://www.law.go.kr/DRF/lawService.do?OC=test&target=ftc&ID=1237&type=HTML,입점비 반환청구 및 손해배상청구 금지 조항,무효,조문인용 추론,위험,"제6조,제7조,제8조",부당한 비용·세금 전가|선택권 제한·구입 강제|과도한 위약금|책임 면제,"3. 입점비 반환청구 및 손해배상청구 금지 조항 가. 약관조항 나. 검토의견 : 무효 계약해제 때 손해배상액의 예정인 위약금은 총대금의 10%로 함이 통상적인 거래관행이며 판례의 전 취지이고 이러한 법리는 임의해제의 경우에도 마찬가지로 적용된다 할 것이다. 그럼에도 불구하고 계약금 뿐만 아니라 입점비까지 반환하지 않는 위 약관은 고객에 대하여 부당하게 과중한 손해배상의무를 부담시키는 조항으로서 약관법 제8조에 해당된다. 또한, 계약해제ㆍ해지가 임대인의 귀책으로 발생한 경우는 임대인은 이로 인한 손해배상를 하여야 할 것임에도 위 조항은 이러한 경우에도 임차인의 손해배상청구를 금지시키고 있다. 따라서, 이는 상당한 이유없이 사업자의 손해배상범위를 제한하거나 사업자가 부담하여야 할 위험을 고객에게 이전시키는 조항으로서 약관법 제7조 제2호에 해당된다. ]]> 나. 검토의견 : 무효 일반적으로 상가개발비는 수분양자가 임대보증금 및 임대료와는 별도로 '상가활성화’라는 수분양자들의 공동이익을 위한 목적에 한정하여 사용하기 위하여 분양회사에게 지급하는 것이다. 피심인은 개발비 용도로 임대분양금의 10%에 해당하는 금액을 받고 있는데, 이는 임대보증금과 별개로 지급하는 것이므로 분양대금에 포함되는 비용 즉, 상가건물의 사용수익에 필요한 기본적 시설비용 등에 사용하여서는 안된다. 상기 약관 (1).과 (2).는 개발비를 광고비, 홍보비에 사용할 수 있도록 하고 있으나, 광고ㆍ홍보의 내용이 포괄적이어서 수분양자들의 이익과는 직접 관련이 없는 경우, 즉 분양자체를 위한 광고나 홍보에 사용할 수 있다. 또한 (3).은 개발비를 상가조성비용(세입자 임대수수료, 상가개점일까지의 관리비, 개점 후 임대료 및 공과금 등의 연체료 대납 등)에 쓸 수 있게 하고 있는데, 상가조성비용은 임대인이 부담하여야 할 비용이며 수분양자의 개발비로 집행하는 것은 부당하다. (4).는 개발비를 상가개점전 개발에 필요한 관리운영에 소요되는 비용 및 자금관리약정규정에 의한 비용에 사용할 수 있도록 하고 있는데, 이는 사용용도가 불분명하여 사업자가 자의적으로 이용할 수 있다. 또한 상가분양시 수분양자의 전유부분이 아닌 전체건물 또는 매장내 공용부분에 대한 인테리어 시공은 사업자가 자기 비용으로 부담해야 할 부분임에도, 개발비를 공용부분의 인테리어 시공에 쓸 수 있게 규정한 (5).는 부당하다. (6).은 기타 상가활성화 및 수익이 창출된다고 판단되는 사업투자비용에 개발비를 사용할 수 있도록 하고 있는데, 이는 개발비 사용범위가 포괄적이어서 수분양자의 이익과는 직접 관련이 없는 경우에도 피심인이 임의로 사용할 수 있다. 따라서 개발비 사용용도 등을 규정한 피심인 약관조항 (1).에서부터 (6).까지는 고객에 대하여 부당하게 불리한 약관조항으로 약관법 제6조 제2항 제1호에 해당한다고 판단된다. ",,미검수,,,"근거 서술에 조항 문구 인용 없음. 계약금과 입점비 반환 거부, 손해배상청구 금지 내용이 설명되어 있으나 원문 인용 없음"
법제처 OPEN API/ftc,1237,,창동역사(주)의 '입점비 납부 및 사용에 관한 동의서’상 불공정약관조항에 대한 건,https://www.law.go.kr/DRF/lawService.do?OC=test&target=ftc&ID=1237&type=HTML,입점비 반환청구 및 손해배상청구 금지 조항,무효,조문인용 추론,위험,"제7조,제8조",책임 면제|과도한 위약금,"3. 입점비 반환청구 및 손해배상청구 금지 조항 가. 약관조항 나. 검토의견 : 무효 계약해제 때 손해배상액의 예정인 위약금은 총대금의 10%로 함이 통상적인 거래관행이며 판례의 전 취지이고 이러한 법리는 임의해제의 경우에도 마찬가지로 적용된다 할 것이다. 그럼에도 불구하고 계약금 뿐만 아니라 입점비까지 반환하지 않는 위 약관은 고객에 대하여 부당하게 과중한 손해배상의무를 부담시키는 조항으로서 약관법 제8조에 해당된다. 또한, 계약해제ㆍ해지가 임대인의 귀책으로 발생한 경우는 임대인은 이로 인한 손해배상를 하여야 할 것임에도 위 조항은 이러한 경우에도 임차인의 손해배상청구를 금지시키고 있다. 따라서, 이는 상당한 이유없이 사업자의 손해배상범위를 제한하거나 사업자가 부담하여야 할 위험을 고객에게 이전시키는 조항으로서 약관법 제7조 제2호에 해당된다. ]]>",,미검수,,,근거 서술에 조항 문구 인용 없음. 입점비 반환 거부 및 손해배상청구 금지 내용이 설명되어 있으나 따옴표나 「」로 명시된 원문 인용이 없음
법제처 OPEN API/ftc,1253,,창동역사(주)의 창동민자역사 임대차계약서상 불공정약관조항에 대한 건,https://www.law.go.kr/DRF/lawService.do?OC=test&target=ftc&ID=1253&type=HTML,일방적인 업종 및 품목 변경 조항,무효,조문인용 추론,위험,제10조,일방적 급부·조건 변경,"2. 일방적인 업종 및 품목 변경 조항 가. 약관조항 나. 검토의견 : 무효 상가 임대차 분양계약에 있어서 업종용도 및 취급품목은 핵심적인 사항이며 계약 당사자에게 매우 중요한 사항이므로, 향후 임대인의 일방적인 결정으로 업무용도를 변경할 수 있도록 하는 것은 계약의 본질적인 내용을 침해하는 것이다. 해당 약관조항은 상품기획자(MD)가 임차인의 반대에도 불구하고 업종용도 및 취급품목을 일방적으로 변경할 수 있는 권한을 부여하는 것으로 해석할 수 있다. 따라서 해당 약관조항은 상당한 이유없이 급부의 내용을 일방적으로 결정하거나 변경할 수 있도록 권한을 부여하는 조항으로서 약관법 제10조 제1호에 해당된다. ",,미검수,,,근거 서술에 조항 문구 인용 없음
법제처 OPEN API/ftc,1253,,창동역사(주)의 창동민자역사 임대차계약서상 불공정약관조항에 대한 건,https://www.law.go.kr/DRF/lawService.do?OC=test&target=ftc&ID=1253&type=HTML,위약금 조항,무효,조문인용 추론,위험,제8조,과도한 위약금,3. 위약금 조항 가. 약관조항 나. 검토의견 : 무효 부동산거래분야에서 계약해제에 따른 위약금은 거래대금의 10% 정도가 통상적인 거래관행이며 판례의 취지이다. 따라서 고객의 사유로 인한 계약해제시 위약금을 임대분양대금의 20%로 하는 것은 고객에게 과중한 손해배상의무를 부담시키는 조항으로서 약관법 제8조에 해당된다고 판단된다. ,,미검수,고객의 사유로 인한 계약해제시 위약금을 임대분양대금의 20%로 하는 것,보통,"인용 표시 없이 조항 내용이 서술된 형태로, 공정위의 판단 대상이 된 조항 문구를 그대로 옮김"
법제처 OPEN API/ftc,1253,,창동역사(주)의 창동민자역사 임대차계약서상 불공정약관조항에 대한 건,https://www.law.go.kr/DRF/lawService.do?OC=test&target=ftc&ID=1253&type=HTML,동일 업종 및 품목 중복 유치 조항,무효,조문인용 추론,위험,제10조,일방적 급부·조건 변경,"4. 동일 업종 및 품목 중복 유치 조항 가. 약관조항 나. 검토의견 : 무효 대규모 상가건물의 임대인은 상가의 활성화를 위하여 당초 지정된 업종 등을 변경할 수 있도록 할 필요가 있음을 부인할 수는 없으나, 임차인은 업종제한 등의 결과 각 층별로 지정된 업종 등에 한하여 영업할 수 있게 됨으로써 일정한 영업상 이익을 얻을 것으로 기대하고 있다. 그러나 당해 약관은 임대인이 일방적으로 당초 예정된 층별ㆍ위치별 배치 계획을 넘어서 동일업종ㆍ동일품목을 임차인과 협의 없이 추가로 취급할 수 있는 것처럼 해석될 수 있다. 따라서 임대인이 동일 업종이나 품목을 중복유치하는 경우에는 기존 임차인의 영업상의 이익이 부당하게 침해될 수 있으므로 상가활성화를 위한 중복유치라 하더라도 기존 임차인과 협의하여 진행하는 것이 바람직할 것이다. 그러나, 피심인의 당해 약관은 임대인의 일방적인 동일 업종이나 품목의 중복 유치가 가능하게 하고, 이에 대한 임차인의 이의제기를 금지하고 있다. 따라서, 위 약관조항은 상당한 이유없이 급부의 내용을 사업자가 일방적으로 결정하거나 변경할 수 있도록 권한을 부여하는 조항이자 법률의 규정에 의한 고객의 항변권, 상계권 등의 권리를 상당한 이유없이 배제 또는 제한하는 조항으로서 약관법 제10조 제1항 및 제11조 제1항에 해당한다. ",,미검수,,,근거 서술에 조항 문구 인용 없음. 임대인의 동일 업종·품목 중복 유치 권한과 임차인의 이의제기 금지에 관한 내용만 설명되어 있음
법제처 OPEN API/ftc,1253,,창동역사(주)의 창동민자역사 임대차계약서상 불공정약관조항에 대한 건,https://www.law.go.kr/DRF/lawService.do?OC=test&target=ftc&ID=1253&type=HTML,포괄적인 계약해지 조항,무효,조문인용 추론,위험,제6조,부당한 비용·세금 전가|선택권 제한·구입 강제|과도한 위약금,5. 포괄적인 계약해지 조항 가. 약관조항 나. 검토의견 : 무효 계약의 해제ㆍ해지는 계약 당사자의 이해에 중대한 영향을 미치는 사항이므로 그 사유를 약정하는 경우에도 구체적으로 열거되고 그 내용 또한 타당성을 가져야 할 것이다. 그러나 해당 약관조항은 “을이 갑의 명예와 신용을 훼손한 경우”라는 포괄적이고 불명확한 사유를 계약해지사유로 정함으로써 피심인이 일방적인 판단에 의해 계약을 해지할 수 있도록 규정하고 있다. 따라서 해당 약관조항은 고객에 대하여 부당하게 불리한 조항으로서 약관법 제6조 제1항 제1호에 해당한다. ,,미검수,을이 갑의 명예와 신용을 훼손한 경우,높음,따옴표로 명시 인용된 포괄적 계약해지사유 문구
법제처 OPEN API/ftc,1253,,창동역사(주)의 창동민자역사 임대차계약서상 불공정약관조항에 대한 건,https://www.law.go.kr/DRF/lawService.do?OC=test&target=ftc&ID=1253&type=HTML,공용부분 등 사용수익조항,무효,조문인용 추론,위험,제10조,일방적 급부·조건 변경,"6. 공용부분 등 사용수익조항 가. 약관조항 나. 검토의견 : 무효 쇼핑몰 임대차계약에서 임대인은 급부의 중요한 내용인 임대차목적물의 임대면적 중 전용면적 이외에 공용면적도 채무의 내용에 따라 임차인에게 제공하여 사용ㆍ수익에 필요한 상태를 유지하여야 할 것이다. 피심인이 임의로 공용면적 부분에 매장을 개설하거나 다른 용도로 사용하는 경우, 임대분양목적물을 변경하거나 면적을 조정하는 경우에는 임차인에게 영업상의 손실을 초래할 수 있다. 따라서, 피심인은 임차인의 영업행위에 지장을 초래하는 행위를 할 경우에는 임차인과 협의하여야 할 것임에도 당해 약관은 임차인의 영업행위에 영향을 미치는 임대인의 일방적인 행위를 가능하게 하고, 이에 대한 임차인의 이의제기를 금지하고 있음. 이는 상당한 이유없이 급부의 내용을 사업자가 일방적으로 결정하거나 변경할 수 있도록 권한을 부여하는 조항으로서 약관법 제10조 제1호에 해당한다. ",,미검수,,,근거 서술에 조항 문구 인용 없음. 공용면적 사용 및 변경에 관한 임대인의 일방적 행위 권한 내용만 설명되어 있음
법제처 OPEN API/ftc,1253,,창동역사(주)의 창동민자역사 임대차계약서상 불공정약관조항에 대한 건,https://www.law.go.kr/DRF/lawService.do?OC=test&target=ftc&ID=1253&type=HTML,임차인 동의간주 및 이의제기 금지조항,무효,조문인용 추론,위험,제10조,일방적 급부·조건 변경,"7. 임차인 동의간주 및 이의제기 금지조항 가. 약관조항 나. 검토의견 : 무효 임대차목적물 시설의 용도변경 등 건축운영은 임차인의 영업행위에 영향을 미치는 중요한 요인이 될 수 있고, 이는 임차인에게 예상치 못한 불이익을 초래할 수 있다. 따라서 임대인이 불가피하게 임대차 목적물의 업종변경, 용도변경 등을 해야 함으로써 임차인의 영업상의 이익이 침해될 경우 임차인에게 계약해지권, 손해배상청구권 등이 인정되어야 할 것이다. 그러나, 피심인은 업종변경, 용도변경, 층별 MD 및 점포수 증가를 포함한 건축운영에 대해서 수분양자가 동의한 것으로 간주하고 어떠한 민형사상의 이의제기를 금지하고 있다. 따라서 해당 약관조항은 상당한 이유없이 급부의 내용을 사업자가 일방적으로 결정하거나 변경할 수 있도록 권한을 부여하는 조항이며, 법률의 규정에 의한 고객의 항변권 등의 권리를 상당한 이유없이 제한하는 조항으로서 약관법 제10조 제1호, 제11조 제1호에 해당한다. ",,미검수,"업종변경, 용도변경, 층별 MD 및 점포수 증가를 포함한 건축운영에 대해서 수분양자가 동의한 것으로 간주하고 어떠한 민형사상의 이의제기를 금지",보통,"공정위의 판단 근거 서술에서 문제 조항의 내용을 설명하는 부분을 그대로 옮겼으나, 원본 약관 표에서의 정확한 문구와 일치 여부는 원문 대조 필요"
법제처 OPEN API/ftc,1253,,창동역사(주)의 창동민자역사 임대차계약서상 불공정약관조항에 대한 건,https://www.law.go.kr/DRF/lawService.do?OC=test&target=ftc&ID=1253&type=HTML,조세공과금 부당전가조항,무효,조문인용 추론,위험,제6조,부당한 비용·세금 전가|선택권 제한·구입 강제|과도한 위약금,"8. 조세공과금 부당전가조항 가. 약관조항 나. 검토의견 : 무효 임대인이 임차인의 영업활동을 위해 건물에 필요한 시설물 등을 설치하는 것은 당연한 행위이므로, 임대인이 자신들이 설치해야 할 설비 등을 임차인의 부담으로 한다면 이는 부당하다고 할 수 있다. 상기 해당 약관 조항에서 '신설 또는 부설할 시설물, 설비’는 엘리베이터 등 임대건물에 임대인의 의무로 설치해야 하는 것을 의미하는 것으로 해석될 수 있다. 따라서 이는 약관법상 고객에 대하여 부당하게 불리한 조항으로서 약관법 제6조 제2항 제1호에 해당한다. ",,미검수,,,"근거 서술에 조항 문구 인용 없음. '신설 또는 부설할 시설물, 설비'는 내용 설명일 뿐 원문 인용이 아님"
법제처 OPEN API/ftc,1253,,창동역사(주)의 창동민자역사 임대차계약서상 불공정약관조항에 대한 건,https://www.law.go.kr/DRF/lawService.do?OC=test&target=ftc&ID=1253&type=HTML,소송 관할 법원 조항,무효,조문인용 추론,위험,"제10조,제14조",일방적 급부·조건 변경|권리행사 제한,"9. 소송 관할 법원 조항 가. 약관조항 나. 검토의견 : 무효 모든 재판관할 합의가 반드시 부당하다고는 할 수 없으나 그러한 재판관할합의의 유효성은 당사자 사이에 개별적이고 명백한 특약이 있는 경우에 한하여 인정할 수 있다. 따라서, 사업자와 고객간의 거래에 이용되는 약관 속에 민사소송법상의 관할법원규정보다 고객에게 불리한 관할법원조항을 포함시키는 것은 경제적 약자인 고객에게는 응소상의 큰 불편을 초래할 우려가 있다. 따라서 해당 약관조항은 '고객에 대하여 부당하게 불리한 재판관할의 합의조항’으로서 약관법 제14조에 해당한다. ]]> 나. 검토의견 : 무효 상가분양에서 준공예정일은 수분양자에게 입점일과 연계된 매우 중요한 사항임에도 피심인은 계약서에 구체적인 준공예정월을 기입하지 않고 공란으로 계약을 작성하고 있다. 준공예정일을 명시하지 않으면 사업자는 준공일을 자의적으로 정할 수 있는 반면에 수분양자는 이와 연계되는 입점예정일을 알 수 없는 문제가 있다. 따라서 이는 상당한 이유없이 급부의 내용을 사업자가 일방적으로 결정하거나 변경할 수 있는 권한을 부여하는 조항으로 약관법 제10조 제1호에 해당된다. 그러나, “공정에 따라 변경될 수 있음”이란 내용은 준공예정일이 변경될 수 있는 것임을 단순히 고지하는 것이며 임대인의 귀책으로 인한 준공 지연 때에 피심인의 배상책임을 면제하는 것으로 해석되지 않으므로 부당하다고 보기는 곤란하다. ",,미검수,,,근거 서술에 소송 관할 법원 조항의 구체적 문구 인용 없음. 내용만 설명됨
법제처 OPEN API/ftc,1253,,창동역사(주)의 창동민자역사 임대차계약서상 불공정약관조항에 대한 건,https://www.law.go.kr/DRF/lawService.do?OC=test&target=ftc&ID=1253&type=HTML,소송 관할 법원 조항,무효,조문인용 추론,위험,제14조,권리행사 제한,"9. 소송 관할 법원 조항 가. 약관조항 나. 검토의견 : 무효 모든 재판관할 합의가 반드시 부당하다고는 할 수 없으나 그러한 재판관할합의의 유효성은 당사자 사이에 개별적이고 명백한 특약이 있는 경우에 한하여 인정할 수 있다. 따라서, 사업자와 고객간의 거래에 이용되는 약관 속에 민사소송법상의 관할법원규정보다 고객에게 불리한 관할법원조항을 포함시키는 것은 경제적 약자인 고객에게는 응소상의 큰 불편을 초래할 우려가 있다. 따라서 해당 약관조항은 '고객에 대하여 부당하게 불리한 재판관할의 합의조항’으로서 약관법 제14조에 해당한다. ]]>",,미검수,,,근거 서술에 조항 문구 인용 없음. 내용만 설명되어 있음
법제처 OPEN API/ftc,1169,,청우기획의 설치약정서 거래약관상 불공정약관조항에 대한 건,https://www.law.go.kr/DRF/lawService.do?OC=test&target=ftc&ID=1169&type=HTML,(문서 전체 — 조항 구분 없음),무효,명시,위험,제9조,일방적 계약 해지|권리행사 제한|보증금 반환 지연,"1169 시정권고서 2012약관1231 나. 심사의견: 무효 본 광고물의 제작ㆍ설치 약정은 계약 당사자 일방이 일의 완성을 약정하고 그 거래상대방이 그 일의 결과에 대하여 보수를 지급할 것을 약정하고 있으므로 민법상의 도급계약에 해당한다고 볼 수 있다. 민법상 도급인이 완성된 목적물의 하자로 인하여 계약의 목적을 달성할 수 없는 때에는 계약을 해제할 수 있으며 이에 대한 손해배상을 청구할 수 있도록 규정하고 있다.(민법 제668조) 그러나 위 약관에는 제품의 설치 장소에 따라 별도의 주문, 제작을 하여야 하는 제품의 특성상 한번 설치 완료된 제품은 반품과 취소가 불가한 것으로 규정하고 있다. 이는 설치 완료된 광고물의 하자로 인하여 계약의 목적을 달성할 수 없을 경우조차도 고객이 계약을 해제할 수 없도록 원천적으로 봉쇄하고 있는 것이며 아울러, 손해가 발생할 경우 이에 대한 손해배상청구권마저도 배제하고 있다고 할 수 있을 것이다. 따라서 당해 약관조항은 법률에 따른 고객의 해제권 또는 해지권을 배제하거나 그 행사를 제한하는 조항이자 상당한 이유없이 사업자의 손해배상 범위를 제한하거나 사업자가 부담하여야 할 위험을 고객에게 떠넘기는 조항으로 약관법 제9조 제1호 및 제7조 제2호에 해당되어 무효이다. ]]> 나. 심사의견: 무효 본 광고물의 제작ㆍ설치 약정은 계약 당사자 일방이 일의 완성을 약정하고 그 거래상대방이 그 일의 결과에 대하여 보수를 지급할 것을 약정하고 있으므로 민법상의 도급계약에 해당한다고 볼 수 있다. 민법상 도급인이 완성된 목적물의 하자로 인하여 계약의 목적을 달성할 수 없는 때에는 계약을 해제할 수 있으며 이에 대한 손해배상을 청구할 수 있도록 규정하고 있다.(민법 제668조) 그러나 위 약관에는 제품의 설치 장소에 따라 별도의 주문, 제작을 하여야 하는 제품의 특성상 한번 설치 완료된 제품은 반품과 취소가 불가한 것으로 규정하고 있다. 이는 설치 완료된 광고물의 하자로 인하여 계약의 목적을 달성할 수 없을 경우조차도 고객이 계약을 해제할 수 없도록 원천적으로 봉쇄하고 있는 것이며 아울러, 손해가 발생할 경우 이에 대한 손해배상청구권마저도 배제하고 있다고 할 수 있을 것이다. 따라서 당해 약관조항은 법률에 따른 고객의 해제권 또는 해지권을 배제하거나 그 행사를 제한하는 조항이자 상당한 이유없이 사업자의 손해배상 범위를 제한하거나 사업자가 부담하여야 할 위험을 고객에게 떠넘기는 조항으로 약관법 제9조 제1호 및 제7조 제2호에 해당되어 무효이다. ]]> 나. 심사의견: 무효 본 광고물의 제작ㆍ설치 약정은 계약 당사자 일방이 일의 완성을 약정하고 그 거래상대방이 그 일의 결과에 대하여 보수를 지급할 것을 약정하고 있으므로 민법상의 도급계약에 해당한다고 볼 수 있다. 민법상 도급인이 완성된 목적물의 하자로 인하여 계약의 목적을 달성할 수 없는 때에는 계약을 해제할 수 있으며 이에 대한 손해배상을 청구할 수 있도록 규정하고 있다.(민법 제668조) 그러나 위 약관에는 제품의 설치 장소에 따라 별도의 주문, 제작을 하여야 하는 ",,미검수,한번 설치 완료된 제품은 반품과 취소가 불가한 것,보통,"인용 표시 없이 약관 내용이 설명되어 있으며, 해당 문구가 근거 서술에 그대로 나타남"
법제처 OPEN API/ftc,8745,,케이비부동산신탁(주)의 부천중동더스테이트상가(더스테이트몰) 매매계약서상 불공정약관조항에 대한 건,https://www.law.go.kr/DRF/lawService.do?OC=test&target=ftc&ID=8745&type=HTML,"용도, 설계변경 등에 대한 이의제기금지조항",무효,명시,위험,제10조,일방적 급부·조건 변경,"2. 용도, 설계변경 등에 대한 이의제기금지조항 (1) 약관조항 (2) 심사결과 : 무효 사업자가 상대방과 합의하였다는 등의 특별한 사정이 없는 한 증축 또는 설계, 용도변경 등으로 인하여 약정한 채무를 제공할 수 없게 되었다면 손해배상청구나 계약의 해제 등 채무불이행 책임을 부담한다. 상가건물의 용도나 설계, 증축여부 등은 계약의 중요한 내용이라 할 것인 데, 해당 약관조항은 사업자가 계획변경에 따라 이를 임의로 변경할 수 있도록 하고 나아가 수분양자가 이의를 제기할 수 없도록 하고 있다. 이에 따라 사업자가 계획을 임의로 변경하여 증축, 용도, 설계변경을 함으로써 본래 약정한 채무를 이행하지 못하게 된 경우에도 수분양자는 손해배상청구권이나 해제권 등을 행사하기 어렵게 된다. 따라서 해당 약관조항은 상당한 이유없이 급부의 내용을 사업자가 일방적으로 결정하거나 변경할 수 있도록 권한을 부여하는 조항 또는 법률의 규정에 의한 고객의 항변권 등의 권리를 제한하는 조항으로 약관법 제10조 제1호 및 제11조 제1호에 따라 무효이다. ",,기각,,,근거 서술에 조항 문구 인용 없음. 계획변경에 따른 임의 변경 및 이의제기 금지 내용이 설명되어 있으나 따옴표나 「」로 명시된 원문 인용이 없음
법제처 OPEN API/ftc,8745,,케이비부동산신탁(주)의 부천중동더스테이트상가(더스테이트몰) 매매계약서상 불공정약관조항에 대한 건,https://www.law.go.kr/DRF/lawService.do?OC=test&target=ftc&ID=8745&type=HTML,내용변경시 이의제기 금지조항,무효,명시,위험,제10조,일방적 급부·조건 변경,"3. 내용변경시 이의제기 금지조항 (1) 약관조항 (2) 심사결과 : 무효 상가분양을 받으려는 자는 사업자가 제공한 평면도, 홍보물 등을 통해 당해 상가에 대한 정보를 수집하고, 이를 바탕으로 계약체결여부를 결정하므로 평면도, 홍보물 등의 기재내용은 매우 중요하다 할 것이다. 또한 평면도, 홍보물 등의 내용 중 구체적인 거래조건 즉, 상가의 외형, 재질 등에 관한 것으로서 사회통념상 수분양자가 사업자에게 계약내용으로서 이행을 청구할 수 있다고 보여지는 사항은 분양계약의 내용에 해당한다. 따라서 사업자가 평면도, 조감도상의 구조물 등 및 홍보물의 내용과 다르게 이행할 수 있다고 정한 해당 약관조항은 상당한 이유없이 급부의 내용을 사업자가 일방적으로 변경할 수 있도록 하는 조항 또는 고객에 대하여 부당하게 불리한 약관조항으로 약관법 제10조 제1호 및 제6조 제2항 제1호에 해당한다. ",,기각,,,"근거 서술에 조항 문구 인용 없음. 조항 내용이 설명만 돼 있으며, 정확한 문구는 원본 표에서 확인 필요"
법제처 OPEN API/ftc,8745,,케이비부동산신탁(주)의 부천중동더스테이트상가(더스테이트몰) 매매계약서상 불공정약관조항에 대한 건,https://www.law.go.kr/DRF/lawService.do?OC=test&target=ftc&ID=8745&type=HTML,관할법원조항,무효,명시,위험,제14조,권리행사 제한,4. 관할법원조항 (1) 약관조항 (2) 심사결과 : 무효 해당 약관조항은 민사소송법상의 관할 규정보다 수분양자에게 불리한 관할법원을 규정한 것이어서 경제적 약자인 수분양자에게 응소 및 제소의 불편을 초래할 우려가 있다. 따라서 해당 약관조항은 고객에 대하여 부당하게 불리한 재판관할의 합의조항에 해당하여 약관법 제14조에 따라 무효이다. ,,기각,,,근거 서술에 조항 문구 인용 없음
법제처 OPEN API/ftc,8745,,케이비부동산신탁(주)의 부천중동더스테이트상가(더스테이트몰) 매매계약서상 불공정약관조항에 대한 건,https://www.law.go.kr/DRF/lawService.do?OC=test&target=ftc&ID=8745&type=HTML,구두약정조항,무효,명시,위험,제6조,부당한 비용·세금 전가|선택권 제한·구입 강제|과도한 위약금,"5. 구두약정조항 (1) 약관조항 (2) 심사결과 : 무효 당사자는 약관과는 별도로 계약내용에 대하여 개별적인 합의를 할 수 있으며, 이러한 개별약정은 약관에 우선한다 할 것이다. 약관법에서도 약관에서 정하고 있는 사항에 관하여 사업자와 고객이 계약의 내용과 다르게 합의한 사항이 있을 때에는 당해 합의사항은 계약에 우선한다고 하여 개별약정우선의 원칙을 정하고 있다. 이러한 개별약정은 서면 뿐만 아니라 구두에 의하여도 가능하다할 것인데 해당 약관조항은 구두약정은 무효라고 하여 구두로 한 개별약정의 우선적 효력을 일체 부정하고 있다. 이에 따라 사업자가 계약체결시에 수분양자에게 구두로 약속을 하여놓고 후에 서면에 의하지 아니하였음을 이유로 그 효력을 부인할 수 있게 되어 수분양자의 이익을 부당하게 침해할 수 있다. 따라서 해당 약관조항은 고객에 대하여 부당하게 불리한 약관조항으로 약관법 제6조 제1항, 제2항 제1호에 따라 무효이다. ",,기각,,,폐기: 제시한 문구가 근거 서술에 없음 (창작 의심)
법제처 OPEN API/ftc,8745,,케이비부동산신탁(주)의 부천중동더스테이트상가(더스테이트몰) 매매계약서상 불공정약관조항에 대한 건,https://www.law.go.kr/DRF/lawService.do?OC=test&target=ftc&ID=8745&type=HTML,기본시설의 유무확인 및 이의제기 금지조항,무효,명시,위험,"제8조,제9조,제11조",과도한 위약금|일방적 계약 해지|권리행사 제한|보증금 반환 지연,"6. 기본시설의 유무확인 및 이의제기 금지조항 (1) 약관조항 (2) 심사결과 : 무효 사업자가 기본시설, 기계설비 등을 제대로 설치하지 아니한 경우수분양자는 손해배상청구, 계약해제 등 채무불이행책임을 물을 수 있다. 더구나 도시가스, 냉ㆍ난방, 음향 등은 해당 상가에 실제로 입주하여 이용을 한 후에야 비로소 그 하자 등을 발견할 수 있는 경우가 많다 할 것이다. 해당 약관조항은 수분양자가 계약시 이와 같은 내용을 확인하고 이의를 제기할 수 없도록 하여 사업자가 약정한 바에 따라 채무를 이행하지 아니한 경우에도 수분양자가 이와 같은 권리를 행사하기 어렵게 하고 있다. 따라서 이는 법률의 규정에 의한 고객의 항변권, 상계권 등의 권리를 상당한 이유없이 배제 또는 제한하는 조항으로 약관법 제11조 제1호에 따라 무효이다. ]]> (2) 심사결과 : 무효 제2조 제5항은 수분양자의 귀책사유로 계약이 해지된 경우 계약금을 위약금으로 사업자에게 귀속시키고 수분양자가 계약금 등의 지급을 지체하여 부담하게 된 연체료도 추가로 공제하도록 하고 있다. 통상 부동산거래에 있어 계약해제에 따른 위약금은 거래대금의 10퍼센트로 함이 거래관행임을 고려할 때 해당 약관조항은 고객에 대하여 부당하게 과중한 손해배상의무를 부담시키는 조항으로 약관법 제8조에 해당한다. 한편, 제2조 제6항은 사업자의 귀책사유로 계약이 해제되는 경우 계약금을 위약금으로 하되, 분양대금을 무위 반환하도록 하여 분양대금에 대한 이자는 지급하지 않도록 하고 있다. 당사자 일방이 계약을 해제한 때에는 각 당사자는 그 상대방에 대하여 원상회복의 의무가 있고, 금전의 경우에는 받은 날부터 반환할 때까지의 이자를 가산하여 반환하여야 한다.(민법 제548조) 따라서 계약해제시 기납부한 대금에 대한 이자의 반환을 배제하고 있는 해당 약관조항은 계약의 해제로 인한 사업자의 원상회복의무를 부당하게 경감하는 조항으로 약관법 제9조 제4호에 해당한다. ",,기각,,,근거 서술에 조항 문구 인용 없음. 조항 내용이 설명만 되어 있음
법제처 OPEN API/ftc,8745,,케이비부동산신탁(주)의 부천중동더스테이트상가(더스테이트몰) 매매계약서상 불공정약관조항에 대한 건,https://www.law.go.kr/DRF/lawService.do?OC=test&target=ftc&ID=8745&type=HTML,기본시설의 유무확인 및 이의제기 금지조항,무효,명시,위험,제11조,권리행사 제한,"6. 기본시설의 유무확인 및 이의제기 금지조항 (1) 약관조항 (2) 심사결과 : 무효 사업자가 기본시설, 기계설비 등을 제대로 설치하지 아니한 경우수분양자는 손해배상청구, 계약해제 등 채무불이행책임을 물을 수 있다. 더구나 도시가스, 냉ㆍ난방, 음향 등은 해당 상가에 실제로 입주하여 이용을 한 후에야 비로소 그 하자 등을 발견할 수 있는 경우가 많다 할 것이다. 해당 약관조항은 수분양자가 계약시 이와 같은 내용을 확인하고 이의를 제기할 수 없도록 하여 사업자가 약정한 바에 따라 채무를 이행하지 아니한 경우에도 수분양자가 이와 같은 권리를 행사하기 어렵게 하고 있다. 따라서 이는 법률의 규정에 의한 고객의 항변권, 상계권 등의 권리를 상당한 이유없이 배제 또는 제한하는 조항으로 약관법 제11조 제1호에 따라 무효이다. ]]>",,기각,,,근거 서술에 조항 문구 인용 없음. 조항의 내용(계약시 기본시설 확인 및 이의제기 금지)만 설명되어 있음
법제처 OPEN API/ftc,10279,,케이티글로벌수빅인코퍼레이션의 수빅암펠로스타워 임차소유권 매매계약서상 불공정약관조항에 대한 건,https://www.law.go.kr/DRF/lawService.do?OC=test&target=ftc&ID=10279&type=HTML,공사중단시 공사재산 이전조항,무효,조문인용 추론,위험,제6조,부당한 비용·세금 전가|선택권 제한·구입 강제|과도한 위약금,2. 공사중단시 공사재산 이전조항 가. 약관조항 나. 검토의견 : 무효 ㅇ 본 건 계약은 임차소유권 매매계약으로서 임차소유권 매수인이 목적물을 임차할 수 있는 권리를 얻는 계약이므로 목적물을 완성시키는 공사가 중도에 중단되고 더 이상 공사를 진행할 수 없는 경우 진행된 공사 재산에 대한 소유권 등의 권리 이전여부는 별도로 매수인과 매도인의 합의에 따라 결정되어야 할 것임 - 그러나 위 조항은 공사가 중단된 경우 임차소유권 매도인이 임차소유권 매수인에게 진행된 공사 재산에 대한 권리를 일방적으로 이전할 수 있도록 정하고 있으므로 이는 고객에게 부당하게 불리한 조항으로 약관법 제6조 제2항 제1호에 해당됨 ,,기각,,,근거 서술에 조항 문구 인용 없음. 공사 중단 시 재산 이전에 관한 내용만 설명되어 있음
법제처 OPEN API/ftc,10279,,케이티글로벌수빅인코퍼레이션의 수빅암펠로스타워 임차소유권 매매계약서상 불공정약관조항에 대한 건,https://www.law.go.kr/DRF/lawService.do?OC=test&target=ftc&ID=10279&type=HTML,과다연체료 조항,무효,조문인용 추론,위험,제8조,과도한 위약금,"3. 과다연체료 조항 가. 약관조항 나. 검토의견 : 무효 ㅇ 본 임차소유권 매매계약에 있어 매도인은 매수인의 구매대금 연체이자율을 시장상황, 거래관행, 관계법령 등 제반여건을 고려하여 결정할 수 있음 - 그러나 매도인이 정한 연체이자율에 따른 연체료가 과다하여 매수인에게 부당하게 과중한 손해배상의 의무를 부담하도록 하여서는 아니됨 ㅇ 한편 현행 이자제한법상 금전대차에 관한 계약상의 최고이율은 연 30%이고, 공정위 표준약관상 아파트 임대차계약에서 연체이율은 국민은행의 일반자금대출 연체이율로 정하고 있으며, 백화점 임대차계약에서의 연체이율은 연 24%로 정하고 있음 - 그러나 위 약관조항은 임차소유권 매수인이 구매대금을 연체할 경우 연체대금에 월 3%의 연체료를 이를 연간으로 환산할 때 연 36%에 해당함 - 그러므로 동 조항은 관련법령 및 거래관행에 비추어 고객에 대하여 부당하게 과중한 지연손해금 등 과중한 손해배상의무를 부담시키는 조항이므로 약관법 제8조에 해당됨 ",,기각,임차소유권 매수인이 구매대금을 연체할 경우 연체대금에 월 3%의 연체료를 이를 연간으로 환산할 때 연 36%에 해당함,보통,"근거 서술에서 약관 조항의 내용을 설명하는 형태로 제시됨. 직접 인용 표시는 없으나 조항의 구체적 수치(월 3%, 연 36%)를 포함하고 있음"
법제처 OPEN API/ftc,10279,,케이티글로벌수빅인코퍼레이션의 수빅암펠로스타워 임차소유권 매매계약서상 불공정약관조항에 대한 건,https://www.law.go.kr/DRF/lawService.do?OC=test&target=ftc&ID=10279&type=HTML,계약 해제ㆍ해지 조항,무효,조문인용 추론,위험,제9조,일방적 계약 해지|권리행사 제한|보증금 반환 지연,"4. 계약 해제ㆍ해지 조항 가. 약관조항 나. 검토의견 : 무효 ㅇ 계약의 해제ㆍ해지는 계약당사자에게 중대한 영향을 미치는 사항이므로 상대방이 계약을 불이행한 경우라도 상당한 기간을 정하여 계약내용을 이행할 것을 최고하고 그 기간 내에 이행하지 아니할 때에 비로소 계약을 해제ㆍ해지함이 타당함(민법 제544조), - 그러나 위 약관조항은 임차소유권 매수인이 구매대금을 연체하는 경우 매도인이 상당한 기간을 정하여 최고함이 없이 일방적으로 해지통지서를 발송한 것만으로 계약을 해제ㆍ해지 할 수 있도록 정하고 있음 - 따라서 동 조항은 법률의 규정에 의한 해지권의 행사요건을 완화하여 고객에 대하여 부당하게 불이익을 줄 우려가 이는 조항으로 약관법 제9조 제2호에 해당됨 ",,기각,,,근거 서술에 조항 문구 인용 없음. 내용만 설명되어 있음
법제처 OPEN API/ftc,10279,,케이티글로벌수빅인코퍼레이션의 수빅암펠로스타워 임차소유권 매매계약서상 불공정약관조항에 대한 건,https://www.law.go.kr/DRF/lawService.do?OC=test&target=ftc&ID=10279&type=HTML,위약금 조항,무효,조문인용 추론,위험,제8조,과도한 위약금,5. 위약금 조항 가. 약관조항 나. 검토의견 : 무효 ㅇ 부동산 거래분야에서 계약해제에 따른 위약금은 거래대금의 10%정도가 통상적인 거래관행이며 판례의 취지임 - 그러나 위 약관조항은 임차소유권 매수인의 귀책사유로 인한 계약취소ㆍ해지시 위약금으로 구매대금의 총 30%까지 매도인에게 귀속되도록 정하고 있으므로 이는 고객에게 과중한 손해배상의무를 부담시키는 조항으로 약관법 제8조에 해당함 ,,기각,임차소유권 매수인의 귀책사유로 인한 계약취소ㆍ해지시 위약금으로 구매대금의 총 30%까지 매도인에게 귀속,보통,인용 표시 없이 약관 내용을 설명하는 형태로 서술되어 있음
법제처 OPEN API/ftc,10279,,케이티글로벌수빅인코퍼레이션의 수빅암펠로스타워 임차소유권 매매계약서상 불공정약관조항에 대한 건,https://www.law.go.kr/DRF/lawService.do?OC=test&target=ftc&ID=10279&type=HTML,구매대금 반환시 이자 불가산 조항,무효,조문인용 추론,위험,제9조,일방적 계약 해지|권리행사 제한|보증금 반환 지연,"6. 구매대금 반환시 이자 불가산 조항 가. 약관조항 나. 검토의견 : 무효 ㅇ 민법 제548조에 따르면 쌍무계약에 있어서 당사자 일방이 계약을 해제한 때에는 각 당사자는 그 상대방에 대하여 즉시 원상회복의무가 있고, 그에 따라 반환하여야 할 것이 금전인 경우 그 받은 날로부터 이자를 가하여 반환하여 함 - 그러나 위 약관조항은 임차소유권 매도인이 계약을 해제한 경우 매수인이 기 납부한 구매대금 중 일부 위약금을 제외한 나머지 구매대금을 반환하는 경우 이자를 가산하지 않도록 정하고 있음 - 따라서 동 조항은 계약의 해제ㆍ해지로 인한 사업자의 원상회복의무를 부당하게 경감하는 조항으로 약관법 제9조 제4호에 해당됨 ",,기각,,,근거 서술에 조항 문구 인용 없음. 내용만 설명되어 있음(이자를 가산하지 않도록 정하고 있음)
법제처 OPEN API/ftc,10279,,케이티글로벌수빅인코퍼레이션의 수빅암펠로스타워 임차소유권 매매계약서상 불공정약관조항에 대한 건,https://www.law.go.kr/DRF/lawService.do?OC=test&target=ftc&ID=10279&type=HTML,의사표시 통지 간주조항,무효,조문인용 추론,위험,제12조,일방적 계약 해지,7. 의사표시 통지 간주조항 가. 약관조항 나. 검토의견 : 무효 ㅇ 상대방이 있는 의사표시의 효력발생 시기는 그 의사표시가 상대방의 영역내에 도달한 때 또는 객관적으로 도달 되었다고 인정될 만한 상황이 존재한 때로 인정됨(민법 제111조 제1항) - 더욱이 그 의사표시가 상대방에게 미치는 영향이 중대한 경우에는 이러한 민법상 도달주의 법리가 더욱 엄격히 요구된다고 할 것임 ㅇ 그러나 위 약관조항은 임차소유권 매도인이 매수인에게 계약의 취소 또는 해지의 통지를 발송만 되면 매수인에게 통지된 것으로 간주하고 있음 - 따라서 동 조항은 고객의 이익에 중대한 영향을 미치는 사업자의 의사표시가 상당한 이유없이 고객에게 도달된 것으로 보는 조항으로서 약관법 제12조 제3호에 해당됨 ,,기각,임차소유권 매도인이 매수인에게 계약의 취소 또는 해지의 통지를 발송만 되면 매수인에게 통지된 것으로 간주,보통,따옴표 없이 서술되었으나 약관 조항의 내용을 그대로 옮김
법제처 OPEN API/ftc,10279,,케이티글로벌수빅인코퍼레이션의 수빅암펠로스타워 임차소유권 매매계약서상 불공정약관조항에 대한 건,https://www.law.go.kr/DRF/lawService.do?OC=test&target=ftc&ID=10279&type=HTML,시설물 귀속조항,무효,조문인용 추론,위험,제11조,권리행사 제한,"8. 시설물 귀속조항 가. 약관조항 나. 검토의견 : 무효 ㅇ 임차인이 임대목적물에 부속시설물을 설치한 경우 부속물이 목적물과 구분되는 독립성이 존재하는 때에는 임차인이 그 물건의 소유권을 가짐(민법 제256조 단서, 대판 99다14518) - 그러나 위 약관조항은 계약의 취소 또는 해지시 임차소유권 매수인이 설치한 모든 시설물에 대하여 매도인의 소유가 되도록 규정하고 있음 - 따라서 위 조항은 법률에 규정에 의한 고객의 권리를 상당한 이유없이 배제하는 조항으로 약관법 제11조 제1호에 해당됨 ",,기각,,,근거 서술에 조항 문구 인용 없음. 내용만 설명됨: '계약의 취소 또는 해지시 임차소유권 매수인이 설치한 모든 시설물에 대하여 매도인의 소유가 되도록 규정'이라는 의역 표현만 존재
법제처 OPEN API/ftc,10279,,케이티글로벌수빅인코퍼레이션의 수빅암펠로스타워 임차소유권 매매계약서상 불공정약관조항에 대한 건,https://www.law.go.kr/DRF/lawService.do?OC=test&target=ftc&ID=10279&type=HTML,패소자 비용부담 조항,무효,조문인용 추론,위험,제6조,부당한 비용·세금 전가|선택권 제한·구입 강제|과도한 위약금,"9. 패소자 비용부담 조항 가. 약관조항 나. 검토의견 : 무효 ㅇ 패소자가 부담하여야 할 승소자의 변호사 비용은 소송목적 값에 따라 달라짐(민사소송법 제109조, 변호사보수의 소송비용 산입에 관한 규칙 별표[대법원 규칙]) - 그러나 위 약관조항은 패소가가 부담하여야 할 변호사 비용을 일률적으로 US$2,000이상으로 정하고 있으므로 경우에 따라 패소자가 된 임차소유권 매수인에게 불리하므로 이는 고객에게 부당하게 불리한 조항으로 약관법 제6조 제2항 제1호에 해당됨 ",,기각,"패소가가 부담하여야 할 변호사 비용을 일률적으로 US$2,000이상으로 정하고 있으므로",보통,"약관 원문 인용 표시는 없으나, 공정위의 판단 근거 서술에서 조항의 구체적 내용으로 제시된 문구를 그대로 옮김"
법제처 OPEN API/ftc,10279,,케이티글로벌수빅인코퍼레이션의 수빅암펠로스타워 임차소유권 매매계약서상 불공정약관조항에 대한 건,https://www.law.go.kr/DRF/lawService.do?OC=test&target=ftc&ID=10279&type=HTML,별도약정 불인정 조항,무효,조문인용 추론,위험,제6조,부당한 비용·세금 전가|선택권 제한·구입 강제|과도한 위약금,10. 별도약정 불인정 조항 가. 약관조항 나. 검토의견 : 무효 ㅇ 계약은 당사자 합의에 성립하므로 본 계약서에 포함되지 아니한 사항이라도 당사자가 별도 약정 등을 통하여 합의한 사항은 당사자의 계약내용이 되며 이에 대하여는 계약이행 등의 책임이 발생함 - 그러나 위 약관조항은 본 계약서에 포함되지 아니한 사항에 대하여는 어떠한 경우에도 동 사항에 구속되지 아니한다고 정하고 있어 임차소유권 매수인에게 유리한 사항을 별도 약정한 경우 매수인에게 불리하므로 이는 고객에게 부당하게 불리한 조항으로 약관법 제6조 제2항 제1호에 해당됨 ,,기각,본 계약서에 포함되지 아니한 사항에 대하여는 어떠한 경우에도 동 사항에 구속되지 아니한다,보통,인용 표시 없이 약관 내용으로 보이는 서술을 그대로 옮김
법제처 OPEN API/ftc,10279,,케이티글로벌수빅인코퍼레이션의 수빅암펠로스타워 임차소유권 매매계약서상 불공정약관조항에 대한 건,https://www.law.go.kr/DRF/lawService.do?OC=test&target=ftc&ID=10279&type=HTML,공사내역 변경조항,무효,조문인용 추론,위험,"제7조,제10조",책임 면제|일방적 급부·조건 변경,"11. 공사내역 변경조항 가. 약관조항 나. 검토의견 : 무효 ㅇ 임차소유권 매도인이 목적물의 시공과정에서 불가피한 사정으로 계약내용대로 이행하는 것이 곤란한 경우 임차소유권 매수인과 협의 등을 통해 양해를 구하거나 별도의 계약을 체결하여야 함 - 또한 계약내용이 변경된 경우 임차소유권 매수인은 계약해제ㆍ해지, 이행강제, 손해배상 등을 주장할 수 있음 - 그러나 위 약관조항은 매도인이 필요에 따라서 당초 계약된 공사내용을 일방적으로 변경할 수 있고 이로 인해 계약에 영향이 없도록 규정하고 있음 - 따라서 동 조항은 상당한 이유없이 급부의 내용을 사업자가 일방적으로 결정하거나 변경할 수 있도록 권한을 부여하고 있는 조항이자 법률의 규정에 의한 고객의 권리를 상당한 이유없이 제한하는 조항으로 약관법 제10조 제1호 제11조 제1호에 해당됨 ]]> 나. 검토의견 : 무효 ㅇ 계약의 일방 당사자가 이행을 지체하는 경우 상대방은 이에 대하여 계약해제ㆍ해지가 가능하고 손해배상을 청구할 수 있음 - 그러나 위 약관조항은 당사자가 약정한 준공기일이 지난 후 12개월간의 유예기간을 인정하도록 정하고 있음 - 이 경우 임차인은 사업자의 귀책사유로 준공기일이 경과하였음에도 불구하고 유예기간 동안은 사업자에게 계약해제ㆍ해지 및 손해배상을 청구할 수 없음 - 따라서 위 조항은 상당한 이유없이 사업자의 손해배상범위를 제한하거나 사업자가 부담하여야 할 위험을 고객에게 이전시키는 조항으로서 약관법 제7조 제2호에 해당됨 ㅇ 또한 불가항력적인 사유 이외에 사업자의 귀책사유로 준공이 지연되는 경우 사업자에게 그 지연책임이 있음 - 그러나 위 약관조항은 파업 또는 기타 노동분규, 필수 자재 확보가 힘든 기타 상황, 제3자의 행위로 인한 사유 등 불가항력 적인 사유가 아닌 사유로 준공이 지연되는 경우에 대하여 사업자의 귀책사유 여부와 관계없이 사업자가 책임을 지지 않도록 정하고 있음 - 따라서 위 조항은 상당한 이유없이 사업자의 손해배상범위를 제한하거나 사업자가 부담하여야 할 위험을 고객에게 이전시키는 조항으로서 약관법 제7조 제2호에 해당됨 ",,기각,,,근거 서술에 조항 문구 인용 없음. 매도인이 일방적으로 공사내용을 변경할 수 있다는 내용만 설명되어 있음
법제처 OPEN API/ftc,10279,,케이티글로벌수빅인코퍼레이션의 수빅암펠로스타워 임차소유권 매매계약서상 불공정약관조항에 대한 건,https://www.law.go.kr/DRF/lawService.do?OC=test&target=ftc&ID=10279&type=HTML,공사내역 변경조항,무효,조문인용 추론,위험,제10조,일방적 급부·조건 변경,"11. 공사내역 변경조항 가. 약관조항 나. 검토의견 : 무효 ㅇ 임차소유권 매도인이 목적물의 시공과정에서 불가피한 사정으로 계약내용대로 이행하는 것이 곤란한 경우 임차소유권 매수인과 협의 등을 통해 양해를 구하거나 별도의 계약을 체결하여야 함 - 또한 계약내용이 변경된 경우 임차소유권 매수인은 계약해제ㆍ해지, 이행강제, 손해배상 등을 주장할 수 있음 - 그러나 위 약관조항은 매도인이 필요에 따라서 당초 계약된 공사내용을 일방적으로 변경할 수 있고 이로 인해 계약에 영향이 없도록 규정하고 있음 - 따라서 동 조항은 상당한 이유없이 급부의 내용을 사업자가 일방적으로 결정하거나 변경할 수 있도록 권한을 부여하고 있는 조항이자 법률의 규정에 의한 고객의 권리를 상당한 이유없이 제한하는 조항으로 약관법 제10조 제1호 제11조 제1호에 해당됨 ]]>",,기각,,,근거 서술에 조항 문구 인용 없음. 매도인의 일방적 변경권 내용이 설명되어 있으나 원문 문구가 제시되지 않음
법제처 OPEN API/ftc,985,,㈜ 코인네스트의 이용약관상 불공정약관조항에 대한 건,https://www.law.go.kr/DRF/lawService.do?OC=test&target=ftc&ID=985&type=HTML,입출금 제한 조항,무효,조문인용 추론,위험,제6조,일방적 급부·조건 변경,"2. 입출금 제한 조항 가. 약관조항 나. 검토의견 : 무효 '결제, 입금, 출금, 환전’은 고객의 가상통화 거래 서비스 이용에 있어 본질적인 내용 중 하나이다. 그러므로 이에 대한 제한은 고객의 이해관계에 중대한 영향을 미치는 사유이며, 고객이 예측 가능하도록 구체적으로 규정해야 한다. '결제 이용금액(첫 출금액)이 과도한 경우’와 같은 사유는 어느 정도의 금액이 과도한 지 여부가 구체적으로 적시되어 있지 않고, '기타 회사의 운영정책상 결제(입금 및 출금) 이용을 제한해야 하는 경우’는 그 제한 사유가 포괄적ㆍ자의적으로 규정되어 있어 고객이 예상하기 어렵다. 따라서 심사대상 약관조항은 고객이 예상하기 어려운 조항 그리고 고객에게 부당하게 불리한 조항으로서 약관법 제6조 제2항 제2호 및 약관법 제6조 제2항 제1호에 해당하여 무효이다. ",기타 회사의 운영정책상 결제(입금 및 출금) 이용을 제한해야 하는 경우,통과,결제 이용금액(첫 출금액)이 과도한 경우,높음,따옴표로 명시 인용된 조항 문구를 그대로 옮김
법제처 OPEN API/ftc,985,,㈜ 코인네스트의 이용약관상 불공정약관조항에 대한 건,https://www.law.go.kr/DRF/lawService.do?OC=test&target=ftc&ID=985&type=HTML,서비스 이용제한 조항,무효,조문인용 추론,위험,제6조,부당한 비용·세금 전가|선택권 제한·구입 강제|과도한 위약금,"3. 서비스 이용제한 조항 가. 약관조항 나. 검토의견 : 무효 고객이 서비스의 이용을 제한받는 사유(로그인 제한, 로그인 외 서비스 이용 불가, 매수ㆍ매도ㆍ입출금 제한)는 고객의 계약상 권리ㆍ의무에 중대한 영향을 미치는 사항이다. 따라서 그 사유를 규정하더라도 일부 서비스 제한이 불가피한 경우로 한정되어야 할 뿐만 아니라, 고객이 예측 가능하도록 구체적이고 명확하여야 할 것이다. '관리자가 판단하는 경우’는 그 제한 사유가 포괄적ㆍ자의적으로 규정되어 있어 고객이 예상하기 어렵다. 따라서 심사대상 약관조항은 고객이 예상하기 어려운 조항 그리고 고객에게 부당하게 불리한 조항으로서 약관법 제6조 제2항 제2호 및 제1호에 해당하여 무효이다. ",,기각,,,근거 서술에 조항 문구 인용 없음. '관리자가 판단하는 경우'는 내용 설명일 뿐 정확한 조항 문구 미확인
법제처 OPEN API/ftc,985,,㈜ 코인네스트의 이용약관상 불공정약관조항에 대한 건,https://www.law.go.kr/DRF/lawService.do?OC=test&target=ftc&ID=985&type=HTML,일반 면책조항,무효,조문인용 추론,위험,"제6조,제7조",부당한 비용·세금 전가|선택권 제한·구입 강제|과도한 위약금|책임 면제,"4. 일반 면책조항 가. 약관조항 나. 검토의견 : 무효 전시ㆍ사변ㆍ홍수ㆍ지진 기타 이에 준하는 천재지변 등과 같은 불가항력적인 사유를 제외하고는 사업자의 고의 또는 과실로 인한 행위로 인해 회원이나 제3자에게 손해가 발생하였다면 사업자는 손해배상책임을 져야 하는 것이 민법상 기본원칙이라고 할 수 있다(민법 제750조). 이는 이용자나 제3자의 고의 또는 과실에 의한 행위와 사업자의 고의 또는 과실이 함께 경합하는 경우라도 마찬가지이다(민법 제760조). 기본적으로 컴퓨터 서버와 인터넷 통신설비 등을 이용하여 가상통화 취급소를 운영하는 사업자는 고객의 원활한 서비스 이용을 위해 통신설비의 확충과 점검, 시스템과 서버의 주기적인 관리, 서버 용량의 확보, 내부 시스템 및 서버에 대한 보안 강화와 방화벽 시스템 구축 등 가상통화 취급소 운영에 필요한 전반적인 시설과 내부 시스템 등을 구축하고 유지ㆍ보수ㆍ관리하여야 한다. 이는 가상통화 취급소를 믿고 거래를 하는 고객과의 관계에서 부담하여야 하는 당연한 계약상 의무라고 할 수 있다. 가상통화 취급소는 가상통화 거래 중개 등의 서비스를 제공하면서 이용 고객들로부터 구매ㆍ판매 수수료를 받고 있는 자이고 가상통화 취급소는 특별한 사정이 없는 한 고객에게 원활한 서비스를 제공하기 위한 선량한 관리자로서의 주의의무를 다하여야 한다. 제3자의 DDOS 공격이나 해킹 등으로 인한 손해 발생의 원인에 가상통화 취급소의 보안 시스템상의 하자, 서버의 부실, 통신설비 관리의 잘못이나 직원의 관리 소홀 등의 귀책사유가 개입되어 있다면 그에 따른 책임을 지는 것이 타당하다. 또한, 가상통화 취급소의 운영형태를 보면 취급소는 어떤 가상통화를 취급할지 결정할 수 있는 자이므로 제공하는 가상통화의 종류는 대부분 취급소의 판단에 맡겨져 있다. 취급소는 회원들에 비해 상대적으로 개별 가상통화의 특성과 시장에 대한 정보를 많이 아는 자이고 취급소 이용자는 취급소가 제공하는 가상통화를 신뢰하고 선택한다는 점에서 취급소는 제공되는 가상통화의 신뢰성, 정확성 등에 대해서도 더 주의의무를 기울여야 할 것으로 보인다. 가상통화 발행 관리시스템의 하자와 같은 사유가 있더라도 가상통화 취급소에 등록된 가상통화의 관리에 있어서의 주의의무 위반과 같은 것은 별개의 문제이므로 취급소가 그 거래 운영과 관련한 귀책사유가 있는 경우에는 책임을 지는 것이 타당하다. 이용자(회원)의 불법행위로 인해 제3자에게 손해가 발생한 경우에도 취급소의 고의 또는 과실이 경합되어 있는 경우라면, 이는 사실상 공동불법행위(민법 제760조)에 해당하며, 민사법상 부작위, 과실에 의한 방조책임도 성립하는 점(대법원 1998. 12. 23. 선고 98다31264판결 등)을 고려하면 회사에게 주의의무 위반의 과실이 있는 경우에도 회원만이 책임을 부담하고 회사를 면책시키는 것은 자기책임의 원리에도 반하는 것으로 볼 수 있다. 따라서 각 사업자들의 심사대상 약관조항은 사업자의 고의 또는 중대한 과실로 인한 법률상의 책임을 배제하는 조항 및 사업자가 부담하여야 할 위험을 고객",,기각,,,"근거 서술에 조항 문구 인용 없음. 공정위의 판단 근거만 서술되어 있으며, 심사대상 약관조항의 구체적 문구가 인용되지 않았음"
법제처 OPEN API/ftc,985,,㈜ 코인네스트의 이용약관상 불공정약관조항에 대한 건,https://www.law.go.kr/DRF/lawService.do?OC=test&target=ftc&ID=985&type=HTML,링크된 사이트에 관한 면책조항,무효,조문인용 추론,위험,"제6조,제7조,제9조",부당한 비용·세금 전가|선택권 제한·구입 강제|과도한 위약금|책임 면제|일방적 계약 해지|권리행사 제한|보증금 반환 지연,"5. 링크된 사이트에 관한 면책조항 가. 약관조항 나. 검토의견 : 무효 사업자는 '링크’라는 적극적 행위를 통하여 상품 또는 용역 내지는 이에 대한 정보 등을 간접적으로 제공하므로 링크된 사이트가 명백히 불법적인 경우, 허위의 정보를 제공하는 경우 등과 같은 경우에는 사업자의 귀책사유를 인정할 수 있다. 또한, 링크는 가상통화 취급소의 의사에 따라 구성되고 배치되기 때문에 취급소의 링크행위가 있음에도 어떠한 책임도 지지 않는 것은 링크를 선별, 배치한 주체의 행위에 대하여 무조건적인 면책을 하는 것이 되어 부당하다 할 것이다. 따라서 심사대상 약관조항은 사업자의 고의 또는 중대한 과실로 인한 법률상의 책임을 배제하는 조항 및 사업자가 부담하여야 할 위험을 고객에게 전가하는 조항 그리고 신의성실의 원칙을 위반한 조항 및 고객에게 부당하게 불리한 조항으로서 약관법 제7조 제1호 및 제2호, 약관법 제6조 제1항 및 제2항 제1호에 해당하여 무효이다. ]]> 나. 검토의견 : 무효 계약의 중지(중단) 및 해지는 고객의 계약상 권리ㆍ의무에 중대한 영향을 미치는 사항이다. 따라서 그 사유를 규정하더라도 계약의 중지(중단) 또는 해지가 불가피한 경우로 한정되어야 할 뿐만 아니라, 고객이 예측 가능하도록 구체적이고 명확하여야 할 것이다. '본 약관을 포함하여 기타 회사가 정한 이용조건에 위반한 경우’와 같은 사유는 본 약관을 포함하여 어떠한 이용조건과 세부지침이 중지 또는 해지 사유에 해당하는지가 구체적으로 적시되어 있지 않다. 특히 약관의 주의적 규정을 위반한 경우까지도 해지사유에 해당한다고 볼 여지가 있다. '기타 회사의 서비스 개선을 위한 회사 정책상 불가피한 경우’, '운영자 또는 관리자가 이용에 부적합하다고 판단하는 경우’는 그 제한 사유가 포괄적ㆍ자의적으로 규정되어 있어 고객이 예상하기 어렵다. 또한, 일반적으로 해제권ㆍ해지권이 발생하기 위해서는 원칙적으로 타방 당사자의 채무불이행이 있고, 해제권ㆍ해지권을 행사하고자 하는 자가 상당한 기간을 정하여 이행을 최고하고, 그 기간내에 이행 또는 이행의 제공이 없을 것이라는 요건을 충족하여야 한다. 이러한 요건을 충족한 후에 해제권자ㆍ해지권자가 해제ㆍ해지의 의사표시를 하여야 그 효과가 발생한다. 사업자는 이용약관상 포괄적인 사유 또는 자의적인 판단에 따른 해지권을 행사하면서 최고 등의 절차 없이도 일방적으로 해제ㆍ해지할 수 있도록 하는 조항은 고객이 입을 불이익의 내용과 정도에 비추어 볼 때에도 부당하다 볼 것이다. 따라서 심사대상 약관조항은 계약의 중지ㆍ해지 사유가 지나치게 포괄적ㆍ추상적으로 규정되어 있다는 점에서 고객이 예상하기 어려운 조항 그리고 고객에게 부당하게 불리한 조항으로서 약관법 제6조 제2항 제2호 및 약관법 제6조 제2항 제1호에 해당하여 무효이다. 그리고 사업자에게 법률에서 규정하고 있지 아니하는 해지권을 부여하거나 법률의 규정에 의한 사업자의 해지권의 행사요건을 완화하여 고객에게 부당하게 불이익을 줄 우려가 있는 조항으로서 약관법 제9조 제2호 및 제3호에도 해당하여 무효이",,미검수,,,근거 서술에 링크된 사이트에 관한 면책조항의 구체적인 문구 인용 없음
법제처 OPEN API/ftc,985,,㈜ 코인네스트의 이용약관상 불공정약관조항에 대한 건,https://www.law.go.kr/DRF/lawService.do?OC=test&target=ftc&ID=985&type=HTML,링크된 사이트에 관한 면책조항,무효,조문인용 추론,위험,"제6조,제7조",부당한 비용·세금 전가|선택권 제한·구입 강제|과도한 위약금|책임 면제,"5. 링크된 사이트에 관한 면책조항 가. 약관조항 나. 검토의견 : 무효 사업자는 '링크’라는 적극적 행위를 통하여 상품 또는 용역 내지는 이에 대한 정보 등을 간접적으로 제공하므로 링크된 사이트가 명백히 불법적인 경우, 허위의 정보를 제공하는 경우 등과 같은 경우에는 사업자의 귀책사유를 인정할 수 있다. 또한, 링크는 가상통화 취급소의 의사에 따라 구성되고 배치되기 때문에 취급소의 링크행위가 있음에도 어떠한 책임도 지지 않는 것은 링크를 선별, 배치한 주체의 행위에 대하여 무조건적인 면책을 하는 것이 되어 부당하다 할 것이다. 따라서 심사대상 약관조항은 사업자의 고의 또는 중대한 과실로 인한 법률상의 책임을 배제하는 조항 및 사업자가 부담하여야 할 위험을 고객에게 전가하는 조항 그리고 신의성실의 원칙을 위반한 조항 및 고객에게 부당하게 불리한 조항으로서 약관법 제7조 제1호 및 제2호, 약관법 제6조 제1항 및 제2항 제1호에 해당하여 무효이다. ]]>",,미검수,,,근거 서술에 조항 문구 인용 없음
법제처 OPEN API/ftc,987,,㈜ 코인플러그의 이용약관상 불공정약관조항에 대한 건,https://www.law.go.kr/DRF/lawService.do?OC=test&target=ftc&ID=987&type=HTML,일반 면책조항,무효,조문인용 추론,위험,"제6조,제7조",부당한 비용·세금 전가|선택권 제한·구입 강제|과도한 위약금|책임 면제,"2. 일반 면책조항 가. 약관조항 나. 검토의견 : 무효 전시ㆍ사변ㆍ홍수ㆍ지진 기타 이에 준하는 천재지변 등과 같은 불가항력적인 사유를 제외하고는 사업자의 고의 또는 과실로 인한 행위로 인해 회원이나 제3자에게 손해가 발생하였다면 사업자는 손해배상책임을 져야 하는 것이 민법상 기본원칙이라고 할 수 있다(민법 제750조). 이는 이용자나 제3자의 고의 또는 과실에 의한 행위와 사업자의 고의 또는 과실이 함께 경합하는 경우라도 마찬가지이다(민법 제760조). 기본적으로 컴퓨터 서버와 인터넷 통신설비 등을 이용하여 가상통화 취급소를 운영하는 사업자는 고객의 원활한 서비스 이용을 위해 통신설비의 확충과 점검, 시스템과 서버의 주기적인 관리, 서버 용량의 확보, 내부 시스템 및 서버에 대한 보안 강화와 방화벽 시스템 구축 등 가상통화 취급소 운영에 필요한 전반적인 시설과 내부 시스템 등을 구축하고 유지ㆍ보수ㆍ관리하여야 한다. 이는 가상통화 취급소를 믿고 거래를 하는 고객과의 관계에서 부담하여야 하는 당연한 계약상 의무라고 할 수 있다. 가상통화 취급소는 가상통화 거래 중개 등의 서비스를 제공하면서 이용 고객들로부터 구매ㆍ판매 수수료를 받고 있는 자이고 가상통화 취급소는 특별한 사정이 없는 한 고객에게 원활한 서비스를 제공하기 위한 선량한 관리자로서의 주의의무를 다하여야 한다. 제3자의 DDOS 공격이나 해킹 등으로 인한 손해 발생의 원인에 가상통화 취급소의 보안 시스템상의 하자, 서버의 부실, 통신설비 관리의 잘못이나 직원의 관리 소홀 등의 귀책사유가 개입되어 있다면 그에 따른 책임을 지는 것이 타당하다. 또한, 가상통화 취급소의 운영형태를 보면 취급소는 어떤 가상통화를 취급할지 결정할 수 있는 자이므로 제공하는 가상통화의 종류는 대부분 취급소의 판단에 맡겨져 있다. 취급소는 회원들에 비해 상대적으로 개별 가상통화의 특성과 시장에 대한 정보를 많이 아는 자이고 취급소 이용자는 취급소가 제공하는 가상통화를 신뢰하고 선택한다는 점에서 취급소는 제공되는 가상통화의 신뢰성, 정확성 등에 대해서도 더 주의의무를 기울여야 할 것으로 보인다. 가상통화 발행 관리시스템의 하자와 같은 사유가 있더라도 가상통화 취급소에 등록된 가상통화의 관리에 있어서의 주의의무 위반과 같은 것은 별개의 문제이므로 취급소가 그 거래 운영과 관련한 귀책사유가 있는 경우에는 책임을 지는 것이 타당하다. 이용자(회원)의 불법행위로 인해 제3자에게 손해가 발생한 경우에도 취급소의 고의 또는 과실이 경합되어 있는 경우라면, 이는 사실상 공동불법행위(민법 제760조)에 해당하며, 민사법상 부작위, 과실에 의한 방조책임도 성립하는 점(대법원 1998. 12. 23. 선고 98다31264판결 등)을 고려하면 회사에게 주의의무 위반의 과실이 있는 경우에도 회원만이 책임을 부담하고 회사를 면책시키는 것은 자기책임의 원리에도 반하는 것으로 볼 수 있다. 따라서 각 사업자들의 심사대상 약관조항은 사업자의 고의 또는 중대한 과실로 인한 법률상의 책임을 배제하는 조항 및 사업자가 부담하여야 할 위험을 고객",,미검수,,,"근거 서술에 조항 문구 인용 없음. 공정위의 법리 설명과 판단 근거만 있고, 문제가 된 약관 조항의 구체적 문구가 직접 인용되지 않음"
법제처 OPEN API/ftc,987,,㈜ 코인플러그의 이용약관상 불공정약관조항에 대한 건,https://www.law.go.kr/DRF/lawService.do?OC=test&target=ftc&ID=987&type=HTML,링크된 사이트에 관한 면책조항,무효,조문인용 추론,위험,"제6조,제7조",부당한 비용·세금 전가|선택권 제한·구입 강제|과도한 위약금|책임 면제,"3. 링크된 사이트에 관한 면책조항 가. 약관조항 나. 검토의견 : 무효 사업자는 '링크’라는 적극적 행위를 통하여 상품 또는 용역 내지는 이에 대한 정보 등을 간접적으로 제공하므로 링크된 사이트가 명백히 불법적인 경우, 허위의 정보를 제공하는 경우 등과 같은 경우에는 사업자의 귀책사유를 인정할 수 있다. 또한, 링크는 가상통화 취급소의 의사에 따라 구성되고 배치되기 때문에 취급소의 링크행위가 있음에도 어떠한 책임도 지지 않는 것은 링크를 선별, 배치한 주체의 행위에 대하여 무조건적인 면책을 하는 것이 되어 부당하다 할 것이다. 따라서 심사대상 약관조항은 사업자의 고의 또는 중대한 과실로 인한 법률상의 책임을 배제하는 조항 및 사업자가 부담하여야 할 위험을 고객에게 전가하는 조항 그리고 신의성실의 원칙을 위반한 조항 및 고객에게 부당하게 불리한 조항으로서 약관법 제7조 제1호 및 제2호, 약관법 제6조 제1항 및 제2항 제1호에 해당하여 무효이다. ]]> 나. 검토의견 : 무효 심사대상 면책조항은 사업자의 컴퓨터 서버 등에 저장되어 있는 고객의 아이디와 비밀번호 정보의 관리책임에 대하여 고객에게 책임을 전가할 우려가 있다. 사업자는 고객의 정보가 저장된 서버를 제대로 유지하고 관리해야 하는 주의의무가 있으며, 제3자의 해킹 등을 막기 위한 보안과 관련하여서도 보안시스템 및 절차를 수립하고 이를 철저히 준수하는 등 합리적으로 요구되는 선량한 관리자로서의 주의의무를 다하여야 한다. 서버에 저장되어 있는 회원의 정보가 제3자의 해킹에 의해 유출되는 경우에 회사가 주의의무를 다하지 않는 경우에는 회사도 주의의무 위반에 따른 책임을 져야 한다. 위 면책조항은 회사에게 서버 관리 소홀 등의 귀책사유가 있는 경우까지도 회원에게 모든 관리 책임을 전가시키는 것으로 해석될 우려가 있다. 따라서 심사대상 약관조항은 사업자의 고의 또는 중대한 과실로 인한 법률상의 책임을 배제하는 조항 및 사업자가 부담하여야 할 위험을 고객에게 전가하는 조항 그리고 신의성실의 원칙을 위반한 조항 및 고객에게 부당하게 불리한 조항으로서 약관법 제7조 제1호 및 제2호, 약관법 제6조 제1항 및 제2항 제1호에 해당하여 무효이다. ",,미검수,,,근거 서술에 조항 문구 인용 없음
법제처 OPEN API/ftc,987,,㈜ 코인플러그의 이용약관상 불공정약관조항에 대한 건,https://www.law.go.kr/DRF/lawService.do?OC=test&target=ftc&ID=987&type=HTML,링크된 사이트에 관한 면책조항,무효,조문인용 추론,위험,"제6조,제7조",부당한 비용·세금 전가|선택권 제한·구입 강제|과도한 위약금|책임 면제,"3. 링크된 사이트에 관한 면책조항 가. 약관조항 나. 검토의견 : 무효 사업자는 '링크’라는 적극적 행위를 통하여 상품 또는 용역 내지는 이에 대한 정보 등을 간접적으로 제공하므로 링크된 사이트가 명백히 불법적인 경우, 허위의 정보를 제공하는 경우 등과 같은 경우에는 사업자의 귀책사유를 인정할 수 있다. 또한, 링크는 가상통화 취급소의 의사에 따라 구성되고 배치되기 때문에 취급소의 링크행위가 있음에도 어떠한 책임도 지지 않는 것은 링크를 선별, 배치한 주체의 행위에 대하여 무조건적인 면책을 하는 것이 되어 부당하다 할 것이다. 따라서 심사대상 약관조항은 사업자의 고의 또는 중대한 과실로 인한 법률상의 책임을 배제하는 조항 및 사업자가 부담하여야 할 위험을 고객에게 전가하는 조항 그리고 신의성실의 원칙을 위반한 조항 및 고객에게 부당하게 불리한 조항으로서 약관법 제7조 제1호 및 제2호, 약관법 제6조 제1항 및 제2항 제1호에 해당하여 무효이다. ]]>",,미검수,,,근거 서술에 조항 문구 인용 없음
법제처 OPEN API/ftc,10263,,파주공구상가 티-메카 비단지의 공급계약서상 불공정약관조항에 대한 건,https://www.law.go.kr/DRF/lawService.do?OC=test&target=ftc&ID=10263&type=HTML,재판관할 합의조항,무효,명시,위험,"제8조,제14조",과도한 위약금|권리행사 제한,"2. 재판관할 합의조항 가. 약관조항 나. 심사의견 : 무효 위 약관조항 밑줄 부분은 매도인(피심인), 매수인 중 누가 소를 제기하는 경우라 하더라도 매도인은 위 조항에 의하여 매도인의 본점 소재지를 관할법원으로 할 수 있다. 이에 따르면, 매도인이 매수인을 상대로 소를 제기하는 경우에는 피고 즉, 매수인의 주소지 소재 관할 법원에 관할권을 부여하는 민사소송법상 규정보다 매수인에게 불리한 결과가 발생한다. 상가분양 계약서 표준약관에는 관할법원을 '상가의 소재지를 관할하는 법원 또는 민사소송법에 의한 법원’으로 하도록 규정되어 있다. 따라서 동 조항 밑줄 부분은 고객에 대하여 부당하게 불리한 재판관할의 합의조항으로서 약관법 제14조에 해당한다. ]]> 나. 심사의견 : 무효 부동산 거래분야에서 계약해제에 따른 위약금은 거래대금의 10%정도가 통상적인 거래관행이며 판례의 취지이다. 상가분양계약서 표준약관에도 계약해제시 분양대금 총액의 10%를 상대방에게 지급하도록 정하고 있다. 위 약관조항은 계약해제시 매수인은 분양대금의 20%를 위약금으로 내고, 그와 별도로 미납연체료를 별도로 내야 한다. 이에 따르면, 매수인이 지급해야 하는 위약금은 사실상 [분양대금의 20% + 미납연체료]라고 보아야 할 것이다. 따라서 당해 약관조항은 고객에 대하여 부당하게 과중한 손해배상의무를 부담시키는 약관조항으로 약관법 제8조에 해당한다. ",,미검수,,,근거 서술에 재판관할 합의조항의 구체적 문구 인용 없음. '매도인의 본점 소재지를 관할법원으로 할 수 있다'는 내용 설명만 있음
법제처 OPEN API/ftc,10263,,파주공구상가 티-메카 비단지의 공급계약서상 불공정약관조항에 대한 건,https://www.law.go.kr/DRF/lawService.do?OC=test&target=ftc&ID=10263&type=HTML,재판관할 합의조항,무효,명시,위험,제14조,권리행사 제한,"2. 재판관할 합의조항 가. 약관조항 나. 심사의견 : 무효 위 약관조항 밑줄 부분은 매도인(피심인), 매수인 중 누가 소를 제기하는 경우라 하더라도 매도인은 위 조항에 의하여 매도인의 본점 소재지를 관할법원으로 할 수 있다. 이에 따르면, 매도인이 매수인을 상대로 소를 제기하는 경우에는 피고 즉, 매수인의 주소지 소재 관할 법원에 관할권을 부여하는 민사소송법상 규정보다 매수인에게 불리한 결과가 발생한다. 상가분양 계약서 표준약관에는 관할법원을 '상가의 소재지를 관할하는 법원 또는 민사소송법에 의한 법원’으로 하도록 규정되어 있다. 따라서 동 조항 밑줄 부분은 고객에 대하여 부당하게 불리한 재판관할의 합의조항으로서 약관법 제14조에 해당한다. ]]>",,미검수,,,근거 서술에 조항 문구 인용 없음. '밑줄 부분'이라는 표현만 있고 실제 문구는 제시되지 않음
법제처 OPEN API/ftc,1209,,포레스트 휘트니스의 포레스트 휘트니스 이용약관상 불공정약관조항에 대한 건,https://www.law.go.kr/DRF/lawService.do?OC=test&target=ftc&ID=1209&type=HTML,(문서 전체 — 조항 구분 없음),무효,명시,위험,제8조,과도한 위약금,"1209 시정권고서 2009약관3253 (2) 심사결과 : 무효 대중체육시설업에 있어서 고객의 사정에 의한 중도해지시 위약금은 일반적으로 전체 거래대금의 10퍼센트와 고객의 이용일수에 따른 일할계산금액을 제외한 금액이라고 할 것이다. 해당 약관조항은 고객이 기납부한 금액 중 부가세 10퍼센트, 등록비 10퍼센트 및 카드수수료 5퍼센트를 공제하고, 1일을 사용한 경우에도 한달 이용요금을 공제한 뒤 나머지 금액을 환급하도록 하고 있다. 부가가치세나 카드수수료는 모든 거래나 카드거래시 수반되는 것임을 고려할 때 이용자가 지급하는 거래대금의 10퍼센트에 상당하는 위약금에는 이와 같은 사항도 모두 포함되어 있다 할 것이다. 즉, 일반 거래관행상 거래금액의 10퍼센트를 위약금으로 함이 통상적임을 고려할 때 부가세 및 등록금의 명목으로 이용대금의 각 10퍼센트, 총 20퍼센트를 공제하는 것은 과다하다 할 것이다. 또한 이용대금의 공제 관련, 총 이용대금 중 이용기간에 해당하는 금액을 공제하여야 할 것임에도 불구하고 무조건 한달 이용대금을 공제하도록 하고 있어 단기간 이용 후 계약을 해지하는 고객에게 지나치게 불리하다. 아울러 소비자분쟁해결기준 및 체육단련장 표준약관에서는 계약의 중도해지시 총 이용금액에서 이용일수에 해당하는 이용금액 및 총이용금액의 10%를 공제한 후 이용대금을 환급하도록 하고 있다. 따라서 해당 약관조항은 고객에게 부당하게 과중한 손해배상의무를 부담시키는 조항 또는 계약의 해지로 인한 사업자의 원상회복의무를 부당하게 경감하는 조항으로 약관법 제8조 또는 제9조 제4호에 해당한다. ]]> (2) 심사결과 : 무효 대중체육시설업에 있어서 고객의 사정에 의한 중도해지시 위약금은 일반적으로 전체 거래대금의 10퍼센트와 고객의 이용일수에 따른 일할계산금액을 제외한 금액이라고 할 것이다. 해당 약관조항은 고객이 기납부한 금액 중 부가세 10퍼센트, 등록비 10퍼센트 및 카드수수료 5퍼센트를 공제하고, 1일을 사용한 경우에도 한달 이용요금을 공제한 뒤 나머지 금액을 환급하도록 하고 있다. 부가가치세나 카드수수료는 모든 거래나 카드거래시 수반되는 것임을 고려할 때 이용자가 지급하는 거래대금의 10퍼센트에 상당하는 위약금에는 이와 같은 사항도 모두 포함되어 있다 할 것이다. 즉, 일반 거래관행상 거래금액의 10퍼센트를 위약금으로 함이 통상적임을 고려할 때 부가세 및 등록금의 명목으로 이용대금의 각 10퍼센트, 총 20퍼센트를 공제하는 것은 과다하다 할 것이다. 또한 이용대금의 공제 관련, 총 이용대금 중 이용기간에 해당하는 금액을 공제하여야 할 것임에도 불구하고 무조건 한달 이용대금을 공제하도록 하고 있어 단기간 이용 후 계약을 해지하는 고객에게 지나치게 불리하다. 아울러 소비자분쟁해결기준 및 체육단련장 표준약관에서는 계약의 중도해지시 총 이용금액에서 이용일수에 해당하는 이용금액 및 총이용금액의 10%를 공제한 후 이용대금을 환급하도록 하고 있다. 따라서 해당 약관조항은 고객에게 부당하게 과중한 손해배상의무를 부담시키는 조항 또는 계약의 해지로 인",,미검수,"고객이 기납부한 금액 중 부가세 10퍼센트, 등록비 10퍼센트 및 카드수수료 5퍼센트를 공제하고, 1일을 사용한 경우에도 한달 이용요금을 공제한 뒤 나머지 금액을 환급하도록 하고 있다",보통,인용 표시 없이 약관 내용을 설명하는 형태로 서술되어 있음
법제처 OPEN API/ftc,8629,,프라임전자장부(주)의 모집점개설계약서상 불공정약관조항에 대한 건,https://www.law.go.kr/DRF/lawService.do?OC=test&target=ftc&ID=8629&type=HTML,관리기능 상실 등의 경우 계약해지조항,무효,명시,위험,제9조,일방적 계약 해지|권리행사 제한|보증금 반환 지연,"2. 관리기능 상실 등의 경우 계약해지조항 가. 약관조항 나. 심사결과 : 무효 계약의 해지는 계약당사자에게 중대한 영향을 미치는 것이므로 해지사유는 구체적으로 열거되고 내용도 타당하여야 하며, 그 사유에 해당하는지 여부는 객관적으로 인정되어야 한다. 해당 약관조항은 “관리기능상실 등 관리불가로 판단될 경우”라고 계약해지사유를 추상적으로 규정하고, 나아가 이에 해당하는지를 본사의 판단에 맡겨 결국 본사가 자의적으로 계약을 해지할 수 있도록 하고 있다. 따라서 해당 약관조항은 사업자에게 법률에서 규정하고 있지 아니하는 해지권을 부여하여 고객에게 부당하게 불이익을 줄 우려가 있는 조항으로 약관법 제9조 제2호에 해당된다. ",,미검수,관리기능상실 등 관리불가로 판단될 경우,높음,따옴표 없이 인용되었으나 조항 문구로 명확히 식별됨
법제처 OPEN API/ftc,8629,,프라임전자장부(주)의 모집점개설계약서상 불공정약관조항에 대한 건,https://www.law.go.kr/DRF/lawService.do?OC=test&target=ftc&ID=8629&type=HTML,계약해지조항,무효,명시,위험,"제6조,제9조",부당한 비용·세금 전가|선택권 제한·구입 강제|과도한 위약금|일방적 계약 해지|권리행사 제한|보증금 반환 지연,"3. 계약해지조항 가. 약관조항 나. 심사결과 (1) 제10조 각 항 외의 부분 전단 밑줄부분 : 무효 계약이 해지되는 경우 당사자는 원상회복의무와 손해배상책임 등을 부담하게 되는 것이나, 계약해지전의 유효한 법률관계에 따라 발생한 수수료청구권이나 손해배상청구권 등은 여전히 행사할 수 있다 할 것이다. 그럼에도 해당 약관조항은 계약이 해지된 경우 대리점이 본사에 의해 발생한 이익 또는 모든 채권과 권리를 포기, 상실할 수 있다고 하여, 대리점의 본사 또는 제3자에 대한 정당한 권리행사를 제한하고 있다. 따라서 해당 약관조항은 고객에 대하여 부당하게 불리한 약관조항에 해당하여 약관법 제6조 제1항, 제2항 제1호에 따라 무효이다. (2) 제10조 각 항 외의 부분 후단 : 무효 본사는 대리점계약의 종료 후 정당한 사유가 있는 경우에 한하여 합리적인 범위 내에서 대리점의 동종 영업을 금지할 수 있다할 것이다. 해당 약관조항은 정당한 사유없이 어떠한 장소에서도 무조건 동종업계에 1년 동안 종사할 수 없도록 하고 있는 바, 대리점의 직업선택을 과도하게 제한하고 있다할 것이다. 따라서 이는 고객에 대하여 부당하게 불리한 약관조항에 해당하여 약관법 제6조 제1항, 제2항 제1호에 따라 무효이다. (3) 제10조 제2항 : 무효 계약해지는 당사자에게 중대한 영향을 미치는 것이므로 해지사유는 구체적으로 열거되고 그 내용도 타당한 것이어야 한다. 해당 약관조항은 사전에 본사의 허락을 받지 아니한 영업행위로서 본사의 명의나 정책에 반하는 경우나 본사의 지위를 이용한 부당한 영업행위를 한 경우에 계약을 해지할 수 있도록 하고 있다. 그러나 사전에 허락을 받아야 하는 “갑의 명의나 정책에 반하는 경우 또는 갑의 지위를 이용한 부당한 영업행위”의 범위가 명확하지 아니하고, 대리점이 모든 영업행위에 대하여 사전허락을 받는 것은 현실적으로 불가능하여 결국 본사가 자의적으로 계약을 해지할 수 있게 된다. 또한 대리점은 본사의 영업정책이나 방향과 밀접한 이해관계를 가지고 있어 이에 대하여 의견을 개진하고 개선요구 등을 할 수 있다 할 것인데, 본사의 영업정책 등에 대하여 비판하거나 이에 반하는 경미한 위반행위를 한 경우에도 계약을 해지할 수 있도록 하고 있다. 따라서 해당 약관조항은 사업자에게 법률에서 규정하고 있지 아니하는 해지권을 부여하여 고객에 대하여 부당하게 불이익을 줄 우려가 있는 조항으로 약관법 제9조 제2호에 해당한다. (4) 제10조 제3항 : 무효 계약해지는 당사자에게 중대한 영향을 미치는 것이므로 해지사유는 그 내용이 타당하여야 할 뿐만 아니라 구체적이고 명확하여야 한다. '이미지 실추 및 상거래 질서를 문란하게 하는 행위’나 '갑에게 좋지못한 영향을 줄 수 있는 것으로 판단되는 행위’는 내용이 추상적이고 광범위하여 본사가 자의적으로 이를 해석하여 계약을 해지할 수 있게 된다. 또한 '판례상 법적 문제 혹은 경제적 손실을 야기한 경우’를 해지사유로 정하여 이와 같은 행위의 타당성 여부 및 경중, 계약이행에 미치는 영향 등을 고려하지 아니하고 계약을 ",,미검수,,,"근거 서술에 조항 문구 인용 없음. 제10조 각 항의 구체적 문언이 인용되지 않았으며, 내용 설명만 있음"
법제처 OPEN API/ftc,9325,,한국신용평가정보(주)의 크레딧뱅크이용약관상 불공정약관조항에 대한 건,https://www.law.go.kr/DRF/lawService.do?OC=test&target=ftc&ID=9325&type=HTML,(문서 전체 — 조항 구분 없음),무효,명시,위험,제8조,과도한 위약금,"9325 시정권고서 2009약관1949 (2) 심사결과 : 무효 피심인은 신용평점서비스, 신용관리서비스, 명의보호서비스를 제공하는 바, 24시간, 30일, 1년, 2년, 3년, 5년 등의 기간 동안 이용하는 다양한 상품을 판매하고 있다. 해당 약관조항은 위와 같은 상품을 구매한 고객이 일단 서비스를 이용하면 지급한 이용금액을 일체 환불하지 아니한다고 규정하고 있다. 그러나 해당 계약의 내용은 일정기간 동안 계속하여 서비스를 이용하기로 하는 것이므로 중도해지시에는 지급한 이용료에서 이용한 기간에 해당하는 이용료 및 적정 위약금을 공제한 나머지 금액을 반환하여야 할 것이다. 또한 회사가 약정한 서비스를 제공하지 아니하는 등 회사의 귀책사유로 인하여 고객이 계약을 해지하는 경우에는 고객이 서비스를 이용하였더라도 나머지 기간에 상당하는 이용료를 지급하여야 할 것이다. 그럼에도 해당 약관조항은 계약기간, 계약해지의 시기 등을 고려하지 아니하고 일률적으로 고객이 서비스를 1회 이용하기만 하면 이용료를 환불하지 아니한다고 규정하고 있다. 따라서 해당 약관조항은 고객에 대하여 부당하게 과중한 손해배상의무를 부담시키는 조항 또는 고객에 대하여 부당하게 불리한 약관조항에 해당하여 약관법 제8조 또는 제6조 제1항, 제2항 제1호에 따라 무효이다. ]]> (2) 심사결과 : 무효 피심인은 신용평점서비스, 신용관리서비스, 명의보호서비스를 제공하는 바, 24시간, 30일, 1년, 2년, 3년, 5년 등의 기간 동안 이용하는 다양한 상품을 판매하고 있다. 해당 약관조항은 위와 같은 상품을 구매한 고객이 일단 서비스를 이용하면 지급한 이용금액을 일체 환불하지 아니한다고 규정하고 있다. 그러나 해당 계약의 내용은 일정기간 동안 계속하여 서비스를 이용하기로 하는 것이므로 중도해지시에는 지급한 이용료에서 이용한 기간에 해당하는 이용료 및 적정 위약금을 공제한 나머지 금액을 반환하여야 할 것이다. 또한 회사가 약정한 서비스를 제공하지 아니하는 등 회사의 귀책사유로 인하여 고객이 계약을 해지하는 경우에는 고객이 서비스를 이용하였더라도 나머지 기간에 상당하는 이용료를 지급하여야 할 것이다. 그럼에도 해당 약관조항은 계약기간, 계약해지의 시기 등을 고려하지 아니하고 일률적으로 고객이 서비스를 1회 이용하기만 하면 이용료를 환불하지 아니한다고 규정하고 있다. 따라서 해당 약관조항은 고객에 대하여 부당하게 과중한 손해배상의무를 부담시키는 조항 또는 고객에 대하여 부당하게 불리한 약관조항에 해당하여 약관법 제8조 또는 제6조 제1항, 제2항 제1호에 따라 무효이다. ]]> (2) 심사결과 : 무효 피심인은 신용평점서비스, 신용관리서비스, 명의보호서비스를 제공하는 바, 24시간, 30일, 1년, 2년, 3년, 5년 등의 기간 동안 이용하는 다양한 상품을 판매하고 있다. 해당 약관조항은 위와 같은 상품을 구매한 고객이 일단 서비스를 이용하면 지급한 이용금액을 일체 환불하지 아니한다고 규정하고 있다. 그러나 해당 계약의 내용은 일정기간 동안 계속하여 서비스를 이용하기로 하는 것이므로 중",,미검수,고객이 일단 서비스를 이용하면 지급한 이용금액을 일체 환불하지 아니한다,보통,따옴표 없이 서술되었으나 약관조항의 핵심 내용으로 보이는 문구를 그대로 옮김
법제처 OPEN API/ftc,305,,한국자산신탁(주)의 차입형 토지신탁계약서상 불공정약관조항에 대한 건,https://www.law.go.kr/DRF/lawService.do?OC=test&target=ftc&ID=305&type=HTML,고객에게 부당하게 불리한 소송 제기 금지 조항 또는 재판관할의 합의 조항,무효,조문인용 추론,위험,"제6조,제7조,제14조,제17조",부당한 비용·세금 전가|선택권 제한·구입 강제|과도한 위약금|책임 면제|권리행사 제한,"1. 고객에게 부당하게 불리한 소송 제기 금지 조항 또는 재판관할의 합의 조항 '약관의 규제에 관한 법률’ 제17조의2【시정 조치】 ① (생략) ② 공정거래위원회는 제17조를 위반한 사업자가 다음 각 호의 어느 하나에 해당하는 경우에는 사업자에게 해당 불공정약관조항의 삭제ㆍ수정, 시정명령을 받은 사실의 공표, 그 밖에 약관을 시정하기 위하여 필요한 조치를 명할 수 있다. 6. 사업자가 제1항에 따른 권고를 정당한 사유 없이 따르지 아니하여 여러 고객에게 피해가 발생하거나 발생할 우려가 현저한 경우 다. 위 2. 가. 인정사실에 대한 위법 여부 1) 시공사 재선정 등 관련 이의제기 금지조항 14 신탁계약의 목적 6 은 신탁자(위탁자)가 수탁자에게 재산(토지 및 건물 등)을 이전하여 신탁하고 신탁재산(토지 및 건물 등)을 수탁받은 수탁자는 수익자를 위하여 신탁부동산을 임대ㆍ처분하는 등의 행위를 통하여 수익자에게 신탁이익을 지급하는 것이다. 15 한편, 신탁계약에 따라 신탁사무 처리에 필요한 비용과 수탁자의 고의 및 과실없이 발생한 손실은 수익자가 부담하며, 신탁법 제46조 7 는 수탁자가 신탁사무 처리 중 발생하는 비용에 대하여 신탁재산에서 지출하거나, 수탁자가 자기의 과실없이 채무를 부담하거나 손해를 입은 경우 신탁재산에서 비용을 지출하거나 수익자가 얻은 이익의 범위내에서 수익자에게 비용을 청구하거나 담보의 제공을 요구할 수 있도록 정하고 있다. 16 수탁자인 피심인은 시공사의 부도 및 파산 등에 따라 신탁목적을 달성하기 어려운 경우 기존의 공사도급계약을 해지하고 다른 시공사를 선정하여 공사도급계약을 체결할 수 있을 것이나, 신탁계약의 목적과 신탁사무처리에 수반되는 모든 비용을 수익자가 부담하거나 신탁재산을 위탁자가 신탁하였다는 점을 볼 때, 위탁자나 수익자의 이해에 직접적인 영향을 미치는 시공사 재선정 및 공사도급계약에 대하여 일체의 이의 제기를 금지하는 조항은 고객에게 부당하게 불리한 조항이다. 17 즉, 기존 시공사의 부도 및 파산 등에 따라 불가피하게 시공사를 재선정하여 공사도급계약을 체결하는 경우에도 해당 시공사 재선정 내지 공사도급계약이 신탁계약의 목적에 반하거나 또는 위탁자ㆍ수익자의 이해에 영향을 미치는 경우 예를 들어 새로운 공사도급계약의 체결로 공사대금 등 신탁사무처리 비용이 증가하여 위탁자 내지 수익자에게 영향을 미치는 경우 위탁자 등은 수탁자에게 이의를 제기하거나 소송을 제기할 수 있다고 할 것이다. 18 그런데, 해당 약관조항은 일체의 이의제기를 금지하고 있어 이는 고객에게 부당하게 불리한 조항(약관법 제6조 제2항 제1호) 내지 고객에게 부당하게 불리한 이의(소송) 제기 금지조항(약관법 제14조 제1호)에 해당되어 무효이다. 2) 면책조항 19 「신탁등기사무처리에 관한 예규(등기예규 제1694호)」는 신탁재산에 속하는 부동산의 신탁등기는 수탁사가 단독으로 신청하도록 규정하고 있고, 신탁법 제130조가 “수탁자는 고의나 과실로 유한책임회사신탁의 등기가 사실과 다르게 된 경우 그 등기와 다른 사실로 선의의 제3자에게 대",,미검수,일체의 이의 제기를 금지하는 조항,보통,"근거 서술에서 '일체의 이의 제기를 금지하는 조항'이라는 표현으로 조항 내용이 설명되어 있으나, 원문의 정확한 문구는 제시되지 않음"
법제처 OPEN API/ftc,9787,,한국존슨앤드존슨판매(유)의 구매카드 결제시스템 특약상 불공정약관조항에 대한 건,https://www.law.go.kr/DRF/lawService.do?OC=test&target=ftc&ID=9787&type=HTML,(문서 전체 — 조항 구분 없음),무효,명시,위험,제6조,부당한 비용·세금 전가|선택권 제한·구입 강제|과도한 위약금,"9787 시정권고서 2009약관0507 (2) 심사결과 : 무효 잔고의 내역은 당해 계약에 있어 매우 중요한 사항에 해당하는 것으로 당사자간 잔고에 대하여 다툼이 있는 경우 즉, 거래내역이나 액수 등에 대하여 다툼이 있는 경우에는 장부나 기타 자료 등을 통해서 사실을 입증, 정정할 수 있어야 한다. 그럼에도 해당 약관조항은 피심인 또는 제3자의 지배영역에 있는 자료인 전산거래 내역과 카드회사의 미결제잔액만을 인정하고, 그 밖의 객관적인 자료 등을 통한 사실의 확인 및 정정을 배제하고 있다. 따라서 해당 약관조항은 고객에 대하여 부당하게 불리한 약관조항에 해당하여 약관법 제6조 제1항, 제2항 제1호에 따라 무효이다. ]]> (2) 심사결과 : 무효 잔고의 내역은 당해 계약에 있어 매우 중요한 사항에 해당하는 것으로 당사자간 잔고에 대하여 다툼이 있는 경우 즉, 거래내역이나 액수 등에 대하여 다툼이 있는 경우에는 장부나 기타 자료 등을 통해서 사실을 입증, 정정할 수 있어야 한다. 그럼에도 해당 약관조항은 피심인 또는 제3자의 지배영역에 있는 자료인 전산거래 내역과 카드회사의 미결제잔액만을 인정하고, 그 밖의 객관적인 자료 등을 통한 사실의 확인 및 정정을 배제하고 있다. 따라서 해당 약관조항은 고객에 대하여 부당하게 불리한 약관조항에 해당하여 약관법 제6조 제1항, 제2항 제1호에 따라 무효이다. ]]> (2) 심사결과 : 무효 잔고의 내역은 당해 계약에 있어 매우 중요한 사항에 해당하는 것으로 당사자간 잔고에 대하여 다툼이 있는 경우 즉, 거래내역이나 액수 등에 대하여 다툼이 있는 경우에는 장부나 기타 자료 등을 통해서 사실을 입증, 정정할 수 있어야 한다. 그럼에도 해당 약관조항은 피심인 또는 제3자의 지배영역에 있는 자료인 전산거래 내역과 카드회사의 미결제잔액만을 인정하고, 그 밖의 객관적인 자료 등을 통한 사실의 확인 및 정정을 배제하고 있다. 따라서 해당 약관조항은 고객에 대하여 부당하게 불리한 약관조항에 해당하여 약관법 제6조 제1항, 제2항 제1호에 따라 무효이다. ]]> (2) 심사결과 : 무효 잔고의 내역은 당해 계약에 있어 매우 중요한 사항에 해당하는 것으로 당사자간 잔고에 대하여 다툼이 있는 경우 즉, 거래내역이나 액수 등에 대하여 다툼이 있는 경우에는 장부나 기타 자료 등을 통해서 사실을 입증, 정정할 수 있어야 한다. 그럼에도 해당 약관조항은 피심인 또는 제3자의 지배영역에 있는 자료인 전산거래 내역과 카드회사의 미결제잔액만을 인정하고, 그 밖의 객관적인 자료 등을 통한 사실의 확인 및 정정을 배제하고 있다. 따라서 해당 약관조항은 고객에 대하여 부당하게 불리한 약관조항에 해당하여 약관법 제6조 제1항, 제2항 제1호에 따라 무효이다. ]]> (2) 심사결과 : 무효 잔고의 내역은 당해 계약에 있어 매우 중요한 사항에 해당하는 것으로 당사자간 잔고에 대하여 다툼이 있는 경우 즉, 거래내역이나 액수 등에 대하여 다툼이 있는 경우에는 장부나 기타 자료 등을 통해서 사실을 입증, 정정할 수 있어야 한다. 그럼에도 해당 ",,미검수,"피심인 또는 제3자의 지배영역에 있는 자료인 전산거래 내역과 카드회사의 미결제잔액만을 인정하고, 그 밖의 객관적인 자료 등을 통한 사실의 확인 및 정정을 배제하고 있다",보통,따옴표 없이 서술되었으나 조항의 구체적 내용으로 보이는 문구를 그대로 옮김
법제처 OPEN API/ftc,1211,,한웅레포츠(주)의 회원약관상 불공정약관조항에 대한 건,https://www.law.go.kr/DRF/lawService.do?OC=test&target=ftc&ID=1211&type=HTML,(문서 전체 — 조항 구분 없음),무효,명시,위험,"제8조,제9조",과도한 위약금|일방적 계약 해지|권리행사 제한|보증금 반환 지연,"1211 시정권고서 2010약관1717 (2) 심사결과 : 무효 대중체육시설 이용계약은「방문판매 등에 관한 법률」(이하 '방판법’이라 한다)상 계속적인 계약(계속거래)에 해당하는 것으로 고객은 계약기간 중 언제든지 해지할 수 있으며 소비자의 사정으로 계약이 해지된 경우 계약 해지로 인해 발생하는 손실에 상당하는 적정 위약금을 제외한 나머지 대금을 환급해야 할 것이다.(방판법 제29조, 제30조) 그러나 당해 약관조항은 1개월 수강회원에 대해서는 원칙적으로 탈회가 불가하도록 규정되어 있다. 따라서 위 약관조항은 약관법 제9조 제1호 소정의 법률의 규정에 의한 고객의 해제권 또는 해지권을 배제하거나 그 행사를 제한하는 조항에 해당하여 무효이다. 또한, 여신전문금융업법에 따르면 신용카드가맹점은 신용카드회원에 대하여 현금결제회원에 비해 불리한 대우를 하지 못하도록 하고 있고, 가맹점수수료를 신용카드회원에게 부담시키지 못하도록 규정하고 있으며, 가맹점은 자신의 매출 확대를 위해 고객과의 최초 계약체결 시 자신이 신용카드사에게 가맹점수수료를 부담할 것을 전제로 체육시설 이용료에 대해 신용카드를 통한 결제를 용인하고 있어 설사 고객의 사정으로 인하여 계약이 해지되었다고 하더라도 카드결제회원에 대해 위약금(이용료의 10%)이외에 추가로 가맹점수수료(4%)를 부담하도록 한 당해 약관조항은 여신전문금융업법(법 제19조 제1항 및 제3항)에 위반될 뿐만 아니라 신의칙에도 반한다고 할 것이다. 따라서 당해 약관조항은 약관법 제8조 소정의 고객에 대하여 부당하게 과중한 손해배상의무를 부담시키는 약관조항이자 동 법 제6조 제2항 제1호 소정의 고객에 대하여 부당하게 불리한 약관조항에 해당하여 무효이다. ]]> (2) 심사결과 : 무효 대중체육시설 이용계약은「방문판매 등에 관한 법률」(이하 '방판법’이라 한다)상 계속적인 계약(계속거래)에 해당하는 것으로 고객은 계약기간 중 언제든지 해지할 수 있으며 소비자의 사정으로 계약이 해지된 경우 계약 해지로 인해 발생하는 손실에 상당하는 적정 위약금을 제외한 나머지 대금을 환급해야 할 것이다.(방판법 제29조, 제30조) 그러나 당해 약관조항은 1개월 수강회원에 대해서는 원칙적으로 탈회가 불가하도록 규정되어 있다. 따라서 위 약관조항은 약관법 제9조 제1호 소정의 법률의 규정에 의한 고객의 해제권 또는 해지권을 배제하거나 그 행사를 제한하는 조항에 해당하여 무효이다. 또한, 여신전문금융업법에 따르면 신용카드가맹점은 신용카드회원에 대하여 현금결제회원에 비해 불리한 대우를 하지 못하도록 하고 있고, 가맹점수수료를 신용카드회원에게 부담시키지 못하도록 규정하고 있으며, 가맹점은 자신의 매출 확대를 위해 고객과의 최초 계약체결 시 자신이 신용카드사에게 가맹점수수료를 부담할 것을 전제로 체육시설 이용료에 대해 신용카드를 통한 결제를 용인하고 있어 설사 고객의 사정으로 인하여 계약이 해지되었다고 하더라도 카드결제회원에 대해 위약금(이용료의 10%)이외에 추가로 가맹점수수료(4%)를 부담하도록 한 당해 약관조항은 여신전문금융업법(법 제",,미검수,1개월 수강회원에 대해서는 원칙적으로 탈회가 불가하도록 규정,보통,"인용 표시 없이 조항 내용이 설명된 형태로, 근거 서술에서 그대로 옮김"
법제처 OPEN API/ftc,10295,,한일월드(주)의 정수기구매대금불입약정서상 불공정약관조항에 대한 건,https://www.law.go.kr/DRF/lawService.do?OC=test&target=ftc&ID=10295&type=HTML,(문서 전체 — 조항 구분 없음),무효,조문인용 추론,위험,제8조,과도한 위약금,"10295 시정권고서 2008약관2663 가. 약관조항 나. 검토의견 : 무 효 ㅇ 통상적인 계약에서 계약해지시 위약금은 잔여임대료의 10%수준이고, 정수기 임대차(렌탈) 표준약관(표준약관 제10052호) 제10조 제2항 제3호 및 「소비자분쟁해결기준(공정위 고시 제2008-3호) 36. 정수기임대업」 규정에 의하면, - 정수기 임대차(렌탈)계약에 있어 의무사용기간을 1년 초과로 정한 경우 소비자귀책사유로 계약해지시 소비자가 지급하여야 할 위약금은 의무사용기간 잔여월 임대료의 10%에 해당하는 금액으로 정하고 있음 - 그러나, 위 약관조항은 고객(소비자)의 귀책사유로 의무사용기간이 3년인 정수기 구매계약을 중도해지 하는 경우 고객이 지급하여야 할 위약금을 의무사용기간 잔여월 임대료의 50%에 해당하는 금액으로 정하고 있음 ㅇ 따라서 동 조항은 통상적인 거래관행 및 관련규정에 비추어 볼 때, 고객에 대하여 부당하게 과중한 지연손해금 등의 손해배상의무를 부담시키는 조항으로 약관법 제8조에 해당됨 ]]> 가. 약관조항 나. 검토의견 : 무 효 ㅇ 통상적인 계약에서 계약해지시 위약금은 잔여임대료의 10%수준이고, 정수기 임대차(렌탈) 표준약관(표준약관 제10052호) 제10조 제2항 제3호 및 「소비자분쟁해결기준(공정위 고시 제2008-3호) 36. 정수기임대업」 규정에 의하면, - 정수기 임대차(렌탈)계약에 있어 의무사용기간을 1년 초과로 정한 경우 소비자귀책사유로 계약해지시 소비자가 지급하여야 할 위약금은 의무사용기간 잔여월 임대료의 10%에 해당하는 금액으로 정하고 있음 - 그러나, 위 약관조항은 고객(소비자)의 귀책사유로 의무사용기간이 3년인 정수기 구매계약을 중도해지 하는 경우 고객이 지급하여야 할 위약금을 의무사용기간 잔여월 임대료의 50%에 해당하는 금액으로 정하고 있음 ㅇ 따라서 동 조항은 통상적인 거래관행 및 관련규정에 비추어 볼 때, 고객에 대하여 부당하게 과중한 지연손해금 등의 손해배상의무를 부담시키는 조항으로 약관법 제8조에 해당됨 ]]> 가. 약관조항 나. 검토의견 : 무 효 ㅇ 통상적인 계약에서 계약해지시 위약금은 잔여임대료의 10%수준이고, 정수기 임대차(렌탈) 표준약관(표준약관 제10052호) 제10조 제2항 제3호 및 「소비자분쟁해결기준(공정위 고시 제2008-3호) 36. 정수기임대업」 규정에 의하면, - 정수기 임대차(렌탈)계약에 있어 의무사용기간을 1년 초과로 정한 경우 소비자귀책사유로 계약해지시 소비자가 지급하여야 할 위약금은 의무사용기간 잔여월 임대료의 10%에 해당하는 금액으로 정하고 있음 - 그러나, 위 약관조항은 고객(소비자)의 귀책사유로 의무사용기간이 3년인 정수기 구매계약을 중도해지 하는 경우 고객이 지급하여야 할 위약금을 의무사용기간 잔여월 임대료의 50%에 해당하는 금액으로 정하고 있음 ㅇ 따라서 동 조항은 통상적인 거래관행 및 관련규정에 비추어 볼 때, 고객에 대하여 부당하게 과중한 지연손해금 등의 손해배상의무를 부담시키는 조항으로 약관법 제8조에 해당됨 ]]> 가. 약관조항 나. 검토의견 ",,미검수,고객(소비자)의 귀책사유로 의무사용기간이 3년인 정수기 구매계약을 중도해지 하는 경우 고객이 지급하여야 할 위약금을 의무사용기간 잔여월 임대료의 50%에 해당하는 금액으로 정하고 있음,보통,따옴표 없이 서술되었으나 문제 조항의 내용을 명확히 설명하는 부분을 그대로 옮김
법제처 OPEN API/ftc,10225,,헬스매니아 인천계산점의 가입 및 운영회칙상 불공정약관조항에 대한 건,https://www.law.go.kr/DRF/lawService.do?OC=test&target=ftc&ID=10225&type=HTML,(문서 전체 — 조항 구분 없음),무효,명시,위험,제8조,과도한 위약금,"10225 시정권고서 2008약관4108 2. 심사의견 : 무효 ○ 1개월 이상 계속된 기간을 계약기간으로 하여 체결하는 대중체육시설 이용계약은 「방문판매등에 관한 법률(이하 '방판법’이라 함)」상 계속계약에 해당하는 것으로서, 법에 따라 고객은 자신의 의사에 따라 계약기간 중 언제든지 해지할 수 있으며 이 경우 사업자는 계약해지로 인해 발생하는 손실에 상당하는 적정 위약금을 공제한 나머지 대금을 환급해야 할 것임. - 또한 소비자분쟁해결기준(체육시설업 및 레저용역업) 및 체력단련장 표준약관에서는 고객이 자신의 사정에 의해 계약을 해지하고자 할 경우 총 이용대금의 10%에 해당하는 위약금과 고객이 실제 시설을 이용한 기간에 대한 금액만을 위약금으로 규정하고 있으므로 특별한 사정이 없는 한 이에 준하여 위약금을 공제하여야 할 것임. ○ 그러나 피심인의 위 약관조항은 본인사망, 해외이주 등 자신이 인정하는 사유에 해당되는 경우를 제외하고는 고객의 사정에 의한 계약해지시 회비는 1개월을 기준으로 하고, 1회를 이용한 경우에도 1개월 이용으로 간주하며, 위약금으로 총 가입비의 10% 및 부가세를 공제한 금액으로 한다고 규정하고 있음. - 모든 재화 또는 용역의 거래시 부과되는 부가세는 이용료에 포함되어 있음에도 불구하고 피심인은 별도로 부가세를 중복공제하고 있으며, 설령 부가세로 인하여 사업자에게 실손해가 있다 하더라도 이는 해지시 통상적으로 지급하는 위약금(거래대금의 10%정도)에 포함되어 있다고 봄이 타당함. ○ 따라서 피심인의 위 약관조항은 고객에게 과중한 손해배상의무를 부담시키는 조항이자 법령의 규정에 의한 고객의 해지권을 제한하거나 그 행사를 제한하는 조항으로 약관법 제8조 및 제9조 제1호에 해당됨. ]]> 2. 심사의견 : 무효 ○ 1개월 이상 계속된 기간을 계약기간으로 하여 체결하는 대중체육시설 이용계약은 「방문판매등에 관한 법률(이하 '방판법’이라 함)」상 계속계약에 해당하는 것으로서, 법에 따라 고객은 자신의 의사에 따라 계약기간 중 언제든지 해지할 수 있으며 이 경우 사업자는 계약해지로 인해 발생하는 손실에 상당하는 적정 위약금을 공제한 나머지 대금을 환급해야 할 것임. - 또한 소비자분쟁해결기준(체육시설업 및 레저용역업) 및 체력단련장 표준약관에서는 고객이 자신의 사정에 의해 계약을 해지하고자 할 경우 총 이용대금의 10%에 해당하는 위약금과 고객이 실제 시설을 이용한 기간에 대한 금액만을 위약금으로 규정하고 있으므로 특별한 사정이 없는 한 이에 준하여 위약금을 공제하여야 할 것임. ○ 그러나 피심인의 위 약관조항은 본인사망, 해외이주 등 자신이 인정하는 사유에 해당되는 경우를 제외하고는 고객의 사정에 의한 계약해지시 회비는 1개월을 기준으로 하고, 1회를 이용한 경우에도 1개월 이용으로 간주하며, 위약금으로 총 가입비의 10% 및 부가세를 공제한 금액으로 한다고 규정하고 있음. - 모든 재화 또는 용역의 거래시 부과되는 부가세는 이용료에 포함되어 있음에도 불구하고 피심인은 별도로 부가세를 중복공제하고 있으며, 설령 부가세",,미검수,"본인사망, 해외이주 등 자신이 인정하는 사유에 해당되는 경우를 제외하고는 고객의 사정에 의한 계약해지시 회비는 1개월을 기준으로 하고, 1회를 이용한 경우에도 1개월 이용으로 간주하며, 위약금으로 총 가입비의 10% 및 부가세를 공제한 금액으로 한다",보통,따옴표 없이 서술되었으나 약관 조항의 구체적 내용으로 보이는 문구를 그대로 옮김
법제처 OPEN API/ftc,10255,,현대자동차(주)의 블루핸즈계약서상 불공정약관조항에 대한 건,https://www.law.go.kr/DRF/lawService.do?OC=test&target=ftc&ID=10255&type=HTML,계약갱신 조항,무효,조문인용 추론,위험,"제6조,제11조",부당한 비용·세금 전가|선택권 제한·구입 강제|과도한 위약금|권리행사 제한,"2. 계약갱신 조항 (1) 약관조항 (2) 검토의견 : 무효 가맹사업법 제13조에 따르면 가맹본부는 가맹점사업자가 계약의 갱신을 요구하는 경우 정당한 사유없이 이를 거절할 수 없다. 이는 가맹본부의 일방적인 가맹계약 갱신 거절을 제한함으로써 가맹점사업자가 지속적인 거래를 예상하여 투자한 자본을 적절하게 회수할 수 있도록 하기 위한 것이다. 해당 약관조항은 당사자가 기간만료 90일전까지 서면으로 갱신거절의 의사표시를 하면 계약이 갱신되지 않도록 하고 있는 바, 이에 따라 가맹본부는 사유의 제한 없이 계약의 갱신을 거절할 수 있게 된다. 즉, 가맹사업법의 취지에 반하여 가맹본부가 임의로 계약갱신을 거절할 수 있으며, 이에 따라 지속적인 거래를 예상하여 자본을 투자하고 영업을 영위한 가맹점사업자에게 손해를 입힐 우려가 있다 할 것이다. 따라서 해당 약관조항은 고객에 대하여 부당하게 불리한 약관조항에 해당하여 약관법 제6조 제1항, 제2항 제1호에 따라 무효이다. ]]> (2) 검토의견 : 무효 점포의 통일적 이미지 및 상품의 특성을 유지하는데 지장이 없는 한 가맹본부는 설계서 및 시방서의 제시에 그치고, 실제 시공에 있어서는 가맹점이 시공업체를 선택할 수 있도록 하여야 한다. 가맹사업법에서도 원칙적으로 부동산, 설비 등의 구입 판매 등과 관련하여 부당하게 가맹점사업자에게 특정한 거래상대방과 거래할 것을 강제하는 행위를 금지하고 있다(가맹사업법 제12조 및 같은 법 시행령 제13조 제1항). 그럼에도 해당 약관조항은 가맹본부가 지정한 업체에서 간판 등설비공사를 하도록 하고 있는 바, 이는 고객이 제3자와 계약을 체결하는 것을 부당하게 제한하는 조항으로 약관법 제11조 제3호에 해당된다. ",,미검수,당사자가 기간만료 90일전까지 서면으로 갱신거절의 의사표시를 하면 계약이 갱신되지 않도록 하고 있는 바,보통,공정위의 판단 근거 서술에서 약관조항의 내용을 설명하는 부분을 그대로 옮김. 따옴표 없이 인용됨.
