category,document_name,main_category,sub_category,detail_category,related_law,clause_count_approx,text_length,file_path
부동산매매_임대차_부동산임대,상업용부동산임대계약서_0016,부동산매매_임대차,부동산임대,상업용부동산임대계약서,"상가건물 임대차보호법, 민법",80,3944,부동산매매_임대차_부동산임대/상업용부동산임대계약서_0016.txt
부동산매매_임대차_부동산임대,상업용부동산임대계약서_0008,부동산매매_임대차,부동산임대,상업용부동산임대계약서,"상가건물 임대차보호법, 민법, 부동산 거래신고 등에 관한 법률",36,1358,부동산매매_임대차_부동산임대/상업용부동산임대계약서_0008.txt
부동산매매_임대차_부동산임대,상업용부동산임대계약서_0033,부동산매매_임대차,부동산임대,상업용부동산임대계약서,"상가건물 임대차보호법, 부동산 거래신고 등에 관한 법률, 부가가치세법",63,3814,부동산매매_임대차_부동산임대/상업용부동산임대계약서_0033.txt
부동산매매_임대차_부동산임대,상업용부동산임대계약서_0071,부동산매매_임대차,부동산임대,상업용부동산임대계약서,"상가건물 임대차보호법, 상법, 민법",37,2137,부동산매매_임대차_부동산임대/상업용부동산임대계약서_0071.txt
부동산매매_임대차_부동산임대,상업용부동산임대계약서_0011,부동산매매_임대차,부동산임대,상업용부동산임대계약서,"상가건물 임대차보호법, 민법, 상법",157,13465,부동산매매_임대차_부동산임대/상업용부동산임대계약서_0011.txt
부동산매매_임대차_부동산임대,상업용부동산임대계약서_0031,부동산매매_임대차,부동산임대,상업용부동산임대계약서,"상가건물 임대차보호법, 민법, 상법",25,4656,부동산매매_임대차_부동산임대/상업용부동산임대계약서_0031.txt
부동산매매_임대차_부동산임대,상업용부동산임대계약서_0035,부동산매매_임대차,부동산임대,상업용부동산임대계약서,"상가건물 임대차보호법, 상법, 민법",87,4413,부동산매매_임대차_부동산임대/상업용부동산임대계약서_0035.txt
부동산매매_임대차_부동산임대,상업용부동산임대계약서_0043,부동산매매_임대차,부동산임대,상업용부동산임대계약서,"상가건물 임대차보호법, 민법, 부동산 거래신고 등에 관한 법률",32,1243,부동산매매_임대차_부동산임대/상업용부동산임대계약서_0043.txt
부동산매매_임대차_부동산임대,상업용부동산임대계약서_0006,부동산매매_임대차,부동산임대,상업용부동산임대계약서,"상가건물 임대차보호법, 민법, 국세기본법",26,1440,부동산매매_임대차_부동산임대/상업용부동산임대계약서_0006.txt
부동산매매_임대차_부동산임대,상업용부동산임대계약서_0013,부동산매매_임대차,부동산임대,상업용부동산임대계약서,"상가건물 임대차보호법, 민법",76,3915,부동산매매_임대차_부동산임대/상업용부동산임대계약서_0013.txt
부동산매매_임대차_부동산임대,상업용부동산임대계약서_0050,부동산매매_임대차,부동산임대,상업용부동산임대계약서,"민법, 상가건물 임대차보호법, 부동산 거래신고 등에 관한 법률",18,1147,부동산매매_임대차_부동산임대/상업용부동산임대계약서_0050.txt
부동산매매_임대차_부동산임대,상업용부동산임대계약서_0007,부동산매매_임대차,부동산임대,상업용부동산임대계약서,"상가건물 임대차보호법, 민법, 부동산 거래신고 등에 관한 법률",32,1148,부동산매매_임대차_부동산임대/상업용부동산임대계약서_0007.txt
부동산매매_임대차_부동산임대,상업용부동산임대계약서_0030,부동산매매_임대차,부동산임대,상업용부동산임대계약서,"민법, 상가건물 임대차보호법, 주택임대차보호법",34,1749,부동산매매_임대차_부동산임대/상업용부동산임대계약서_0030.txt
부동산매매_임대차_부동산임대,상업용부동산임대계약서_0021,부동산매매_임대차,부동산임대,상업용부동산임대계약서,"상가건물 임대차보호법, 민법, 상법",44,2422,부동산매매_임대차_부동산임대/상업용부동산임대계약서_0021.txt
부동산매매_임대차_부동산임대,상업용부동산임대계약서_0026,부동산매매_임대차,부동산임대,상업용부동산임대계약서,"상가건물 임대차 보호법, 상법, 민법",145,7401,부동산매매_임대차_부동산임대/상업용부동산임대계약서_0026.txt
부동산매매_임대차_부동산임대,상업용부동산임대계약서_0010,부동산매매_임대차,부동산임대,상업용부동산임대계약서,"상가건물 임대차보호법, 상법, 부동산 거래신고 등에 관한 법률",132,12058,부동산매매_임대차_부동산임대/상업용부동산임대계약서_0010.txt
부동산매매_임대차_부동산임대,상업용부동산임대계약서_0020,부동산매매_임대차,부동산임대,상업용부동산임대계약서,"상가건물 임대차보호법, 민법, 상법",51,2336,부동산매매_임대차_부동산임대/상업용부동산임대계약서_0020.txt
부동산매매_임대차_부동산임대,상업용부동산임대계약서_0046,부동산매매_임대차,부동산임대,상업용부동산임대계약서,"상가건물 임대차보호법, 민법",64,4485,부동산매매_임대차_부동산임대/상업용부동산임대계약서_0046.txt
부동산매매_임대차_부동산임대,상업용부동산임대계약서_0048,부동산매매_임대차,부동산임대,상업용부동산임대계약서,"상가건물 임대차보호법, 민법",32,1506,부동산매매_임대차_부동산임대/상업용부동산임대계약서_0048.txt
부동산매매_임대차_부동산임대,상업용부동산임대계약서_0034,부동산매매_임대차,부동산임대,상업용부동산임대계약서,"상가건물 임대차보호법, 민법, 부동산 거래신고 등에 관한 법률",25,2511,부동산매매_임대차_부동산임대/상업용부동산임대계약서_0034.txt
부동산매매_임대차_부동산임대,상업용부동산임대계약서_0027,부동산매매_임대차,부동산임대,상업용부동산임대계약서,"상가건물 임대차보호법, 민법, 부동산 거래신고 등에 관한 법률",31,3732,부동산매매_임대차_부동산임대/상업용부동산임대계약서_0027.txt
부동산매매_임대차_부동산임대,상업용부동산임대계약서_0029,부동산매매_임대차,부동산임대,상업용부동산임대계약서,"상가건물 임대차보호법, 민법, 부동산 거래신고 등에 관한 법률",112,7624,부동산매매_임대차_부동산임대/상업용부동산임대계약서_0029.txt
부동산매매_임대차_부동산임대,상업용부동산임대계약서_0044,부동산매매_임대차,부동산임대,상업용부동산임대계약서,"상가건물 임대차보호법, 민법, 상법",51,2705,부동산매매_임대차_부동산임대/상업용부동산임대계약서_0044.txt
부동산매매_임대차_부동산임대,상업용부동산임대계약서_0015,부동산매매_임대차,부동산임대,상업용부동산임대계약서,"상가건물 임대차보호법, 민법, 부동산 거래신고 등에 관한 법률",78,3979,부동산매매_임대차_부동산임대/상업용부동산임대계약서_0015.txt
부동산매매_임대차_부동산임대,상업용부동산임대계약서_0124,부동산매매_임대차,부동산임대,상업용부동산임대계약서,"상가건물 임대차보호법, 상법, 부동산 거래신고 등에 관한 법률",53,2868,부동산매매_임대차_부동산임대/상업용부동산임대계약서_0124.txt
부동산매매_임대차_부동산임대,상업용부동산임대계약서_0037,부동산매매_임대차,부동산임대,상업용부동산임대계약서,"상가건물 임대차보호법, 상법, 민법",86,5542,부동산매매_임대차_부동산임대/상업용부동산임대계약서_0037.txt
부동산매매_임대차_부동산임대,상업용부동산임대계약서_0023,부동산매매_임대차,부동산임대,상업용부동산임대계약서,"상가건물 임대차보호법, 민법, 부동산 거래신고 등에 관한 법률",60,2949,부동산매매_임대차_부동산임대/상업용부동산임대계약서_0023.txt
부동산매매_임대차_부동산임대,상업용부동산임대계약서_0009,부동산매매_임대차,부동산임대,상업용부동산임대계약서,"상가건물 임대차보호법, 민법, 공인중개사법",43,3496,부동산매매_임대차_부동산임대/상업용부동산임대계약서_0009.txt
부동산매매_임대차_부동산임대,상업용부동산임대계약서_0028,부동산매매_임대차,부동산임대,상업용부동산임대계약서,"상가건물 임대차보호법, 민법",127,8686,부동산매매_임대차_부동산임대/상업용부동산임대계약서_0028.txt
부동산매매_임대차_부동산임대,상업용부동산임대계약서_0036,부동산매매_임대차,부동산임대,상업용부동산임대계약서,"상가건물 임대차보호법, 민법, 부동산 거래신고 등에 관한 법률",26,1693,부동산매매_임대차_부동산임대/상업용부동산임대계약서_0036.txt
부동산매매_임대차_부동산임대,상업용부동산임대계약서_0039,부동산매매_임대차,부동산임대,상업용부동산임대계약서,"상가건물 임대차보호법, 민법, 부가가치세법",28,1858,부동산매매_임대차_부동산임대/상업용부동산임대계약서_0039.txt
부동산매매_임대차_부동산임대,상업용부동산임대계약서_0032,부동산매매_임대차,부동산임대,상업용부동산임대계약서,"상가건물 임대차보호법, 민법, 부가가치세법",95,6470,부동산매매_임대차_부동산임대/상업용부동산임대계약서_0032.txt
부동산매매_임대차_부동산임대,상업용부동산임대계약서_0064,부동산매매_임대차,부동산임대,상업용부동산임대계약서,"상가건물 임대차보호법, 민법, 부동산 거래신고 등에 관한 법률",32,1515,부동산매매_임대차_부동산임대/상업용부동산임대계약서_0064.txt
부동산매매_임대차_부동산임대,상업용부동산임대계약서_0055,부동산매매_임대차,부동산임대,상업용부동산임대계약서,"상가건물 임대차보호법, 민법, 국세기본법",20,569,부동산매매_임대차_부동산임대/상업용부동산임대계약서_0055.txt
부동산매매_임대차_부동산임대,상업용부동산임대계약서_0059,부동산매매_임대차,부동산임대,상업용부동산임대계약서,"상가건물 임대차보호법, 민법",32,2116,부동산매매_임대차_부동산임대/상업용부동산임대계약서_0059.txt
부동산매매_임대차_부동산임대,상업용부동산임대계약서_0038,부동산매매_임대차,부동산임대,상업용부동산임대계약서,"상가건물 임대차보호법, 민법, 부동산 거래신고 등에 관한 법률",35,1391,부동산매매_임대차_부동산임대/상업용부동산임대계약서_0038.txt
부동산매매_임대차_부동산임대,상업용부동산임대계약서_0040,부동산매매_임대차,부동산임대,상업용부동산임대계약서,"상가건물 임대차보호법, 민법, 부동산 거래신고 등에 관한 법률",43,2283,부동산매매_임대차_부동산임대/상업용부동산임대계약서_0040.txt
부동산매매_임대차_부동산임대,상업용부동산임대계약서_0053,부동산매매_임대차,부동산임대,상업용부동산임대계약서,"상가건물 임대차보호법, 민법, 부동산 거래 신고 등에 관한 법률",84,4303,부동산매매_임대차_부동산임대/상업용부동산임대계약서_0053.txt
부동산매매_임대차_부동산임대,상업용부동산임대계약서_0056,부동산매매_임대차,부동산임대,상업용부동산임대계약서,"상가건물 임대차보호법, 상법, 민법",15,830,부동산매매_임대차_부동산임대/상업용부동산임대계약서_0056.txt
부동산매매_임대차_부동산임대,상업용부동산임대계약서_0068,부동산매매_임대차,부동산임대,상업용부동산임대계약서,"상가건물 임대차보호법, 민법",177,10173,부동산매매_임대차_부동산임대/상업용부동산임대계약서_0068.txt
부동산매매_임대차_부동산임대,상업용부동산임대계약서_0140,부동산매매_임대차,부동산임대,상업용부동산임대계약서,"상가건물 임대차보호법, 민법, 부동산 거래신고 등에 관한 법률",35,2041,부동산매매_임대차_부동산임대/상업용부동산임대계약서_0140.txt
부동산매매_임대차_부동산임대,상업용부동산임대계약서_0058,부동산매매_임대차,부동산임대,상업용부동산임대계약서,"상가건물 임대차보호법, 부동산 거래신고 등에 관한 법률, 민법",17,963,부동산매매_임대차_부동산임대/상업용부동산임대계약서_0058.txt
부동산매매_임대차_부동산임대,상업용부동산임대계약서_0067,부동산매매_임대차,부동산임대,상업용부동산임대계약서,"부동산 거래신고 등에 관한 법률, 상법",27,877,부동산매매_임대차_부동산임대/상업용부동산임대계약서_0067.txt
부동산매매_임대차_부동산임대,상업용부동산임대계약서_0062,부동산매매_임대차,부동산임대,상업용부동산임대계약서,"상가건물 임대차보호법, 민법, 화재로 인한 재해보상과 보험가입에 관한 법률",76,3773,부동산매매_임대차_부동산임대/상업용부동산임대계약서_0062.txt
부동산매매_임대차_부동산임대,상업용부동산임대계약서_0066,부동산매매_임대차,부동산임대,상업용부동산임대계약서,"상가건물 임대차보호법, 민법, 상가건물 임대차보호법 시행령",26,1158,부동산매매_임대차_부동산임대/상업용부동산임대계약서_0066.txt
부동산매매_임대차_부동산임대,상업용부동산임대계약서_0052,부동산매매_임대차,부동산임대,상업용부동산임대계약서,"상가건물 임대차보호법, 민법, 부동산 거래신고 등에 관한 법률",19,808,부동산매매_임대차_부동산임대/상업용부동산임대계약서_0052.txt
부동산매매_임대차_부동산임대,상업용부동산임대계약서_0042,부동산매매_임대차,부동산임대,상업용부동산임대계약서,"상가건물 임대차보호법, 상법, 민법",72,4895,부동산매매_임대차_부동산임대/상업용부동산임대계약서_0042.txt
부동산매매_임대차_부동산임대,상업용부동산임대계약서_0047,부동산매매_임대차,부동산임대,상업용부동산임대계약서,"상가건물 임대차보호법, 민법, 부동산 거래신고 등에 관한 법률",25,873,부동산매매_임대차_부동산임대/상업용부동산임대계약서_0047.txt
부동산매매_임대차_부동산임대,상업용부동산임대계약서_0057,부동산매매_임대차,부동산임대,상업용부동산임대계약서,"상가건물 임대차보호법, 민법",69,3099,부동산매매_임대차_부동산임대/상업용부동산임대계약서_0057.txt
부동산매매_임대차_부동산임대,상업용부동산임대계약서_0126,부동산매매_임대차,부동산임대,상업용부동산임대계약서,"상가건물 임대차보호법, 민법, 상가건물 임대차보호법 시행령",72,4199,부동산매매_임대차_부동산임대/상업용부동산임대계약서_0126.txt
부동산매매_임대차_부동산임대,상업용부동산임대계약서_0080,부동산매매_임대차,부동산임대,상업용부동산임대계약서,"상가건물 임대차보호법, 상법, 민법",32,1207,부동산매매_임대차_부동산임대/상업용부동산임대계약서_0080.txt
부동산매매_임대차_부동산임대,상업용부동산임대계약서_0065,부동산매매_임대차,부동산임대,상업용부동산임대계약서,"상가건물 임대차보호법, 민법, 부동산 거래신고 등에 관한 법률",31,1379,부동산매매_임대차_부동산임대/상업용부동산임대계약서_0065.txt
부동산매매_임대차_부동산임대,상업용부동산임대계약서_0060,부동산매매_임대차,부동산임대,상업용부동산임대계약서,"공인중개사법, 상가건물 임대차보호법, 민법",83,4109,부동산매매_임대차_부동산임대/상업용부동산임대계약서_0060.txt
부동산매매_임대차_부동산임대,상업용부동산임대계약서_0079,부동산매매_임대차,부동산임대,상업용부동산임대계약서,"상가건물 임대차보호법, 상법, 민법",62,2656,부동산매매_임대차_부동산임대/상업용부동산임대계약서_0079.txt
부동산매매_임대차_부동산임대,상업용부동산임대계약서_0024,부동산매매_임대차,부동산임대,상업용부동산임대계약서,"상가건물 임대차보호법, 민법, 부동산 거래 신고 등에 관한 법률",53,2713,부동산매매_임대차_부동산임대/상업용부동산임대계약서_0024.txt
부동산매매_임대차_부동산임대,상업용부동산임대계약서_0072,부동산매매_임대차,부동산임대,상업용부동산임대계약서,"상가건물 임대차보호법, 민법",28,1152,부동산매매_임대차_부동산임대/상업용부동산임대계약서_0072.txt
부동산매매_임대차_부동산임대,상업용부동산임대계약서_0054,부동산매매_임대차,부동산임대,상업용부동산임대계약서,"상가건물 임대차보호법, 민법, 부동산 거래신고 등에 관한 법률",50,1850,부동산매매_임대차_부동산임대/상업용부동산임대계약서_0054.txt
부동산매매_임대차_부동산임대,상업용부동산임대계약서_0051,부동산매매_임대차,부동산임대,상업용부동산임대계약서,"상가건물 임대차보호법, 민법",32,1139,부동산매매_임대차_부동산임대/상업용부동산임대계약서_0051.txt
부동산매매_임대차_부동산임대,상업용부동산임대계약서_0073,부동산매매_임대차,부동산임대,상업용부동산임대계약서,"상가건물 임대차보호법, 상법, 민법",109,7134,부동산매매_임대차_부동산임대/상업용부동산임대계약서_0073.txt
부동산매매_임대차_부동산임대,상업용부동산임대계약서_0076,부동산매매_임대차,부동산임대,상업용부동산임대계약서,"상가건물 임대차보호법, 민법",27,1059,부동산매매_임대차_부동산임대/상업용부동산임대계약서_0076.txt
부동산매매_임대차_부동산임대,상업용부동산임대계약서_0078,부동산매매_임대차,부동산임대,상업용부동산임대계약서,"상가건물 임대차보호법, 민법",113,6855,부동산매매_임대차_부동산임대/상업용부동산임대계약서_0078.txt
부동산매매_임대차_부동산임대,상업용부동산임대계약서_0081,부동산매매_임대차,부동산임대,상업용부동산임대계약서,"상가건물 임대차보호법, 상법, 민법",18,949,부동산매매_임대차_부동산임대/상업용부동산임대계약서_0081.txt
부동산매매_임대차_부동산임대,상업용부동산임대계약서_0082,부동산매매_임대차,부동산임대,상업용부동산임대계약서,"상가건물 임대차보호법, 민법",58,3119,부동산매매_임대차_부동산임대/상업용부동산임대계약서_0082.txt
부동산매매_임대차_부동산임대,상업용부동산임대계약서_0090,부동산매매_임대차,부동산임대,상업용부동산임대계약서,"상가건물 임대차보호법, 부동산 거래신고 등에 관한 법률, 민법",36,1780,부동산매매_임대차_부동산임대/상업용부동산임대계약서_0090.txt
부동산매매_임대차_부동산임대,상업용부동산임대계약서_0069,부동산매매_임대차,부동산임대,상업용부동산임대계약서,"상가건물 임대차보호법, 상법, 부동산 거래신고 등에 관한 법률",95,6929,부동산매매_임대차_부동산임대/상업용부동산임대계약서_0069.txt
부동산매매_임대차_부동산임대,상업용부동산임대계약서_0110,부동산매매_임대차,부동산임대,상업용부동산임대계약서,"상가건물 임대차보호법, 의료법, 민법",53,2881,부동산매매_임대차_부동산임대/상업용부동산임대계약서_0110.txt
부동산매매_임대차_부동산임대,상업용부동산임대계약서_0107,부동산매매_임대차,부동산임대,상업용부동산임대계약서,"상가건물 임대차보호법, 부동산 거래신고 등에 관한 법률, 민법",53,2453,부동산매매_임대차_부동산임대/상업용부동산임대계약서_0107.txt
부동산매매_임대차_부동산임대,상업용부동산임대계약서_0098,부동산매매_임대차,부동산임대,상업용부동산임대계약서,"상가건물 임대차보호법, 민법, 부가가치세법",53,2539,부동산매매_임대차_부동산임대/상업용부동산임대계약서_0098.txt
부동산매매_임대차_부동산임대,상업용부동산임대계약서_0096,부동산매매_임대차,부동산임대,상업용부동산임대계약서,"상가건물 임대차보호법, 상법, 민법",54,2958,부동산매매_임대차_부동산임대/상업용부동산임대계약서_0096.txt
부동산매매_임대차_부동산임대,상업용부동산임대계약서_0093,부동산매매_임대차,부동산임대,상업용부동산임대계약서,"상가건물 임대차보호법, 민법, 상가건물 임대차보호법 시행령",26,1696,부동산매매_임대차_부동산임대/상업용부동산임대계약서_0093.txt
부동산매매_임대차_부동산임대,상업용부동산임대계약서_0089,부동산매매_임대차,부동산임대,상업용부동산임대계약서,"상가건물 임대차보호법, 민법",97,7291,부동산매매_임대차_부동산임대/상업용부동산임대계약서_0089.txt
부동산매매_임대차_부동산임대,상업용부동산임대계약서_0077,부동산매매_임대차,부동산임대,상업용부동산임대계약서,"상가건물 임대차보호법, 민법, 부동산 거래신고 등에 관한 법률",53,2255,부동산매매_임대차_부동산임대/상업용부동산임대계약서_0077.txt
부동산매매_임대차_부동산임대,상업용부동산임대계약서_0091,부동산매매_임대차,부동산임대,상업용부동산임대계약서,"상가건물 임대차보호법, 민법, 공인중개사법",36,1789,부동산매매_임대차_부동산임대/상업용부동산임대계약서_0091.txt
부동산매매_임대차_부동산임대,상업용부동산임대계약서_0164,부동산매매_임대차,부동산임대,상업용부동산임대계약서,"상가건물 임대차보호법, 상법, 민법",87,4190,부동산매매_임대차_부동산임대/상업용부동산임대계약서_0164.txt
부동산매매_임대차_부동산임대,상업용부동산임대계약서_0129,부동산매매_임대차,부동산임대,상업용부동산임대계약서,"상가건물 임대차보호법, 민법, 상가건물 임대차보호법 시행령",20,990,부동산매매_임대차_부동산임대/상업용부동산임대계약서_0129.txt
부동산매매_임대차_부동산임대,상업용부동산임대계약서_0105,부동산매매_임대차,부동산임대,상업용부동산임대계약서,"상가건물 임대차보호법, 상법, 부동산 거래신고 등에 관한 법률",91,5434,부동산매매_임대차_부동산임대/상업용부동산임대계약서_0105.txt
부동산매매_임대차_부동산임대,상업용부동산임대계약서_0086,부동산매매_임대차,부동산임대,상업용부동산임대계약서,"상가건물 임대차보호법, 민법, 상가건물 임대차보호법 시행령",40,1886,부동산매매_임대차_부동산임대/상업용부동산임대계약서_0086.txt
부동산매매_임대차_부동산임대,상업용부동산임대계약서_0075,부동산매매_임대차,부동산임대,상업용부동산임대계약서,"상가건물 임대차보호법, 주택임대차보호법, 상법",40,1160,부동산매매_임대차_부동산임대/상업용부동산임대계약서_0075.txt
부동산매매_임대차_부동산임대,상업용부동산임대계약서_0085,부동산매매_임대차,부동산임대,상업용부동산임대계약서,"상가건물 임대차보호법, 상법, 부동산 거래신고 등에 관한 법률",83,5319,부동산매매_임대차_부동산임대/상업용부동산임대계약서_0085.txt
부동산매매_임대차_부동산임대,상업용부동산임대계약서_0102,부동산매매_임대차,부동산임대,상업용부동산임대계약서,"상가건물 임대차보호법, 부동산 거래신고 등에 관한 법률, 민법",80,4916,부동산매매_임대차_부동산임대/상업용부동산임대계약서_0102.txt
부동산매매_임대차_부동산임대,상업용부동산임대계약서_0112,부동산매매_임대차,부동산임대,상업용부동산임대계약서,"상가건물 임대차보호법, 부동산 거래신고 등에 관한 법률, 공인중개사법",24,1047,부동산매매_임대차_부동산임대/상업용부동산임대계약서_0112.txt
부동산매매_임대차_부동산임대,상업용부동산임대계약서_0074,부동산매매_임대차,부동산임대,상업용부동산임대계약서,"상가건물 임대차보호법, 민법",80,5457,부동산매매_임대차_부동산임대/상업용부동산임대계약서_0074.txt
부동산매매_임대차_부동산임대,상업용부동산임대계약서_0097,부동산매매_임대차,부동산임대,상업용부동산임대계약서,"상가건물 임대차보호법, 민법, 상가건물 임대차보호법 시행령",48,2609,부동산매매_임대차_부동산임대/상업용부동산임대계약서_0097.txt
부동산매매_임대차_부동산임대,상업용부동산임대계약서_0145,부동산매매_임대차,부동산임대,상업용부동산임대계약서,"상가건물 임대차보호법, 부동산 거래신고 등에 관한 법률, 부동산 거래신고 등에 관한 법률 시행령",85,5888,부동산매매_임대차_부동산임대/상업용부동산임대계약서_0145.txt
부동산매매_임대차_부동산임대,상업용부동산임대계약서_0137,부동산매매_임대차,부동산임대,상업용부동산임대계약서,"부동산 거래신고 등에 관한 법률, 부동산 거래신고 등에 관한 법률 시행령, 국토의 계획 및 이용에 관한 법률",26,870,부동산매매_임대차_부동산임대/상업용부동산임대계약서_0137.txt
부동산매매_임대차_부동산임대,상업용부동산임대계약서_0144,부동산매매_임대차,부동산임대,상업용부동산임대계약서,"상가건물 임대차보호법, 민법, 부동산 거래신고 등에 관한 법률",37,2711,부동산매매_임대차_부동산임대/상업용부동산임대계약서_0144.txt
부동산매매_임대차_부동산임대,상업용부동산임대계약서_0117,부동산매매_임대차,부동산임대,상업용부동산임대계약서,"상가건물 임대차보호법, 민법, 부동산 거래신고 등에 관한 법률",24,1181,부동산매매_임대차_부동산임대/상업용부동산임대계약서_0117.txt
부동산매매_임대차_부동산임대,상업용부동산임대계약서_0092,부동산매매_임대차,부동산임대,상업용부동산임대계약서,"상가건물 임대차보호법, 상법, 민법",26,1693,부동산매매_임대차_부동산임대/상업용부동산임대계약서_0092.txt
부동산매매_임대차_부동산임대,상업용부동산임대계약서_0109,부동산매매_임대차,부동산임대,상업용부동산임대계약서,"상가건물 임대차보호법, 민법, 부동산 거래신고 등에 관한 법률",77,3930,부동산매매_임대차_부동산임대/상업용부동산임대계약서_0109.txt
부동산매매_임대차_부동산임대,상업용부동산임대계약서_0134,부동산매매_임대차,부동산임대,상업용부동산임대계약서,"상가건물 임대차보호법, 민법, 부동산 거래신고 등에 관한 법률",91,4556,부동산매매_임대차_부동산임대/상업용부동산임대계약서_0134.txt
부동산매매_임대차_부동산임대,상업용부동산임대계약서_0099,부동산매매_임대차,부동산임대,상업용부동산임대계약서,"상가건물 임대차보호법, 상법, 민법",47,2469,부동산매매_임대차_부동산임대/상업용부동산임대계약서_0099.txt
부동산매매_임대차_부동산임대,상업용부동산임대계약서_0106,부동산매매_임대차,부동산임대,상업용부동산임대계약서,"상가건물 임대차보호법, 상법, 민법",92,6271,부동산매매_임대차_부동산임대/상업용부동산임대계약서_0106.txt
부동산매매_임대차_부동산임대,상업용부동산임대계약서_0115,부동산매매_임대차,부동산임대,상업용부동산임대계약서,"상가건물 임대차보호법, 민법, 상법",93,4730,부동산매매_임대차_부동산임대/상업용부동산임대계약서_0115.txt
부동산매매_임대차_부동산임대,상업용부동산임대계약서_0139,부동산매매_임대차,부동산임대,상업용부동산임대계약서,"상가건물 임대차보호법, 민법, 상가건물 임대차보호법 시행령",54,2042,부동산매매_임대차_부동산임대/상업용부동산임대계약서_0139.txt
부동산매매_임대차_부동산임대,상업용부동산임대계약서_0095,부동산매매_임대차,부동산임대,상업용부동산임대계약서,"상가건물 임대차보호법, 민법, 상가건물 임대차보호법 시행령",58,2741,부동산매매_임대차_부동산임대/상업용부동산임대계약서_0095.txt
부동산매매_임대차_부동산임대,상업용부동산임대계약서_0118,부동산매매_임대차,부동산임대,상업용부동산임대계약서,"상가건물 임대차보호법, 상법, 민법",42,1984,부동산매매_임대차_부동산임대/상업용부동산임대계약서_0118.txt
부동산매매_임대차_부동산임대,상업용부동산임대계약서_0128,부동산매매_임대차,부동산임대,상업용부동산임대계약서,"상가건물 임대차보호법, 상법, 부동산 거래신고 등에 관한 법률",146,7940,부동산매매_임대차_부동산임대/상업용부동산임대계약서_0128.txt
부동산매매_임대차_부동산임대,상업용부동산임대계약서_0100,부동산매매_임대차,부동산임대,상업용부동산임대계약서,"상가건물 임대차보호법, 민법, 부동산 거래신고 등에 관한 법률",48,2468,부동산매매_임대차_부동산임대/상업용부동산임대계약서_0100.txt
부동산매매_임대차_부동산임대,상업용부동산임대계약서_0130,부동산매매_임대차,부동산임대,상업용부동산임대계약서,"상가건물 임대차보호법, 주택임대차보호법, 상법",24,1389,부동산매매_임대차_부동산임대/상업용부동산임대계약서_0130.txt
부동산매매_임대차_부동산임대,상업용부동산임대계약서_0150,부동산매매_임대차,부동산임대,상업용부동산임대계약서,"상가건물 임대차보호법, 상법, 민법",63,3567,부동산매매_임대차_부동산임대/상업용부동산임대계약서_0150.txt
부동산매매_임대차_부동산임대,상업용부동산임대계약서_0116,부동산매매_임대차,부동산임대,상업용부동산임대계약서,"상가건물 임대차보호법, 민법, 부동산 거래신고 등에 관한 법률",123,7407,부동산매매_임대차_부동산임대/상업용부동산임대계약서_0116.txt
부동산매매_임대차_부동산임대,상업용부동산임대계약서_0127,부동산매매_임대차,부동산임대,상업용부동산임대계약서,"상가건물 임대차보호법, 민법, 상가건물 임대차보호법 시행령",141,7459,부동산매매_임대차_부동산임대/상업용부동산임대계약서_0127.txt
부동산매매_임대차_부동산임대,상업용부동산임대계약서_0131,부동산매매_임대차,부동산임대,상업용부동산임대계약서,"상가건물 임대차보호법, 민법, 상가건물 임대차보호법 시행령",85,4376,부동산매매_임대차_부동산임대/상업용부동산임대계약서_0131.txt
부동산매매_임대차_부동산임대,상업용부동산임대계약서_0141,부동산매매_임대차,부동산임대,상업용부동산임대계약서,"상가건물 임대차보호법, 민법, 부동산 거래신고 등에 관한 법률",32,1911,부동산매매_임대차_부동산임대/상업용부동산임대계약서_0141.txt
부동산매매_임대차_부동산임대,상업용부동산임대계약서_0121,부동산매매_임대차,부동산임대,상업용부동산임대계약서,"상가건물 임대차보호법, 민법, 상가건물 임대차보호법 시행령",62,3231,부동산매매_임대차_부동산임대/상업용부동산임대계약서_0121.txt
부동산매매_임대차_부동산임대,상업용부동산임대계약서_0123,부동산매매_임대차,부동산임대,상업용부동산임대계약서,"상가건물 임대차보호법, 민법, 소득세법",78,3927,부동산매매_임대차_부동산임대/상업용부동산임대계약서_0123.txt
부동산매매_임대차_부동산임대,상업용부동산임대계약서_0135,부동산매매_임대차,부동산임대,상업용부동산임대계약서,"상가건물 임대차보호법, 정보통신산업 진흥법, 상법",81,4077,부동산매매_임대차_부동산임대/상업용부동산임대계약서_0135.txt
부동산매매_임대차_부동산임대,상업용부동산임대계약서_0122,부동산매매_임대차,부동산임대,상업용부동산임대계약서,"상가건물 임대차보호법, 민법",57,2803,부동산매매_임대차_부동산임대/상업용부동산임대계약서_0122.txt
부동산매매_임대차_부동산임대,상업용부동산임대계약서_0154,부동산매매_임대차,부동산임대,상업용부동산임대계약서,"상가건물 임대차보호법, 민법, 상가건물 임대차보호법 시행령",44,2587,부동산매매_임대차_부동산임대/상업용부동산임대계약서_0154.txt
부동산매매_임대차_부동산임대,상업용부동산임대계약서_0162,부동산매매_임대차,부동산임대,상업용부동산임대계약서,"상가건물 임대차보호법, 부동산 거래신고 등에 관한 법률, 상법",21,780,부동산매매_임대차_부동산임대/상업용부동산임대계약서_0162.txt
부동산매매_임대차_부동산임대,상업용부동산임대계약서_0149,부동산매매_임대차,부동산임대,상업용부동산임대계약서,"상가건물 임대차보호법, 민법, 부동산 거래신고 등에 관한 법률",56,3122,부동산매매_임대차_부동산임대/상업용부동산임대계약서_0149.txt
부동산매매_임대차_부동산임대,상업용부동산임대계약서_0142,부동산매매_임대차,부동산임대,상업용부동산임대계약서,"부동산 거래신고 등에 관한 법률, 상법, 민법",27,882,부동산매매_임대차_부동산임대/상업용부동산임대계약서_0142.txt
부동산매매_임대차_부동산임대,상업용부동산임대계약서_0152,부동산매매_임대차,부동산임대,상업용부동산임대계약서,"상가건물 임대차보호법, 상법, 민법",27,1188,부동산매매_임대차_부동산임대/상업용부동산임대계약서_0152.txt
부동산매매_임대차_부동산임대,상업용부동산임대계약서_0185,부동산매매_임대차,부동산임대,상업용부동산임대계약서,"상가건물 임대차보호법, 민법, 부동산 거래신고 등에 관한 법률",34,2115,부동산매매_임대차_부동산임대/상업용부동산임대계약서_0185.txt
부동산매매_임대차_부동산임대,상업용부동산임대계약서_0168,부동산매매_임대차,부동산임대,상업용부동산임대계약서,"상법, 상가건물 임대차보호법, 민법",87,4188,부동산매매_임대차_부동산임대/상업용부동산임대계약서_0168.txt
부동산매매_임대차_부동산임대,상업용부동산임대계약서_0111,부동산매매_임대차,부동산임대,상업용부동산임대계약서,"상가건물 임대차보호법, 상법, 민법",20,1413,부동산매매_임대차_부동산임대/상업용부동산임대계약서_0111.txt
부동산매매_임대차_부동산임대,상업용부동산임대계약서_0161,부동산매매_임대차,부동산임대,상업용부동산임대계약서,"상가건물 임대차보호법, 상법, 민법",28,1189,부동산매매_임대차_부동산임대/상업용부동산임대계약서_0161.txt
부동산매매_임대차_부동산임대,상업용부동산임대계약서_0132,부동산매매_임대차,부동산임대,상업용부동산임대계약서,"상가건물 임대차보호법, 민법, 상가건물 임대차보호법 시행령",80,4143,부동산매매_임대차_부동산임대/상업용부동산임대계약서_0132.txt
부동산매매_임대차_부동산임대,상업용부동산임대계약서_0238,부동산매매_임대차,부동산임대,상업용부동산임대계약서,"상가건물 임대차보호법, 부동산 거래신고 등에 관한 법률, 민법",92,5423,부동산매매_임대차_부동산임대/상업용부동산임대계약서_0238.txt
부동산매매_임대차_부동산임대,상업용부동산임대계약서_0119,부동산매매_임대차,부동산임대,상업용부동산임대계약서,"상가건물 임대차보호법, 민법, 상법",84,5529,부동산매매_임대차_부동산임대/상업용부동산임대계약서_0119.txt
부동산매매_임대차_부동산임대,상업용부동산임대계약서_0155,부동산매매_임대차,부동산임대,상업용부동산임대계약서,"상가건물 임대차보호법, 상법, 민법",121,7578,부동산매매_임대차_부동산임대/상업용부동산임대계약서_0155.txt
부동산매매_임대차_부동산임대,상업용부동산임대계약서_0136,부동산매매_임대차,부동산임대,상업용부동산임대계약서,"산업집적활성화 및 공장설립에 관한 법률, 상법, 민법",82,4071,부동산매매_임대차_부동산임대/상업용부동산임대계약서_0136.txt
부동산매매_임대차_부동산임대,상업용부동산임대계약서_0156,부동산매매_임대차,부동산임대,상업용부동산임대계약서,"상가건물 임대차보호법, 부동산 거래신고 등에 관한 법률, 공인중개사법",29,1623,부동산매매_임대차_부동산임대/상업용부동산임대계약서_0156.txt
부동산매매_임대차_부동산임대,상업용부동산임대계약서_0182,부동산매매_임대차,부동산임대,상업용부동산임대계약서,"상가건물 임대차보호법, 민법, 주택임대차보호법",33,2104,부동산매매_임대차_부동산임대/상업용부동산임대계약서_0182.txt
부동산매매_임대차_부동산임대,상업용부동산임대계약서_0158,부동산매매_임대차,부동산임대,상업용부동산임대계약서,"상가건물 임대차보호법, 민법, 상가건물 임대차보호법 시행령",26,1577,부동산매매_임대차_부동산임대/상업용부동산임대계약서_0158.txt
부동산매매_임대차_부동산임대,상업용부동산임대계약서_0201,부동산매매_임대차,부동산임대,상업용부동산임대계약서,"상가건물 임대차보호법, 민법, 상가건물 임대차보호법 시행령",27,1128,부동산매매_임대차_부동산임대/상업용부동산임대계약서_0201.txt
부동산매매_임대차_부동산임대,상업용부동산임대계약서_0143,부동산매매_임대차,부동산임대,상업용부동산임대계약서,"상가건물 임대차보호법, 상법, 부동산 거래신고 등에 관한 법률",30,1842,부동산매매_임대차_부동산임대/상업용부동산임대계약서_0143.txt
부동산매매_임대차_부동산임대,상업용부동산임대계약서_0163,부동산매매_임대차,부동산임대,상업용부동산임대계약서,"상가건물 임대차보호법, 민법, 상가건물 임대차보호법 시행령",87,4233,부동산매매_임대차_부동산임대/상업용부동산임대계약서_0163.txt
부동산매매_임대차_부동산임대,상업용부동산임대계약서_0169,부동산매매_임대차,부동산임대,상업용부동산임대계약서,"부동산 거래신고 등에 관한 법률, 부동산 거래신고 등에 관한 법률 시행령, 민법",23,800,부동산매매_임대차_부동산임대/상업용부동산임대계약서_0169.txt
부동산매매_임대차_부동산임대,상업용부동산임대계약서_0235,부동산매매_임대차,부동산임대,상업용부동산임대계약서,"상가건물 임대차보호법, 민법, 부동산 거래신고 등에 관한 법률",30,1150,부동산매매_임대차_부동산임대/상업용부동산임대계약서_0235.txt
부동산매매_임대차_부동산임대,상업용부동산임대계약서_0166,부동산매매_임대차,부동산임대,상업용부동산임대계약서,"상가건물 임대차보호법, 민법, 중소기업창업 지원법",85,4194,부동산매매_임대차_부동산임대/상업용부동산임대계약서_0166.txt
부동산매매_임대차_부동산임대,상업용부동산임대계약서_0165,부동산매매_임대차,부동산임대,상업용부동산임대계약서,"상가건물 임대차보호법, 민법, 상가건물 임대차보호법 시행령",86,4211,부동산매매_임대차_부동산임대/상업용부동산임대계약서_0165.txt
부동산매매_임대차_부동산임대,상업용부동산임대계약서_0114,부동산매매_임대차,부동산임대,상업용부동산임대계약서,"상가건물 임대차보호법, 상가건물 임대차보호법 시행령, 상법",179,10344,부동산매매_임대차_부동산임대/상업용부동산임대계약서_0114.txt
부동산매매_임대차_부동산임대,상업용부동산임대계약서_0191,부동산매매_임대차,부동산임대,상업용부동산임대계약서,"상가건물 임대차보호법, 부동산 거래신고 등에 관한 법률, 건축법",110,7470,부동산매매_임대차_부동산임대/상업용부동산임대계약서_0191.txt
부동산매매_임대차_부동산임대,상업용부동산임대계약서_0167,부동산매매_임대차,부동산임대,상업용부동산임대계약서,"상가건물 임대차보호법, 상법, 민법",84,4178,부동산매매_임대차_부동산임대/상업용부동산임대계약서_0167.txt
부동산매매_임대차_부동산임대,상업용부동산임대계약서_0173,부동산매매_임대차,부동산임대,상업용부동산임대계약서,"부동산 거래신고 등에 관한 법률, 부동산등기법, 부동산 거래신고 등에 관한 법률 시행령",22,984,부동산매매_임대차_부동산임대/상업용부동산임대계약서_0173.txt
부동산매매_임대차_부동산임대,상업용부동산임대계약서_0234,부동산매매_임대차,부동산임대,상업용부동산임대계약서,"상가건물 임대차보호법, 민법, 부동산 거래신고 등에 관한 법률",30,1181,부동산매매_임대차_부동산임대/상업용부동산임대계약서_0234.txt
부동산매매_임대차_부동산임대,상업용부동산임대계약서_0170,부동산매매_임대차,부동산임대,상업용부동산임대계약서,"상법, 부동산 거래신고 등에 관한 법률, 부동산 거래신고 등에 관한 법률 시행령",24,875,부동산매매_임대차_부동산임대/상업용부동산임대계약서_0170.txt
부동산매매_임대차_부동산임대,상업용부동산임대계약서_0147,부동산매매_임대차,부동산임대,상업용부동산임대계약서,"상가건물 임대차보호법, 상법, 부동산 거래신고 등에 관한 법률",95,5512,부동산매매_임대차_부동산임대/상업용부동산임대계약서_0147.txt
부동산매매_임대차_부동산임대,상업용부동산임대계약서_0157,부동산매매_임대차,부동산임대,상업용부동산임대계약서,"상가건물 임대차보호법, 민법, 부동산 거래신고 등에 관한 법률",87,4491,부동산매매_임대차_부동산임대/상업용부동산임대계약서_0157.txt
부동산매매_임대차_부동산임대,상업용부동산임대계약서_0216,부동산매매_임대차,부동산임대,상업용부동산임대계약서,"상가건물 임대차보호법, 민법",32,1204,부동산매매_임대차_부동산임대/상업용부동산임대계약서_0216.txt
부동산매매_임대차_부동산임대,상업용부동산임대계약서_0190,부동산매매_임대차,부동산임대,상업용부동산임대계약서,"상가건물 임대차보호법, 상법, 부동산 거래신고 등에 관한 법률",177,10180,부동산매매_임대차_부동산임대/상업용부동산임대계약서_0190.txt
부동산매매_임대차_부동산임대,상업용부동산임대계약서_0245,부동산매매_임대차,부동산임대,상업용부동산임대계약서,"상가건물 임대차보호법, 부동산 거래신고 등에 관한 법률, 주택임대차보호법",25,1045,부동산매매_임대차_부동산임대/상업용부동산임대계약서_0245.txt
부동산매매_임대차_부동산임대,상업용부동산임대계약서_0186,부동산매매_임대차,부동산임대,상업용부동산임대계약서,"상가건물 임대차보호법, 상법, 민법",34,2103,부동산매매_임대차_부동산임대/상업용부동산임대계약서_0186.txt
부동산매매_임대차_부동산임대,상업용부동산임대계약서_0177,부동산매매_임대차,부동산임대,상업용부동산임대계약서,"상가건물 임대차보호법, 민법, 상가건물 임대차보호법 시행령",51,1844,부동산매매_임대차_부동산임대/상업용부동산임대계약서_0177.txt
부동산매매_임대차_부동산임대,상업용부동산임대계약서_0202,부동산매매_임대차,부동산임대,상업용부동산임대계약서,"상가건물 임대차보호법, 민법, 부동산 거래신고 등에 관한 법률",36,1897,부동산매매_임대차_부동산임대/상업용부동산임대계약서_0202.txt
부동산매매_임대차_부동산임대,상업용부동산임대계약서_0309,부동산매매_임대차,부동산임대,상업용부동산임대계약서,"상가건물임대차보호법, 민법",54,2686,부동산매매_임대차_부동산임대/상업용부동산임대계약서_0309.txt
부동산매매_임대차_부동산임대,상업용부동산임대계약서_0184,부동산매매_임대차,부동산임대,상업용부동산임대계약서,"상가건물 임대차보호법, 민법, 부동산 거래신고 등에 관한 법률",33,2104,부동산매매_임대차_부동산임대/상업용부동산임대계약서_0184.txt
부동산매매_임대차_부동산임대,상업용부동산임대계약서_0194,부동산매매_임대차,부동산임대,상업용부동산임대계약서,"상가건물 임대차보호법, 민법, 상가건물 임대차보호법 시행령",111,7185,부동산매매_임대차_부동산임대/상업용부동산임대계약서_0194.txt
부동산매매_임대차_부동산임대,상업용부동산임대계약서_0208,부동산매매_임대차,부동산임대,상업용부동산임대계약서,"상가건물 임대차보호법, 민법, 부동산 거래신고 등에 관한 법률",14,378,부동산매매_임대차_부동산임대/상업용부동산임대계약서_0208.txt
부동산매매_임대차_부동산임대,상업용부동산임대계약서_0181,부동산매매_임대차,부동산임대,상업용부동산임대계약서,"상가건물 임대차보호법, 민법, 상법",33,2024,부동산매매_임대차_부동산임대/상업용부동산임대계약서_0181.txt
부동산매매_임대차_부동산임대,상업용부동산임대계약서_0210,부동산매매_임대차,부동산임대,상업용부동산임대계약서,"상가건물 임대차보호법, 의료법, 상법",53,2294,부동산매매_임대차_부동산임대/상업용부동산임대계약서_0210.txt
부동산매매_임대차_부동산임대,상업용부동산임대계약서_0176,부동산매매_임대차,부동산임대,상업용부동산임대계약서,"상가건물 임대차보호법, 민법, 상가건물 임대차보호법 시행령",51,1844,부동산매매_임대차_부동산임대/상업용부동산임대계약서_0176.txt
부동산매매_임대차_부동산임대,상업용부동산임대계약서_0215,부동산매매_임대차,부동산임대,상업용부동산임대계약서,"상가건물 임대차보호법, 민법, 주차장법",31,1090,부동산매매_임대차_부동산임대/상업용부동산임대계약서_0215.txt
부동산매매_임대차_부동산임대,상업용부동산임대계약서_0189,부동산매매_임대차,부동산임대,상업용부동산임대계약서,"상가건물 임대차보호법, 상법, 민법",177,10159,부동산매매_임대차_부동산임대/상업용부동산임대계약서_0189.txt
부동산매매_임대차_부동산임대,상업용부동산임대계약서_0198,부동산매매_임대차,부동산임대,상업용부동산임대계약서,"상가건물 임대차보호법, 민법, 부동산 거래신고 등에 관한 법률",27,1880,부동산매매_임대차_부동산임대/상업용부동산임대계약서_0198.txt
부동산매매_임대차_부동산임대,상업용부동산임대계약서_0213,부동산매매_임대차,부동산임대,상업용부동산임대계약서,"상가건물 임대차보호법, 민법, 상가건물 임대차보호법 시행령",32,1260,부동산매매_임대차_부동산임대/상업용부동산임대계약서_0213.txt
부동산매매_임대차_부동산임대,상업용부동산임대계약서_0197,부동산매매_임대차,부동산임대,상업용부동산임대계약서,"상가건물 임대차보호법, 민법, 상가건물 임대차보호법 시행령",27,1113,부동산매매_임대차_부동산임대/상업용부동산임대계약서_0197.txt
부동산매매_임대차_부동산임대,상업용부동산임대계약서_0277,부동산매매_임대차,부동산임대,상업용부동산임대계약서,"상가건물 임대차보호법, 민법, 부동산 거래신고 등에 관한 법률",35,2580,부동산매매_임대차_부동산임대/상업용부동산임대계약서_0277.txt
부동산매매_임대차_부동산임대,상업용부동산임대계약서_0211,부동산매매_임대차,부동산임대,상업용부동산임대계약서,"상가건물 임대차보호법, 의료법, 민법",52,2248,부동산매매_임대차_부동산임대/상업용부동산임대계약서_0211.txt
부동산매매_임대차_부동산임대,상업용부동산임대계약서_0200,부동산매매_임대차,부동산임대,상업용부동산임대계약서,"상가건물 임대차보호법, 민법, 상가건물 임대차보호법 시행령",27,1232,부동산매매_임대차_부동산임대/상업용부동산임대계약서_0200.txt
부동산매매_임대차_부동산임대,상업용부동산임대계약서_0243,부동산매매_임대차,부동산임대,상업용부동산임대계약서,"상가건물 임대차보호법, 민법, 상가건물 임대차보호법 시행령",52,2898,부동산매매_임대차_부동산임대/상업용부동산임대계약서_0243.txt
부동산매매_임대차_부동산임대,상업용부동산임대계약서_0260,부동산매매_임대차,부동산임대,상업용부동산임대계약서,"상가건물 임대차보호법, 민법, 상법",131,7456,부동산매매_임대차_부동산임대/상업용부동산임대계약서_0260.txt
부동산매매_임대차_부동산임대,상업용부동산임대계약서_0214,부동산매매_임대차,부동산임대,상업용부동산임대계약서,"상가건물 임대차보호법, 민법, 부동산 거래신고 등에 관한 법률",29,1206,부동산매매_임대차_부동산임대/상업용부동산임대계약서_0214.txt
부동산매매_임대차_부동산임대,상업용부동산임대계약서_0220,부동산매매_임대차,부동산임대,상업용부동산임대계약서,"상가건물 임대차보호법, 민법, 국토의 계획 및 이용에 관한 법률",14,351,부동산매매_임대차_부동산임대/상업용부동산임대계약서_0220.txt
부동산매매_임대차_부동산임대,상업용부동산임대계약서_0196,부동산매매_임대차,부동산임대,상업용부동산임대계약서,"상가건물 임대차보호법, 민법, 부동산 거래신고 등에 관한 법률",27,1855,부동산매매_임대차_부동산임대/상업용부동산임대계약서_0196.txt
부동산매매_임대차_부동산임대,상업용부동산임대계약서_0240,부동산매매_임대차,부동산임대,상업용부동산임대계약서,"상가건물 임대차보호법, 민법, 부가가치세법",52,2945,부동산매매_임대차_부동산임대/상업용부동산임대계약서_0240.txt
부동산매매_임대차_부동산임대,상업용부동산임대계약서_0207,부동산매매_임대차,부동산임대,상업용부동산임대계약서,"상가건물 임대차보호법, 상법, 민법",64,3041,부동산매매_임대차_부동산임대/상업용부동산임대계약서_0207.txt
부동산매매_임대차_부동산임대,상업용부동산임대계약서_0244,부동산매매_임대차,부동산임대,상업용부동산임대계약서,"상가건물 임대차보호법, 민법, 부동산 거래신고 등에 관한 법률",24,1652,부동산매매_임대차_부동산임대/상업용부동산임대계약서_0244.txt
부동산매매_임대차_부동산임대,상업용부동산임대계약서_0225,부동산매매_임대차,부동산임대,상업용부동산임대계약서,"상가건물 임대차보호법, 민법, 부동산 거래신고 등에 관한 법률",79,4343,부동산매매_임대차_부동산임대/상업용부동산임대계약서_0225.txt
부동산매매_임대차_부동산임대,상업용부동산임대계약서_0188,부동산매매_임대차,부동산임대,상업용부동산임대계약서,"상가건물 임대차보호법, 민법, 상가건물 임대차보호법 시행령",176,10143,부동산매매_임대차_부동산임대/상업용부동산임대계약서_0188.txt
부동산매매_임대차_부동산임대,상업용부동산임대계약서_0193,부동산매매_임대차,부동산임대,상업용부동산임대계약서,"상가건물 임대차보호법, 상법",110,6855,부동산매매_임대차_부동산임대/상업용부동산임대계약서_0193.txt
부동산매매_임대차_부동산임대,상업용부동산임대계약서_0239,부동산매매_임대차,부동산임대,상업용부동산임대계약서,"상가건물 임대차보호법, 민법, 부동산 거래신고 등에 관한 법률",97,6269,부동산매매_임대차_부동산임대/상업용부동산임대계약서_0239.txt
부동산매매_임대차_부동산임대,상업용부동산임대계약서_0256,부동산매매_임대차,부동산임대,상업용부동산임대계약서,"상가건물 임대차보호법, 민법, 부동산 거래신고 등에 관한 법률",79,3921,부동산매매_임대차_부동산임대/상업용부동산임대계약서_0256.txt
부동산매매_임대차_부동산임대,상업용부동산임대계약서_0203,부동산매매_임대차,부동산임대,상업용부동산임대계약서,"상가건물 임대차보호법, 민법, 상가건물 임대차보호법 시행령",35,2212,부동산매매_임대차_부동산임대/상업용부동산임대계약서_0203.txt
부동산매매_임대차_부동산임대,상업용부동산임대계약서_0236,부동산매매_임대차,부동산임대,상업용부동산임대계약서,"상가건물 임대차보호법, 민법, 의료법",56,2853,부동산매매_임대차_부동산임대/상업용부동산임대계약서_0236.txt
부동산매매_임대차_부동산임대,상업용부동산임대계약서_0250,부동산매매_임대차,부동산임대,상업용부동산임대계약서,"상가건물 임대차보호법, 민법, 부동산 거래신고 등에 관한 법률",25,1617,부동산매매_임대차_부동산임대/상업용부동산임대계약서_0250.txt
부동산매매_임대차_부동산임대,상업용부동산임대계약서_0246,부동산매매_임대차,부동산임대,상업용부동산임대계약서,"상가건물 임대차보호법, 상법, 민법",21,1165,부동산매매_임대차_부동산임대/상업용부동산임대계약서_0246.txt
부동산매매_임대차_부동산임대,상업용부동산임대계약서_0217,부동산매매_임대차,부동산임대,상업용부동산임대계약서,"상가건물 임대차보호법, 의료법, 부동산 거래신고 등에 관한 법률",52,2951,부동산매매_임대차_부동산임대/상업용부동산임대계약서_0217.txt
부동산매매_임대차_부동산임대,상업용부동산임대계약서_0219,부동산매매_임대차,부동산임대,상업용부동산임대계약서,"상가건물 임대차보호법, 민법",14,355,부동산매매_임대차_부동산임대/상업용부동산임대계약서_0219.txt
부동산매매_임대차_부동산임대,상업용부동산임대계약서_0221,부동산매매_임대차,부동산임대,상업용부동산임대계약서,"상가건물 임대차보호법, 민법, 부동산 거래신고 등에 관한 법률",15,349,부동산매매_임대차_부동산임대/상업용부동산임대계약서_0221.txt
부동산매매_임대차_부동산임대,상업용부동산임대계약서_0218,부동산매매_임대차,부동산임대,상업용부동산임대계약서,"상가건물 임대차보호법, 민법, 상가건물 임대차보호법 시행령",32,1202,부동산매매_임대차_부동산임대/상업용부동산임대계약서_0218.txt
부동산매매_임대차_부동산임대,상업용부동산임대계약서_0226,부동산매매_임대차,부동산임대,상업용부동산임대계약서,"상가건물 임대차보호법, 민법, 상가건물 임대차보호법 시행령",57,3171,부동산매매_임대차_부동산임대/상업용부동산임대계약서_0226.txt
부동산매매_임대차_부동산임대,상업용부동산임대계약서_0252,부동산매매_임대차,부동산임대,상업용부동산임대계약서,"상가건물 임대차보호법, 민법, 부동산 거래신고 등에 관한 법률",84,5514,부동산매매_임대차_부동산임대/상업용부동산임대계약서_0252.txt
부동산매매_임대차_부동산임대,상업용부동산임대계약서_0247,부동산매매_임대차,부동산임대,상업용부동산임대계약서,"상가건물 임대차보호법, 상법, 민법",178,10142,부동산매매_임대차_부동산임대/상업용부동산임대계약서_0247.txt
부동산매매_임대차_부동산임대,상업용부동산임대계약서_0253,부동산매매_임대차,부동산임대,상업용부동산임대계약서,"상가건물 임대차보호법, 민법, 상법",66,3512,부동산매매_임대차_부동산임대/상업용부동산임대계약서_0253.txt
부동산매매_임대차_부동산임대,상업용부동산임대계약서_0286,부동산매매_임대차,부동산임대,상업용부동산임대계약서,"상가건물 임대차보호법, 상법, 부동산 거래신고 등에 관한 법률",185,10550,부동산매매_임대차_부동산임대/상업용부동산임대계약서_0286.txt
부동산매매_임대차_부동산임대,상업용부동산임대계약서_0265,부동산매매_임대차,부동산임대,상업용부동산임대계약서,"상가건물 임대차보호법, 민법, 상가건물 임대차보호법 시행령",80,4132,부동산매매_임대차_부동산임대/상업용부동산임대계약서_0265.txt
부동산매매_임대차_부동산임대,상업용부동산임대계약서_0233,부동산매매_임대차,부동산임대,상업용부동산임대계약서,"상가건물 임대차보호법, 민법, 의료법",57,3178,부동산매매_임대차_부동산임대/상업용부동산임대계약서_0233.txt
부동산매매_임대차_부동산임대,상업용부동산임대계약서_0251,부동산매매_임대차,부동산임대,상업용부동산임대계약서,"상가건물 임대차보호법, 민법, 상가건물 임대차보호법 시행령",42,1985,부동산매매_임대차_부동산임대/상업용부동산임대계약서_0251.txt
부동산매매_임대차_부동산임대,상업용부동산임대계약서_0280,부동산매매_임대차,부동산임대,상업용부동산임대계약서,"상가건물 임대차보호법, 상법, 부동산 거래신고 등에 관한 법률",97,5511,부동산매매_임대차_부동산임대/상업용부동산임대계약서_0280.txt
부동산매매_임대차_부동산임대,상업용부동산임대계약서_0224,부동산매매_임대차,부동산임대,상업용부동산임대계약서,"상가건물 임대차보호법, 민법, 국세기본법",93,5741,부동산매매_임대차_부동산임대/상업용부동산임대계약서_0224.txt
부동산매매_임대차_부동산임대,상업용부동산임대계약서_0257,부동산매매_임대차,부동산임대,상업용부동산임대계약서,"상가건물 임대차보호법, 민법, 상가건물 임대차보호법 시행령",50,2943,부동산매매_임대차_부동산임대/상업용부동산임대계약서_0257.txt
부동산매매_임대차_부동산임대,상업용부동산임대계약서_0255,부동산매매_임대차,부동산임대,상업용부동산임대계약서,"상가건물 임대차보호법, 민법, 공인중개사법",57,2787,부동산매매_임대차_부동산임대/상업용부동산임대계약서_0255.txt
부동산매매_임대차_부동산임대,상업용부동산임대계약서_0273,부동산매매_임대차,부동산임대,상업용부동산임대계약서,"상가건물 임대차보호법, 상법, 부동산 거래신고 등에 관한 법률",35,2043,부동산매매_임대차_부동산임대/상업용부동산임대계약서_0273.txt
부동산매매_임대차_부동산임대,상업용부동산임대계약서_0254,부동산매매_임대차,부동산임대,상업용부동산임대계약서,"상가건물 임대차보호법, 민법, 상가건물 임대차보호법 시행령",62,3244,부동산매매_임대차_부동산임대/상업용부동산임대계약서_0254.txt
부동산매매_임대차_부동산임대,상업용부동산임대계약서_0294,부동산매매_임대차,부동산임대,상업용부동산임대계약서,"상가건물 임대차보호법, 민법, 상가건물 임대차보호법 시행령",34,1193,부동산매매_임대차_부동산임대/상업용부동산임대계약서_0294.txt
부동산매매_임대차_부동산임대,상업용부동산임대계약서_0272,부동산매매_임대차,부동산임대,상업용부동산임대계약서,"상가건물 임대차보호법, 민법, 상가건물 임대차보호법 시행령",55,2080,부동산매매_임대차_부동산임대/상업용부동산임대계약서_0272.txt
부동산매매_임대차_부동산임대,상업용부동산임대계약서_0259,부동산매매_임대차,부동산임대,상업용부동산임대계약서,"상가건물 임대차보호법, 상법, 민법",72,4431,부동산매매_임대차_부동산임대/상업용부동산임대계약서_0259.txt
부동산매매_임대차_부동산임대,상업용부동산임대계약서_0262,부동산매매_임대차,부동산임대,상업용부동산임대계약서,"상가건물 임대차보호법, 상법, 민법",20,971,부동산매매_임대차_부동산임대/상업용부동산임대계약서_0262.txt
부동산매매_임대차_부동산임대,상업용부동산임대계약서_0261,부동산매매_임대차,부동산임대,상업용부동산임대계약서,"상가건물 임대차보호법, 상법, 민법",148,7953,부동산매매_임대차_부동산임대/상업용부동산임대계약서_0261.txt
부동산매매_임대차_부동산임대,상업용부동산임대계약서_0249,부동산매매_임대차,부동산임대,상업용부동산임대계약서,"상가건물 임대차보호법, 상법, 민법",123,7407,부동산매매_임대차_부동산임대/상업용부동산임대계약서_0249.txt
부동산매매_임대차_부동산임대,상업용부동산임대계약서_0274,부동산매매_임대차,부동산임대,상업용부동산임대계약서,"상가건물 임대차보호법, 민법",32,1914,부동산매매_임대차_부동산임대/상업용부동산임대계약서_0274.txt
부동산매매_임대차_부동산임대,상업용부동산임대계약서_0269,부동산매매_임대차,부동산임대,상업용부동산임대계약서,"상가건물 임대차보호법, 부동산 거래신고 등에 관한 법률",85,4061,부동산매매_임대차_부동산임대/상업용부동산임대계약서_0269.txt
부동산매매_임대차_부동산임대,상업용부동산임대계약서_0227,부동산매매_임대차,부동산임대,상업용부동산임대계약서,"상가건물 임대차보호법, 민법, 상가건물 임대차보호법 시행령",56,2729,부동산매매_임대차_부동산임대/상업용부동산임대계약서_0227.txt
부동산매매_임대차_부동산임대,상업용부동산임대계약서_0279,부동산매매_임대차,부동산임대,상업용부동산임대계약서,"상가건물 임대차보호법, 민법, 상가건물 임대차보호법 시행령",85,4402,부동산매매_임대차_부동산임대/상업용부동산임대계약서_0279.txt
부동산매매_임대차_부동산임대,상업용부동산임대계약서_0268,부동산매매_임대차,부동산임대,상업용부동산임대계약서,"상가건물 임대차보호법, 상법, 민법",85,4067,부동산매매_임대차_부동산임대/상업용부동산임대계약서_0268.txt
부동산매매_임대차_부동산임대,상업용부동산임대계약서_0329,부동산매매_임대차,부동산임대,상업용부동산임대계약서,"상가건물 임대차보호법, 민법, 부동산 거래신고 등에 관한 법률",50,2365,부동산매매_임대차_부동산임대/상업용부동산임대계약서_0329.txt
부동산매매_임대차_부동산임대,상업용부동산임대계약서_0271,부동산매매_임대차,부동산임대,상업용부동산임대계약서,"상가건물 임대차보호법, 민법, 상가건물 임대차보호법 시행령",50,1831,부동산매매_임대차_부동산임대/상업용부동산임대계약서_0271.txt
부동산매매_임대차_부동산임대,상업용부동산임대계약서_0276,부동산매매_임대차,부동산임대,상업용부동산임대계약서,"상가건물 임대차보호법, 민법",31,1709,부동산매매_임대차_부동산임대/상업용부동산임대계약서_0276.txt
부동산매매_임대차_부동산임대,상업용부동산임대계약서_0308,부동산매매_임대차,부동산임대,상업용부동산임대계약서,"상가건물 임대차보호법, 민법, 부동산 거래신고 등에 관한 법률",80,4080,부동산매매_임대차_부동산임대/상업용부동산임대계약서_0308.txt
부동산매매_임대차_부동산임대,상업용부동산임대계약서_0291,부동산매매_임대차,부동산임대,상업용부동산임대계약서,"상가건물 임대차보호법, 상법, 민법",25,1252,부동산매매_임대차_부동산임대/상업용부동산임대계약서_0291.txt
부동산매매_임대차_부동산임대,상업용부동산임대계약서_0345,부동산매매_임대차,부동산임대,상업용부동산임대계약서,"상가건물 임대차보호법, 민법, 부동산 거래신고 등에 관한 법률",22,2691,부동산매매_임대차_부동산임대/상업용부동산임대계약서_0345.txt
부동산매매_임대차_부동산임대,상업용부동산임대계약서_0295,부동산매매_임대차,부동산임대,상업용부동산임대계약서,"상가건물 임대차보호법, 상법, 부동산 거래신고 등에 관한 법률",25,787,부동산매매_임대차_부동산임대/상업용부동산임대계약서_0295.txt
부동산매매_임대차_부동산임대,상업용부동산임대계약서_0281,부동산매매_임대차,부동산임대,상업용부동산임대계약서,"상가건물 임대차보호법, 민법",74,3974,부동산매매_임대차_부동산임대/상업용부동산임대계약서_0281.txt
부동산매매_임대차_부동산임대,상업용부동산임대계약서_0312,부동산매매_임대차,부동산임대,상업용부동산임대계약서,"상가건물 임대차보호법, 상법, 민법",54,2677,부동산매매_임대차_부동산임대/상업용부동산임대계약서_0312.txt
부동산매매_임대차_부동산임대,상업용부동산임대계약서_0285,부동산매매_임대차,부동산임대,상업용부동산임대계약서,"상가건물 임대차보호법, 민법, 부동산 거래신고 등에 관한 법률",28,1184,부동산매매_임대차_부동산임대/상업용부동산임대계약서_0285.txt
부동산매매_임대차_부동산임대,상업용부동산임대계약서_0267,부동산매매_임대차,부동산임대,상업용부동산임대계약서,"상가건물 임대차보호법, 민법, 부동산 거래신고 등에 관한 법률",91,4572,부동산매매_임대차_부동산임대/상업용부동산임대계약서_0267.txt
부동산매매_임대차_부동산임대,상업용부동산임대계약서_0297,부동산매매_임대차,부동산임대,상업용부동산임대계약서,"상가건물 임대차보호법, 부동산 거래신고 등에 관한 법률, 민법",94,5583,부동산매매_임대차_부동산임대/상업용부동산임대계약서_0297.txt
부동산매매_임대차_부동산임대,상업용부동산임대계약서_0283,부동산매매_임대차,부동산임대,상업용부동산임대계약서,"상가건물 임대차보호법, 민법",63,3552,부동산매매_임대차_부동산임대/상업용부동산임대계약서_0283.txt
부동산매매_임대차_부동산임대,상업용부동산임대계약서_0310,부동산매매_임대차,부동산임대,상업용부동산임대계약서,"상가건물 임대차보호법, 민법, 상법",54,2692,부동산매매_임대차_부동산임대/상업용부동산임대계약서_0310.txt
부동산매매_임대차_부동산임대,상업용부동산임대계약서_0289,부동산매매_임대차,부동산임대,상업용부동산임대계약서,"상가건물 임대차보호법, 주택임대차보호법, 민법",29,1819,부동산매매_임대차_부동산임대/상업용부동산임대계약서_0289.txt
부동산매매_임대차_부동산임대,상업용부동산임대계약서_0290,부동산매매_임대차,부동산임대,상업용부동산임대계약서,"상가건물 임대차보호법, 민법, 공인중개사법",87,4487,부동산매매_임대차_부동산임대/상업용부동산임대계약서_0290.txt
부동산매매_임대차_부동산임대,상업용부동산임대계약서_0296,부동산매매_임대차,부동산임대,상업용부동산임대계약서,"상가건물 임대차보호법, 상법, 민법",88,4455,부동산매매_임대차_부동산임대/상업용부동산임대계약서_0296.txt
부동산매매_임대차_부동산임대,상업용부동산임대계약서_0275,부동산매매_임대차,부동산임대,상업용부동산임대계약서,"부동산 거래신고 등에 관한 법률, 부동산 거래신고 등에 관한 법률 시행령, 민법",24,855,부동산매매_임대차_부동산임대/상업용부동산임대계약서_0275.txt
부동산매매_임대차_부동산임대,상업용부동산임대계약서_0299,부동산매매_임대차,부동산임대,상업용부동산임대계약서,"상가건물 임대차보호법, 민법, 상가건물 임대차보호법 시행령",84,4139,부동산매매_임대차_부동산임대/상업용부동산임대계약서_0299.txt
부동산매매_임대차_부동산임대,상업용부동산임대계약서_0292,부동산매매_임대차,부동산임대,상업용부동산임대계약서,"상가건물 임대차보호법, 상법, 민법",67,3020,부동산매매_임대차_부동산임대/상업용부동산임대계약서_0292.txt
부동산매매_임대차_부동산임대,상업용부동산임대계약서_0304,부동산매매_임대차,부동산임대,상업용부동산임대계약서,"상가건물 임대차보호법, 민법, 상가건물 임대차보호법 시행령",84,4140,부동산매매_임대차_부동산임대/상업용부동산임대계약서_0304.txt
부동산매매_임대차_부동산임대,상업용부동산임대계약서_0374,부동산매매_임대차,부동산임대,상업용부동산임대계약서,"상가건물 임대차보호법, 민법",28,1040,부동산매매_임대차_부동산임대/상업용부동산임대계약서_0374.txt
부동산매매_임대차_부동산임대,상업용부동산임대계약서_0313,부동산매매_임대차,부동산임대,상업용부동산임대계약서,"상가건물 임대차보호법, 민법",52,2506,부동산매매_임대차_부동산임대/상업용부동산임대계약서_0313.txt
부동산매매_임대차_부동산임대,상업용부동산임대계약서_0323,부동산매매_임대차,부동산임대,상업용부동산임대계약서,"상가건물 임대차보호법, 민법, 상가건물 임대차보호법 시행령",43,2265,부동산매매_임대차_부동산임대/상업용부동산임대계약서_0323.txt
부동산매매_임대차_부동산임대,상업용부동산임대계약서_0302,부동산매매_임대차,부동산임대,상업용부동산임대계약서,"상가건물 임대차보호법, 민법, 부동산 거래신고 등에 관한 법률",86,4205,부동산매매_임대차_부동산임대/상업용부동산임대계약서_0302.txt
부동산매매_임대차_부동산임대,상업용부동산임대계약서_0300,부동산매매_임대차,부동산임대,상업용부동산임대계약서,"상가건물 임대차보호법, 민법, 부동산 거래신고 등에 관한 법률",88,4314,부동산매매_임대차_부동산임대/상업용부동산임대계약서_0300.txt
부동산매매_임대차_부동산임대,상업용부동산임대계약서_0311,부동산매매_임대차,부동산임대,상업용부동산임대계약서,"상가건물 임대차보호법, 민법, 상법",54,2675,부동산매매_임대차_부동산임대/상업용부동산임대계약서_0311.txt
부동산매매_임대차_부동산임대,상업용부동산임대계약서_0333,부동산매매_임대차,부동산임대,상업용부동산임대계약서,"상가건물 임대차보호법, 민법, 상가건물 임대차보호법 시행령",138,7678,부동산매매_임대차_부동산임대/상업용부동산임대계약서_0333.txt
부동산매매_임대차_부동산임대,상업용부동산임대계약서_0293,부동산매매_임대차,부동산임대,상업용부동산임대계약서,"상가건물 임대차보호법, 상법, 민법",31,1408,부동산매매_임대차_부동산임대/상업용부동산임대계약서_0293.txt
부동산매매_임대차_부동산임대,상업용부동산임대계약서_0320,부동산매매_임대차,부동산임대,상업용부동산임대계약서,"상가건물 임대차보호법, 민법, 상법",44,2412,부동산매매_임대차_부동산임대/상업용부동산임대계약서_0320.txt
부동산매매_임대차_부동산임대,상업용부동산임대계약서_0298,부동산매매_임대차,부동산임대,상업용부동산임대계약서,"상가건물 임대차보호법, 민법, 상가건물 임대차보호법 시행령",88,4301,부동산매매_임대차_부동산임대/상업용부동산임대계약서_0298.txt
부동산매매_임대차_부동산임대,상업용부동산임대계약서_0301,부동산매매_임대차,부동산임대,상업용부동산임대계약서,"상가건물 임대차보호법, 상법, 민법",77,3893,부동산매매_임대차_부동산임대/상업용부동산임대계약서_0301.txt
부동산매매_임대차_부동산임대,상업용부동산임대계약서_0317,부동산매매_임대차,부동산임대,상업용부동산임대계약서,"상가건물 임대차보호법, 민법, 상법",44,2411,부동산매매_임대차_부동산임대/상업용부동산임대계약서_0317.txt
부동산매매_임대차_부동산임대,상업용부동산임대계약서_0319,부동산매매_임대차,부동산임대,상업용부동산임대계약서,"상가건물 임대차보호법, 민법, 상가건물 임대차보호법 시행령",44,2412,부동산매매_임대차_부동산임대/상업용부동산임대계약서_0319.txt
부동산매매_임대차_부동산임대,상업용부동산임대계약서_0278,부동산매매_임대차,부동산임대,상업용부동산임대계약서,"상가건물 임대차보호법, 부동산 거래신고 등에 관한 법률, 부가가치세법",85,5894,부동산매매_임대차_부동산임대/상업용부동산임대계약서_0278.txt
부동산매매_임대차_부동산임대,상업용부동산임대계약서_0316,부동산매매_임대차,부동산임대,상업용부동산임대계약서,"상가건물 임대차보호법, 민법, 상법",53,2482,부동산매매_임대차_부동산임대/상업용부동산임대계약서_0316.txt
부동산매매_임대차_부동산임대,상업용부동산임대계약서_0344,부동산매매_임대차,부동산임대,상업용부동산임대계약서,"상가건물 임대차보호법, 민법, 부동산 거래신고 등에 관한 법률",22,2278,부동산매매_임대차_부동산임대/상업용부동산임대계약서_0344.txt
부동산매매_임대차_부동산임대,상업용부동산임대계약서_0391,부동산매매_임대차,부동산임대,상업용부동산임대계약서,"상가건물 임대차보호법, 민법, 부동산 거래신고 등에 관한 법률",77,3904,부동산매매_임대차_부동산임대/상업용부동산임대계약서_0391.txt
부동산매매_임대차_부동산임대,상업용부동산임대계약서_0343,부동산매매_임대차,부동산임대,상업용부동산임대계약서,"상가건물 임대차보호법, 민법, 부동산 거래신고 등에 관한 법률",26,2651,부동산매매_임대차_부동산임대/상업용부동산임대계약서_0343.txt
부동산매매_임대차_부동산임대,상업용부동산임대계약서_0350,부동산매매_임대차,부동산임대,상업용부동산임대계약서,"상가건물 임대차보호법, 민법, 상가건물 임대차보호법 시행령",131,8984,부동산매매_임대차_부동산임대/상업용부동산임대계약서_0350.txt
부동산매매_임대차_부동산임대,상업용부동산임대계약서_0328,부동산매매_임대차,부동산임대,상업용부동산임대계약서,"상가건물 임대차보호법, 민법, 상가건물 임대차보호법 시행령",43,2265,부동산매매_임대차_부동산임대/상업용부동산임대계약서_0328.txt
부동산매매_임대차_부동산임대,상업용부동산임대계약서_0327,부동산매매_임대차,부동산임대,상업용부동산임대계약서,"상가건물 임대차보호법, 민법, 상가건물 임대차보호법 시행령",43,2265,부동산매매_임대차_부동산임대/상업용부동산임대계약서_0327.txt
부동산매매_임대차_부동산임대,주거용부동산임대계약서_0012,부동산매매_임대차,부동산임대,주거용부동산임대계약서,"주택임대차보호법, 민법, 공인중개사법",45,5692,부동산매매_임대차_부동산임대/주거용부동산임대계약서_0012.txt
부동산매매_임대차_부동산임대,상업용부동산임대계약서_0314,부동산매매_임대차,부동산임대,상업용부동산임대계약서,"상가건물 임대차보호법, 민법, 부동산 거래신고 등에 관한 법률",52,2518,부동산매매_임대차_부동산임대/상업용부동산임대계약서_0314.txt
부동산매매_임대차_부동산임대,상업용부동산임대계약서_0380,부동산매매_임대차,부동산임대,상업용부동산임대계약서,"상가건물 임대차보호법, 민법, 상가건물 임대차보호법 시행령",27,1687,부동산매매_임대차_부동산임대/상업용부동산임대계약서_0380.txt
부동산매매_임대차_부동산임대,상업용부동산임대계약서_0358,부동산매매_임대차,부동산임대,상업용부동산임대계약서,"상가건물 임대차보호법, 민법, 부동산 거래신고 등에 관한 법률",82,5228,부동산매매_임대차_부동산임대/상업용부동산임대계약서_0358.txt
부동산매매_임대차_부동산임대,상업용부동산임대계약서_0372,부동산매매_임대차,부동산임대,상업용부동산임대계약서,"상가건물 임대차보호법, 부동산 거래신고 등에 관한 법률, 부동산 거래신고 등에 관한 법률 시행령",95,7117,부동산매매_임대차_부동산임대/상업용부동산임대계약서_0372.txt
부동산매매_임대차_부동산임대,상업용부동산임대계약서_0354,부동산매매_임대차,부동산임대,상업용부동산임대계약서,"상가건물 임대차보호법, 민법, 부동산 거래신고 등에 관한 법률",36,2271,부동산매매_임대차_부동산임대/상업용부동산임대계약서_0354.txt
부동산매매_임대차_부동산임대,상업용부동산임대계약서_0365,부동산매매_임대차,부동산임대,상업용부동산임대계약서,"상가건물 임대차보호법, 상법, 민법",38,1865,부동산매매_임대차_부동산임대/상업용부동산임대계약서_0365.txt
부동산매매_임대차_부동산임대,상업용부동산임대계약서_0376,부동산매매_임대차,부동산임대,상업용부동산임대계약서,"상가건물 임대차보호법, 민법, 상법",28,1099,부동산매매_임대차_부동산임대/상업용부동산임대계약서_0376.txt
부동산매매_임대차_부동산임대,상업용부동산임대계약서_0356,부동산매매_임대차,부동산임대,상업용부동산임대계약서,"상가건물 임대차보호법, 민법, 부동산 거래신고 등에 관한 법률",113,7821,부동산매매_임대차_부동산임대/상업용부동산임대계약서_0356.txt
부동산매매_임대차_부동산임대,상업용부동산임대계약서_0340,부동산매매_임대차,부동산임대,상업용부동산임대계약서,"상가건물 임대차보호법, 민법, 부동산 거래신고 등에 관한 법률",38,2435,부동산매매_임대차_부동산임대/상업용부동산임대계약서_0340.txt
부동산매매_임대차_부동산임대,상업용부동산임대계약서_0351,부동산매매_임대차,부동산임대,상업용부동산임대계약서,"상가건물 임대차보호법, 민법, 상가건물 임대차보호법 시행령",75,4671,부동산매매_임대차_부동산임대/상업용부동산임대계약서_0351.txt
부동산매매_임대차_부동산임대,상업용부동산임대계약서_0326,부동산매매_임대차,부동산임대,상업용부동산임대계약서,"상가건물 임대차보호법, 민법",43,2276,부동산매매_임대차_부동산임대/상업용부동산임대계약서_0326.txt
부동산매매_임대차_부동산임대,상업용부동산임대계약서_0364,부동산매매_임대차,부동산임대,상업용부동산임대계약서,"상가건물 임대차보호법, 민법, 상법",37,2503,부동산매매_임대차_부동산임대/상업용부동산임대계약서_0364.txt
부동산매매_임대차_부동산임대,주거용부동산임대계약서_0094,부동산매매_임대차,부동산임대,주거용부동산임대계약서,"주택임대차보호법, 부동산 거래신고 등에 관한 법률, 공인중개사법",29,1810,부동산매매_임대차_부동산임대/주거용부동산임대계약서_0094.txt
부동산매매_임대차_부동산임대,상업용부동산임대계약서_0324,부동산매매_임대차,부동산임대,상업용부동산임대계약서,"상가건물 임대차보호법, 상법, 민법",42,2199,부동산매매_임대차_부동산임대/상업용부동산임대계약서_0324.txt
부동산매매_임대차_부동산임대,상업용부동산임대계약서_0381,부동산매매_임대차,부동산임대,상업용부동산임대계약서,"상가건물 임대차보호법, 상법, 민법",25,1564,부동산매매_임대차_부동산임대/상업용부동산임대계약서_0381.txt
부동산매매_임대차_부동산임대,상업용부동산임대계약서_0360,부동산매매_임대차,부동산임대,상업용부동산임대계약서,"상가건물 임대차보호법, 민법, 상법",128,8817,부동산매매_임대차_부동산임대/상업용부동산임대계약서_0360.txt
부동산매매_임대차_부동산임대,상업용부동산임대계약서_0357,부동산매매_임대차,부동산임대,상업용부동산임대계약서,"상가건물 임대차보호법, 민법, 부동산 거래신고 등에 관한 법률",36,2433,부동산매매_임대차_부동산임대/상업용부동산임대계약서_0357.txt
부동산매매_임대차_부동산임대,주거용부동산임대계약서_0024,부동산매매_임대차,부동산임대,주거용부동산임대계약서,"주택임대차보호법, 민법, 부동산 거래신고 등에 관한 법률",39,1256,부동산매매_임대차_부동산임대/주거용부동산임대계약서_0024.txt
부동산매매_임대차_부동산임대,상업용부동산임대계약서_0382,부동산매매_임대차,부동산임대,상업용부동산임대계약서,"상가건물 임대차보호법, 민법, 부동산 거래신고 등에 관한 법률",25,1493,부동산매매_임대차_부동산임대/상업용부동산임대계약서_0382.txt
부동산매매_임대차_부동산임대,상업용부동산임대계약서_0373,부동산매매_임대차,부동산임대,상업용부동산임대계약서,"상가건물 임대차보호법, 상법, 민법",101,7413,부동산매매_임대차_부동산임대/상업용부동산임대계약서_0373.txt
부동산매매_임대차_부동산임대,상업용부동산임대계약서_0369,부동산매매_임대차,부동산임대,상업용부동산임대계약서,"상가건물 임대차보호법, 부동산 거래 신고 등에 관한 법률, 부동산 거래 신고 등에 관한 법률 시행령",96,7086,부동산매매_임대차_부동산임대/상업용부동산임대계약서_0369.txt
부동산매매_임대차_부동산임대,상업용부동산임대계약서_0349,부동산매매_임대차,부동산임대,상업용부동산임대계약서,"상가건물 임대차보호법, 민법, 상법",141,9097,부동산매매_임대차_부동산임대/상업용부동산임대계약서_0349.txt
부동산매매_임대차_부동산임대,상업용부동산임대계약서_0375,부동산매매_임대차,부동산임대,상업용부동산임대계약서,"상가건물 임대차보호법, 민법, 상가건물 임대차보호법 시행령",28,1097,부동산매매_임대차_부동산임대/상업용부동산임대계약서_0375.txt
부동산매매_임대차_부동산임대,상업용부동산임대계약서_0387,부동산매매_임대차,부동산임대,상업용부동산임대계약서,"상가건물 임대차보호법, 민법, 부동산 거래신고 등에 관한 법률",24,1116,부동산매매_임대차_부동산임대/상업용부동산임대계약서_0387.txt
부동산매매_임대차_부동산임대,상업용부동산임대계약서_0366,부동산매매_임대차,부동산임대,상업용부동산임대계약서,"상가건물 임대차보호법, 민법, 부동산 거래신고 등에 관한 법률",115,7765,부동산매매_임대차_부동산임대/상업용부동산임대계약서_0366.txt
부동산매매_임대차_부동산임대,상업용부동산임대계약서_0396,부동산매매_임대차,부동산임대,상업용부동산임대계약서,"상가건물 임대차보호법, 민법, 부동산 거래신고 등에 관한 법률",88,4299,부동산매매_임대차_부동산임대/상업용부동산임대계약서_0396.txt
부동산매매_임대차_부동산임대,상업용부동산임대계약서_0379,부동산매매_임대차,부동산임대,상업용부동산임대계약서,"상가건물 임대차보호법, 민법, 상가건물 임대차보호법 시행령",27,1562,부동산매매_임대차_부동산임대/상업용부동산임대계약서_0379.txt
부동산매매_임대차_부동산임대,주거용부동산임대계약서_0020,부동산매매_임대차,부동산임대,주거용부동산임대계약서,"부동산 거래신고 등에 관한 법률, 주택임대차보호법, 공인중개사법, 소득세법",31,1042,부동산매매_임대차_부동산임대/주거용부동산임대계약서_0020.txt
부동산매매_임대차_부동산임대,주거용부동산임대계약서_0008,부동산매매_임대차,부동산임대,주거용부동산임대계약서,"주택임대차보호법, 민법, 부동산 거래신고 등에 관한 법률",32,1094,부동산매매_임대차_부동산임대/주거용부동산임대계약서_0008.txt
부동산매매_임대차_부동산임대,상업용부동산임대계약서_0389,부동산매매_임대차,부동산임대,상업용부동산임대계약서,"상가건물 임대차보호법, 민법, 부동산 거래신고 등에 관한 법률",84,4150,부동산매매_임대차_부동산임대/상업용부동산임대계약서_0389.txt
부동산매매_임대차_부동산임대,상업용부동산임대계약서_0325,부동산매매_임대차,부동산임대,상업용부동산임대계약서,"상가건물 임대차보호법, 민법, 부동산 거래신고 등에 관한 법률",43,2252,부동산매매_임대차_부동산임대/상업용부동산임대계약서_0325.txt
부동산매매_임대차_부동산임대,상업용부동산임대계약서_0361,부동산매매_임대차,부동산임대,상업용부동산임대계약서,"상가건물 임대차보호법, 민법, 상가건물 임대차보호법 시행령",72,4853,부동산매매_임대차_부동산임대/상업용부동산임대계약서_0361.txt
부동산매매_임대차_부동산임대,주거용부동산임대계약서_0037,부동산매매_임대차,부동산임대,주거용부동산임대계약서,"주택임대차보호법, 민법, 부동산 거래신고 등에 관한 법률",25,624,부동산매매_임대차_부동산임대/주거용부동산임대계약서_0037.txt
부동산매매_임대차_부동산임대,상업용부동산임대계약서_0378,부동산매매_임대차,부동산임대,상업용부동산임대계약서,"상가건물 임대차보호법, 민법, 부동산 거래신고 등에 관한 법률",28,1766,부동산매매_임대차_부동산임대/상업용부동산임대계약서_0378.txt
부동산매매_임대차_부동산임대,주거용부동산임대계약서_0055,부동산매매_임대차,부동산임대,주거용부동산임대계약서,"주택임대차보호법, 부동산 거래신고 등에 관한 법률, 부동산 거래신고 등에 관한 법률 시행령",24,985,부동산매매_임대차_부동산임대/주거용부동산임대계약서_0055.txt
부동산매매_임대차_부동산임대,주거용부동산임대계약서_0051,부동산매매_임대차,부동산임대,주거용부동산임대계약서,"주택임대차보호법, 민법, 부동산 거래신고 등에 관한 법률",29,1880,부동산매매_임대차_부동산임대/주거용부동산임대계약서_0051.txt
부동산매매_임대차_부동산임대,주거용부동산임대계약서_0010,부동산매매_임대차,부동산임대,주거용부동산임대계약서,"주택임대차보호법, 부동산 거래신고 등에 관한 법률, 공인중개사법",22,670,부동산매매_임대차_부동산임대/주거용부동산임대계약서_0010.txt
부동산매매_임대차_부동산임대,상업용부동산임대계약서_0371,부동산매매_임대차,부동산임대,상업용부동산임대계약서,"상가건물 임대차보호법, 부동산 거래신고 등에 관한 법률, 상법",102,7708,부동산매매_임대차_부동산임대/상업용부동산임대계약서_0371.txt
부동산매매_임대차_부동산임대,상업용부동산임대계약서_0400,부동산매매_임대차,부동산임대,상업용부동산임대계약서,"상가건물 임대차보호법, 상법, 부동산 거래신고 등에 관한 법률",90,5331,부동산매매_임대차_부동산임대/상업용부동산임대계약서_0400.txt
부동산매매_임대차_부동산임대,주거용부동산임대계약서_0018,부동산매매_임대차,부동산임대,주거용부동산임대계약서,"주택임대차보호법, 민법, 공인중개사법",45,5655,부동산매매_임대차_부동산임대/주거용부동산임대계약서_0018.txt
부동산매매_임대차_부동산임대,주거용부동산임대계약서_0021,부동산매매_임대차,부동산임대,주거용부동산임대계약서,"주택임대차보호법, 부동산 거래신고 등에 관한 법률, 공인중개사법",21,1605,부동산매매_임대차_부동산임대/주거용부동산임대계약서_0021.txt
부동산매매_임대차_부동산임대,주거용부동산임대계약서_0049,부동산매매_임대차,부동산임대,주거용부동산임대계약서,"주택임대차보호법, 민법, 부동산 거래신고 등에 관한 법률",25,1112,부동산매매_임대차_부동산임대/주거용부동산임대계약서_0049.txt
부동산매매_임대차_부동산임대,상업용부동산임대계약서_0386,부동산매매_임대차,부동산임대,상업용부동산임대계약서,"상가건물 임대차보호법, 민법, 상법",91,5302,부동산매매_임대차_부동산임대/상업용부동산임대계약서_0386.txt
부동산매매_임대차_부동산임대,주거용부동산임대계약서_0014,부동산매매_임대차,부동산임대,주거용부동산임대계약서,"주택임대차보호법, 민법, 주택임대차보호법 시행령",31,1073,부동산매매_임대차_부동산임대/주거용부동산임대계약서_0014.txt
부동산매매_임대차_부동산임대,상업용부동산임대계약서_0384,부동산매매_임대차,부동산임대,상업용부동산임대계약서,"상가건물 임대차보호법, 민법, 부동산 거래신고 등에 관한 법률",55,2938,부동산매매_임대차_부동산임대/상업용부동산임대계약서_0384.txt
부동산매매_임대차_부동산임대,주거용부동산임대계약서_0004,부동산매매_임대차,부동산임대,주거용부동산임대계약서,"주택임대차보호법, 민법, 부동산 거래신고 등에 관한 법률",28,1918,부동산매매_임대차_부동산임대/주거용부동산임대계약서_0004.txt
부동산매매_임대차_부동산임대,주거용부동산임대계약서_0022,부동산매매_임대차,부동산임대,주거용부동산임대계약서,"주택임대차보호법, 민법, 부동산 거래신고 등에 관한 법률",23,951,부동산매매_임대차_부동산임대/주거용부동산임대계약서_0022.txt
부동산매매_임대차_부동산임대,주거용부동산임대계약서_0088,부동산매매_임대차,부동산임대,주거용부동산임대계약서,"주택임대차보호법, 주택임대차보호법 시행령, 민법",24,625,부동산매매_임대차_부동산임대/주거용부동산임대계약서_0088.txt
부동산매매_임대차_부동산임대,주거용부동산임대계약서_0013,부동산매매_임대차,부동산임대,주거용부동산임대계약서,"주택임대차보호법, 민법, 부동산 거래신고 등에 관한 법률",31,1633,부동산매매_임대차_부동산임대/주거용부동산임대계약서_0013.txt
부동산매매_임대차_부동산임대,주거용부동산임대계약서_0026,부동산매매_임대차,부동산임대,주거용부동산임대계약서,"주택임대차보호법, 민법, 부동산 거래신고 등에 관한 법률",35,1003,부동산매매_임대차_부동산임대/주거용부동산임대계약서_0026.txt
부동산매매_임대차_부동산임대,상업용부동산임대계약서_0398,부동산매매_임대차,부동산임대,상업용부동산임대계약서,"상가건물 임대차보호법, 민법, 부동산 거래신고 등에 관한 법률",80,3976,부동산매매_임대차_부동산임대/상업용부동산임대계약서_0398.txt
부동산매매_임대차_부동산임대,주거용부동산임대계약서_0072,부동산매매_임대차,부동산임대,주거용부동산임대계약서,"주택임대차보호법, 부동산 거래신고 등에 관한 법률, 민법",26,1060,부동산매매_임대차_부동산임대/주거용부동산임대계약서_0072.txt
부동산매매_임대차_부동산임대,상업용부동산임대계약서_0399,부동산매매_임대차,부동산임대,상업용부동산임대계약서,"상가건물 임대차보호법, 민법, 부동산 거래신고 등에 관한 법률",88,5240,부동산매매_임대차_부동산임대/상업용부동산임대계약서_0399.txt
부동산매매_임대차_부동산임대,상업용부동산임대계약서_0392,부동산매매_임대차,부동산임대,상업용부동산임대계약서,"상가건물 임대차보호법, 민법, 상법",86,4206,부동산매매_임대차_부동산임대/상업용부동산임대계약서_0392.txt
부동산매매_임대차_부동산임대,상업용부동산임대계약서_0370,부동산매매_임대차,부동산임대,상업용부동산임대계약서,"상가건물 임대차보호법, 민법, 상법",101,7628,부동산매매_임대차_부동산임대/상업용부동산임대계약서_0370.txt
부동산매매_임대차_부동산임대,상업용부동산임대계약서_0394,부동산매매_임대차,부동산임대,상업용부동산임대계약서,"상가건물 임대차보호법, 민법, 상가건물 임대차보호법 시행령",84,4134,부동산매매_임대차_부동산임대/상업용부동산임대계약서_0394.txt
부동산매매_임대차_부동산임대,주거용부동산임대계약서_0060,부동산매매_임대차,부동산임대,주거용부동산임대계약서,"주택임대차보호법, 민법, 상가건물 임대차보호법",40,1511,부동산매매_임대차_부동산임대/주거용부동산임대계약서_0060.txt
부동산매매_임대차_부동산임대,상업용부동산임대계약서_0385,부동산매매_임대차,부동산임대,상업용부동산임대계약서,"상가건물임대차보호법, 민법, 상법",64,3351,부동산매매_임대차_부동산임대/상업용부동산임대계약서_0385.txt
부동산매매_임대차_부동산임대,주거용부동산임대계약서_0036,부동산매매_임대차,부동산임대,주거용부동산임대계약서,"주택임대차보호법, 부동산 거래신고 등에 관한 법률, 민법",27,569,부동산매매_임대차_부동산임대/주거용부동산임대계약서_0036.txt
부동산매매_임대차_부동산임대,주거용부동산임대계약서_0015,부동산매매_임대차,부동산임대,주거용부동산임대계약서,"주택임대차보호법, 부동산 거래신고 등에 관한 법률, 공인중개사법",29,3910,부동산매매_임대차_부동산임대/주거용부동산임대계약서_0015.txt
부동산매매_임대차_부동산임대,주거용부동산임대계약서_0089,부동산매매_임대차,부동산임대,주거용부동산임대계약서,"주택임대차보호법, 부동산 거래신고 등에 관한 법률, 부동산 거래신고 등에 관한 법률 시행령",25,594,부동산매매_임대차_부동산임대/주거용부동산임대계약서_0089.txt
부동산매매_임대차_부동산임대,주거용부동산임대계약서_0083,부동산매매_임대차,부동산임대,주거용부동산임대계약서,"주택임대차보호법, 부동산 거래 신고 등에 관한 법률",23,876,부동산매매_임대차_부동산임대/주거용부동산임대계약서_0083.txt
부동산매매_임대차_부동산임대,주거용부동산임대계약서_0044,부동산매매_임대차,부동산임대,주거용부동산임대계약서,"주택임대차보호법, 공인중개사법, 민법",30,4160,부동산매매_임대차_부동산임대/주거용부동산임대계약서_0044.txt
부동산매매_임대차_부동산임대,주거용부동산임대계약서_0027,부동산매매_임대차,부동산임대,주거용부동산임대계약서,"상가건물 임대차보호법, 주택임대차보호법, 부동산 거래신고 등에 관한 법률",32,2739,부동산매매_임대차_부동산임대/주거용부동산임대계약서_0027.txt
부동산매매_임대차_부동산임대,주거용부동산임대계약서_0038,부동산매매_임대차,부동산임대,주거용부동산임대계약서,"주택임대차보호법, 민법, 부동산 거래신고 등에 관한 법률",35,1421,부동산매매_임대차_부동산임대/주거용부동산임대계약서_0038.txt
부동산매매_임대차_부동산임대,주거용부동산임대계약서_0030,부동산매매_임대차,부동산임대,주거용부동산임대계약서,"주택임대차보호법, 민법, 부동산 거래신고 등에 관한 법률",35,1174,부동산매매_임대차_부동산임대/주거용부동산임대계약서_0030.txt
부동산매매_임대차_부동산임대,주거용부동산임대계약서_0068,부동산매매_임대차,부동산임대,주거용부동산임대계약서,"주택임대차보호법, 민법, 부동산 거래신고 등에 관한 법률",28,2835,부동산매매_임대차_부동산임대/주거용부동산임대계약서_0068.txt
부동산매매_임대차_부동산임대,주거용부동산임대계약서_0063,부동산매매_임대차,부동산임대,주거용부동산임대계약서,"주택임대차보호법, 부동산 거래신고 등에 관한 법률, 상가건물 임대차보호법",38,2200,부동산매매_임대차_부동산임대/주거용부동산임대계약서_0063.txt
부동산매매_임대차_부동산임대,주거용부동산임대계약서_0093,부동산매매_임대차,부동산임대,주거용부동산임대계약서,"주택임대차보호법, 부동산 거래신고 등에 관한 법률, 민법",42,1958,부동산매매_임대차_부동산임대/주거용부동산임대계약서_0093.txt
부동산매매_임대차_부동산임대,주거용부동산임대계약서_0058,부동산매매_임대차,부동산임대,주거용부동산임대계약서,"주택임대차보호법, 민법, 주택임대차보호법 시행령",27,1486,부동산매매_임대차_부동산임대/주거용부동산임대계약서_0058.txt
부동산매매_임대차_부동산임대,주거용부동산임대계약서_0057,부동산매매_임대차,부동산임대,주거용부동산임대계약서,"주택임대차보호법, 민법, 부동산 거래신고 등에 관한 법률",36,1816,부동산매매_임대차_부동산임대/주거용부동산임대계약서_0057.txt
부동산매매_임대차_부동산임대,주거용부동산임대계약서_0032,부동산매매_임대차,부동산임대,주거용부동산임대계약서,"주택임대차보호법, 민법, 주택법",55,2403,부동산매매_임대차_부동산임대/주거용부동산임대계약서_0032.txt
부동산매매_임대차_부동산임대,주거용부동산임대계약서_0092,부동산매매_임대차,부동산임대,주거용부동산임대계약서,"주택임대차보호법, 민법, 부동산 거래신고 등에 관한 법률",43,2351,부동산매매_임대차_부동산임대/주거용부동산임대계약서_0092.txt
부동산매매_임대차_부동산임대,주거용부동산임대계약서_0029,부동산매매_임대차,부동산임대,주거용부동산임대계약서,"주택임대차보호법, 민법, 부동산 거래신고 등에 관한 법률",43,1879,부동산매매_임대차_부동산임대/주거용부동산임대계약서_0029.txt
부동산매매_임대차_부동산임대,주거용부동산임대계약서_0047,부동산매매_임대차,부동산임대,주거용부동산임대계약서,"주택임대차보호법, 민법, 부동산 거래신고 등에 관한 법률",33,1165,부동산매매_임대차_부동산임대/주거용부동산임대계약서_0047.txt
부동산매매_임대차_부동산임대,주거용부동산임대계약서_0062,부동산매매_임대차,부동산임대,주거용부동산임대계약서,"주택임대차보호법, 민법, 주택임대차보호법 시행령",43,2859,부동산매매_임대차_부동산임대/주거용부동산임대계약서_0062.txt
부동산매매_임대차_부동산임대,주거용부동산임대계약서_0061,부동산매매_임대차,부동산임대,주거용부동산임대계약서,"주택임대차보호법, 부동산 거래신고 등에 관한 법률, 공인중개사법",34,2179,부동산매매_임대차_부동산임대/주거용부동산임대계약서_0061.txt
부동산매매_임대차_부동산임대,주거용부동산임대계약서_0070,부동산매매_임대차,부동산임대,주거용부동산임대계약서,"주택임대차보호법, 부동산 거래신고 등에 관한 법률, 공인중개사법",30,3555,부동산매매_임대차_부동산임대/주거용부동산임대계약서_0070.txt
부동산매매_임대차_부동산임대,주거용부동산임대계약서_0066,부동산매매_임대차,부동산임대,주거용부동산임대계약서,"주택임대차보호법, 민법, 부동산 거래신고 등에 관한 법률",25,1117,부동산매매_임대차_부동산임대/주거용부동산임대계약서_0066.txt
부동산매매_임대차_부동산임대,주거용부동산임대계약서_0048,부동산매매_임대차,부동산임대,주거용부동산임대계약서,"주택임대차보호법, 부동산 거래신고 등에 관한 법률",23,1022,부동산매매_임대차_부동산임대/주거용부동산임대계약서_0048.txt
부동산매매_임대차_부동산임대,주거용부동산임대계약서_0050,부동산매매_임대차,부동산임대,주거용부동산임대계약서,"주택임대차보호법, 민법, 부동산 거래신고 등에 관한 법률",32,1165,부동산매매_임대차_부동산임대/주거용부동산임대계약서_0050.txt
부동산매매_임대차_부동산임대,주거용부동산임대계약서_0043,부동산매매_임대차,부동산임대,주거용부동산임대계약서,"주택임대차보호법, 부동산 거래신고 등에 관한 법률, 민법",40,1633,부동산매매_임대차_부동산임대/주거용부동산임대계약서_0043.txt
부동산매매_임대차_부동산임대,주거용부동산임대계약서_0054,부동산매매_임대차,부동산임대,주거용부동산임대계약서,"주택임대차보호법, 민법, 부동산 거래신고 등에 관한 법률",24,980,부동산매매_임대차_부동산임대/주거용부동산임대계약서_0054.txt
부동산매매_임대차_부동산임대,주거용부동산임대계약서_0042,부동산매매_임대차,부동산임대,주거용부동산임대계약서,"주택임대차보호법, 민법, 부동산 거래신고 등에 관한 법률",30,2695,부동산매매_임대차_부동산임대/주거용부동산임대계약서_0042.txt
부동산매매_임대차_부동산임대,주거용부동산임대계약서_0075,부동산매매_임대차,부동산임대,주거용부동산임대계약서,"주택임대차보호법, 부동산 거래신고 등에 관한 법률, 민법",36,1249,부동산매매_임대차_부동산임대/주거용부동산임대계약서_0075.txt
부동산매매_임대차_부동산임대,주거용부동산임대계약서_0078,부동산매매_임대차,부동산임대,주거용부동산임대계약서,"주택임대차보호법, 상가건물 임대차보호법, 민법",39,1268,부동산매매_임대차_부동산임대/주거용부동산임대계약서_0078.txt
부동산매매_임대차_부동산임대,주거용부동산임대계약서_0067,부동산매매_임대차,부동산임대,주거용부동산임대계약서,"주택임대차보호법, 민법, 상가건물 임대차보호법",32,1350,부동산매매_임대차_부동산임대/주거용부동산임대계약서_0067.txt
부동산매매_임대차_부동산임대,주거용부동산임대계약서_0071,부동산매매_임대차,부동산임대,주거용부동산임대계약서,"주택임대차보호법, 부동산 거래신고 등에 관한 법률, 소득세법",27,924,부동산매매_임대차_부동산임대/주거용부동산임대계약서_0071.txt
부동산매매_임대차_부동산임대,주거용부동산임대계약서_0082,부동산매매_임대차,부동산임대,주거용부동산임대계약서,"주택임대차보호법, 부동산 거래신고 등에 관한 법률, 공인중개사법",23,1351,부동산매매_임대차_부동산임대/주거용부동산임대계약서_0082.txt
부동산매매_임대차_부동산임대,주거용부동산임대계약서_0084,부동산매매_임대차,부동산임대,주거용부동산임대계약서,"주택임대차보호법, 부동산 거래신고 등에 관한 법률, 주택법",23,895,부동산매매_임대차_부동산임대/주거용부동산임대계약서_0084.txt
부동산매매_임대차_부동산임대,주거용부동산임대계약서_0087,부동산매매_임대차,부동산임대,주거용부동산임대계약서,"주택임대차보호법, 부동산 거래신고 등에 관한 법률, 공인중개사법",26,678,부동산매매_임대차_부동산임대/주거용부동산임대계약서_0087.txt
부동산매매_임대차_부동산임대,주거용부동산임대계약서_0080,부동산매매_임대차,부동산임대,주거용부동산임대계약서,"주택임대차보호법, 부동산 거래신고 등에 관한 법률, 부동산 거래신고 등에 관한 법률 시행령",26,1276,부동산매매_임대차_부동산임대/주거용부동산임대계약서_0080.txt
부동산매매_임대차_부동산임대,주거용부동산임대계약서_0059,부동산매매_임대차,부동산임대,주거용부동산임대계약서,"주택임대차보호법, 민법, 부동산 거래신고 등에 관한 법률",29,1862,부동산매매_임대차_부동산임대/주거용부동산임대계약서_0059.txt
부동산매매_임대차_부동산임대,주거용부동산임대계약서_0069,부동산매매_임대차,부동산임대,주거용부동산임대계약서,"주택임대차보호법, 민법, 부동산 거래신고 등에 관한 법률",28,2836,부동산매매_임대차_부동산임대/주거용부동산임대계약서_0069.txt
부동산매매_임대차_부동산임대,주거용부동산임대계약서_0077,부동산매매_임대차,부동산임대,주거용부동산임대계약서,"주택임대차보호법, 상법, 부동산 거래신고 등에 관한 법률",29,2299,부동산매매_임대차_부동산임대/주거용부동산임대계약서_0077.txt
부동산매매_임대차_부동산임대,주거용부동산임대계약서_0086,부동산매매_임대차,부동산임대,주거용부동산임대계약서,"주택임대차보호법, 부동산 거래신고 등에 관한 법률, 부동산 거래신고 등에 관한 법률 시행령",25,574,부동산매매_임대차_부동산임대/주거용부동산임대계약서_0086.txt
약관에의한계약_기타계약_표준약관,표준약관_0001,약관에의한계약_기타계약,표준약관,표준약관,"상법, 민법",88,5718,약관에의한계약_기타계약_표준약관/표준약관_0001.txt
약관에의한계약_기타계약_표준약관,표준약관_0017,약관에의한계약_기타계약,표준약관,표준약관,"영화 및 비디오물의 진흥에 관한 법률, 소비자 기본법",19,1116,약관에의한계약_기타계약_표준약관/표준약관_0017.txt
약관에의한계약_기타계약_표준약관,표준약관_0043,약관에의한계약_기타계약,표준약관,표준약관,"민법, 직업안정법, 근로기준법",26,874,약관에의한계약_기타계약_표준약관/표준약관_0043.txt
약관에의한계약_기타계약_표준약관,표준약관_0041,약관에의한계약_기타계약,표준약관,표준약관,"저작권법, 콘텐츠산업 진흥법, 정보통신망 이용촉진 및 정보보호 등에 관한 법률, 약관의 규제에 관한 법률",145,10234,약관에의한계약_기타계약_표준약관/표준약관_0041.txt
약관에의한계약_기타계약_표준약관,표준약관_0018,약관에의한계약_기타계약,표준약관,표준약관,"민법, 소비자기본법",56,2849,약관에의한계약_기타계약_표준약관/표준약관_0018.txt
약관에의한계약_기타계약_표준약관,표준약관_0002,약관에의한계약_기타계약,표준약관,표준약관,"독점규제 및 공정거래에 관한 법률, 건설산업기본법, 상법",22,1097,약관에의한계약_기타계약_표준약관/표준약관_0002.txt
약관에의한계약_기타계약_표준약관,표준약관_0048,약관에의한계약_기타계약,표준약관,표준약관,"전자상거래 등에서의 소비자보호에 관한 법률, 약관의 규제에 관한 법률, 전자문서 및 전자거래 기본법, 전자금융거래법, 전자서명법, 정보통신망 이용촉진 및 정보보호 등에 관한 법률, 방문판매 등에 관한 법률, 소비자기본법",150,11155,약관에의한계약_기타계약_표준약관/표준약관_0048.txt
약관에의한계약_기타계약_표준약관,표준약관_0014,약관에의한계약_기타계약,표준약관,표준약관,"상법, 전자상거래 등에서의 소비자 보호에 관한 법률, 개인정보 보호법, 약관의 규제에 관한 법률",104,8974,약관에의한계약_기타계약_표준약관/표준약관_0014.txt
약관에의한계약_기타계약_표준약관,표준약관_0025,약관에의한계약_기타계약,표준약관,표준약관,"정보통신망 이용촉진 및 정보보호 등에 관한 법률, 개인정보보호법, 통신비밀보호법, 전기통신사업법",75,7284,약관에의한계약_기타계약_표준약관/표준약관_0025.txt
약관에의한계약_기타계약_표준약관,표준약관_0067,약관에의한계약_기타계약,표준약관,표준약관,"전자상거래 등에서의 소비자보호에 관한 법률, 정보통신망 이용촉진 및 정보보호 등에 관한 법률, 약관의 규제에 관한 법률",166,11154,약관에의한계약_기타계약_표준약관/표준약관_0067.txt
약관에의한계약_기타계약_표준약관,표준약관_0009,약관에의한계약_기타계약,표준약관,표준약관,개인정보 보호법,124,7417,약관에의한계약_기타계약_표준약관/표준약관_0009.txt
약관에의한계약_기타계약_표준약관,표준약관_0010,약관에의한계약_기타계약,표준약관,표준약관,"전자상거래 등에서의 소비자보호에 관한 법률, 개인정보 보호법, 생명윤리 및 안전에 관한 법률, 약관의 규제에 관한 법률",133,9330,약관에의한계약_기타계약_표준약관/표준약관_0010.txt
약관에의한계약_기타계약_표준약관,표준약관_0042,약관에의한계약_기타계약,표준약관,표준약관,"저작권법, 콘텐츠산업 진흥법, 상표법, 약관의 규제에 관한 법률",144,10044,약관에의한계약_기타계약_표준약관/표준약관_0042.txt
약관에의한계약_기타계약_표준약관,표준약관_0027,약관에의한계약_기타계약,표준약관,표준약관,"정보통신망 이용촉진 및 정보보호 등에 관한 법률, 개인정보 보호법, 전자서명법",23,716,약관에의한계약_기타계약_표준약관/표준약관_0027.txt
약관에의한계약_기타계약_표준약관,표준약관_0021,약관에의한계약_기타계약,표준약관,표준약관,"상법, 민법, 소비자기본법, 전자상거래 등에서의 소비자보호에 관한 법률, 화물자동차운수사업법",101,5516,약관에의한계약_기타계약_표준약관/표준약관_0021.txt
약관에의한계약_기타계약_표준약관,표준약관_0020,약관에의한계약_기타계약,표준약관,표준약관,"소비자기본법, 민사소송법, 민법",85,3849,약관에의한계약_기타계약_표준약관/표준약관_0020.txt
약관에의한계약_기타계약_표준약관,표준약관_0024,약관에의한계약_기타계약,표준약관,표준약관,"출입국관리법, 소비자기본법, 약관의 규제에 관한 법률",97,5772,약관에의한계약_기타계약_표준약관/표준약관_0024.txt
약관에의한계약_기타계약_표준약관,표준약관_0046,약관에의한계약_기타계약,표준약관,표준약관,"의료법, 국민건강보험법, 국민건강보험법 시행령",6,303,약관에의한계약_기타계약_표준약관/표준약관_0046.txt
약관에의한계약_기타계약_표준약관,표준약관_0050,약관에의한계약_기타계약,표준약관,표준약관,"민법, 근로기준법",44,2385,약관에의한계약_기타계약_표준약관/표준약관_0050.txt
약관에의한계약_기타계약_표준약관,표준약관_0035,약관에의한계약_기타계약,표준약관,표준약관,"위치정보의 보호 및 이용 등에 관한 법률, 콘텐츠산업 진흥법, 전자상거래 등에서의 소비자보호에 관한 법률, 소비자 기본법, 약관의 규제에 관한 법률, 전기통신사업법, 정보통신망 이용촉진 및 정보보호 등에 관한 법률, 개인정보 보호법, 여객자동차 운수사업법",128,8266,약관에의한계약_기타계약_표준약관/표준약관_0035.txt
약관에의한계약_기타계약_표준약관,표준약관_0039,약관에의한계약_기타계약,표준약관,표준약관,"개인정보 보호법, 정보통신망 이용촉진 및 정보보호 등에 관한 법률",80,6383,약관에의한계약_기타계약_표준약관/표준약관_0039.txt
약관에의한계약_기타계약_표준약관,표준약관_0029,약관에의한계약_기타계약,표준약관,표준약관,"개인정보 보호법, 개인정보 보호법 시행령",121,5410,약관에의한계약_기타계약_표준약관/표준약관_0029.txt
약관에의한계약_기타계약_표준약관,표준약관_0026,약관에의한계약_기타계약,표준약관,표준약관,"위치정보의 보호 및 이용 등에 관한 법률, 콘텐츠산업 진흥법, 전자상거래 등에서의 소비자보호에 관한 법률, 소비자기본법, 약관의 규제에 관한 법률",96,5763,약관에의한계약_기타계약_표준약관/표준약관_0026.txt
약관에의한계약_기타계약_표준약관,표준약관_0072,약관에의한계약_기타계약,표준약관,표준약관,"상법, 자본시장과 금융투자업에 관한 법률, 근로기준법",35,1957,약관에의한계약_기타계약_표준약관/표준약관_0072.txt
약관에의한계약_기타계약_표준약관,표준약관_0005,약관에의한계약_기타계약,표준약관,표준약관,"정보통신망 이용촉진 및 정보 보호 등에 관한 법률, 개인정보 보호법, 통신비밀보호법, 전기통신사업법",105,7995,약관에의한계약_기타계약_표준약관/표준약관_0005.txt
약관에의한계약_기타계약_표준약관,표준약관_0022,약관에의한계약_기타계약,표준약관,표준약관,"대중문화예술산업발전법, 예술인복지법, 저작권법, 상법",109,7863,약관에의한계약_기타계약_표준약관/표준약관_0022.txt
약관에의한계약_기타계약_표준약관,표준약관_0049,약관에의한계약_기타계약,표준약관,표준약관,"근로기준법, 교육기본법, 민법",43,2314,약관에의한계약_기타계약_표준약관/표준약관_0049.txt
약관에의한계약_기타계약_표준약관,표준약관_0058,약관에의한계약_기타계약,표준약관,표준약관,"개인정보 보호법, 개인정보 보호법 시행령",39,2394,약관에의한계약_기타계약_표준약관/표준약관_0058.txt
약관에의한계약_기타계약_표준약관,표준약관_0161,약관에의한계약_기타계약,표준약관,표준약관,"대부업 등의 등록 및 금융이용자 보호에 관한 법률, 채권의 공정한 추심에 관한 법률, 상법",111,7406,약관에의한계약_기타계약_표준약관/표준약관_0161.txt
약관에의한계약_기타계약_표준약관,표준약관_0028,약관에의한계약_기타계약,표준약관,표준약관,"전기통신기본법, 전기통신사업법, 정보통신망 이용촉진 및 정보보호 등에 관한 법률, 개인정보보호법",199,14812,약관에의한계약_기타계약_표준약관/표준약관_0028.txt
약관에의한계약_기타계약_표준약관,표준약관_0073,약관에의한계약_기타계약,표준약관,표준약관,"근로기준법, 상법",18,987,약관에의한계약_기타계약_표준약관/표준약관_0073.txt
약관에의한계약_기타계약_표준약관,표준약관_0070,약관에의한계약_기타계약,표준약관,표준약관,"상법, 자본시장과 금융투자업에 관한 법률, 소득세법, 상법 시행령",22,1220,약관에의한계약_기타계약_표준약관/표준약관_0070.txt
약관에의한계약_기타계약_표준약관,표준약관_0054,약관에의한계약_기타계약,표준약관,표준약관,"개인정보 보호법, 정보통신망 이용촉진 및 정보보호 등에 관한 법률, 개인정보 보호법 시행령",75,11820,약관에의한계약_기타계약_표준약관/표준약관_0054.txt
약관에의한계약_기타계약_표준약관,표준약관_0047,약관에의한계약_기타계약,표준약관,표준약관,"대규모유통업에서의 거래 공정화에 관한 법률, 전자문서 및 전자거래기본법, 대외무역법, 식품위생법, 농수산물품질관리법, 상표법, 특허법, 디자인보호법, 표시·광고의 공정화에 관한 법률, 제조물책임법, 약관의 규제에 관한 법률",154,10608,약관에의한계약_기타계약_표준약관/표준약관_0047.txt
약관에의한계약_기타계약_표준약관,표준약관_0061,약관에의한계약_기타계약,표준약관,표준약관,"통신비밀보호법, 전기통신사업법, 정보통신망 이용촉진 및 정보보호 등에 관한 법률, 개인정보보호법",93,6866,약관에의한계약_기타계약_표준약관/표준약관_0061.txt
약관에의한계약_기타계약_표준약관,표준약관_0206,약관에의한계약_기타계약,표준약관,표준약관,"전자금융거래법, 전자상거래 등에서의 소비자보호에 관한 법률, 약관의 규제에 관한 법률, 전기통신기본법, 전기통신사업법, 여신전문금융업법",65,4547,약관에의한계약_기타계약_표준약관/표준약관_0206.txt
약관에의한계약_기타계약_표준약관,표준약관_0016,약관에의한계약_기타계약,표준약관,표준약관,"전자상거래 등에서의 소비자보호에 관한 법률, 약관규제법, 정보통신망 이용촉진 및 정보보호 등에 관한 법률",191,14293,약관에의한계약_기타계약_표준약관/표준약관_0016.txt
약관에의한계약_기타계약_표준약관,표준약관_0057,약관에의한계약_기타계약,표준약관,표준약관,"개인정보 보호법, 전자상거래 등에서의 소비자 보호에 관한 법률, 통신비밀보호법",115,6240,약관에의한계약_기타계약_표준약관/표준약관_0057.txt
약관에의한계약_기타계약_표준약관,표준약관_0007,약관에의한계약_기타계약,표준약관,표준약관,"위치정보의 보호 및 이용 등에 관한 법률, 콘텐츠산업 진흥법, 전자상거래 등에서의 소비자보호에 관한 법률, 소비자기본법, 약관의 규제에 관한 법률",125,8278,약관에의한계약_기타계약_표준약관/표준약관_0007.txt
약관에의한계약_기타계약_표준약관,표준약관_0060,약관에의한계약_기타계약,표준약관,표준약관,"개인정보 보호법, 정보통신망 이용촉진 및 정보보호 등에 관한 법률",59,9183,약관에의한계약_기타계약_표준약관/표준약관_0060.txt
약관에의한계약_기타계약_표준약관,표준약관_0071,약관에의한계약_기타계약,표준약관,표준약관,근로기준법,16,810,약관에의한계약_기타계약_표준약관/표준약관_0071.txt
약관에의한계약_기타계약_표준약관,표준약관_0045,약관에의한계약_기타계약,표준약관,표준약관,"전자상거래 등에서의 소비자보호에 관한 법률, 약관의 규제에 관한 법률,  전자금융거래법, 전자서명법, 정보통신망 이용촉진 및 정보보호 등에 관한 법률, 방문판매 등에 관한 법률, 소비자기본법",137,10601,약관에의한계약_기타계약_표준약관/표준약관_0045.txt
약관에의한계약_기타계약_표준약관,표준약관_0069,약관에의한계약_기타계약,표준약관,표준약관,"전자상거래 등에서의 소비자보호에 관한 법률, 약관의 규제에 관한 법률, 전자문서 및 전자거래기본법, 전자금융거래법, 전자서명법, 정보통신망 이용촉진 및 정보보호 등에 관한 법률, 소비자기본법",96,8807,약관에의한계약_기타계약_표준약관/표준약관_0069.txt
약관에의한계약_기타계약_표준약관,표준약관_0044,약관에의한계약_기타계약,표준약관,표준약관,"저작권법, 저작권법 시행령, 저작권법 시행규칙",18,793,약관에의한계약_기타계약_표준약관/표준약관_0044.txt
약관에의한계약_기타계약_표준약관,표준약관_0063,약관에의한계약_기타계약,표준약관,표준약관,"정보통신망 이용촉진 및 정보보호 등에 관한 법률, 개인정보보호법",53,2722,약관에의한계약_기타계약_표준약관/표준약관_0063.txt
약관에의한계약_기타계약_표준약관,표준약관_0055,약관에의한계약_기타계약,표준약관,표준약관,"정보통신망 이용촉진 및 정보보호 등에 관한 법률, 개인정보 보호법",64,5842,약관에의한계약_기타계약_표준약관/표준약관_0055.txt
약관에의한계약_기타계약_표준약관,표준약관_0092,약관에의한계약_기타계약,표준약관,표준약관,"외국환거래법, 전자금융거래법, 전자상거래 등에서의 소비자 보호에 관한 법률",44,2740,약관에의한계약_기타계약_표준약관/표준약관_0092.txt
약관에의한계약_기타계약_표준약관,표준약관_0129,약관에의한계약_기타계약,표준약관,표준약관,"노인장기요양보험법, 노인복지법, 감염병의 예방 및 관리에 관한 법률",97,4112,약관에의한계약_기타계약_표준약관/표준약관_0129.txt
약관에의한계약_기타계약_표준약관,표준약관_0062,약관에의한계약_기타계약,표준약관,표준약관,"개인정보 보호법, 정보통신망 이용촉진 및 정보보호 등에 관한 법률, 전자상거래 등에서의 소비자보호에 관한 법률, 통신비밀보호법, 전자문서 및 전자거래 기본법",83,9330,약관에의한계약_기타계약_표준약관/표준약관_0062.txt
약관에의한계약_기타계약_표준약관,표준약관_0037,약관에의한계약_기타계약,표준약관,표준약관,"개인정보보호법, 정보통신망 이용촉진 및 정보보호 등에 관한 법률, 의료법, 신용정보의 이용 및 보호에 관한 법률",82,3589,약관에의한계약_기타계약_표준약관/표준약관_0037.txt
약관에의한계약_기타계약_표준약관,표준약관_0031,약관에의한계약_기타계약,표준약관,표준약관,"지식재산 기본법, 개인정보 보호법",20,1446,약관에의한계약_기타계약_표준약관/표준약관_0031.txt
약관에의한계약_기타계약_표준약관,표준약관_0080,약관에의한계약_기타계약,표준약관,표준약관,"개인정보 보호법, 전자상거래 등에서의 소비자 보호에 관한 법률, 통신비밀보호법, 국세기본법, 부가가치세법",100,7546,약관에의한계약_기타계약_표준약관/표준약관_0080.txt
약관에의한계약_기타계약_표준약관,표준약관_0065,약관에의한계약_기타계약,표준약관,표준약관,"개인정보보호법, 정보통신망 이용촉진 및 정보보호 등에 관한 법률, 약관의 규제에 관한 법률",58,3222,약관에의한계약_기타계약_표준약관/표준약관_0065.txt
약관에의한계약_기타계약_표준약관,표준약관_0075,약관에의한계약_기타계약,표준약관,표준약관,개인정보 보호법,20,771,약관에의한계약_기타계약_표준약관/표준약관_0075.txt
약관에의한계약_기타계약_표준약관,표준약관_0079,약관에의한계약_기타계약,표준약관,표준약관,"개인정보 보호법, 정보통신망 이용촉진 및 정보보호 등에 관한 법률",100,9996,약관에의한계약_기타계약_표준약관/표준약관_0079.txt
약관에의한계약_기타계약_표준약관,표준약관_0077,약관에의한계약_기타계약,표준약관,표준약관,"약관의 규제에 관한 법률, 정보통신망 이용촉진 및 정보보호 등에 관한 법률, 전자상거래 등에서의 소비자보호에 관한 법률",151,12452,약관에의한계약_기타계약_표준약관/표준약관_0077.txt
약관에의한계약_기타계약_표준약관,표준약관_0101,약관에의한계약_기타계약,표준약관,표준약관,"상법, 대리점거래의 공정화에 관한 법률, 상법 시행령",37,2789,약관에의한계약_기타계약_표준약관/표준약관_0101.txt
약관에의한계약_기타계약_표준약관,표준약관_0078,약관에의한계약_기타계약,표준약관,표준약관,"개인정보 보호법, 전자상거래 등에서의 소비자보호에 관한 법률, 신용정보의 이용 및 보호에 관한 법률",78,8389,약관에의한계약_기타계약_표준약관/표준약관_0078.txt
약관에의한계약_기타계약_표준약관,표준약관_0081,약관에의한계약_기타계약,표준약관,표준약관,"개인정보보호법, 정보통신망이용촉진및정보보호등에관한법률, 통신비밀보호법, 전기통신사업법",86,7804,약관에의한계약_기타계약_표준약관/표준약관_0081.txt
약관에의한계약_기타계약_표준약관,표준약관_0152,약관에의한계약_기타계약,표준약관,표준약관,"민원처리에 관한 법률, 금융위원회의 설치 등에 관한 법률, 개인정보 보호법, 개인정보 보호법 시행령",17,1348,약관에의한계약_기타계약_표준약관/표준약관_0152.txt
약관에의한계약_기타계약_표준약관,표준약관_0105,약관에의한계약_기타계약,표준약관,표준약관,"주차장법, 자동차관리법, 상법",54,2683,약관에의한계약_기타계약_표준약관/표준약관_0105.txt
약관에의한계약_기타계약_표준약관,표준약관_0095,약관에의한계약_기타계약,표준약관,표준약관,"자본시장과 금융투자업에 관한 법률, 전자금융거래법, 민사소송법",68,4747,약관에의한계약_기타계약_표준약관/표준약관_0095.txt
약관에의한계약_기타계약_표준약관,표준약관_0128,약관에의한계약_기타계약,표준약관,표준약관,"노인장기요양보험법, 사회복지사업법",103,5066,약관에의한계약_기타계약_표준약관/표준약관_0128.txt
약관에의한계약_기타계약_표준약관,표준약관_0059,약관에의한계약_기타계약,표준약관,표준약관,"전자금융거래법, 전자상거래 등에서의 소비자보호에 관한 법률, 정보통신망 이용촉진 및 정보보호 등에 관한 법률,약관의 규제에 관한 법률",150,10864,약관에의한계약_기타계약_표준약관/표준약관_0059.txt
약관에의한계약_기타계약_표준약관,표준약관_0103,약관에의한계약_기타계약,표준약관,표준약관,"건설산업기본법, 약관의 규제에 관한 법률, 독점규제 및 공정거래에 관한 법률",59,3494,약관에의한계약_기타계약_표준약관/표준약관_0103.txt
약관에의한계약_기타계약_표준약관,표준약관_0131,약관에의한계약_기타계약,표준약관,표준약관,"노인장기요양보험법, 노인복지법, 감염병의 예방 및 관리에 관한 법률",118,6684,약관에의한계약_기타계약_표준약관/표준약관_0131.txt
약관에의한계약_기타계약_표준약관,표준약관_0091,약관에의한계약_기타계약,표준약관,표준약관,"전자상거래 등에서의 소비자보호에 관한 법률, 콘텐츠산업진흥법, 전자금융거래법",91,5547,약관에의한계약_기타계약_표준약관/표준약관_0091.txt
약관에의한계약_기타계약_표준약관,표준약관_0090,약관에의한계약_기타계약,표준약관,표준약관,"전자상거래 등에서의 소비자보호에 관한 법률, 약관의 규제 등에 관한 법률, 정보통신망 이용촉진 및 정보보호 등에 관한 법률, 표시광고의 공정화에 관한 법률",82,5804,약관에의한계약_기타계약_표준약관/표준약관_0090.txt
약관에의한계약_기타계약_표준약관,표준약관_0112,약관에의한계약_기타계약,표준약관,표준약관,"약관의 규제에 관한 법률, 민법, 상법",51,3174,약관에의한계약_기타계약_표준약관/표준약관_0112.txt
약관에의한계약_기타계약_표준약관,표준약관_0163,약관에의한계약_기타계약,표준약관,표준약관,"은행법, 여신전문금융업법, 대부업 등의 등록 및 금융이용자 보호에 관한 법률",29,1393,약관에의한계약_기타계약_표준약관/표준약관_0163.txt
약관에의한계약_기타계약_표준약관,표준약관_0082,약관에의한계약_기타계약,표준약관,표준약관,"민법, 상법, 의료법, 의료법 시행령",33,2442,약관에의한계약_기타계약_표준약관/표준약관_0082.txt
약관에의한계약_기타계약_표준약관,표준약관_0096,약관에의한계약_기타계약,표준약관,표준약관,"개인정보 보호법, 정보통신망 이용촉진 및 정보보호 등에 관한 법률, 전자상거래 등에서의 소비자 보호에 관한 법률, 통신비밀보호법, 의료기기법",73,5512,약관에의한계약_기타계약_표준약관/표준약관_0096.txt
약관에의한계약_기타계약_표준약관,표준약관_0114,약관에의한계약_기타계약,표준약관,표준약관,"약관의 규제에 관한 법률, 민법, 상법",62,4133,약관에의한계약_기타계약_표준약관/표준약관_0114.txt
약관에의한계약_기타계약_표준약관,표준약관_0066,약관에의한계약_기타계약,표준약관,표준약관,"개인정보 보호법, 의료법, 개인정보 보호법 시행령",123,7271,약관에의한계약_기타계약_표준약관/표준약관_0066.txt
약관에의한계약_기타계약_표준약관,표준약관_0121,약관에의한계약_기타계약,표준약관,표준약관,"자동차관리법, 할부거래에관한법률, 방문판매등에관한법률, 민법, 상법, 소비자분쟁해결기준, 노동조합및노동관계조정법",106,8206,약관에의한계약_기타계약_표준약관/표준약관_0121.txt
약관에의한계약_기타계약_표준약관,표준약관_0098,약관에의한계약_기타계약,표준약관,표준약관,"개인정보 보호법, 개인정보 보호법 시행령",57,4117,약관에의한계약_기타계약_표준약관/표준약관_0098.txt
약관에의한계약_기타계약_표준약관,표준약관_0177,약관에의한계약_기타계약,표준약관,표준약관,"전자상거래 등에서의 소비자보호에 관한 법률, 약관의 규제에 관한 법률, 게임산업진흥에 관한 법률, 정보통신망이용촉진 및 정보보호 등에 관한 법률, 콘텐츠산업진흥법",203,16375,약관에의한계약_기타계약_표준약관/표준약관_0177.txt
약관에의한계약_기타계약_표준약관,표준약관_0093,약관에의한계약_기타계약,표준약관,표준약관,"정보통신망 이용촉진 및 정보보호 등에 관한 법률, 개인정보보호법",100,6603,약관에의한계약_기타계약_표준약관/표준약관_0093.txt
약관에의한계약_기타계약_표준약관,표준약관_0107,약관에의한계약_기타계약,표준약관,표준약관,"관광진흥법, 관광진흥법 시행령, 소비자기본법",54,3441,약관에의한계약_기타계약_표준약관/표준약관_0107.txt
약관에의한계약_기타계약_표준약관,표준약관_0076,약관에의한계약_기타계약,표준약관,표준약관,"약관의 규제에 관한 법률, 정보통신망 이용촉진 및 정보보호 등에 관한 법률",161,11097,약관에의한계약_기타계약_표준약관/표준약관_0076.txt
약관에의한계약_기타계약_표준약관,표준약관_0036,약관에의한계약_기타계약,표준약관,표준약관,"약관의 규제에 관한 법률, 정보통신망 이용촉진 및 정보보호 등에 관한 법률, 여객자동차 운수사업법",227,18691,약관에의한계약_기타계약_표준약관/표준약관_0036.txt
약관에의한계약_기타계약_표준약관,표준약관_0122,약관에의한계약_기타계약,표준약관,표준약관,"방문판매 등에 관한 법률, 할부거래에 관한 법률, 소비자분쟁해결기준, 민법, 상법",72,5034,약관에의한계약_기타계약_표준약관/표준약관_0122.txt
약관에의한계약_기타계약_표준약관,표준약관_0094,약관에의한계약_기타계약,표준약관,표준약관,"정보통신망 이용촉진 및 정보보호 등에 관한 법률, 개인정보보호법",121,8705,약관에의한계약_기타계약_표준약관/표준약관_0094.txt
약관에의한계약_기타계약_표준약관,표준약관_0124,약관에의한계약_기타계약,표준약관,표준약관,"여객자동차 운수사업법, 자동차관리법, 도로교통법, 소득세법, 자동차손해배상보장법",163,10959,약관에의한계약_기타계약_표준약관/표준약관_0124.txt
약관에의한계약_기타계약_표준약관,표준약관_0115,약관에의한계약_기타계약,표준약관,표준약관,"도로교통법, 약관의 규제에 관한 법률, 할부거래에 관한 법률, 민법, 상법",130,7491,약관에의한계약_기타계약_표준약관/표준약관_0115.txt
약관에의한계약_기타계약_표준약관,표준약관_0135,약관에의한계약_기타계약,표준약관,표준약관,"전자상거래 등에서의 소비자보호에 관한 법률, 약관의 규제에 관한 법률, 민법",40,2843,약관에의한계약_기타계약_표준약관/표준약관_0135.txt
약관에의한계약_기타계약_표준약관,표준약관_0087,약관에의한계약_기타계약,표준약관,표준약관,"약관의 규제에 관한 법률, 정보통신망 이용촉진 및 정보보호 등에 관한 법률, 개인정보 보호법",142,10521,약관에의한계약_기타계약_표준약관/표준약관_0087.txt
약관에의한계약_기타계약_표준약관,표준약관_0113,약관에의한계약_기타계약,표준약관,표준약관,"약관의 규제에 관한 법률, 민법, 상법",49,3118,약관에의한계약_기타계약_표준약관/표준약관_0113.txt
약관에의한계약_기타계약_표준약관,표준약관_0153,약관에의한계약_기타계약,표준약관,표준약관,"저작권법, 저작권법 시행령",18,796,약관에의한계약_기타계약_표준약관/표준약관_0153.txt
약관에의한계약_기타계약_표준약관,표준약관_0144,약관에의한계약_기타계약,표준약관,표준약관,"전자상거래 등에서의 소비자 보호에 관한 법률, 통신비밀보호법",23,1821,약관에의한계약_기타계약_표준약관/표준약관_0144.txt
약관에의한계약_기타계약_표준약관,표준약관_0086,약관에의한계약_기타계약,표준약관,표준약관,"상법, 전자상거래 등에서의 소비자 보호에 관한 법률, 개인정보 보호법",96,7138,약관에의한계약_기타계약_표준약관/표준약관_0086.txt
약관에의한계약_기타계약_표준약관,표준약관_0110,약관에의한계약_기타계약,표준약관,표준약관,"관광진흥법, 소비자기본법, 독점규제 및 공정거래에 관한 법률",102,7055,약관에의한계약_기타계약_표준약관/표준약관_0110.txt
약관에의한계약_기타계약_표준약관,표준약관_0126,약관에의한계약_기타계약,표준약관,표준약관,"가축분뇨의 관리 및 이용에 관한 법률, 축산물 위생관리법, 민법",107,7406,약관에의한계약_기타계약_표준약관/표준약관_0126.txt
약관에의한계약_기타계약_표준약관,표준약관_0148,약관에의한계약_기타계약,표준약관,표준약관,"개인정보 보호법, 전자상거래 등에서의 소비자 보호에 관한 법률, 통신비밀보호법",110,7539,약관에의한계약_기타계약_표준약관/표준약관_0148.txt
약관에의한계약_기타계약_표준약관,표준약관_0125,약관에의한계약_기타계약,표준약관,표준약관,"결혼중개업의 관리에 관한 법률, 개인정보 보호법, 소비자 기본법",107,6269,약관에의한계약_기타계약_표준약관/표준약관_0125.txt
약관에의한계약_기타계약_표준약관,표준약관_0106,약관에의한계약_기타계약,표준약관,표준약관,"관광진흥법, 독점규제 및 공정거래에 관한 법률, 방문판매 등에 관한 법률, 민법",52,3408,약관에의한계약_기타계약_표준약관/표준약관_0106.txt
약관에의한계약_기타계약_표준약관,표준약관_0136,약관에의한계약_기타계약,표준약관,표준약관,"저작권법, 독점규제 및 공정거래에 관한 법률, 부정경쟁방지 및 영업비밀보호에 관한 법률",16,1058,약관에의한계약_기타계약_표준약관/표준약관_0136.txt
약관에의한계약_기타계약_표준약관,표준약관_0119,약관에의한계약_기타계약,표준약관,표준약관,"방송법, 약관의 규제에 관한 법률, 방송법 시행령",101,6938,약관에의한계약_기타계약_표준약관/표준약관_0119.txt
약관에의한계약_기타계약_표준약관,표준약관_0139,약관에의한계약_기타계약,표준약관,표준약관,"개인정보 보호법, 의료법",29,2005,약관에의한계약_기타계약_표준약관/표준약관_0139.txt
약관에의한계약_기타계약_표준약관,표준약관_0134,약관에의한계약_기타계약,표준약관,표준약관,"화물자동차운수사업법, 물류정책기본법, 민법, 상법",138,9078,약관에의한계약_기타계약_표준약관/표준약관_0134.txt
약관에의한계약_기타계약_표준약관,표준약관_0157,약관에의한계약_기타계약,표준약관,표준약관,"개인정보보호법, 건강검진기본법, 의료법",27,924,약관에의한계약_기타계약_표준약관/표준약관_0157.txt
약관에의한계약_기타계약_표준약관,표준약관_0142,약관에의한계약_기타계약,표준약관,표준약관,"개인정보 보호법, 개인정보 보호법 시행령",44,2685,약관에의한계약_기타계약_표준약관/표준약관_0142.txt
약관에의한계약_기타계약_표준약관,표준약관_0166,약관에의한계약_기타계약,표준약관,표준약관,"정보통신망 이용촉진 및 정보보호 등에 관한 법률, 개인정보 보호법, 약관의 규제에 관한 법률",99,6471,약관에의한계약_기타계약_표준약관/표준약관_0166.txt
약관에의한계약_기타계약_표준약관,표준약관_0146,약관에의한계약_기타계약,표준약관,표준약관,개인정보보호법,41,1305,약관에의한계약_기타계약_표준약관/표준약관_0146.txt
약관에의한계약_기타계약_표준약관,표준약관_0132,약관에의한계약_기타계약,표준약관,표준약관,"노인복지법, 노인장기요양보험법, 노인장기요양보험법 시행령",116,5462,약관에의한계약_기타계약_표준약관/표준약관_0132.txt
약관에의한계약_기타계약_표준약관,표준약관_0123,약관에의한계약_기타계약,표준약관,표준약관,"건설산업기본법, 근로기준법, 통계법",57,3799,약관에의한계약_기타계약_표준약관/표준약관_0123.txt
약관에의한계약_기타계약_표준약관,표준약관_0169,약관에의한계약_기타계약,표준약관,표준약관,"정보통신망 이용촉진 및 정보보호 등에 관한 법률, 의료법, 상법",18,1180,약관에의한계약_기타계약_표준약관/표준약관_0169.txt
약관에의한계약_기타계약_표준약관,표준약관_0138,약관에의한계약_기타계약,표준약관,표준약관,"직업안정법, 민법",28,1242,약관에의한계약_기타계약_표준약관/표준약관_0138.txt
약관에의한계약_기타계약_표준약관,표준약관_0130,약관에의한계약_기타계약,표준약관,표준약관,"노인복지법, 노인장기요양보험법, 감염병의 예방 및 관리에 관한 법률",102,5114,약관에의한계약_기타계약_표준약관/표준약관_0130.txt
약관에의한계약_기타계약_표준약관,표준약관_0184,약관에의한계약_기타계약,표준약관,표준약관,민법,12,515,약관에의한계약_기타계약_표준약관/표준약관_0184.txt
약관에의한계약_기타계약_표준약관,표준약관_0192,약관에의한계약_기타계약,표준약관,표준약관,"민원처리에 관한 법률, 금융위원회의 설치 등에 관한 법률, 개인정보보호법",17,1363,약관에의한계약_기타계약_표준약관/표준약관_0192.txt
약관에의한계약_기타계약_표준약관,표준약관_0253,약관에의한계약_기타계약,표준약관,표준약관,"변호사법, 민법",39,2318,약관에의한계약_기타계약_표준약관/표준약관_0253.txt
약관에의한계약_기타계약_표준약관,표준약관_0164,약관에의한계약_기타계약,표준약관,표준약관,"여신전문금융업법, 상법, 민법",35,1994,약관에의한계약_기타계약_표준약관/표준약관_0164.txt
약관에의한계약_기타계약_표준약관,표준약관_0159,약관에의한계약_기타계약,표준약관,표준약관,"은행법, 상법, 금융실명거래 및 비밀보장에 관한 법률",26,1210,약관에의한계약_기타계약_표준약관/표준약관_0159.txt
약관에의한계약_기타계약_표준약관,표준약관_0158,약관에의한계약_기타계약,표준약관,표준약관,"의료법, 개인정보보호법, 건강검진기본법",21,999,약관에의한계약_기타계약_표준약관/표준약관_0158.txt
약관에의한계약_기타계약_표준약관,표준약관_0151,약관에의한계약_기타계약,표준약관,표준약관,"상법, 은행법, 예금자보호법",26,1429,약관에의한계약_기타계약_표준약관/표준약관_0151.txt
약관에의한계약_기타계약_표준약관,표준약관_0154,약관에의한계약_기타계약,표준약관,표준약관,"정보통신망 이용촉진 및 정보보호 등에 관한 법률, 개인정보보호법, 전자상거래 등에서의 소비자보호에 관한 법률",121,8708,약관에의한계약_기타계약_표준약관/표준약관_0154.txt
약관에의한계약_기타계약_표준약관,표준약관_0162,약관에의한계약_기타계약,표준약관,표준약관,"대부업 등의 등록 및 금융이용자 보호에 관한 법률, 채권의 공정한 추심에 관한 법률",46,3189,약관에의한계약_기타계약_표준약관/표준약관_0162.txt
약관에의한계약_기타계약_표준약관,표준약관_0147,약관에의한계약_기타계약,표준약관,표준약관,개인정보보호법,31,2812,약관에의한계약_기타계약_표준약관/표준약관_0147.txt
약관에의한계약_기타계약_표준약관,표준약관_0116,약관에의한계약_기타계약,표준약관,표준약관,"학원의 설립·운영 및 과외교습에 관한 법률, 약관의 규제에 관한 법률, 할부거래에 관한 법률, 민법, 상법",101,5247,약관에의한계약_기타계약_표준약관/표준약관_0116.txt
약관에의한계약_기타계약_표준약관,표준약관_0160,약관에의한계약_기타계약,표준약관,표준약관,"전자상거래 등에서의 소비자보호에 관한 법률, 정보통신망 이용촉진 및 정보보호 등에 관한 법률, 개인정보 보호법",92,6710,약관에의한계약_기타계약_표준약관/표준약관_0160.txt
약관에의한계약_기타계약_표준약관,표준약관_0176,약관에의한계약_기타계약,표준약관,표준약관,"게임산업진흥에 관한 법률, 전자상거래 등에서의 소비자보호에 관한 법률, 약관의 규제에 관한 법률, 정보통신망 이용촉진 및 정보보호 등에 관한 법률, 콘텐츠산업진흥법",206,16626,약관에의한계약_기타계약_표준약관/표준약관_0176.txt
약관에의한계약_기타계약_표준약관,표준약관_0210,약관에의한계약_기타계약,표준약관,표준약관,"상법, 자본시장과 금융투자업에 관한 법률, 전자상거래 등에서의 소비자보호에 관한 법률",29,2209,약관에의한계약_기타계약_표준약관/표준약관_0210.txt
약관에의한계약_기타계약_표준약관,표준약관_0235,약관에의한계약_기타계약,표준약관,표준약관,"개인정보 보호법, 정보통신망 이용촉진 및 정보보호 등에 관한 법률, 개인정보 보호법 시행령",85,7595,약관에의한계약_기타계약_표준약관/표준약관_0235.txt
약관에의한계약_기타계약_표준약관,표준약관_0196,약관에의한계약_기타계약,표준약관,표준약관,"개인정보보호법, 정보통신망 이용촉진 및 정보보호 등에 관한 법률, 개인정보보호법 시행령",75,4711,약관에의한계약_기타계약_표준약관/표준약관_0196.txt
약관에의한계약_기타계약_표준약관,표준약관_0174,약관에의한계약_기타계약,표준약관,표준약관,"전자상거래 등에서의 소비자보호에 관한 법률, 약관의 규제에 관한 법률, 전자문서 및 전자거래기본법, 전자금융거래법, 전자서명법, 정보통신망 이용촉진 및 정보보호 등에 관한 법률, 방문판매 등에 관한 법률, 소비자기본법",150,11820,약관에의한계약_기타계약_표준약관/표준약관_0174.txt
약관에의한계약_기타계약_표준약관,표준약관_0172,약관에의한계약_기타계약,표준약관,표준약관,"통신비밀보호법, 전기통신사업법, 정보통신망 이용촉진 및 정보보호 등에 관한 법률, 개인정보보호법",97,8948,약관에의한계약_기타계약_표준약관/표준약관_0172.txt
약관에의한계약_기타계약_표준약관,표준약관_0182,약관에의한계약_기타계약,표준약관,표준약관,"의료법, 개인정보 보호법, 약관의 규제에 관한 법률",90,7328,약관에의한계약_기타계약_표준약관/표준약관_0182.txt
약관에의한계약_기타계약_표준약관,표준약관_0180,약관에의한계약_기타계약,표준약관,표준약관,개인정보 보호법,21,1543,약관에의한계약_기타계약_표준약관/표준약관_0180.txt
약관에의한계약_기타계약_표준약관,표준약관_0183,약관에의한계약_기타계약,표준약관,표준약관,"근로기준법, 산업안전보건법, 소득세법, 고용보험법, 장애인 고용촉진 및 직업재활법, 개인정보 보호법, 방문판매 등에 관한 법률",71,6685,약관에의한계약_기타계약_표준약관/표준약관_0183.txt
약관에의한계약_기타계약_표준약관,표준약관_0173,약관에의한계약_기타계약,표준약관,표준약관,"통신비밀보호법, 전기통신사업법, 정보통신망 이용촉진 및 정보보호 등에 관한 법률, 개인정보보호법",85,8311,약관에의한계약_기타계약_표준약관/표준약관_0173.txt
약관에의한계약_기타계약_표준약관,표준약관_0167,약관에의한계약_기타계약,표준약관,표준약관,"상법, 민법",12,420,약관에의한계약_기타계약_표준약관/표준약관_0167.txt
약관에의한계약_기타계약_표준약관,표준약관_0187,약관에의한계약_기타계약,표준약관,표준약관,"개인정보보호법, 정보통신망 이용촉진 및 정보보호 등에 관한 법률, 전자상거래 등에서의 소비자 보호에 관한 법률, 통신비밀보호법",64,4136,약관에의한계약_기타계약_표준약관/표준약관_0187.txt
약관에의한계약_기타계약_표준약관,표준약관_0170,약관에의한계약_기타계약,표준약관,표준약관,"전자서명법, 개인정보 보호법, 정보통신망 이용촉진 및 정보보호 등에 관한 법률",83,6217,약관에의한계약_기타계약_표준약관/표준약관_0170.txt
약관에의한계약_기타계약_표준약관,표준약관_0171,약관에의한계약_기타계약,표준약관,표준약관,"전자서명법, 개인정보보호법, 전자금융거래법",168,13348,약관에의한계약_기타계약_표준약관/표준약관_0171.txt
약관에의한계약_기타계약_표준약관,표준약관_0191,약관에의한계약_기타계약,표준약관,표준약관,"전자상거래 등에서의 소비자보호에 관한 법률, 정보통신망 이용촉진 및 정보보호 등에 관한 법률, 표시광고의 공정화에 관한 법률",148,11854,약관에의한계약_기타계약_표준약관/표준약관_0191.txt
약관에의한계약_기타계약_표준약관,표준약관_0189,약관에의한계약_기타계약,표준약관,표준약관,"전자상거래 등에서의 소비자보호에 관한 법률, 약관의 규제에 관한 법률, 전자문서 및 전자거래기본법, 전자금융거래법, 전자서명법, 정보통신망 이용촉진 및 정보보호 등에 관한 법률, 방문판매 등에 관한 법률, 소비자기본법",138,10662,약관에의한계약_기타계약_표준약관/표준약관_0189.txt
약관에의한계약_기타계약_표준약관,표준약관_0186,약관에의한계약_기타계약,표준약관,표준약관,"전자상거래 등에서의 소비자보호에 관한 법률, 전자문서 및 전자거래 기본법",37,1985,약관에의한계약_기타계약_표준약관/표준약관_0186.txt
약관에의한계약_기타계약_표준약관,표준약관_0211,약관에의한계약_기타계약,표준약관,표준약관,"상법, 자본시장과 금융투자업에 관한 법률, 전자서명법",10,555,약관에의한계약_기타계약_표준약관/표준약관_0211.txt
약관에의한계약_기타계약_표준약관,표준약관_0200,약관에의한계약_기타계약,표준약관,표준약관,"모자보건법, 감염병의 예방 및 관리에 관한 법률",104,5574,약관에의한계약_기타계약_표준약관/표준약관_0200.txt
약관에의한계약_기타계약_표준약관,표준약관_0178,약관에의한계약_기타계약,표준약관,표준약관,"정보통신망 이용촉진 및 정보보호 등에 관한 법률, 민법",166,9937,약관에의한계약_기타계약_표준약관/표준약관_0178.txt
약관에의한계약_기타계약_표준약관,표준약관_0204,약관에의한계약_기타계약,표준약관,표준약관,"전자상거래 등에서의 소비자보호에 관한 법률, 약관의 규제에 관한 법률, 전자문서 및 전자거래 기본법, 전자금융거래법, 전자서명법, 정보통신망 이용촉진 및 정보보호 등에 관한 법률, 방문판매 등에 관한 법률, 소비자기본법",153,10630,약관에의한계약_기타계약_표준약관/표준약관_0204.txt
약관에의한계약_기타계약_표준약관,표준약관_0225,약관에의한계약_기타계약,표준약관,표준약관,"전자상거래 등에서의 소비자보호에 관한 법률, 개인정보보호법, 부가가치세법",96,5628,약관에의한계약_기타계약_표준약관/표준약관_0225.txt
약관에의한계약_기타계약_표준약관,표준약관_0218,약관에의한계약_기타계약,표준약관,표준약관,"상법, 민법, 약사법, 의료기기법",39,4264,약관에의한계약_기타계약_표준약관/표준약관_0218.txt
약관에의한계약_기타계약_표준약관,표준약관_0215,약관에의한계약_기타계약,표준약관,표준약관,"통신비밀보호법, 전기통신사업법, 정보통신망 이용촉진 및 정보보호 등에 관한 법률, 개인정보 보호법, 개인정보보호지침",44,3318,약관에의한계약_기타계약_표준약관/표준약관_0215.txt
약관에의한계약_기타계약_표준약관,표준약관_0237,약관에의한계약_기타계약,표준약관,표준약관,"약관의 규제에 관한 법률, 정보통신망 이용촉진 및 정보보호 등에 관한 법률",159,11004,약관에의한계약_기타계약_표준약관/표준약관_0237.txt
약관에의한계약_기타계약_표준약관,표준약관_0209,약관에의한계약_기타계약,표준약관,표준약관,"상법, 자본시장과 금융투자업에 관한 법률, 외국환거래법",32,2206,약관에의한계약_기타계약_표준약관/표준약관_0209.txt
약관에의한계약_기타계약_표준약관,표준약관_0175,약관에의한계약_기타계약,표준약관,표준약관,"전자상거래 등에서의 소비자보호에 관한 법률, 약관의 규제에 관한 법률, 전자문서 및 전자거래기본법, 전자금융거래법, 전자서명법, 정보통신망 이용촉진 및 정보보호 등에 관한 법률, 방문판매 등에 관한 법률, 소비자기본법",151,11568,약관에의한계약_기타계약_표준약관/표준약관_0175.txt
약관에의한계약_기타계약_표준약관,표준약관_0201,약관에의한계약_기타계약,표준약관,표준약관,"할부거래에 관한 법률, 소비자기본법, 전자상거래 등에서의 소비자보호에 관한 법률",80,5587,약관에의한계약_기타계약_표준약관/표준약관_0201.txt
약관에의한계약_기타계약_표준약관,표준약관_0208,약관에의한계약_기타계약,표준약관,표준약관,"전자금융거래법, 자본시장과 금융투자업에 관한 법률, 상법",9,564,약관에의한계약_기타계약_표준약관/표준약관_0208.txt
약관에의한계약_기타계약_표준약관,표준약관_0223,약관에의한계약_기타계약,표준약관,표준약관,"위치정보의 보호 및 이용 등에 관한 법률, 전기통신사업법, 정보통신망 이용촉진 및 정보보호 등에 관한 법률, 개인정보 보호법",75,6167,약관에의한계약_기타계약_표준약관/표준약관_0223.txt
약관에의한계약_기타계약_표준약관,표준약관_0203,약관에의한계약_기타계약,표준약관,표준약관,"상법, 자본시장과 금융투자업에 관한 법률",71,6639,약관에의한계약_기타계약_표준약관/표준약관_0203.txt
약관에의한계약_기타계약_표준약관,표준약관_0217,약관에의한계약_기타계약,표준약관,표준약관,"정보통신망 이용촉진 및 정보보호 등에 관한 법률, 개인정보보호법, 약관의 규제에 관한 법률, 전기통신사업법, 통신비밀보호법",101,6699,약관에의한계약_기타계약_표준약관/표준약관_0217.txt
약관에의한계약_기타계약_표준약관,표준약관_0213,약관에의한계약_기타계약,표준약관,표준약관,"상법, 자본시장과 금융투자업에 관한 법률, 전자상거래 등에서의 소비자보호에 관한 법률",10,616,약관에의한계약_기타계약_표준약관/표준약관_0213.txt
약관에의한계약_기타계약_표준약관,표준약관_0216,약관에의한계약_기타계약,표준약관,표준약관,"개인정보 보호법, 개인정보 보호법 시행령, 개인정보의 안전성 확보조치 기준, 표준 개인정보 보호지침",38,1982,약관에의한계약_기타계약_표준약관/표준약관_0216.txt
약관에의한계약_기타계약_표준약관,표준약관_0224,약관에의한계약_기타계약,표준약관,표준약관,"개인정보 보호법, 정보통신망 이용촉진 및 정보보호 등에 관한 법률, 전자상거래 등에서의 소비자 보호에 관한 법률",46,3250,약관에의한계약_기타계약_표준약관/표준약관_0224.txt
약관에의한계약_기타계약_표준약관,표준약관_0212,약관에의한계약_기타계약,표준약관,표준약관,"상법, 전자금융거래법, 자본시장과 금융투자업에 관한 법률",10,625,약관에의한계약_기타계약_표준약관/표준약관_0212.txt
약관에의한계약_기타계약_표준약관,표준약관_0267,약관에의한계약_기타계약,표준약관,표준약관,"은행법, 여신전문금융업법, 보증인 보호를 위한 특별법",32,2754,약관에의한계약_기타계약_표준약관/표준약관_0267.txt
약관에의한계약_기타계약_표준약관,표준약관_0219,약관에의한계약_기타계약,표준약관,표준약관,"약관의 규제에 관한 법률, 전자상거래 등에서의 소비자보호에 관한 법률, 전자서명법, 개인정보보호법, 전기통신기본법, 전기통신사업법, 방송통신심의위원회 정보통신에 관한 심의규정, 저작권법",98,6183,약관에의한계약_기타계약_표준약관/표준약관_0219.txt
약관에의한계약_기타계약_표준약관,표준약관_0232,약관에의한계약_기타계약,표준약관,표준약관,"전자상거래 등에서의 소비자보호에 관한 법률, 약관의 규제에 관한 법률, 게임산업진흥에 관한 법률, 정보통신망 이용촉진 및 정보보호 등에 관한 법률, 콘텐츠산업진흥법",242,17384,약관에의한계약_기타계약_표준약관/표준약관_0232.txt
약관에의한계약_기타계약_표준약관,표준약관_0234,약관에의한계약_기타계약,표준약관,표준약관,"전자금융거래법, 전자상거래 등에서의 소비자 보호에 관한 법률, 여신전문금융업법, 약관의 규제에 관한 법률",53,4112,약관에의한계약_기타계약_표준약관/표준약관_0234.txt
약관에의한계약_기타계약_표준약관,표준약관_0261,약관에의한계약_기타계약,표준약관,표준약관,"상법, 금융실명거래 및 비밀보장에 관한 법률, 소득세법, 약관의 규제에 관한 법률",32,1919,약관에의한계약_기타계약_표준약관/표준약관_0261.txt
약관에의한계약_기타계약_표준약관,표준약관_0231,약관에의한계약_기타계약,표준약관,표준약관,"변호사법, 민사소송법, 민법",39,2336,약관에의한계약_기타계약_표준약관/표준약관_0231.txt
약관에의한계약_기타계약_표준약관,표준약관_0197,약관에의한계약_기타계약,표준약관,표준약관,개인정보 보호법,90,9389,약관에의한계약_기타계약_표준약관/표준약관_0197.txt
약관에의한계약_기타계약_표준약관,표준약관_0278,약관에의한계약_기타계약,표준약관,표준약관,"개인정보 보호법, 개인정보 보호법 시행령, 개인정보의 안전성 확보조치 기준, 표준 개인정보 보호지침",44,2357,약관에의한계약_기타계약_표준약관/표준약관_0278.txt
약관에의한계약_기타계약_표준약관,표준약관_0230,약관에의한계약_기타계약,표준약관,표준약관,"전자상거래 등에서의 소비자보호에 관한 법률, 약관의 규제 등에 관한 법률, 정보통신망 이용촉진 및 정보보호 등에 관한 법률, 개인정보보호법",93,5402,약관에의한계약_기타계약_표준약관/표준약관_0230.txt
약관에의한계약_기타계약_표준약관,표준약관_0245,약관에의한계약_기타계약,표준약관,표준약관,"식물신품종보호법, 민법",69,3525,약관에의한계약_기타계약_표준약관/표준약관_0245.txt
약관에의한계약_기타계약_표준약관,표준약관_0229,약관에의한계약_기타계약,표준약관,표준약관,"은행법, 금융소비자보호에 관한 법률, 금융실명거래 및 비밀보장에 관한 법률",102,7868,약관에의한계약_기타계약_표준약관/표준약관_0229.txt
약관에의한계약_기타계약_표준약관,표준약관_0288,약관에의한계약_기타계약,표준약관,표준약관,"전자상거래 등에서의 소비자보호에 관한 법률, 개인정보 보호법, 정보통신망 이용촉진 및 정보보호 등에 관한 법률, 약관의 규제에 관한 법률",147,8555,약관에의한계약_기타계약_표준약관/표준약관_0288.txt
약관에의한계약_기타계약_표준약관,표준약관_0238,약관에의한계약_기타계약,표준약관,표준약관,"개인정보 보호법, 정보통신망 이용촉진 및 정보보호 등에 관한 법률",117,8250,약관에의한계약_기타계약_표준약관/표준약관_0238.txt
약관에의한계약_기타계약_표준약관,표준약관_0199,약관에의한계약_기타계약,표준약관,표준약관,"위치정보의 보호 및 이용 등에 관한 법률, 전기통신사업법, 개인정보보호법",88,5123,약관에의한계약_기타계약_표준약관/표준약관_0199.txt
약관에의한계약_기타계약_표준약관,표준약관_0291,약관에의한계약_기타계약,표준약관,표준약관,"약관의 규제에 관한 법률, 정보통신망 이용촉진 및 정보보호 등에 관한 법률, 전기통신사업법,  전자상거래 등에서의 소비자보호에 관한 법률, 개인정보보호법",144,8924,약관에의한계약_기타계약_표준약관/표준약관_0291.txt
약관에의한계약_기타계약_표준약관,표준약관_0190,약관에의한계약_기타계약,표준약관,표준약관,"전자상거래 등에서의 소비자보호에 관한 법률, 약관의 규제에 관한 법률, 전자문서 및 전자거래기본법, 전자금융거래법, 전자서명법, 정보통신망 이용촉진 및 정보보호 등에 관한 법률, 방문판매 등에 관한 법률, 소비자기본법",139,10665,약관에의한계약_기타계약_표준약관/표준약관_0190.txt
약관에의한계약_기타계약_표준약관,표준약관_0262,약관에의한계약_기타계약,표준약관,표준약관,"근로기준법, 주택법, 부동산등기법, ",48,3264,약관에의한계약_기타계약_표준약관/표준약관_0262.txt
약관에의한계약_기타계약_표준약관,표준약관_0228,약관에의한계약_기타계약,표준약관,표준약관,"관광진흥법, 전자상거래 등에서의 소비자보호에 관한 법률, 개인정보 보호법",188,12632,약관에의한계약_기타계약_표준약관/표준약관_0228.txt
약관에의한계약_기타계약_표준약관,표준약관_0270,약관에의한계약_기타계약,표준약관,표준약관,"전자상거래 등에서의 소비자보호에 관한 법률, 상법, 민법, 약관의 규제에 관한 법률",49,2677,약관에의한계약_기타계약_표준약관/표준약관_0270.txt
약관에의한계약_기타계약_표준약관,표준약관_0239,약관에의한계약_기타계약,표준약관,표준약관,"전자서명법, 정보통신망 이용촉진 및 정보보호 등에 관한 법률, 개인정보 보호법",169,12751,약관에의한계약_기타계약_표준약관/표준약관_0239.txt
약관에의한계약_기타계약_표준약관,표준약관_0243,약관에의한계약_기타계약,표준약관,표준약관,"식물신품종보호법, 민법",67,2937,약관에의한계약_기타계약_표준약관/표준약관_0243.txt
약관에의한계약_기타계약_표준약관,표준약관_0305,약관에의한계약_기타계약,표준약관,표준약관,"정보통신망 이용촉진 및 정보보호 등에 관한 법률, 개인정보 보호법, 전자상거래 등에서의 소비자보호에 관한 법률, 통신비밀보호법, 전자문서 및 전자거래 기본법",56,3301,약관에의한계약_기타계약_표준약관/표준약관_0305.txt
약관에의한계약_기타계약_표준약관,표준약관_0275,약관에의한계약_기타계약,표준약관,표준약관,"방송법, 방송광고판매대행 등에 관한 법률, 민법",39,1858,약관에의한계약_기타계약_표준약관/표준약관_0275.txt
약관에의한계약_기타계약_표준약관,표준약관_0258,약관에의한계약_기타계약,표준약관,표준약관,"의료법, 소비자기본법, 의료사고 피해구제 및 의료분쟁 조정 등에 관한 법률",44,2331,약관에의한계약_기타계약_표준약관/표준약관_0258.txt
약관에의한계약_기타계약_표준약관,표준약관_0247,약관에의한계약_기타계약,표준약관,표준약관,"상법, 민법, 금융실명법, 전자금융거래법",131,13253,약관에의한계약_기타계약_표준약관/표준약관_0247.txt
약관에의한계약_기타계약_표준약관,표준약관_0280,약관에의한계약_기타계약,표준약관,표준약관,"위치정보의 보호 및 이용 등에 관한 법률, 정보통신망 이용촉진 및 정보보호 등에 관한 법률",89,4990,약관에의한계약_기타계약_표준약관/표준약관_0280.txt
약관에의한계약_기타계약_표준약관,표준약관_0276,약관에의한계약_기타계약,표준약관,표준약관,"민법, 상법",16,1011,약관에의한계약_기타계약_표준약관/표준약관_0276.txt
약관에의한계약_기타계약_표준약관,표준약관_0272,약관에의한계약_기타계약,표준약관,표준약관,"약관의 규제에 관한 법률, 정보통신망 이용촉진 및 정보보호 등에 관한 법률",198,14534,약관에의한계약_기타계약_표준약관/표준약관_0272.txt
약관에의한계약_기타계약_표준약관,표준약관_0244,약관에의한계약_기타계약,표준약관,표준약관,"식물신품종보호법, 민법",107,10214,약관에의한계약_기타계약_표준약관/표준약관_0244.txt
약관에의한계약_기타계약_표준약관,표준약관_0299,약관에의한계약_기타계약,표준약관,표준약관,"개인정보 보호법, 정보통신망 이용촉진 및 정보보호 등에 관한 법률, 개인정보 보호법 시행령",8,242,약관에의한계약_기타계약_표준약관/표준약관_0299.txt
약관에의한계약_기타계약_표준약관,표준약관_0296,약관에의한계약_기타계약,표준약관,표준약관,"화물자동차운수사업법, 상법, 개인정보보호법, 약관의 규제에 관한 법률",157,9869,약관에의한계약_기타계약_표준약관/표준약관_0296.txt
약관에의한계약_기타계약_표준약관,표준약관_0198,약관에의한계약_기타계약,표준약관,표준약관,"약관의 규제에 관한 법률, 정보통신망 이용촉진 및 정보보호 등에 관한 법률, 저작권법",158,11309,약관에의한계약_기타계약_표준약관/표준약관_0198.txt
약관에의한계약_기타계약_표준약관,표준약관_0344,약관에의한계약_기타계약,표준약관,표준약관,"개인정보보호법, 개인정보보호법 시행령",39,2711,약관에의한계약_기타계약_표준약관/표준약관_0344.txt
약관에의한계약_기타계약_표준약관,표준약관_0246,약관에의한계약_기타계약,표준약관,표준약관,"은행법, 상법, 금융소비자 보호에 관한 법률, 여신전문금융업법, 어음법, 수표법",121,11158,약관에의한계약_기타계약_표준약관/표준약관_0246.txt
약관에의한계약_기타계약_표준약관,표준약관_0317,약관에의한계약_기타계약,표준약관,표준약관,"개인정보 보호법, 전자상거래 등에서의 소비자 보호에 관한 법률, 개인정보보호법 시행령",98,7190,약관에의한계약_기타계약_표준약관/표준약관_0317.txt
약관에의한계약_기타계약_표준약관,표준약관_0236,약관에의한계약_기타계약,표준약관,표준약관,"위치정보의 보호 및 이용 등에 관한 법률, 소비자기본법, 전기통신사업법",87,4858,약관에의한계약_기타계약_표준약관/표준약관_0236.txt
약관에의한계약_기타계약_표준약관,표준약관_0303,약관에의한계약_기타계약,표준약관,표준약관,"전자상거래 등에서의 소비자보호에 관한 법률, 전자문서 및 전자거래 기본법, 약관의 규제에 관한 법률",17,744,약관에의한계약_기타계약_표준약관/표준약관_0303.txt
약관에의한계약_기타계약_표준약관,표준약관_0240,약관에의한계약_기타계약,표준약관,표준약관,"위치정보의 보호 및 이용 등에 관한 법률, 정보통신망 이용촉진 및 정보보호 등에 관한 법률, 전기통신사업법, 개인정보보호법",113,8187,약관에의한계약_기타계약_표준약관/표준약관_0240.txt
약관에의한계약_기타계약_표준약관,표준약관_0292,약관에의한계약_기타계약,표준약관,표준약관,"개인정보보호법, 전자상거래 등에서의 소비자 보호에 관한 법률, 통신비밀보호법",74,5428,약관에의한계약_기타계약_표준약관/표준약관_0292.txt
약관에의한계약_기타계약_표준약관,표준약관_0298,약관에의한계약_기타계약,표준약관,표준약관,"개인정보 보호법, 의료법, 정보통신망 이용촉진 및 정보보호 등에 관한 법률, 전자상거래 등에서의 소비자보호에 관한 법률, 신용정보의 이용 및 보호에 관한 법률, 통신비밀보호법",32,1807,약관에의한계약_기타계약_표준약관/표준약관_0298.txt
약관에의한계약_기타계약_표준약관,표준약관_0311,약관에의한계약_기타계약,표준약관,표준약관,"개인정보보호법, 전자상거래 등에서의 소비자보호에 관한 법률, 전자금융거래법, 위치정보의 보호 및 이용 등에 관한 법률",66,3292,약관에의한계약_기타계약_표준약관/표준약관_0311.txt
약관에의한계약_기타계약_표준약관,표준약관_0287,약관에의한계약_기타계약,표준약관,표준약관,"전자상거래 등에서의 소비자보호에 관한 법률, 정보통신망 이용촉진 및 정보보호 등에 관한 법률, 약관의 규제에 관한 법률",134,7707,약관에의한계약_기타계약_표준약관/표준약관_0287.txt
약관에의한계약_기타계약_표준약관,표준약관_0294,약관에의한계약_기타계약,표준약관,표준약관,"전자상거래 등에서의 소비자보호에 관한 법률, 전자서명법, 정보통신망 이용촉진 및 정보보호 등에 관한 법률, 약관의 규제에 관한 법률",207,13246,약관에의한계약_기타계약_표준약관/표준약관_0294.txt
약관에의한계약_기타계약_표준약관,표준약관_0273,약관에의한계약_기타계약,표준약관,표준약관,"정보통신망 이용촉진 및 정보보호 등에 관한 법률, 개인정보 보호법, 전자상거래 등에서의 소비자보호에 관한 법률, 약관의 규제에 관한 법률, 전자상거래 등에서의 소비자보호에 관한 법률, 방문판매 등에 관한 법률, 소비자보호법",104,4215,약관에의한계약_기타계약_표준약관/표준약관_0273.txt
약관에의한계약_기타계약_표준약관,표준약관_0268,약관에의한계약_기타계약,표준약관,표준약관,"상법, 여신전문금융업법",61,4625,약관에의한계약_기타계약_표준약관/표준약관_0268.txt
약관에의한계약_기타계약_표준약관,표준약관_0260,약관에의한계약_기타계약,표준약관,표준약관,"은행법, 예금자보호법, 상법",59,3792,약관에의한계약_기타계약_표준약관/표준약관_0260.txt
약관에의한계약_기타계약_표준약관,표준약관_0308,약관에의한계약_기타계약,표준약관,표준약관,"전자상거래 등에서의 소비자보호에 관한 법률, 전자서명법, 정보통신망 이용촉진 및 정보보호 등에 관한 법률, 방문판매 등에 관한 법률, 소비자보호법",146,8151,약관에의한계약_기타계약_표준약관/표준약관_0308.txt
약관에의한계약_기타계약_표준약관,표준약관_0313,약관에의한계약_기타계약,표준약관,표준약관,"정보통신망 이용촉진 및 정보보호 등에 관한 법률, 전자상거래 등에서의 소비자보호에 관한 법률, 약관의 규제에 관한 법률",141,8974,약관에의한계약_기타계약_표준약관/표준약관_0313.txt
약관에의한계약_기타계약_표준약관,표준약관_0315,약관에의한계약_기타계약,표준약관,표준약관,"대중문화예술산업발전법, 저작권법, 상표법, 독점규제 및 공정거래에 관한 법률",46,4479,약관에의한계약_기타계약_표준약관/표준약관_0315.txt
약관에의한계약_기타계약_표준약관,표준약관_0345,약관에의한계약_기타계약,표준약관,표준약관,"개인정보 보호법, 개인정보 보호법 시행령, 개인정보의 안전성 확보조치 기준, 약관의 규제에 관한 법률",43,2453,약관에의한계약_기타계약_표준약관/표준약관_0345.txt
약관에의한계약_기타계약_표준약관,표준약관_0314,약관에의한계약_기타계약,표준약관,표준약관,"위치정보의 보호 및 이용 등에 관한 법률, 콘텐츠산업 진흥법, 전자상거래 등에서의 소비자보호에 관한 법률, 소비자기본법, 약관의 규제에 관한 법률",91,5391,약관에의한계약_기타계약_표준약관/표준약관_0314.txt
약관에의한계약_기타계약_표준약관,표준약관_0300,약관에의한계약_기타계약,표준약관,표준약관,"전자상거래 등에서의 소비자보호에 관한 법률, 개인정보 보호법, 정보통신망 이용촉진 및 정보보호 등에 관한 법률",127,5860,약관에의한계약_기타계약_표준약관/표준약관_0300.txt
약관에의한계약_기타계약_표준약관,표준약관_0319,약관에의한계약_기타계약,표준약관,표준약관,"전자상거래 등에서의 소비자보호에 관한 법률, 개인정보 보호법, 정보통신망 이용촉진 및 정보보호 등에 관한 법률, 약관의 규제에 관한 법률",56,2723,약관에의한계약_기타계약_표준약관/표준약관_0319.txt
약관에의한계약_기타계약_표준약관,표준약관_0306,약관에의한계약_기타계약,표준약관,표준약관,"전자상거래 등에서의 소비자보호에 관한 법률, 전자서명법, 정보통신망 이용촉진 및 정보보호 등에 관한 법률, 방문판매 등에 관한 법률, 소비자보호법",146,8114,약관에의한계약_기타계약_표준약관/표준약관_0306.txt
약관에의한계약_기타계약_표준약관,표준약관_0289,약관에의한계약_기타계약,표준약관,표준약관,"전자상거래 등에서의 소비자보호에 관한 법률, 정보통신망 이용촉진 및 정보보호 등에 관한 법률, 개인정보 보호법, 약관의 규제에 관한 법률",147,8539,약관에의한계약_기타계약_표준약관/표준약관_0289.txt
약관에의한계약_기타계약_표준약관,표준약관_0334,약관에의한계약_기타계약,표준약관,표준약관,"약관의 규제에 관한 법률, 정보통신망 이용촉진 및 정보보호 등에 관한 법률, 전자상거래 등에서의 소비자보호에 관한 법률",124,9481,약관에의한계약_기타계약_표준약관/표준약관_0334.txt
약관에의한계약_기타계약_표준약관,표준약관_0343,약관에의한계약_기타계약,표준약관,표준약관,"개인정보 보호법, 근로기준법, 정보통신망 이용촉진 및 정보보호 등에 관한 법률",37,2571,약관에의한계약_기타계약_표준약관/표준약관_0343.txt
약관에의한계약_기타계약_표준약관,표준약관_0310,약관에의한계약_기타계약,표준약관,표준약관,"약관의 규제에 관한 법률, 정보통신망 이용촉진 및 정보보호 등에 관한 법률, 저작권법, 청소년 보호법",139,9450,약관에의한계약_기타계약_표준약관/표준약관_0310.txt
약관에의한계약_기타계약_표준약관,표준약관_0324,약관에의한계약_기타계약,표준약관,표준약관,"정보통신망 이용촉진 및 정보보호 등에 관한 법률, 개인정보 보호법, 전자문서 및 전자거래 기본법",16,830,약관에의한계약_기타계약_표준약관/표준약관_0324.txt
약관에의한계약_기타계약_표준약관,표준약관_0297,약관에의한계약_기타계약,표준약관,표준약관,"신탁법, 상법, 건설산업기본법",89,4351,약관에의한계약_기타계약_표준약관/표준약관_0297.txt
약관에의한계약_기타계약_표준약관,표준약관_0341,약관에의한계약_기타계약,표준약관,표준약관,"개인정보 보호법, 정보통신망 이용촉진 및 정보보호 등에 관한 법률, 전자서명법",20,2504,약관에의한계약_기타계약_표준약관/표준약관_0341.txt
약관에의한계약_기타계약_표준약관,표준약관_0371,약관에의한계약_기타계약,표준약관,표준약관,"전자상거래 등에서의 소비자보호에 관한 법률, 정보통신망 이용촉진 및 정보보호 등에 관한 법률, 소비자기본법, 약관의 규제에 관한 법률",146,8120,약관에의한계약_기타계약_표준약관/표준약관_0371.txt
약관에의한계약_기타계약_표준약관,표준약관_0366,약관에의한계약_기타계약,표준약관,표준약관,"전자상거래 등에서의 소비자보호에 관한 법률, 정보통신망 이용촉진 및 정보보호 등에 관한 법률, 약관의 규제에 관한 법률",136,10545,약관에의한계약_기타계약_표준약관/표준약관_0366.txt
약관에의한계약_기타계약_표준약관,표준약관_0309,약관에의한계약_기타계약,표준약관,표준약관,"정보통신망 이용촉진 및 정보보호 등에 관한 법률, 개인정보보호법, 통신비밀보호법, 전기통신사업법",88,8029,약관에의한계약_기타계약_표준약관/표준약관_0309.txt
약관에의한계약_기타계약_표준약관,표준약관_0307,약관에의한계약_기타계약,표준약관,표준약관,"전자상거래 등에서의 소비자보호에 관한 법률 전자서명법, 정보통신망 이용촉진 및 정보보호 등에 관한 법률, 방문판매 등에 관한 법률, 소비자보호법, 개인정보 보호법",108,7258,약관에의한계약_기타계약_표준약관/표준약관_0307.txt
약관에의한계약_기타계약_표준약관,표준약관_0329,약관에의한계약_기타계약,표준약관,표준약관,"전자상거래 등에서의 소비자보호에 관한 법률, 약관의 규제에 관한 법률, 전자문서 및 전자거래 기본법",78,5181,약관에의한계약_기타계약_표준약관/표준약관_0329.txt
약관에의한계약_기타계약_표준약관,표준약관_0333,약관에의한계약_기타계약,표준약관,표준약관,"전자상거래 등에서의 소비자보호에 관한 법률, 약관의 규제에 관한 법률, 정보통신망 이용촉진 및 정보보호 등에 관한 법률",95,8633,약관에의한계약_기타계약_표준약관/표준약관_0333.txt
약관에의한계약_기타계약_표준약관,표준약관_0361,약관에의한계약_기타계약,표준약관,표준약관,"전자상거래 등에서의 소비자보호에 관한 법률, 정보통신망 이용촉진 및 정보보호 등에 관한 법률, 개인정보 보호법, 약관의 규제에 관한 법률",94,5989,약관에의한계약_기타계약_표준약관/표준약관_0361.txt
약관에의한계약_기타계약_표준약관,표준약관_0322,약관에의한계약_기타계약,표준약관,표준약관,전자상거래 등에서의 소비자보호에 관한 법률,76,5991,약관에의한계약_기타계약_표준약관/표준약관_0322.txt
약관에의한계약_기타계약_표준약관,표준약관_0312,약관에의한계약_기타계약,표준약관,표준약관,"위치정보의 보호 및 이용 등에 관한 법률, 정보통신망 이용촉진 및 정보보호 등에 관한 법률, 개인정보 보호법, 약관의 규제에 관한 법률",99,6114,약관에의한계약_기타계약_표준약관/표준약관_0312.txt
약관에의한계약_기타계약_표준약관,표준약관_0325,약관에의한계약_기타계약,표준약관,표준약관,"문화예술진흥법, 저작권법, 대중문화예술산업발전법",111,8058,약관에의한계약_기타계약_표준약관/표준약관_0325.txt
약관에의한계약_기타계약_표준약관,표준약관_0363,약관에의한계약_기타계약,표준약관,표준약관,"은행법, 금융소비자보호법, 대부업 등의 등록 및 금융이용자 보호에 관한 법률, 약관의 규제에 관한 법률",124,11157,약관에의한계약_기타계약_표준약관/표준약관_0363.txt
약관에의한계약_기타계약_표준약관,표준약관_0360,약관에의한계약_기타계약,표준약관,표준약관,"전자상거래 등에서의 소비자보호에 관한 법률, 약관의 규제 등에 관한 법률, 정보통신망 이용촉진 및 정보보호 등에 관한 법률",92,5763,약관에의한계약_기타계약_표준약관/표준약관_0360.txt
약관에의한계약_기타계약_표준약관,표준약관_0320,약관에의한계약_기타계약,표준약관,표준약관,전자상거래 등에서의 소비자보호에 관한 법률,100,7603,약관에의한계약_기타계약_표준약관/표준약관_0320.txt
약관에의한계약_기타계약_표준약관,표준약관_0337,약관에의한계약_기타계약,표준약관,표준약관,"정보통신망 이용촉진 및 정보보호 등에 관한 법률, 개인정보보호법, 전자상거래 등에서의 소비자보호에 관한 법률, 약관의 규제에 관한 법률",118,8190,약관에의한계약_기타계약_표준약관/표준약관_0337.txt
약관에의한계약_기타계약_표준약관,표준약관_0321,약관에의한계약_기타계약,표준약관,표준약관,전자상거래 등에서의 소비자보호에 관한 법률,77,5475,약관에의한계약_기타계약_표준약관/표준약관_0321.txt
약관에의한계약_기타계약_표준약관,표준약관_0327,약관에의한계약_기타계약,표준약관,표준약관,"방문판매 등에 관한 법률, 할부거래에 관한 법률, 전자문서 및 전자거래 기본법, 약관의 규제에 관한 법률",71,5243,약관에의한계약_기타계약_표준약관/표준약관_0327.txt
약관에의한계약_기타계약_표준약관,표준약관_0356,약관에의한계약_기타계약,표준약관,표준약관,"전자서명법, 전자문서 및 전자거래 기본법, 개인정보 보호법, 약관의 규제에 관한 법률",154,11794,약관에의한계약_기타계약_표준약관/표준약관_0356.txt
약관에의한계약_기타계약_표준약관,표준약관_0323,약관에의한계약_기타계약,표준약관,표준약관,"전자상거래 등에서의 소비자 보호에 관한 법률, 약관의 규제에 관한 법률, 전자거래기본법, 전자서명법, 정보통신망 이용 촉진 및 정보보호 등에 관한 법률, 소비자기본법",181,14050,약관에의한계약_기타계약_표준약관/표준약관_0323.txt
약관에의한계약_기타계약_표준약관,표준약관_0331,약관에의한계약_기타계약,표준약관,표준약관,"할부거래에 관한 법률, 방문판매 등에 관한 법률, 상법",65,3206,약관에의한계약_기타계약_표준약관/표준약관_0331.txt
약관에의한계약_기타계약_표준약관,표준약관_0346,약관에의한계약_기타계약,표준약관,표준약관,"공인중개사법, 공인중개사법 시행령, 민법, 약관의 규제에 관한 법률",95,5777,약관에의한계약_기타계약_표준약관/표준약관_0346.txt
약관에의한계약_기타계약_표준약관,표준약관_0338,약관에의한계약_기타계약,표준약관,표준약관,"정보통신망 이용촉진 및 정보보호등에 관한 법률, 개인정보보호법, 전자상거래 등에서의 소비자보호에 관한 법률, 약관의 규제에 관한 법률",99,6375,약관에의한계약_기타계약_표준약관/표준약관_0338.txt
약관에의한계약_기타계약_표준약관,표준약관_0351,약관에의한계약_기타계약,표준약관,표준약관,"정보통신망 이용촉진 및 정보보호 등에 관한 법률, 개인정보 보호법, 전자상거래 등에서의 소비자보호에 관한 법률, 약관의 규제에 관한 법률",89,6701,약관에의한계약_기타계약_표준약관/표준약관_0351.txt
약관에의한계약_기타계약_표준약관,표준약관_0342,약관에의한계약_기타계약,표준약관,표준약관,"개인정보 보호법, 정보통신망 이용촉진 및 정보보호 등에 관한 법률, 개인정보 보호법 시행령",14,705,약관에의한계약_기타계약_표준약관/표준약관_0342.txt
약관에의한계약_기타계약_표준약관,표준약관_0394,약관에의한계약_기타계약,표준약관,표준약관,"개인정보 보호법, 약관의 규제에 관한 법률",107,5842,약관에의한계약_기타계약_표준약관/표준약관_0394.txt
약관에의한계약_기타계약_표준약관,표준약관_0332,약관에의한계약_기타계약,표준약관,표준약관,"정보통신망 이용촉진 및 정보보호 등에 관한 법률, 전자서명법, 전자상거래 등에서의 소비자보호에 관한 법률, 약관의 규제에 관한 법률",77,4449,약관에의한계약_기타계약_표준약관/표준약관_0332.txt
약관에의한계약_기타계약_표준약관,표준약관_0445,약관에의한계약_기타계약,표준약관,표준약관,"전기통신사업법, 정보통신망 이용촉진 및 정보보호 등에 관한 법률, 전기통신사업법 시행령",123,6593,약관에의한계약_기타계약_표준약관/표준약관_0445.txt
약관에의한계약_기타계약_표준약관,표준약관_0364,약관에의한계약_기타계약,표준약관,표준약관,"전자상거래 등에서의 소비자보호에 관한 법률, 약관의 규제에 관한 법률, 정보통신망 이용촉진 및 정보보호 등에 관한 법률",196,14455,약관에의한계약_기타계약_표준약관/표준약관_0364.txt
약관에의한계약_기타계약_표준약관,표준약관_0330,약관에의한계약_기타계약,표준약관,표준약관,"약관의 규제에 관한 법률, 할부거래에 관한 법률",122,6356,약관에의한계약_기타계약_표준약관/표준약관_0330.txt
약관에의한계약_기타계약_표준약관,표준약관_0354,약관에의한계약_기타계약,표준약관,표준약관,"전자서명법, 정보통신망 이용촉진 및 정보보호 등에 관한 법률, 개인정보 보호법, 약관의 규제에 관한 법률",156,11821,약관에의한계약_기타계약_표준약관/표준약관_0354.txt
약관에의한계약_기타계약_표준약관,표준약관_0374,약관에의한계약_기타계약,표준약관,표준약관,"전자상거래 등에서의 소비자보호에 관한 법률, 약관의 규제 등에 관한 법률, 정보통신망 이용촉진 및 정보보호 등에 관한 법률",92,5789,약관에의한계약_기타계약_표준약관/표준약관_0374.txt
약관에의한계약_기타계약_표준약관,표준약관_0326,약관에의한계약_기타계약,표준약관,표준약관,"화물자동차운수사업법, 상법, 약관의 규제에 관한 법률",138,8033,약관에의한계약_기타계약_표준약관/표준약관_0326.txt
약관에의한계약_기타계약_표준약관,표준약관_0359,약관에의한계약_기타계약,표준약관,표준약관,"전자상거래 등에서의 소비자보호에 관한 법률, 약관의 규제 등에 관한 법률, 정보통신망 이용촉진 및 정보보호 등에 관한 법률",91,5643,약관에의한계약_기타계약_표준약관/표준약관_0359.txt
약관에의한계약_기타계약_표준약관,표준약관_0328,약관에의한계약_기타계약,표준약관,표준약관,"정보통신망 이용촉진 및 정보보호 등에 관한 법률, 전자상거래 등에서의 소비자보호에 관한 법률, 약관의 규제에 관한 법률",135,12057,약관에의한계약_기타계약_표준약관/표준약관_0328.txt
약관에의한계약_기타계약_표준약관,표준약관_0418,약관에의한계약_기타계약,표준약관,표준약관,"전자상거래 등에서의 소비자보호에 관한 법률, 전자금융거래법, 여신전문금융업법",69,3805,약관에의한계약_기타계약_표준약관/표준약관_0418.txt
약관에의한계약_기타계약_표준약관,표준약관_0350,약관에의한계약_기타계약,표준약관,표준약관,"전자상거래 등에서의 소비자보호에 관한 법률, 약관의 규제에 관한 법률, 정보통신망 이용촉진 및 정보보호 등에 관한 법률",196,16402,약관에의한계약_기타계약_표준약관/표준약관_0350.txt
약관에의한계약_기타계약_표준약관,표준약관_0441,약관에의한계약_기타계약,표준약관,표준약관,"약관의 규제에 관한 법률, 민법",60,2964,약관에의한계약_기타계약_표준약관/표준약관_0441.txt
약관에의한계약_기타계약_표준약관,표준약관_0474,약관에의한계약_기타계약,표준약관,표준약관,"콘텐츠산업 진흥법, 전자상거래 등에서의 소비자보호에 관한 법률",91,5790,약관에의한계약_기타계약_표준약관/표준약관_0474.txt
약관에의한계약_기타계약_표준약관,표준약관_0367,약관에의한계약_기타계약,표준약관,표준약관,"약관의 규제에 관한 법률, 전자상거래 등에서의 소비자보호에 관한 법률, 정보통신망 이용촉진 및 정보보호 등에 관한 법률",146,9741,약관에의한계약_기타계약_표준약관/표준약관_0367.txt
약관에의한계약_기타계약_표준약관,표준약관_0339,약관에의한계약_기타계약,표준약관,표준약관,"약관의 규제에 관한 법률, 정보통신망 이용촉진 및 정보보호 등에 관한 법률, 전기통신사업법",177,12074,약관에의한계약_기타계약_표준약관/표준약관_0339.txt
약관에의한계약_기타계약_표준약관,표준약관_0472,약관에의한계약_기타계약,표준약관,표준약관,"전기통신사업법, 전기통신사업법 시행령, 정보통신망 이용촉진 및 정보보호 등에 관한 법률",127,8676,약관에의한계약_기타계약_표준약관/표준약관_0472.txt
약관에의한계약_기타계약_표준약관,표준약관_0387,약관에의한계약_기타계약,표준약관,표준약관,"화물자동차 운수사업법, 소비자기본법, 중재법",103,5716,약관에의한계약_기타계약_표준약관/표준약관_0387.txt
약관에의한계약_기타계약_표준약관,표준약관_0393,약관에의한계약_기타계약,표준약관,표준약관,"여신전문금융업법, 전자금융거래법, 상법",87,5256,약관에의한계약_기타계약_표준약관/표준약관_0393.txt
약관에의한계약_기타계약_표준약관,표준약관_0347,약관에의한계약_기타계약,표준약관,표준약관,"독점규제 및 공정거래에 관한 법률, 약관의 규제에 관한 법률, 정보통신망 이용촉진 및 정보보호 등에 관한 법률",83,6154,약관에의한계약_기타계약_표준약관/표준약관_0347.txt
약관에의한계약_기타계약_표준약관,표준약관_0381,약관에의한계약_기타계약,표준약관,표준약관,"방문판매 등에 관한 법률, 할부거래에 관한 법률, 전자상거래 등에서의 소비자보호에 관한 법률",47,3357,약관에의한계약_기타계약_표준약관/표준약관_0381.txt
약관에의한계약_기타계약_표준약관,표준약관_0375,약관에의한계약_기타계약,표준약관,표준약관,"정보통신망 이용촉진 및 정보보호 등에 관한 법률, 개인정보 보호법, 전자상거래 등에서의 소비자보호에 관한 법률",83,4785,약관에의한계약_기타계약_표준약관/표준약관_0375.txt
약관에의한계약_기타계약_표준약관,표준약관_0362,약관에의한계약_기타계약,표준약관,표준약관,"전자서명법, 정보통신망 이용촉진 및 정보보호 등에 관한 법률, 개인정보 보호법, 약관의 규제에 관한 법률",158,12270,약관에의한계약_기타계약_표준약관/표준약관_0362.txt
약관에의한계약_기타계약_표준약관,표준약관_0380,약관에의한계약_기타계약,표준약관,표준약관,"전자금융거래법, 자본시장과 금융투자업에 관한 법률",33,2312,약관에의한계약_기타계약_표준약관/표준약관_0380.txt
약관에의한계약_기타계약_표준약관,표준약관_0349,약관에의한계약_기타계약,표준약관,표준약관,"전자상거래 등에서의 소비자보호에 관한 법률, 약관의 규제에 관한 법률, 개인정보 보호법",195,16966,약관에의한계약_기타계약_표준약관/표준약관_0349.txt
약관에의한계약_기타계약_표준약관,표준약관_0402,약관에의한계약_기타계약,표준약관,표준약관,"전자금융거래법, 여신전문금융업법, 부가가치세법",50,3642,약관에의한계약_기타계약_표준약관/표준약관_0402.txt
약관에의한계약_기타계약_표준약관,표준약관_0376,약관에의한계약_기타계약,표준약관,표준약관,"전자금융거래법, 전자서명법, 개인정보 보호법",133,9116,약관에의한계약_기타계약_표준약관/표준약관_0376.txt
약관에의한계약_기타계약_표준약관,표준약관_0392,약관에의한계약_기타계약,표준약관,표준약관,"자본시장과 금융투자업에 관한 법률, 전자금융거래법",156,14197,약관에의한계약_기타계약_표준약관/표준약관_0392.txt
약관에의한계약_기타계약_표준약관,표준약관_0414,약관에의한계약_기타계약,표준약관,표준약관,"할부거래에 관한 법률, 전자상거래 등에서의 소비자보호에 관한 법률, 소비자기본법",82,6766,약관에의한계약_기타계약_표준약관/표준약관_0414.txt
약관에의한계약_기타계약_표준약관,표준약관_0412,약관에의한계약_기타계약,표준약관,표준약관,"전자금융거래법, 소비자기본법",28,1156,약관에의한계약_기타계약_표준약관/표준약관_0412.txt
약관에의한계약_기타계약_표준약관,표준약관_0422,약관에의한계약_기타계약,표준약관,표준약관,"정보통신망 이용촉진 및 정보보호 등에 관한 법률, 전자상거래 등에서의 소비자보호에 관한 법률, 약관의 규제에 관한 법률",147,9978,약관에의한계약_기타계약_표준약관/표준약관_0422.txt
약관에의한계약_기타계약_표준약관,표준약관_0406,약관에의한계약_기타계약,표준약관,표준약관,"자본시장과 금융투자업에 관한 법률, 전자금융거래법, 금융소비자 보호에 관한 법률",78,6580,약관에의한계약_기타계약_표준약관/표준약관_0406.txt
약관에의한계약_기타계약_표준약관,표준약관_0369,약관에의한계약_기타계약,표준약관,표준약관,"전자상거래 등에서의 소비자보호에 관한 법률, 정보통신망 이용촉진 및 정보보호 등에 관한 법률, 약관의 규제에 관한 법률",173,11127,약관에의한계약_기타계약_표준약관/표준약관_0369.txt
약관에의한계약_기타계약_표준약관,표준약관_0353,약관에의한계약_기타계약,표준약관,표준약관,"전자서명법, 전자문서 및 전자거래 기본법, 개인정보 보호법, 약관의 규제에 관한 법률",153,12077,약관에의한계약_기타계약_표준약관/표준약관_0353.txt
약관에의한계약_기타계약_표준약관,표준약관_0398,약관에의한계약_기타계약,표준약관,표준약관,"전자상거래 등에서의 소비자보호에 관한 법률, 정보통신망 이용촉진 및 정보보호 등에 관한 법률, 개인정보 보호법",145,8342,약관에의한계약_기타계약_표준약관/표준약관_0398.txt
약관에의한계약_기타계약_표준약관,표준약관_0408,약관에의한계약_기타계약,표준약관,표준약관,민법,188,10547,약관에의한계약_기타계약_표준약관/표준약관_0408.txt
약관에의한계약_기타계약_표준약관,표준약관_0413,약관에의한계약_기타계약,표준약관,표준약관,"전자금융거래법, 여신전문금융업법, 금융소비자 보호에 관한 법률",125,9976,약관에의한계약_기타계약_표준약관/표준약관_0413.txt
약관에의한계약_기타계약_표준약관,표준약관_0404,약관에의한계약_기타계약,표준약관,표준약관,"전자금융거래법, 자본시장과 금융투자업에 관한 법률, 전자서명법",197,13394,약관에의한계약_기타계약_표준약관/표준약관_0404.txt
약관에의한계약_기타계약_표준약관,표준약관_0426,약관에의한계약_기타계약,표준약관,표준약관,"소득세법, 자본시장과 금융투자업에 관한 법률",38,1801,약관에의한계약_기타계약_표준약관/표준약관_0426.txt
약관에의한계약_기타계약_표준약관,표준약관_0401,약관에의한계약_기타계약,표준약관,표준약관,소비자기본법,40,2355,약관에의한계약_기타계약_표준약관/표준약관_0401.txt
약관에의한계약_기타계약_표준약관,표준약관_0377,약관에의한계약_기타계약,표준약관,표준약관,"약관의 규제에 관한 법률, 정보통신망 이용촉진 및 정보보호 등에 관한 법률, 전기통신사업법",76,6184,약관에의한계약_기타계약_표준약관/표준약관_0377.txt
약관에의한계약_기타계약_표준약관,표준약관_0459,약관에의한계약_기타계약,표준약관,표준약관,"소비자기본법, 전자서명법",46,2798,약관에의한계약_기타계약_표준약관/표준약관_0459.txt
약관에의한계약_기타계약_표준약관,표준약관_0433,약관에의한계약_기타계약,표준약관,표준약관,"화재로 인한 재해보상과 보험가입에 관한 법률, 민법, 보험업법",62,3746,약관에의한계약_기타계약_표준약관/표준약관_0433.txt
약관에의한계약_기타계약_표준약관,표준약관_0388,약관에의한계약_기타계약,표준약관,표준약관,"여신전문금융업법, 전자금융거래법, 신용정보의 이용 및 보호에 관한 법률",96,6020,약관에의한계약_기타계약_표준약관/표준약관_0388.txt
약관에의한계약_기타계약_표준약관,표준약관_0452,약관에의한계약_기타계약,표준약관,표준약관,"감염병의 예방 및 관리에 관한 법률, 모자보건법, 민법",101,5951,약관에의한계약_기타계약_표준약관/표준약관_0452.txt
약관에의한계약_기타계약_표준약관,표준약관_0439,약관에의한계약_기타계약,표준약관,표준약관,"전자상거래 등에서의 소비자보호에 관한 법률, 개인정보 보호법",105,6643,약관에의한계약_기타계약_표준약관/표준약관_0439.txt
약관에의한계약_기타계약_표준약관,표준약관_0405,약관에의한계약_기타계약,표준약관,표준약관,"할부거래에 관한 법률, 전자상거래 등에서의 소비자보호에 관한 법률, 소비자기본법",87,5738,약관에의한계약_기타계약_표준약관/표준약관_0405.txt
약관에의한계약_기타계약_표준약관,표준약관_0419,약관에의한계약_기타계약,표준약관,표준약관,"전자금융거래법, 전자서명법, 금융실명거래 및 비밀보장에 관한 법률",160,9664,약관에의한계약_기타계약_표준약관/표준약관_0419.txt
약관에의한계약_기타계약_표준약관,표준약관_0420,약관에의한계약_기타계약,표준약관,표준약관,"조세특례제한법, 자본시장과 금융투자업에 관한 법률, 금융소비자 보호에 관한 법률",118,8560,약관에의한계약_기타계약_표준약관/표준약관_0420.txt
약관에의한계약_기타계약_표준약관,표준약관_0436,약관에의한계약_기타계약,표준약관,표준약관,"자동차관리법, 여객자동차 운수사업법, 전자상거래 등에서의 소비자보호에 관한 법률",50,2539,약관에의한계약_기타계약_표준약관/표준약관_0436.txt
약관에의한계약_기타계약_표준약관,표준약관_0423,약관에의한계약_기타계약,표준약관,표준약관,"화물자동차 운수사업법, 상법, 민법",76,3809,약관에의한계약_기타계약_표준약관/표준약관_0423.txt
약관에의한계약_기타계약_표준약관,표준약관_0417,약관에의한계약_기타계약,표준약관,표준약관,"할부거래에 관한 법률, 전자서명법, 소비자기본법",82,5857,약관에의한계약_기타계약_표준약관/표준약관_0417.txt
약관에의한계약_기타계약_표준약관,표준약관_0396,약관에의한계약_기타계약,표준약관,표준약관,"전자상거래 등에서의 소비자보호에 관한 법률, 개인정보 보호법, 약관의 규제에 관한 법률",110,8457,약관에의한계약_기타계약_표준약관/표준약관_0396.txt
약관에의한계약_기타계약_표준약관,표준약관_0421,약관에의한계약_기타계약,표준약관,표준약관,"전자상거래 등에서의 소비자보호에 관한 법률, 약관의 규제에 관한 법률, 정보통신망 이용촉진 및 정보보호 등에 관한 법률",90,6970,약관에의한계약_기타계약_표준약관/표준약관_0421.txt
약관에의한계약_기타계약_표준약관,표준약관_0435,약관에의한계약_기타계약,표준약관,표준약관,"자본시장과 금융투자업에 관한 법률, 전자금융거래법, 금융위원회의 설치 등에 관한 법률",55,4329,약관에의한계약_기타계약_표준약관/표준약관_0435.txt
약관에의한계약_기타계약_표준약관,표준약관_0492,약관에의한계약_기타계약,표준약관,표준약관,"정보통신망 이용촉진 및 정보보호 등에 관한 법률, 전자상거래 등에서의 소비자보호에 관한 법률, 개인정보 보호법",131,8680,약관에의한계약_기타계약_표준약관/표준약관_0492.txt
약관에의한계약_기타계약_표준약관,표준약관_0390,약관에의한계약_기타계약,표준약관,표준약관,"전자금융거래법, 전자문서 및 전자거래 기본법, 정보통신망 이용촉진 및 정보보호 등에 관한 법률",137,9289,약관에의한계약_기타계약_표준약관/표준약관_0390.txt
약관에의한계약_기타계약_표준약관,표준약관_0463,약관에의한계약_기타계약,표준약관,표준약관,"자본시장과 금융투자업에 관한 법률, 전자금융거래법, 예금자보호법",89,6052,약관에의한계약_기타계약_표준약관/표준약관_0463.txt
약관에의한계약_기타계약_표준약관,표준약관_0410,약관에의한계약_기타계약,표준약관,표준약관,"전자금융거래법, 여신전문금융업법, 정보통신망 이용촉진 및 정보보호 등에 관한 법률",120,9055,약관에의한계약_기타계약_표준약관/표준약관_0410.txt
약관에의한계약_기타계약_표준약관,표준약관_0428,약관에의한계약_기타계약,표준약관,표준약관,"자본시장과 금융투자업에 관한 법률, 전자금융거래법, 전기통신금융사기 피해 방지 및 피해금 환급에 관한 특별법",93,6821,약관에의한계약_기타계약_표준약관/표준약관_0428.txt
약관에의한계약_기타계약_표준약관,표준약관_0429,약관에의한계약_기타계약,표준약관,표준약관,"전자상거래 등에서의 소비자보호에 관한 법률, 정보통신망 이용촉진 및 정보보호 등에 관한 법률, 개인정보 보호법",54,2786,약관에의한계약_기타계약_표준약관/표준약관_0429.txt
약관에의한계약_기타계약_표준약관,표준약관_0446,약관에의한계약_기타계약,표준약관,표준약관,"약관의 규제에 관한 법률, 정보통신망 이용촉진 및 정보보호 등에 관한 법률, 개인정보 보호법",83,5307,약관에의한계약_기타계약_표준약관/표준약관_0446.txt
약관에의한계약_기타계약_표준약관,표준약관_0416,약관에의한계약_기타계약,표준약관,표준약관,"전자상거래 등에서의 소비자보호에 관한 법률, 약관의 규제에 관한 법률, 여신전문금융업법",124,10843,약관에의한계약_기타계약_표준약관/표준약관_0416.txt
약관에의한계약_기타계약_표준약관,표준약관_0447,약관에의한계약_기타계약,표준약관,표준약관,"소비자기본법, 전자상거래 등에서의 소비자보호에 관한 법률",69,5306,약관에의한계약_기타계약_표준약관/표준약관_0447.txt
약관에의한계약_기타계약_표준약관,표준약관_0504,약관에의한계약_기타계약,표준약관,표준약관,"할부거래에 관한 법률, 방문판매 등에 관한 법률, 상법",70,3452,약관에의한계약_기타계약_표준약관/표준약관_0504.txt
약관에의한계약_기타계약_표준약관,표준약관_0461,약관에의한계약_기타계약,표준약관,표준약관,"전자금융거래법, 금융실명거래 및 비밀보장에 관한 법률, 자본시장과 금융투자업에 관한 법률",102,6612,약관에의한계약_기타계약_표준약관/표준약관_0461.txt
약관에의한계약_기타계약_표준약관,표준약관_0448,약관에의한계약_기타계약,표준약관,표준약관,"전자상거래 등에서의 소비자보호에 관한 법률, 상법, 민법",44,2454,약관에의한계약_기타계약_표준약관/표준약관_0448.txt
약관에의한계약_기타계약_표준약관,표준약관_0479,약관에의한계약_기타계약,표준약관,표준약관,"전자금융거래법, 상법, 소비자기본법",62,3307,약관에의한계약_기타계약_표준약관/표준약관_0479.txt
약관에의한계약_기타계약_표준약관,표준약관_0477,약관에의한계약_기타계약,표준약관,표준약관,"정보통신망 이용촉진 및 정보보호 등에 관한 법률, 전자상거래 등에서의 소비자보호에 관한 법률, 개인정보 보호법",47,3565,약관에의한계약_기타계약_표준약관/표준약관_0477.txt
약관에의한계약_기타계약_표준약관,표준약관_0497,약관에의한계약_기타계약,표준약관,표준약관,"금융실명거래 및 비밀보장에 관한 법률, 자본시장과 금융투자업에 관한 법률, 예금자보호법",39,2958,약관에의한계약_기타계약_표준약관/표준약관_0497.txt
약관에의한계약_기타계약_표준약관,표준약관_0487,약관에의한계약_기타계약,표준약관,표준약관,약관의 규제에 관한 법률,43,2081,약관에의한계약_기타계약_표준약관/표준약관_0487.txt
약관에의한계약_기타계약_표준약관,표준약관_0457,약관에의한계약_기타계약,표준약관,표준약관,"전자상거래 등에서의 소비자보호에 관한 법률, 약관의 규제에 관한 법률, 소비자기본법",148,9837,약관에의한계약_기타계약_표준약관/표준약관_0457.txt
약관에의한계약_기타계약_표준약관,표준약관_0465,약관에의한계약_기타계약,표준약관,표준약관,"모자보건법, 의료법, 소비자기본법",41,2583,약관에의한계약_기타계약_표준약관/표준약관_0465.txt
약관에의한계약_기타계약_표준약관,표준약관_0432,약관에의한계약_기타계약,표준약관,표준약관,"전기통신사업법, 전기통신사업법 시행령, 정보통신망 이용촉진 및 정보보호 등에 관한 법률",68,3079,약관에의한계약_기타계약_표준약관/표준약관_0432.txt
약관에의한계약_기타계약_표준약관,표준약관_0453,약관에의한계약_기타계약,표준약관,표준약관,"여객자동차 운수사업법, 자동차관리법, 약관의 규제에 관한 법률",160,9588,약관에의한계약_기타계약_표준약관/표준약관_0453.txt
약관에의한계약_기타계약_표준약관,표준약관_0494,약관에의한계약_기타계약,표준약관,표준약관,"철도사업법, 철도안전법, 정부조직법",129,7011,약관에의한계약_기타계약_표준약관/표준약관_0494.txt
약관에의한계약_기타계약_표준약관,표준약관_0464,약관에의한계약_기타계약,표준약관,표준약관,"정보통신망 이용촉진 및 정보보호 등에 관한 법률, 전자서명법, 개인정보 보호법",67,4564,약관에의한계약_기타계약_표준약관/표준약관_0464.txt
약관에의한계약_기타계약_표준약관,표준약관_0499,약관에의한계약_기타계약,표준약관,표준약관,"약관의 규제에 관한 법률, 민법, 상법",42,2713,약관에의한계약_기타계약_표준약관/표준약관_0499.txt
약관에의한계약_기타계약_표준약관,표준약관_0531,약관에의한계약_기타계약,표준약관,표준약관,"할부거래에 관한 법률, 전자상거래 등에서의 소비자보호에 관한 법률, 소비자기본법",77,5169,약관에의한계약_기타계약_표준약관/표준약관_0531.txt
약관에의한계약_기타계약_표준약관,표준약관_0484,약관에의한계약_기타계약,표준약관,표준약관,"정보통신망 이용촉진 및 정보보호 등에 관한 법률, 전자금융거래법, 전자상거래 등에서의 소비자보호에 관한 법률",114,8484,약관에의한계약_기타계약_표준약관/표준약관_0484.txt
약관에의한계약_기타계약_표준약관,표준약관_0468,약관에의한계약_기타계약,표준약관,표준약관,전자금융거래법,105,7251,약관에의한계약_기타계약_표준약관/표준약관_0468.txt
약관에의한계약_기타계약_표준약관,표준약관_0473,약관에의한계약_기타계약,표준약관,표준약관,"상법, 자동차관리법",100,6333,약관에의한계약_기타계약_표준약관/표준약관_0473.txt
약관에의한계약_기타계약_표준약관,표준약관_0482,약관에의한계약_기타계약,표준약관,표준약관,"여신전문금융업법, 전자금융거래법, 정보통신망 이용촉진 및 정보보호 등에 관한 법률",38,2438,약관에의한계약_기타계약_표준약관/표준약관_0482.txt
약관에의한계약_기타계약_표준약관,표준약관_0467,약관에의한계약_기타계약,표준약관,표준약관,"중소기업진흥에 관한 법률, 채무자 회생 및 파산에 관한 법률, 전자어음의 발행 및 유통에 관한 법률",128,6686,약관에의한계약_기타계약_표준약관/표준약관_0467.txt
약관에의한계약_기타계약_표준약관,표준약관_0466,약관에의한계약_기타계약,표준약관,표준약관,"전자금융거래법, 부가가치세법, 상법",51,3559,약관에의한계약_기타계약_표준약관/표준약관_0466.txt
약관에의한계약_기타계약_표준약관,표준약관_0470,약관에의한계약_기타계약,표준약관,표준약관,"민법, 상법",154,10651,약관에의한계약_기타계약_표준약관/표준약관_0470.txt
약관에의한계약_기타계약_표준약관,표준약관_0458,약관에의한계약_기타계약,표준약관,표준약관,"전자금융거래법, 자본시장과 금융투자업에 관한 법률, 특정 금융거래정보의 보고 및 이용 등에 관한 법률",63,5488,약관에의한계약_기타계약_표준약관/표준약관_0458.txt
약관에의한계약_기타계약_표준약관,표준약관_0478,약관에의한계약_기타계약,표준약관,표준약관,"조세특례제한법, 소득세법, 금융소비자 보호에 관한 법률",47,3671,약관에의한계약_기타계약_표준약관/표준약관_0478.txt
약관에의한계약_기타계약_표준약관,표준약관_0469,약관에의한계약_기타계약,표준약관,표준약관,"전자금융거래법, 여신전문금융업법, 정보통신망 이용촉진 및 정보보호 등에 관한 법률",132,9203,약관에의한계약_기타계약_표준약관/표준약관_0469.txt
약관에의한계약_기타계약_표준약관,표준약관_0489,약관에의한계약_기타계약,표준약관,표준약관,"상법, 약관의 규제에 관한 법률, 민법",113,8870,약관에의한계약_기타계약_표준약관/표준약관_0489.txt
약관에의한계약_기타계약_표준약관,표준약관_0475,약관에의한계약_기타계약,표준약관,표준약관,"의료법, 소비자기본법",25,1271,약관에의한계약_기타계약_표준약관/표준약관_0475.txt
약관에의한계약_기타계약_표준약관,표준약관_0505,약관에의한계약_기타계약,표준약관,표준약관,"민법, 민사소송법",171,11151,약관에의한계약_기타계약_표준약관/표준약관_0505.txt
약관에의한계약_기타계약_표준약관,표준약관_0527,약관에의한계약_기타계약,표준약관,표준약관,"관광진흥법, 전자문서 및 전자거래 기본법, 소비자기본법",91,5822,약관에의한계약_기타계약_표준약관/표준약관_0527.txt
약관에의한계약_기타계약_표준약관,표준약관_0476,약관에의한계약_기타계약,표준약관,표준약관,"여신전문금융업법, 대부업 등의 등록 및 금융이용자 보호에 관한 법률, 전자문서 및 전자거래 기본법",66,4045,약관에의한계약_기타계약_표준약관/표준약관_0476.txt
약관에의한계약_기타계약_표준약관,표준약관_0507,약관에의한계약_기타계약,표준약관,표준약관,"자본시장과 금융투자업에 관한 법률, 민법, 전자금융거래법",82,4587,약관에의한계약_기타계약_표준약관/표준약관_0507.txt
약관에의한계약_기타계약_표준약관,표준약관_0471,약관에의한계약_기타계약,표준약관,표준약관,"화물자동차 운수사업법, 상법, 소비자기본법",120,7199,약관에의한계약_기타계약_표준약관/표준약관_0471.txt
약관에의한계약_기타계약_표준약관,표준약관_0508,약관에의한계약_기타계약,표준약관,표준약관,"할부거래에 관한 법률, 전자상거래 등에서의 소비자보호에 관한 법률, 소비자기본법",82,6077,약관에의한계약_기타계약_표준약관/표준약관_0508.txt
약관에의한계약_기타계약_표준약관,표준약관_0498,약관에의한계약_기타계약,표준약관,표준약관,"화물자동차 운수사업법, 상법, 전자상거래 등에서의 소비자보호에 관한 법률",139,8162,약관에의한계약_기타계약_표준약관/표준약관_0498.txt
약관에의한계약_기타계약_표준약관,표준약관_0500,약관에의한계약_기타계약,표준약관,표준약관,"소비자기본법, 전자문서 및 전자거래 기본법",94,6963,약관에의한계약_기타계약_표준약관/표준약관_0500.txt
약관에의한계약_기타계약_표준약관,표준약관_0584,약관에의한계약_기타계약,표준약관,표준약관,"전자상거래 등에서의 소비자보호에 관한 법률, 정보통신망 이용촉진 및 정보보호 등에 관한 법률",77,5724,약관에의한계약_기타계약_표준약관/표준약관_0584.txt
약관에의한계약_기타계약_표준약관,표준약관_0486,약관에의한계약_기타계약,표준약관,표준약관,"여객자동차 운수사업법, 자동차손해배상 보장법, 민사소송법",70,6095,약관에의한계약_기타계약_표준약관/표준약관_0486.txt
약관에의한계약_기타계약_표준약관,표준약관_0506,약관에의한계약_기타계약,표준약관,표준약관,보험업법,133,8842,약관에의한계약_기타계약_표준약관/표준약관_0506.txt
약관에의한계약_기타계약_표준약관,표준약관_0576,약관에의한계약_기타계약,표준약관,표준약관,"자본시장과 금융투자업에 관한 법률, 조세특례제한법, 소득세법",95,7185,약관에의한계약_기타계약_표준약관/표준약관_0576.txt
약관에의한계약_기타계약_표준약관,표준약관_0512,약관에의한계약_기타계약,표준약관,표준약관,"자본시장과 금융투자업에 관한 법률, 전자금융거래법, 자본시장과 금융투자업에 관한 법률 시행령",55,3788,약관에의한계약_기타계약_표준약관/표준약관_0512.txt
약관에의한계약_기타계약_표준약관,표준약관_0514,약관에의한계약_기타계약,표준약관,표준약관,"화물자동차 운수사업법, 상법",47,1822,약관에의한계약_기타계약_표준약관/표준약관_0514.txt
약관에의한계약_기타계약_표준약관,표준약관_0516,약관에의한계약_기타계약,표준약관,표준약관,"도로교통법, 여객자동차 운수사업법, 교통약자의 이동편의 증진법",51,2325,약관에의한계약_기타계약_표준약관/표준약관_0516.txt
약관에의한계약_기타계약_표준약관,표준약관_0509,약관에의한계약_기타계약,표준약관,표준약관,"전자금융거래법, 여신전문금융업법",114,9280,약관에의한계약_기타계약_표준약관/표준약관_0509.txt
약관에의한계약_기타계약_표준약관,표준약관_0510,약관에의한계약_기타계약,표준약관,표준약관,"신탁법, 자본시장과 금융투자업에 관한 법률, 상법",30,1404,약관에의한계약_기타계약_표준약관/표준약관_0510.txt
약관에의한계약_기타계약_표준약관,표준약관_0546,약관에의한계약_기타계약,표준약관,표준약관,"도시철도법, 여객자동차 운수사업법, 철도사업법",137,6769,약관에의한계약_기타계약_표준약관/표준약관_0546.txt
약관에의한계약_기타계약_표준약관,표준약관_0493,약관에의한계약_기타계약,표준약관,표준약관,"자본시장과 금융투자업에 관한 법률, 민사소송법",125,8557,약관에의한계약_기타계약_표준약관/표준약관_0493.txt
약관에의한계약_기타계약_표준약관,표준약관_0515,약관에의한계약_기타계약,표준약관,표준약관,"상가건물 임대차보호법, 상법, 부동산 거래신고 등에 관한 법률",56,3845,약관에의한계약_기타계약_표준약관/표준약관_0515.txt
약관에의한계약_기타계약_표준약관,표준약관_0524,약관에의한계약_기타계약,표준약관,표준약관,"약관의 규제에 관한 법률, 소비자기본법, 개인정보 보호법",108,6103,약관에의한계약_기타계약_표준약관/표준약관_0524.txt
약관에의한계약_기타계약_표준약관,표준약관_0528,약관에의한계약_기타계약,표준약관,표준약관,"여신전문금융업법, 전자금융거래법, 정보통신망 이용촉진 및 정보보호 등에 관한 법률",86,8153,약관에의한계약_기타계약_표준약관/표준약관_0528.txt
약관에의한계약_기타계약_표준약관,표준약관_0518,약관에의한계약_기타계약,표준약관,표준약관,"약관의 규제에 관한 법률, 민법, 상법",49,3395,약관에의한계약_기타계약_표준약관/표준약관_0518.txt
약관에의한계약_기타계약_표준약관,표준약관_0543,약관에의한계약_기타계약,표준약관,표준약관,"대부업 등의 등록 및 금융이용자 보호에 관한 법률, 상법, 자산유동화에 관한 법률",53,3662,약관에의한계약_기타계약_표준약관/표준약관_0543.txt
약관에의한계약_기타계약_표준약관,표준약관_0533,약관에의한계약_기타계약,표준약관,표준약관,"대부업 등의 등록 및 금융이용자 보호에 관한 법률, 상법, 자산유동화에 관한 법률",49,3818,약관에의한계약_기타계약_표준약관/표준약관_0533.txt
약관에의한계약_기타계약_표준약관,표준약관_0519,약관에의한계약_기타계약,표준약관,표준약관,"여신전문금융업법, 대부업 등의 등록 및 금융이용자 보호에 관한 법률, 민법",63,3819,약관에의한계약_기타계약_표준약관/표준약관_0519.txt
약관에의한계약_기타계약_표준약관,표준약관_0532,약관에의한계약_기타계약,표준약관,표준약관,"모자보건법, 의료법, 소비자기본법",66,3919,약관에의한계약_기타계약_표준약관/표준약관_0532.txt
약관에의한계약_기타계약_표준약관,표준약관_0496,약관에의한계약_기타계약,표준약관,표준약관,"전자상거래 등에서의 소비자보호에 관한 법률, 정보통신망 이용촉진 및 정보보호 등에 관한 법률",94,6387,약관에의한계약_기타계약_표준약관/표준약관_0496.txt
약관에의한계약_기타계약_표준약관,표준약관_0520,약관에의한계약_기타계약,표준약관,표준약관,"보험업법, 상법, 개인정보 보호법",135,7736,약관에의한계약_기타계약_표준약관/표준약관_0520.txt
약관에의한계약_기타계약_표준약관,표준약관_0517,약관에의한계약_기타계약,표준약관,표준약관,"약관의 규제에 관한 법률, 정보통신망 이용촉진 및 정보보호 등에 관한 법률, 개인정보 보호법",120,9886,약관에의한계약_기타계약_표준약관/표준약관_0517.txt
약관에의한계약_기타계약_표준약관,표준약관_0566,약관에의한계약_기타계약,표준약관,표준약관,"자본시장과 금융투자업에 관한 법률, 민사소송법",122,9982,약관에의한계약_기타계약_표준약관/표준약관_0566.txt
약관에의한계약_기타계약_표준약관,표준약관_0525,약관에의한계약_기타계약,표준약관,표준약관,"조세특례제한법, 소득세법, 자본시장과 금융투자업에 관한 법률",67,5144,약관에의한계약_기타계약_표준약관/표준약관_0525.txt
약관에의한계약_기타계약_표준약관,표준약관_0523,약관에의한계약_기타계약,표준약관,표준약관,"위치정보의 보호 및 이용 등에 관한 법률, 전기통신사업법, 정보통신망 이용촉진 및 정보보호 등에 관한 법률",127,8847,약관에의한계약_기타계약_표준약관/표준약관_0523.txt
약관에의한계약_기타계약_표준약관,표준약관_0513,약관에의한계약_기타계약,표준약관,표준약관,"어린이놀이시설 안전관리법, 상법, 보험업법",121,8370,약관에의한계약_기타계약_표준약관/표준약관_0513.txt
약관에의한계약_기타계약_표준약관,표준약관_0571,약관에의한계약_기타계약,표준약관,표준약관,"상법, 민법",48,2439,약관에의한계약_기타계약_표준약관/표준약관_0571.txt
약관에의한계약_기타계약_표준약관,표준약관_0595,약관에의한계약_기타계약,표준약관,표준약관,"할부거래에 관한 법률, 소비자기본법, 전자상거래 등에서의 소비자보호에 관한 법률",56,3407,약관에의한계약_기타계약_표준약관/표준약관_0595.txt
약관에의한계약_기타계약_표준약관,표준약관_0521,약관에의한계약_기타계약,표준약관,표준약관,"전자금융거래법, 전자금융거래법 시행령, 전자문서 및 전자거래 기본법",137,9268,약관에의한계약_기타계약_표준약관/표준약관_0521.txt
약관에의한계약_기타계약_표준약관,표준약관_0539,약관에의한계약_기타계약,표준약관,표준약관,"여신전문금융업법, 전자금융거래법, 신용정보의 이용 및 보호에 관한 법률",84,6806,약관에의한계약_기타계약_표준약관/표준약관_0539.txt
약관에의한계약_기타계약_표준약관,표준약관_0547,약관에의한계약_기타계약,표준약관,표준약관,"전자금융거래법, 여신전문금융업법, 전자서명법",103,7511,약관에의한계약_기타계약_표준약관/표준약관_0547.txt
약관에의한계약_기타계약_표준약관,표준약관_0560,약관에의한계약_기타계약,표준약관,표준약관,자본시장과 금융투자업에 관한 법률,100,7223,약관에의한계약_기타계약_표준약관/표준약관_0560.txt
약관에의한계약_기타계약_표준약관,표준약관_0544,약관에의한계약_기타계약,표준약관,표준약관,"화물자동차 운수사업법, 상법, 화물자동차 운수사업법 시행령",75,3722,약관에의한계약_기타계약_표준약관/표준약관_0544.txt
약관에의한계약_기타계약_표준약관,표준약관_0558,약관에의한계약_기타계약,표준약관,표준약관,"할부거래에 관한 법률, 방문판매 등에 관한 법률, 소비자기본법",72,5067,약관에의한계약_기타계약_표준약관/표준약관_0558.txt
약관에의한계약_기타계약_표준약관,표준약관_0551,약관에의한계약_기타계약,표준약관,표준약관,"전자금융거래법, 자본시장과 금융투자업에 관한 법률, 금융실명거래 및 비밀보장에 관한 법률",104,6594,약관에의한계약_기타계약_표준약관/표준약관_0551.txt
약관에의한계약_기타계약_표준약관,표준약관_0599,약관에의한계약_기타계약,표준약관,표준약관,"가맹사업거래의 공정화에 관한 법률, 상법",32,2269,약관에의한계약_기타계약_표준약관/표준약관_0599.txt
약관에의한계약_기타계약_표준약관,표준약관_0559,약관에의한계약_기타계약,표준약관,표준약관,"전자금융거래법, 여신전문금융업법",67,3220,약관에의한계약_기타계약_표준약관/표준약관_0559.txt
약관에의한계약_기타계약_표준약관,표준약관_0550,약관에의한계약_기타계약,표준약관,표준약관,"여신전문금융업법, 신용정보의 이용 및 보호에 관한 법률, 여신전문금융업법 시행령",118,10211,약관에의한계약_기타계약_표준약관/표준약관_0550.txt
약관에의한계약_기타계약_표준약관,표준약관_0556,약관에의한계약_기타계약,표준약관,표준약관,"화물자동차 운수사업법, 상법, 화물자동차 운수사업법 시행규칙",89,4332,약관에의한계약_기타계약_표준약관/표준약관_0556.txt
약관에의한계약_기타계약_표준약관,표준약관_0573,약관에의한계약_기타계약,표준약관,표준약관,"자본시장과 금융투자업에 관한 법률, 외국환거래법, 금융소비자 보호에 관한 법률",100,7427,약관에의한계약_기타계약_표준약관/표준약관_0573.txt
약관에의한계약_기타계약_표준약관,표준약관_0561,약관에의한계약_기타계약,표준약관,표준약관,"산업안전보건법, 소비자기본법, 전자상거래 등에서의 소비자보호에 관한 법률",51,3033,약관에의한계약_기타계약_표준약관/표준약관_0561.txt
약관에의한계약_기타계약_표준약관,표준약관_0562,약관에의한계약_기타계약,표준약관,표준약관,"은행법, 금융소비자 보호에 관한 법률, 상법",105,10301,약관에의한계약_기타계약_표준약관/표준약관_0562.txt
약관에의한계약_기타계약_표준약관,표준약관_0563,약관에의한계약_기타계약,표준약관,표준약관,"보험업법, 상법",66,3316,약관에의한계약_기타계약_표준약관/표준약관_0563.txt
약관에의한계약_기타계약_표준약관,표준약관_0601,약관에의한계약_기타계약,표준약관,표준약관,"정보통신망 이용촉진 및 정보보호 등에 관한 법률, 전자금융거래법, 전자상거래 등에서의 소비자보호에 관한 법률",101,6387,약관에의한계약_기타계약_표준약관/표준약관_0601.txt
약관에의한계약_기타계약_표준약관,표준약관_0569,약관에의한계약_기타계약,표준약관,표준약관,"가맹사업거래의 공정화에 관한 법률, 상표법, 식품위생법",117,7817,약관에의한계약_기타계약_표준약관/표준약관_0569.txt
약관에의한계약_기타계약_표준약관,표준약관_0577,약관에의한계약_기타계약,표준약관,표준약관,"상법, 민법",49,2545,약관에의한계약_기타계약_표준약관/표준약관_0577.txt
약관에의한계약_기타계약_표준약관,표준약관_0592,약관에의한계약_기타계약,표준약관,표준약관,"대리점거래의 공정화에 관한 법률, 민법, 상법",28,1410,약관에의한계약_기타계약_표준약관/표준약관_0592.txt
약관에의한계약_기타계약_표준약관,표준약관_0597,약관에의한계약_기타계약,표준약관,표준약관,"전자상거래 등에서의 소비자보호에 관한 법률, 약관의 규제에 관한 법률, 정보통신망 이용촉진 및 정보보호 등에 관한 법률",113,9504,약관에의한계약_기타계약_표준약관/표준약관_0597.txt
약관에의한계약_기타계약_표준약관,표준약관_0574,약관에의한계약_기타계약,표준약관,표준약관,"건설산업기본법, 건설기술 진흥법, 건축법",103,6251,약관에의한계약_기타계약_표준약관/표준약관_0574.txt
약관에의한계약_기타계약_표준약관,표준약관_0538,약관에의한계약_기타계약,표준약관,표준약관,"자본시장과 금융투자업에 관한 법률, 전자금융거래법, 정보통신망 이용촉진 및 정보보호 등에 관한 법률",83,6119,약관에의한계약_기타계약_표준약관/표준약관_0538.txt
약관에의한계약_기타계약_표준약관,표준약관_0594,약관에의한계약_기타계약,표준약관,표준약관,대외무역법,35,1934,약관에의한계약_기타계약_표준약관/표준약관_0594.txt
약관에의한계약_기타계약_표준약관,표준약관_0541,약관에의한계약_기타계약,표준약관,표준약관,"여신전문금융업법, 여신전문금융업법 시행령",62,3813,약관에의한계약_기타계약_표준약관/표준약관_0541.txt
약관에의한계약_기타계약_표준약관,표준약관_0590,약관에의한계약_기타계약,표준약관,표준약관,"할부거래에 관한 법률, 소비자기본법, 전자서명법",91,5869,약관에의한계약_기타계약_표준약관/표준약관_0590.txt
약관에의한계약_기타계약_표준약관,표준약관_0603,약관에의한계약_기타계약,표준약관,표준약관,"대리점거래의 공정화에 관한 법률, 상표법, 식품위생법",120,6861,약관에의한계약_기타계약_표준약관/표준약관_0603.txt
약관에의한계약_기타계약_표준약관,표준약관_0605,약관에의한계약_기타계약,표준약관,표준약관,"약관의 규제에 관한 법률, 의료법, 소비자기본법",16,1134,약관에의한계약_기타계약_표준약관/표준약관_0605.txt
약관에의한계약_기타계약_표준약관,표준약관_0604,약관에의한계약_기타계약,표준약관,표준약관,"모자보건법, 소비자기본법",46,2124,약관에의한계약_기타계약_표준약관/표준약관_0604.txt
약관에의한계약_기타계약_표준약관,표준약관_0567,약관에의한계약_기타계약,표준약관,표준약관,"노인복지법, 노인장기요양보험법, 개인정보 보호법",115,5373,약관에의한계약_기타계약_표준약관/표준약관_0567.txt
약관에의한계약_기타계약_표준약관,표준약관_0600,약관에의한계약_기타계약,표준약관,표준약관,"전자상거래 등에서의 소비자보호에 관한 법률, 정보통신망 이용촉진 및 정보보호 등에 관한 법률, 약관의 규제에 관한 법률",184,14472,약관에의한계약_기타계약_표준약관/표준약관_0600.txt
약관에의한계약_기타계약_표준약관,표준약관_0602,약관에의한계약_기타계약,표준약관,표준약관,"약관의 규제에 관한 법률, 정보통신망 이용촉진 및 정보보호 등에 관한 법률, 소비자기본법",136,8080,약관에의한계약_기타계약_표준약관/표준약관_0602.txt
약관에의한계약_기타계약_표준약관,표준약관_0555,약관에의한계약_기타계약,표준약관,표준약관,"대부업 등의 등록 및 금융이용자 보호에 관한 법률, 여신전문금융업법, 민법",52,3650,약관에의한계약_기타계약_표준약관/표준약관_0555.txt
금전소비대차_채권_채무_금전거래,금전대차계약서_0015,금전소비대차_채권_채무,금전거래,금전대차계약서,민법 ,18,1046,금전소비대차_채권_채무_금전거래/금전대차계약서_0015.txt
금전소비대차_채권_채무_금전거래,금전대차계약서_0007,금전소비대차_채권_채무,금전거래,금전대차계약서,"민법, 상법",35,1258,금전소비대차_채권_채무_금전거래/금전대차계약서_0007.txt
금전소비대차_채권_채무_금전거래,금전대차계약서_0010,금전소비대차_채권_채무,금전거래,금전대차계약서,"민법, 이자제한법",15,639,금전소비대차_채권_채무_금전거래/금전대차계약서_0010.txt
금전소비대차_채권_채무_금전거래,금전대차계약서_0018,금전소비대차_채권_채무,금전거래,금전대차계약서,민법 ,13,683,금전소비대차_채권_채무_금전거래/금전대차계약서_0018.txt
금전소비대차_채권_채무_금전거래,금전대차계약서_0032,금전소비대차_채권_채무,금전거래,금전대차계약서,"항공법, 민법 ",56,2708,금전소비대차_채권_채무_금전거래/금전대차계약서_0032.txt
금전소비대차_채권_채무_금전거래,금전대차계약서_0025,금전소비대차_채권_채무,금전거래,금전대차계약서,"민법, 상법",25,1362,금전소비대차_채권_채무_금전거래/금전대차계약서_0025.txt
금전소비대차_채권_채무_금전거래,금전대차계약서_0003,금전소비대차_채권_채무,금전거래,금전대차계약서,민법,10,590,금전소비대차_채권_채무_금전거래/금전대차계약서_0003.txt
금전소비대차_채권_채무_금전거래,금전대차계약서_0011,금전소비대차_채권_채무,금전거래,금전대차계약서,민법,10,593,금전소비대차_채권_채무_금전거래/금전대차계약서_0011.txt
금전소비대차_채권_채무_금전거래,금전대차계약서_0002,금전소비대차_채권_채무,금전거래,금전대차계약서,"민법, 대부업 등의 등록 및 금융이용자 보호에 관한 법률",15,639,금전소비대차_채권_채무_금전거래/금전대차계약서_0002.txt
금전소비대차_채권_채무_금전거래,금전대차계약서_0009,금전소비대차_채권_채무,금전거래,금전대차계약서,"민법, 어음법",22,820,금전소비대차_채권_채무_금전거래/금전대차계약서_0009.txt
금전소비대차_채권_채무_금전거래,금전대차계약서_0055,금전소비대차_채권_채무,금전거래,금전대차계약서,민법,39,1933,금전소비대차_채권_채무_금전거래/금전대차계약서_0055.txt
금전소비대차_채권_채무_금전거래,금전대차계약서_0014,금전소비대차_채권_채무,금전거래,금전대차계약서,민법,19,716,금전소비대차_채권_채무_금전거래/금전대차계약서_0014.txt
금전소비대차_채권_채무_금전거래,금전대차계약서_0059,금전소비대차_채권_채무,금전거래,금전대차계약서,"민법, 상법",25,874,금전소비대차_채권_채무_금전거래/금전대차계약서_0059.txt
금전소비대차_채권_채무_금전거래,금전대차계약서_0012,금전소비대차_채권_채무,금전거래,금전대차계약서,민법 ,33,1370,금전소비대차_채권_채무_금전거래/금전대차계약서_0012.txt
금전소비대차_채권_채무_금전거래,금전대차계약서_0030,금전소비대차_채권_채무,금전거래,금전대차계약서,민법 ,33,1669,금전소비대차_채권_채무_금전거래/금전대차계약서_0030.txt
금전소비대차_채권_채무_금전거래,금전대차계약서_0013,금전소비대차_채권_채무,금전거래,금전대차계약서,"민법, 상법, 채무자 회생 및 파산에 관한 법률",61,3479,금전소비대차_채권_채무_금전거래/금전대차계약서_0013.txt
금전소비대차_채권_채무_금전거래,금전대차계약서_0029,금전소비대차_채권_채무,금전거래,금전대차계약서,민법,31,1027,금전소비대차_채권_채무_금전거래/금전대차계약서_0029.txt
금전소비대차_채권_채무_금전거래,금전대차계약서_0033,금전소비대차_채권_채무,금전거래,금전대차계약서,민법,45,2539,금전소비대차_채권_채무_금전거래/금전대차계약서_0033.txt
금전소비대차_채권_채무_금전거래,금전대차계약서_0035,금전소비대차_채권_채무,금전거래,금전대차계약서,"여신전문금융업법, 민법",61,5622,금전소비대차_채권_채무_금전거래/금전대차계약서_0035.txt
금전소비대차_채권_채무_금전거래,금전대차계약서_0097,금전소비대차_채권_채무,금전거래,금전대차계약서,"민법, 상법, 채무자 회생 및 파산에 관한 법률",41,1945,금전소비대차_채권_채무_금전거래/금전대차계약서_0097.txt
금전소비대차_채권_채무_금전거래,금전대차계약서_0038,금전소비대차_채권_채무,금전거래,금전대차계약서,"민법, 대부업 등의 등록 및 금융이용자 보호에 관한 법률",18,626,금전소비대차_채권_채무_금전거래/금전대차계약서_0038.txt
금전소비대차_채권_채무_금전거래,금전대차계약서_0044,금전소비대차_채권_채무,금전거래,금전대차계약서,민법 ,30,1344,금전소비대차_채권_채무_금전거래/금전대차계약서_0044.txt
금전소비대차_채권_채무_금전거래,금전대차계약서_0028,금전소비대차_채권_채무,금전거래,금전대차계약서,"민법, 상법 ",35,1589,금전소비대차_채권_채무_금전거래/금전대차계약서_0028.txt
금전소비대차_채권_채무_금전거래,금전대차계약서_0054,금전소비대차_채권_채무,금전거래,금전대차계약서,민법 ,23,692,금전소비대차_채권_채무_금전거래/금전대차계약서_0054.txt
금전소비대차_채권_채무_금전거래,금전대차계약서_0001,금전소비대차_채권_채무,금전거래,금전대차계약서,"민법, 대부업 등의 등록 및 금융이용자 보호에 관한 법률, 이자제한법",18,1178,금전소비대차_채권_채무_금전거래/금전대차계약서_0001.txt
금전소비대차_채권_채무_금전거래,금전대차계약서_0034,금전소비대차_채권_채무,금전거래,금전대차계약서,"여신전문금융업법, 민법, 상법",65,5788,금전소비대차_채권_채무_금전거래/금전대차계약서_0034.txt
금전소비대차_채권_채무_금전거래,금전대차계약서_0043,금전소비대차_채권_채무,금전거래,금전대차계약서,민법 ,61,3293,금전소비대차_채권_채무_금전거래/금전대차계약서_0043.txt
금전소비대차_채권_채무_금전거래,금전대차계약서_0036,금전소비대차_채권_채무,금전거래,금전대차계약서,"민법, 대부업 등의 등록 및 금융이용자 보호에 관한 법률",24,1802,금전소비대차_채권_채무_금전거래/금전대차계약서_0036.txt
금전소비대차_채권_채무_금전거래,금전대차계약서_0037,금전소비대차_채권_채무,금전거래,금전대차계약서,"대부업 등의 등록 및 금융이용자 보호에 관한 법률, 민법 ",31,1109,금전소비대차_채권_채무_금전거래/금전대차계약서_0037.txt
금전소비대차_채권_채무_금전거래,금전대차계약서_0047,금전소비대차_채권_채무,금전거래,금전대차계약서,"민법, 상법",46,2370,금전소비대차_채권_채무_금전거래/금전대차계약서_0047.txt
금전소비대차_채권_채무_금전거래,금전대차계약서_0041,금전소비대차_채권_채무,금전거래,금전대차계약서,민법 ,26,787,금전소비대차_채권_채무_금전거래/금전대차계약서_0041.txt
금전소비대차_채권_채무_금전거래,금전대차계약서_0031,금전소비대차_채권_채무,금전거래,금전대차계약서,민법 ,39,2201,금전소비대차_채권_채무_금전거래/금전대차계약서_0031.txt
금전소비대차_채권_채무_금전거래,금전대차계약서_0023,금전소비대차_채권_채무,금전거래,금전대차계약서,민법 ,35,1660,금전소비대차_채권_채무_금전거래/금전대차계약서_0023.txt
금전소비대차_채권_채무_금전거래,금전대차계약서_0194,금전소비대차_채권_채무,금전거래,금전대차계약서,"민법, 상법",25,1478,금전소비대차_채권_채무_금전거래/금전대차계약서_0194.txt
금전소비대차_채권_채무_금전거래,금전대차계약서_0027,금전소비대차_채권_채무,금전거래,금전대차계약서,"민법, 상법 ",46,2500,금전소비대차_채권_채무_금전거래/금전대차계약서_0027.txt
금전소비대차_채권_채무_금전거래,금전대차계약서_0052,금전소비대차_채권_채무,금전거래,금전대차계약서,"민법, 대부업 등의 등록 및 금융이용자 보호에 관한 법률",15,630,금전소비대차_채권_채무_금전거래/금전대차계약서_0052.txt
금전소비대차_채권_채무_금전거래,금전대차계약서_0082,금전소비대차_채권_채무,금전거래,금전대차계약서,"민법, 상법",39,1827,금전소비대차_채권_채무_금전거래/금전대차계약서_0082.txt
금전소비대차_채권_채무_금전거래,금전대차계약서_0024,금전소비대차_채권_채무,금전거래,금전대차계약서,민법 ,19,1013,금전소비대차_채권_채무_금전거래/금전대차계약서_0024.txt
금전소비대차_채권_채무_금전거래,금전대차계약서_0006,금전소비대차_채권_채무,금전거래,금전대차계약서,민법,36,1332,금전소비대차_채권_채무_금전거래/금전대차계약서_0006.txt
금전소비대차_채권_채무_금전거래,금전대차계약서_0040,금전소비대차_채권_채무,금전거래,금전대차계약서,민법 ,24,1016,금전소비대차_채권_채무_금전거래/금전대차계약서_0040.txt
금전소비대차_채권_채무_금전거래,금전대차계약서_0042,금전소비대차_채권_채무,금전거래,금전대차계약서,"민법, 약관의 규제에 관한 법률",44,2476,금전소비대차_채권_채무_금전거래/금전대차계약서_0042.txt
금전소비대차_채권_채무_금전거래,금전대차계약서_0046,금전소비대차_채권_채무,금전거래,금전대차계약서,"민법, 공증인법",59,3392,금전소비대차_채권_채무_금전거래/금전대차계약서_0046.txt
금전소비대차_채권_채무_금전거래,금전대차계약서_0058,금전소비대차_채권_채무,금전거래,금전대차계약서,"민법, 부동산 거래신고 등에 관한 법률",40,1669,금전소비대차_채권_채무_금전거래/금전대차계약서_0058.txt
금전소비대차_채권_채무_금전거래,금전대차계약서_0053,금전소비대차_채권_채무,금전거래,금전대차계약서,"대부업 등의 등록 및 금융이용자 보호에 관한 법률, 민법 ",47,2830,금전소비대차_채권_채무_금전거래/금전대차계약서_0053.txt
금전소비대차_채권_채무_금전거래,금전대차계약서_0056,금전소비대차_채권_채무,금전거래,금전대차계약서,"민법, 동산채권 등의 담보에 관한 법률",22,715,금전소비대차_채권_채무_금전거래/금전대차계약서_0056.txt
금전소비대차_채권_채무_금전거래,금전대차계약서_0065,금전소비대차_채권_채무,금전거래,금전대차계약서,"민법, 주택법",38,1771,금전소비대차_채권_채무_금전거래/금전대차계약서_0065.txt
금전소비대차_채권_채무_금전거래,금전대차계약서_0085,금전소비대차_채권_채무,금전거래,금전대차계약서,"민법, 상법, 공증인법",22,1160,금전소비대차_채권_채무_금전거래/금전대차계약서_0085.txt
금전소비대차_채권_채무_금전거래,금전대차계약서_0099,금전소비대차_채권_채무,금전거래,금전대차계약서,"민법, 상법, 채무자 회생 및 파산에 관한 법률",33,1147,금전소비대차_채권_채무_금전거래/금전대차계약서_0099.txt
금전소비대차_채권_채무_금전거래,금전대차계약서_0068,금전소비대차_채권_채무,금전거래,금전대차계약서,"민법, 상법, 대부업 등의 등록 및 금융이용자 보호에 관한 법률",29,1234,금전소비대차_채권_채무_금전거래/금전대차계약서_0068.txt
금전소비대차_채권_채무_금전거래,금전대차계약서_0019,금전소비대차_채권_채무,금전거래,금전대차계약서,민법 ,29,1531,금전소비대차_채권_채무_금전거래/금전대차계약서_0019.txt
금전소비대차_채권_채무_금전거래,금전대차계약서_0063,금전소비대차_채권_채무,금전거래,금전대차계약서,민법,36,1273,금전소비대차_채권_채무_금전거래/금전대차계약서_0063.txt
금전소비대차_채권_채무_금전거래,금전대차계약서_0094,금전소비대차_채권_채무,금전거래,금전대차계약서,"민법, 상법, 대부업 등의 등록 및 금융이용자 보호에 관한 법률",30,1370,금전소비대차_채권_채무_금전거래/금전대차계약서_0094.txt
금전소비대차_채권_채무_금전거래,금전대차계약서_0064,금전소비대차_채권_채무,금전거래,금전대차계약서,민법 ,45,1958,금전소비대차_채권_채무_금전거래/금전대차계약서_0064.txt
금전소비대차_채권_채무_금전거래,금전대차계약서_0062,금전소비대차_채권_채무,금전거래,금전대차계약서,민법,47,2726,금전소비대차_채권_채무_금전거래/금전대차계약서_0062.txt
금전소비대차_채권_채무_금전거래,금전대차계약서_0066,금전소비대차_채권_채무,금전거래,금전대차계약서,"민법, 상법, 대부업 등의 등록 및 금융이용자 보호에 관한 법률",43,2583,금전소비대차_채권_채무_금전거래/금전대차계약서_0066.txt
금전소비대차_채권_채무_금전거래,금전대차계약서_0075,금전소비대차_채권_채무,금전거래,금전대차계약서,"민법, 상법, 대부업 등의 등록 및 금융이용자 보호에 관한 법률",29,868,금전소비대차_채권_채무_금전거래/금전대차계약서_0075.txt
금전소비대차_채권_채무_금전거래,금전대차계약서_0067,금전소비대차_채권_채무,금전거래,금전대차계약서,"민법, 상법, 대부업 등의 등록 및 금융이용자 보호에 관한 법률",26,1014,금전소비대차_채권_채무_금전거래/금전대차계약서_0067.txt
금전소비대차_채권_채무_금전거래,금전대차계약서_0069,금전소비대차_채권_채무,금전거래,금전대차계약서,"민법, 상법, 채무자 회생 및 파산에 관한 법률",30,1362,금전소비대차_채권_채무_금전거래/금전대차계약서_0069.txt
금전소비대차_채권_채무_금전거래,금전대차계약서_0072,금전소비대차_채권_채무,금전거래,금전대차계약서,"상법, 민법, 민사소송법",30,1490,금전소비대차_채권_채무_금전거래/금전대차계약서_0072.txt
금전소비대차_채권_채무_금전거래,금전대차계약서_0061,금전소비대차_채권_채무,금전거래,금전대차계약서,"민법, 예금자보호법",44,3635,금전소비대차_채권_채무_금전거래/금전대차계약서_0061.txt
금전소비대차_채권_채무_금전거래,금전대차계약서_0083,금전소비대차_채권_채무,금전거래,금전대차계약서,"민법, 상법, 채무자 회생 및 파산에 관한 법률",29,1534,금전소비대차_채권_채무_금전거래/금전대차계약서_0083.txt
금전소비대차_채권_채무_금전거래,금전대차계약서_0060,금전소비대차_채권_채무,금전거래,금전대차계약서,"민법, 어음법",20,1006,금전소비대차_채권_채무_금전거래/금전대차계약서_0060.txt
금전소비대차_채권_채무_금전거래,금전대차계약서_0086,금전소비대차_채권_채무,금전거래,금전대차계약서,"상법, 민법, 채무자 회생 및 파산에 관한 법률",30,1540,금전소비대차_채권_채무_금전거래/금전대차계약서_0086.txt
금전소비대차_채권_채무_금전거래,금전대차계약서_0110,금전소비대차_채권_채무,금전거래,금전대차계약서,"민법, 상법, 대부업 등의 등록 및 금융이용자 보호에 관한 법률",56,3169,금전소비대차_채권_채무_금전거래/금전대차계약서_0110.txt
금전소비대차_채권_채무_금전거래,금전대차계약서_0088,금전소비대차_채권_채무,금전거래,금전대차계약서,"민법, 대부업 등의 등록 및 금융이용자 보호에 관한 법률, 채무자 회생 및 파산에 관한 법률",29,1234,금전소비대차_채권_채무_금전거래/금전대차계약서_0088.txt
금전소비대차_채권_채무_금전거래,금전대차계약서_0071,금전소비대차_채권_채무,금전거래,금전대차계약서,"민법, 상법, 채무자 회생 및 파산에 관한 법률",39,1824,금전소비대차_채권_채무_금전거래/금전대차계약서_0071.txt
금전소비대차_채권_채무_금전거래,금전대차계약서_0101,금전소비대차_채권_채무,금전거래,금전대차계약서,"민법, 상법, 민사소송법",37,1614,금전소비대차_채권_채무_금전거래/금전대차계약서_0101.txt
금전소비대차_채권_채무_금전거래,금전대차계약서_0073,금전소비대차_채권_채무,금전거래,금전대차계약서,"민법, 자본시장과 금융투자업에 관한 법률, 상법",28,1428,금전소비대차_채권_채무_금전거래/금전대차계약서_0073.txt
금전소비대차_채권_채무_금전거래,금전대차계약서_0092,금전소비대차_채권_채무,금전거래,금전대차계약서,"민법, 상법, 부동산등기법",49,3310,금전소비대차_채권_채무_금전거래/금전대차계약서_0092.txt
금전소비대차_채권_채무_금전거래,금전대차계약서_0070,금전소비대차_채권_채무,금전거래,금전대차계약서,"민법, 상법",48,3275,금전소비대차_채권_채무_금전거래/금전대차계약서_0070.txt
금전소비대차_채권_채무_금전거래,금전대차계약서_0087,금전소비대차_채권_채무,금전거래,금전대차계약서,"상법, 민법, 민사집행법",46,2486,금전소비대차_채권_채무_금전거래/금전대차계약서_0087.txt
금전소비대차_채권_채무_금전거래,금전대차계약서_0081,금전소비대차_채권_채무,금전거래,금전대차계약서,"민법, 상법, 대부업 등의 등록 및 금융이용자 보호에 관한 법률",39,1838,금전소비대차_채권_채무_금전거래/금전대차계약서_0081.txt
금전소비대차_채권_채무_금전거래,금전대차계약서_0106,금전소비대차_채권_채무,금전거래,금전대차계약서,"민법, 상법, 대부업 등의 등록 및 금융이용자 보호에 관한 법률",48,2638,금전소비대차_채권_채무_금전거래/금전대차계약서_0106.txt
금전소비대차_채권_채무_금전거래,금전대차계약서_0124,금전소비대차_채권_채무,금전거래,금전대차계약서,"민법, 상법, 대부업 등의 등록 및 금융이용자 보호에 관한 법률",35,1210,금전소비대차_채권_채무_금전거래/금전대차계약서_0124.txt
금전소비대차_채권_채무_금전거래,금전대차계약서_0079,금전소비대차_채권_채무,금전거래,금전대차계약서,"민법, 대부업 등의 등록 및 금융이용자 보호에 관한 법률, 채무자 회생 및 파산에 관한 법률",30,1367,금전소비대차_채권_채무_금전거래/금전대차계약서_0079.txt
금전소비대차_채권_채무_금전거래,금전대차계약서_0102,금전소비대차_채권_채무,금전거래,금전대차계약서,"상법, 민법, 민사집행법",45,2106,금전소비대차_채권_채무_금전거래/금전대차계약서_0102.txt
금전소비대차_채권_채무_금전거래,금전대차계약서_0091,금전소비대차_채권_채무,금전거래,금전대차계약서,"민법, 부동산등기법",48,3180,금전소비대차_채권_채무_금전거래/금전대차계약서_0091.txt
금전소비대차_채권_채무_금전거래,금전대차계약서_0114,금전소비대차_채권_채무,금전거래,금전대차계약서,"민법, 상법, 대부업 등의 등록 및 금융이용자 보호에 관한 법률",28,885,금전소비대차_채권_채무_금전거래/금전대차계약서_0114.txt
금전소비대차_채권_채무_금전거래,금전대차계약서_0161,금전소비대차_채권_채무,금전거래,금전대차계약서,"민법, 상법, 민사집행법",42,1962,금전소비대차_채권_채무_금전거래/금전대차계약서_0161.txt
금전소비대차_채권_채무_금전거래,금전대차계약서_0100,금전소비대차_채권_채무,금전거래,금전대차계약서,"상법, 민법, 채무자 회생 및 파산에 관한 법률",32,966,금전소비대차_채권_채무_금전거래/금전대차계약서_0100.txt
금전소비대차_채권_채무_금전거래,금전대차계약서_0130,금전소비대차_채권_채무,금전거래,금전대차계약서,"민법, 상법, 대부업 등의 등록 및 금융이용자 보호에 관한 법률",38,1605,금전소비대차_채권_채무_금전거래/금전대차계약서_0130.txt
금전소비대차_채권_채무_금전거래,금전대차계약서_0111,금전소비대차_채권_채무,금전거래,금전대차계약서,"민법, 상법, 대부업 등의 등록 및 금융이용자 보호에 관한 법률",53,3266,금전소비대차_채권_채무_금전거래/금전대차계약서_0111.txt
금전소비대차_채권_채무_금전거래,금전대차계약서_0123,금전소비대차_채권_채무,금전거래,금전대차계약서,"민법, 상법, 대부업 등의 등록 및 금융이용자 보호에 관한 법률",53,2738,금전소비대차_채권_채무_금전거래/금전대차계약서_0123.txt
금전소비대차_채권_채무_금전거래,금전대차계약서_0151,금전소비대차_채권_채무,금전거래,금전대차계약서,"민법, 상법",32,1418,금전소비대차_채권_채무_금전거래/금전대차계약서_0151.txt
금전소비대차_채권_채무_금전거래,금전대차계약서_0095,금전소비대차_채권_채무,금전거래,금전대차계약서,"민법, 상법, 대부업 등의 등록 및 금융이용자 보호에 관한 법률",36,1776,금전소비대차_채권_채무_금전거래/금전대차계약서_0095.txt
금전소비대차_채권_채무_금전거래,금전대차계약서_0136,금전소비대차_채권_채무,금전거래,금전대차계약서,"민법, 상법",32,1187,금전소비대차_채권_채무_금전거래/금전대차계약서_0136.txt
금전소비대차_채권_채무_금전거래,금전대차계약서_0093,금전소비대차_채권_채무,금전거래,금전대차계약서,"민법, 상법, 채무자 회생 및 파산에 관한 법률",48,3240,금전소비대차_채권_채무_금전거래/금전대차계약서_0093.txt
금전소비대차_채권_채무_금전거래,금전대차계약서_0147,금전소비대차_채권_채무,금전거래,금전대차계약서,"민법, 상법, 채무자 회생 및 파산에 관한 법률",30,1214,금전소비대차_채권_채무_금전거래/금전대차계약서_0147.txt
금전소비대차_채권_채무_금전거래,금전대차계약서_0142,금전소비대차_채권_채무,금전거래,금전대차계약서,"민법, 상법, 부동산등기법",32,1099,금전소비대차_채권_채무_금전거래/금전대차계약서_0142.txt
금전소비대차_채권_채무_금전거래,금전대차계약서_0103,금전소비대차_채권_채무,금전거래,금전대차계약서,"민법, 상법",64,3208,금전소비대차_채권_채무_금전거래/금전대차계약서_0103.txt
금전소비대차_채권_채무_금전거래,금전대차계약서_0118,금전소비대차_채권_채무,금전거래,금전대차계약서,"대부업 등의 등록 및 금융이용자 보호에 관한 법률, 민법, 상법",24,821,금전소비대차_채권_채무_금전거래/금전대차계약서_0118.txt
금전소비대차_채권_채무_금전거래,금전대차계약서_0140,금전소비대차_채권_채무,금전거래,금전대차계약서,"상법, 민법, 대부업 등의 등록 및 금융이용자 보호에 관한 법률",33,1231,금전소비대차_채권_채무_금전거래/금전대차계약서_0140.txt
금전소비대차_채권_채무_금전거래,금전대차계약서_0113,금전소비대차_채권_채무,금전거래,금전대차계약서,"대부업 등의 등록 및 금융이용자 보호에 관한 법률, 금융소비자 보호에 관한 법률, 민법",48,2522,금전소비대차_채권_채무_금전거래/금전대차계약서_0113.txt
금전소비대차_채권_채무_금전거래,금전대차계약서_0134,금전소비대차_채권_채무,금전거래,금전대차계약서,"민법, 상법, 약관의 규제에 관한 법률",30,1169,금전소비대차_채권_채무_금전거래/금전대차계약서_0134.txt
금전소비대차_채권_채무_금전거래,금전대차계약서_0146,금전소비대차_채권_채무,금전거래,금전대차계약서,"민법, 상법, 채무자 회생 및 파산에 관한 법률",27,1097,금전소비대차_채권_채무_금전거래/금전대차계약서_0146.txt
금전소비대차_채권_채무_금전거래,금전대차계약서_0127,금전소비대차_채권_채무,금전거래,금전대차계약서,"민법, 상법, 대부업 등의 등록 및 금융이용자 보호에 관한 법률",48,2546,금전소비대차_채권_채무_금전거래/금전대차계약서_0127.txt
금전소비대차_채권_채무_금전거래,금전대차계약서_0122,금전소비대차_채권_채무,금전거래,금전대차계약서,"상법, 민법, 자동차관리법",45,2530,금전소비대차_채권_채무_금전거래/금전대차계약서_0122.txt
금전소비대차_채권_채무_금전거래,금전대차계약서_0096,금전소비대차_채권_채무,금전거래,금전대차계약서,"민법, 상법, 채무자 회생 및 파산에 관한 법률",55,3265,금전소비대차_채권_채무_금전거래/금전대차계약서_0096.txt
금전소비대차_채권_채무_금전거래,금전대차계약서_0115,금전소비대차_채권_채무,금전거래,금전대차계약서,"민법, 상법, 채무자 회생 및 파산에 관한 법률",25,876,금전소비대차_채권_채무_금전거래/금전대차계약서_0115.txt
금전소비대차_채권_채무_금전거래,금전대차계약서_0116,금전소비대차_채권_채무,금전거래,금전대차계약서,"민법, 상법, 대부업 등의 등록 및 금융이용자 보호에 관한 법률",25,873,금전소비대차_채권_채무_금전거래/금전대차계약서_0116.txt
금전소비대차_채권_채무_금전거래,금전대차계약서_0148,금전소비대차_채권_채무,금전거래,금전대차계약서,"상법, 민법, 여신전문금융업법",47,2836,금전소비대차_채권_채무_금전거래/금전대차계약서_0148.txt
금전소비대차_채권_채무_금전거래,금전대차계약서_0126,금전소비대차_채권_채무,금전거래,금전대차계약서,"민법, 상법, 공증인법",35,1560,금전소비대차_채권_채무_금전거래/금전대차계약서_0126.txt
금전소비대차_채권_채무_금전거래,금전대차계약서_0121,금전소비대차_채권_채무,금전거래,금전대차계약서,"채무자 회생 및 파산에 관한 법률, 민법, 상법",47,2714,금전소비대차_채권_채무_금전거래/금전대차계약서_0121.txt
금전소비대차_채권_채무_금전거래,금전대차계약서_0137,금전소비대차_채권_채무,금전거래,금전대차계약서,"민법, 상법",28,1030,금전소비대차_채권_채무_금전거래/금전대차계약서_0137.txt
금전소비대차_채권_채무_금전거래,금전대차계약서_0145,금전소비대차_채권_채무,금전거래,금전대차계약서,"민법, 채무자 회생 및 파산에 관한 법률, 부동산등기법",34,1279,금전소비대차_채권_채무_금전거래/금전대차계약서_0145.txt
금전소비대차_채권_채무_금전거래,금전대차계약서_0132,금전소비대차_채권_채무,금전거래,금전대차계약서,"민법, 상법, 대부업 등의 등록 및 금융이용자 보호에 관한 법률",25,966,금전소비대차_채권_채무_금전거래/금전대차계약서_0132.txt
금전소비대차_채권_채무_금전거래,금전대차계약서_0138,금전소비대차_채권_채무,금전거래,금전대차계약서,"민법, 상법, 대부업 등의 등록 및 금융이용자 보호에 관한 법률",33,1241,금전소비대차_채권_채무_금전거래/금전대차계약서_0138.txt
금전소비대차_채권_채무_금전거래,금전대차계약서_0131,금전소비대차_채권_채무,금전거래,금전대차계약서,"민법, 상법, 대부업 등의 등록 및 금융이용자 보호에 관한 법률",27,1063,금전소비대차_채권_채무_금전거래/금전대차계약서_0131.txt
금전소비대차_채권_채무_금전거래,금전대차계약서_0128,금전소비대차_채권_채무,금전거래,금전대차계약서,"민법, 상법, 채무자 회생 및 파산에 관한 법률",39,1744,금전소비대차_채권_채무_금전거래/금전대차계약서_0128.txt
금전소비대차_채권_채무_금전거래,금전대차계약서_0098,금전소비대차_채권_채무,금전거래,금전대차계약서,"민법, 상법",32,994,금전소비대차_채권_채무_금전거래/금전대차계약서_0098.txt
금전소비대차_채권_채무_금전거래,금전대차계약서_0120,금전소비대차_채권_채무,금전거래,금전대차계약서,"상법, 자동차관리법",37,2105,금전소비대차_채권_채무_금전거래/금전대차계약서_0120.txt
금전소비대차_채권_채무_금전거래,금전대차계약서_0149,금전소비대차_채권_채무,금전거래,금전대차계약서,"민법, 채무자 회생 및 파산에 관한 법률, 상법",39,1726,금전소비대차_채권_채무_금전거래/금전대차계약서_0149.txt
금전소비대차_채권_채무_금전거래,금전대차계약서_0144,금전소비대차_채권_채무,금전거래,금전대차계약서,"민법, 부동산등기법, 상법",32,1115,금전소비대차_채권_채무_금전거래/금전대차계약서_0144.txt
금전소비대차_채권_채무_금전거래,금전대차계약서_0105,금전소비대차_채권_채무,금전거래,금전대차계약서,"민법, 상법",34,1581,금전소비대차_채권_채무_금전거래/금전대차계약서_0105.txt
금전소비대차_채권_채무_금전거래,금전대차계약서_0171,금전소비대차_채권_채무,금전거래,금전대차계약서,"민법, 상법",22,991,금전소비대차_채권_채무_금전거래/금전대차계약서_0171.txt
금전소비대차_채권_채무_금전거래,금전대차계약서_0143,금전소비대차_채권_채무,금전거래,금전대차계약서,"민법, 이자제한법",37,1222,금전소비대차_채권_채무_금전거래/금전대차계약서_0143.txt
금전소비대차_채권_채무_금전거래,금전대차계약서_0174,금전소비대차_채권_채무,금전거래,금전대차계약서,"민법, 상법, 대부업 등의 등록 및 금융이용자 보호에 관한 법률",39,2027,금전소비대차_채권_채무_금전거래/금전대차계약서_0174.txt
금전소비대차_채권_채무_금전거래,금전대차계약서_0152,금전소비대차_채권_채무,금전거래,금전대차계약서,"민법, 상법, 금융실명거래 및 비밀보장에 관한 법률",60,3197,금전소비대차_채권_채무_금전거래/금전대차계약서_0152.txt
금전소비대차_채권_채무_금전거래,금전대차계약서_0173,금전소비대차_채권_채무,금전거래,금전대차계약서,"민법, 상법",28,1224,금전소비대차_채권_채무_금전거래/금전대차계약서_0173.txt
금전소비대차_채권_채무_금전거래,금전대차계약서_0159,금전소비대차_채권_채무,금전거래,금전대차계약서,"민법, 상법",60,3254,금전소비대차_채권_채무_금전거래/금전대차계약서_0159.txt
금전소비대차_채권_채무_금전거래,금전대차계약서_0165,금전소비대차_채권_채무,금전거래,금전대차계약서,"민법, 상법, 민사집행법",41,2189,금전소비대차_채권_채무_금전거래/금전대차계약서_0165.txt
금전소비대차_채권_채무_금전거래,금전대차계약서_0150,금전소비대차_채권_채무,금전거래,금전대차계약서,"민법, 상법, 주택임대차보호법",49,2581,금전소비대차_채권_채무_금전거래/금전대차계약서_0150.txt
금전소비대차_채권_채무_금전거래,금전대차계약서_0299,금전소비대차_채권_채무,금전거래,금전대차계약서,"상법, 민법, 채무자 회생 및 파산에 관한 법률",38,1536,금전소비대차_채권_채무_금전거래/금전대차계약서_0299.txt
금전소비대차_채권_채무_금전거래,금전대차계약서_0163,금전소비대차_채권_채무,금전거래,금전대차계약서,"민법, 상법, 채무자 회생 및 파산에 관한 법률",42,2158,금전소비대차_채권_채무_금전거래/금전대차계약서_0163.txt
금전소비대차_채권_채무_금전거래,금전대차계약서_0199,금전소비대차_채권_채무,금전거래,금전대차계약서,"민법, 상법, 약관의 규제에 관한 법률",29,1146,금전소비대차_채권_채무_금전거래/금전대차계약서_0199.txt
금전소비대차_채권_채무_금전거래,금전대차계약서_0167,금전소비대차_채권_채무,금전거래,금전대차계약서,"민법, 상법, 채무자 회생 및 파산에 관한 법률",36,1463,금전소비대차_채권_채무_금전거래/금전대차계약서_0167.txt
금전소비대차_채권_채무_금전거래,금전대차계약서_0196,금전소비대차_채권_채무,금전거래,금전대차계약서,"민법, 상법, 대부업 등의 등록 및 금융이용자 보호에 관한 법률",20,1120,금전소비대차_채권_채무_금전거래/금전대차계약서_0196.txt
금전소비대차_채권_채무_금전거래,금전대차계약서_0166,금전소비대차_채권_채무,금전거래,금전대차계약서,"민법, 상법",37,1430,금전소비대차_채권_채무_금전거래/금전대차계약서_0166.txt
금전소비대차_채권_채무_금전거래,금전대차계약서_0172,금전소비대차_채권_채무,금전거래,금전대차계약서,"민법, 상법, 대부업 등의 등록 및 금융이용자 보호에 관한 법률",21,926,금전소비대차_채권_채무_금전거래/금전대차계약서_0172.txt
금전소비대차_채권_채무_금전거래,금전대차계약서_0160,금전소비대차_채권_채무,금전거래,금전대차계약서,"민법, 상법",60,3295,금전소비대차_채권_채무_금전거래/금전대차계약서_0160.txt
금전소비대차_채권_채무_금전거래,금전대차계약서_0153,금전소비대차_채권_채무,금전거래,금전대차계약서,민법,47,2912,금전소비대차_채권_채무_금전거래/금전대차계약서_0153.txt
금전소비대차_채권_채무_금전거래,금전대차계약서_0158,금전소비대차_채권_채무,금전거래,금전대차계약서,"민법, 상법, 대부업 등의 등록 및 금융이용자 보호에 관한 법률",28,807,금전소비대차_채권_채무_금전거래/금전대차계약서_0158.txt
금전소비대차_채권_채무_금전거래,금전대차계약서_0157,금전소비대차_채권_채무,금전거래,금전대차계약서,"대부업 등의 등록 및 금융이용자 보호에 관한 법률, 채무자 회생 및 파산에 관한 법률, 어음법",46,2876,금전소비대차_채권_채무_금전거래/금전대차계약서_0157.txt
금전소비대차_채권_채무_금전거래,금전대차계약서_0156,금전소비대차_채권_채무,금전거래,금전대차계약서,"민법, 대부업 등의 등록 및 금융이용자 보호에 관한 법률, 상법",47,2457,금전소비대차_채권_채무_금전거래/금전대차계약서_0156.txt
금전소비대차_채권_채무_금전거래,금전대차계약서_0185,금전소비대차_채권_채무,금전거래,금전대차계약서,"민법, 상법",37,1753,금전소비대차_채권_채무_금전거래/금전대차계약서_0185.txt
금전소비대차_채권_채무_금전거래,금전대차계약서_0178,금전소비대차_채권_채무,금전거래,금전대차계약서,"민법, 상법, 자본시장과 금융투자업에 관한 법률",43,2400,금전소비대차_채권_채무_금전거래/금전대차계약서_0178.txt
금전소비대차_채권_채무_금전거래,금전대차계약서_0220,금전소비대차_채권_채무,금전거래,금전대차계약서,"민법, 상법, 대부업 등의 등록 및 금융이용자 보호에 관한 법률",39,1872,금전소비대차_채권_채무_금전거래/금전대차계약서_0220.txt
금전소비대차_채권_채무_금전거래,금전대차계약서_0168,금전소비대차_채권_채무,금전거래,금전대차계약서,"민법, 상법, 채무자 회생 및 파산에 관한 법률",47,2408,금전소비대차_채권_채무_금전거래/금전대차계약서_0168.txt
금전소비대차_채권_채무_금전거래,금전대차계약서_0229,금전소비대차_채권_채무,금전거래,금전대차계약서,"상법, 민법",45,3769,금전소비대차_채권_채무_금전거래/금전대차계약서_0229.txt
금전소비대차_채권_채무_금전거래,금전대차계약서_0208,금전소비대차_채권_채무,금전거래,금전대차계약서,"민법, 상법",21,994,금전소비대차_채권_채무_금전거래/금전대차계약서_0208.txt
금전소비대차_채권_채무_금전거래,금전대차계약서_0215,금전소비대차_채권_채무,금전거래,금전대차계약서,"상법, 민법",62,2887,금전소비대차_채권_채무_금전거래/금전대차계약서_0215.txt
금전소비대차_채권_채무_금전거래,금전대차계약서_0183,금전소비대차_채권_채무,금전거래,금전대차계약서,"민법, 상법",37,1739,금전소비대차_채권_채무_금전거래/금전대차계약서_0183.txt
금전소비대차_채권_채무_금전거래,금전대차계약서_0184,금전소비대차_채권_채무,금전거래,금전대차계약서,"민법, 상법, 대부업 등의 등록 및 금융이용자 보호에 관한 법률",35,1556,금전소비대차_채권_채무_금전거래/금전대차계약서_0184.txt
금전소비대차_채권_채무_금전거래,금전대차계약서_0187,금전소비대차_채권_채무,금전거래,금전대차계약서,"대부업 등의 등록 및 금융이용자 보호에 관한 법률, 민법, 상법",34,1237,금전소비대차_채권_채무_금전거래/금전대차계약서_0187.txt
금전소비대차_채권_채무_금전거래,금전대차계약서_0207,금전소비대차_채권_채무,금전거래,금전대차계약서,"민법, 상법, 대부업 등의 등록 및 금융이용자 보호에 관한 법률",32,1481,금전소비대차_채권_채무_금전거래/금전대차계약서_0207.txt
금전소비대차_채권_채무_금전거래,금전대차계약서_0213,금전소비대차_채권_채무,금전거래,금전대차계약서,"상법, 민법",61,2860,금전소비대차_채권_채무_금전거래/금전대차계약서_0213.txt
금전소비대차_채권_채무_금전거래,금전대차계약서_0189,금전소비대차_채권_채무,금전거래,금전대차계약서,"상법, 민법",31,1375,금전소비대차_채권_채무_금전거래/금전대차계약서_0189.txt
금전소비대차_채권_채무_금전거래,금전대차계약서_0182,금전소비대차_채권_채무,금전거래,금전대차계약서,민법,39,1847,금전소비대차_채권_채무_금전거래/금전대차계약서_0182.txt
금전소비대차_채권_채무_금전거래,금전대차계약서_0197,금전소비대차_채권_채무,금전거래,금전대차계약서,"상법, 민법, 자본시장과 금융투자업에 관한 법률",31,1247,금전소비대차_채권_채무_금전거래/금전대차계약서_0197.txt
금전소비대차_채권_채무_금전거래,금전대차계약서_0191,금전소비대차_채권_채무,금전거래,금전대차계약서,"민법, 상법, 대부업 등의 등록 및 금융이용자 보호에 관한 법률",32,1454,금전소비대차_채권_채무_금전거래/금전대차계약서_0191.txt
금전소비대차_채권_채무_금전거래,금전대차계약서_0175,금전소비대차_채권_채무,금전거래,금전대차계약서,"민법, 상법, 대부업 등의 등록 및 금융이용자 보호에 관한 법률",39,1979,금전소비대차_채권_채무_금전거래/금전대차계약서_0175.txt
금전소비대차_채권_채무_금전거래,금전대차계약서_0195,금전소비대차_채권_채무,금전거래,금전대차계약서,"민법, 상법, 채무자 회생 및 파산에 관한 법률",19,1102,금전소비대차_채권_채무_금전거래/금전대차계약서_0195.txt
금전소비대차_채권_채무_금전거래,금전대차계약서_0240,금전소비대차_채권_채무,금전거래,금전대차계약서,"민법, 상법, 자본시장과 금융투자업에 관한 법률",40,1510,금전소비대차_채권_채무_금전거래/금전대차계약서_0240.txt
금전소비대차_채권_채무_금전거래,금전대차계약서_0192,금전소비대차_채권_채무,금전거래,금전대차계약서,"민법, 상법, 대부업 등의 등록 및 금융이용자 보호에 관한 법률",31,1420,금전소비대차_채권_채무_금전거래/금전대차계약서_0192.txt
금전소비대차_채권_채무_금전거래,금전대차계약서_0162,금전소비대차_채권_채무,금전거래,금전대차계약서,"상법, 민법",45,2100,금전소비대차_채권_채무_금전거래/금전대차계약서_0162.txt
금전소비대차_채권_채무_금전거래,금전대차계약서_0203,금전소비대차_채권_채무,금전거래,금전대차계약서,"민법, 상법, 채무자 회생 및 파산에 관한 법률",26,1071,금전소비대차_채권_채무_금전거래/금전대차계약서_0203.txt
금전소비대차_채권_채무_금전거래,금전대차계약서_0180,금전소비대차_채권_채무,금전거래,금전대차계약서,"민법, 대부업 등의 등록 및 금융이용자 보호에 관한 법률, 상법",40,1853,금전소비대차_채권_채무_금전거래/금전대차계약서_0180.txt
금전소비대차_채권_채무_금전거래,금전대차계약서_0190,금전소비대차_채권_채무,금전거래,금전대차계약서,"민법, 상법, 대부업 등의 등록 및 금융이용자 보호에 관한 법률",30,1242,금전소비대차_채권_채무_금전거래/금전대차계약서_0190.txt
금전소비대차_채권_채무_금전거래,금전대차계약서_0226,금전소비대차_채권_채무,금전거래,금전대차계약서,"상법, 민법",50,3709,금전소비대차_채권_채무_금전거래/금전대차계약서_0226.txt
금전소비대차_채권_채무_금전거래,금전대차계약서_0217,금전소비대차_채권_채무,금전거래,금전대차계약서,"민법, 상법",29,1526,금전소비대차_채권_채무_금전거래/금전대차계약서_0217.txt
금전소비대차_채권_채무_금전거래,금전대차계약서_0206,금전소비대차_채권_채무,금전거래,금전대차계약서,"민법, 상법, 채무자 회생 및 파산에 관한 법률",52,2891,금전소비대차_채권_채무_금전거래/금전대차계약서_0206.txt
금전소비대차_채권_채무_금전거래,금전대차계약서_0225,금전소비대차_채권_채무,금전거래,금전대차계약서,"민법, 상법",47,3865,금전소비대차_채권_채무_금전거래/금전대차계약서_0225.txt
금전소비대차_채권_채무_금전거래,금전대차계약서_0218,금전소비대차_채권_채무,금전거래,금전대차계약서,"민법, 상법, 어음법",28,1101,금전소비대차_채권_채무_금전거래/금전대차계약서_0218.txt
금전소비대차_채권_채무_금전거래,금전대차계약서_0212,금전소비대차_채권_채무,금전거래,금전대차계약서,"상법, 항공안전법, 공증인법",66,3077,금전소비대차_채권_채무_금전거래/금전대차계약서_0212.txt
금전소비대차_채권_채무_금전거래,금전대차계약서_0227,금전소비대차_채권_채무,금전거래,금전대차계약서,"민법, 상법, 민사집행법",48,3801,금전소비대차_채권_채무_금전거래/금전대차계약서_0227.txt
금전소비대차_채권_채무_금전거래,금전대차계약서_0256,금전소비대차_채권_채무,금전거래,금전대차계약서,"민법, 상법",48,3943,금전소비대차_채권_채무_금전거래/금전대차계약서_0256.txt
금전소비대차_채권_채무_금전거래,금전대차계약서_0202,금전소비대차_채권_채무,금전거래,금전대차계약서,"민법, 상법",26,1261,금전소비대차_채권_채무_금전거래/금전대차계약서_0202.txt
금전소비대차_채권_채무_금전거래,금전대차계약서_0209,금전소비대차_채권_채무,금전거래,금전대차계약서,"민법, 상법, 대부업 등의 등록 및 금융이용자 보호에 관한 법률",23,1181,금전소비대차_채권_채무_금전거래/금전대차계약서_0209.txt
금전소비대차_채권_채무_금전거래,금전대차계약서_0200,금전소비대차_채권_채무,금전거래,금전대차계약서,"민법, 상법, 공증인법",43,1611,금전소비대차_채권_채무_금전거래/금전대차계약서_0200.txt
금전소비대차_채권_채무_금전거래,금전대차계약서_0204,금전소비대차_채권_채무,금전거래,금전대차계약서,"민법, 상법, 민사소송법",25,1305,금전소비대차_채권_채무_금전거래/금전대차계약서_0204.txt
금전소비대차_채권_채무_금전거래,금전대차계약서_0228,금전소비대차_채권_채무,금전거래,금전대차계약서,"민법, 상법, 금융실명거래 및 비밀보장에 관한 법률",55,3970,금전소비대차_채권_채무_금전거래/금전대차계약서_0228.txt
금전소비대차_채권_채무_금전거래,금전대차계약서_0181,금전소비대차_채권_채무,금전거래,금전대차계약서,"대부업 등의 등록 및 금융이용자 보호에 관한 법률, 상법, 민법",39,1846,금전소비대차_채권_채무_금전거래/금전대차계약서_0181.txt
금전소비대차_채권_채무_금전거래,금전대차계약서_0205,금전소비대차_채권_채무,금전거래,금전대차계약서,"민법, 상법, 대부업 등의 등록 및 금융이용자 보호에 관한 법률",24,920,금전소비대차_채권_채무_금전거래/금전대차계약서_0205.txt
금전소비대차_채권_채무_금전거래,금전대차계약서_0222,금전소비대차_채권_채무,금전거래,금전대차계약서,"민법, 상법, 대부업 등의 등록 및 금융이용자 보호에 관한 법률",24,962,금전소비대차_채권_채무_금전거래/금전대차계약서_0222.txt
금전소비대차_채권_채무_금전거래,금전대차계약서_0219,금전소비대차_채권_채무,금전거래,금전대차계약서,"민법, 상법, 대부업 등의 등록 및 금융이용자 보호에 관한 법률",44,2403,금전소비대차_채권_채무_금전거래/금전대차계약서_0219.txt
금전소비대차_채권_채무_금전거래,금전대차계약서_0239,금전소비대차_채권_채무,금전거래,금전대차계약서,"대부업 등의 등록 및 금융이용자 보호에 관한 법률, 민법",53,3041,금전소비대차_채권_채무_금전거래/금전대차계약서_0239.txt
금전소비대차_채권_채무_금전거래,금전대차계약서_0268,금전소비대차_채권_채무,금전거래,금전대차계약서,"민법, 상법",42,1519,금전소비대차_채권_채무_금전거래/금전대차계약서_0268.txt
금전소비대차_채권_채무_금전거래,금전대차계약서_0232,금전소비대차_채권_채무,금전거래,금전대차계약서,"민법, 상법, 대외무역법",49,2808,금전소비대차_채권_채무_금전거래/금전대차계약서_0232.txt
금전소비대차_채권_채무_금전거래,금전대차계약서_0246,금전소비대차_채권_채무,금전거래,금전대차계약서,"주택법, 민법",40,1846,금전소비대차_채권_채무_금전거래/금전대차계약서_0246.txt
금전소비대차_채권_채무_금전거래,금전대차계약서_0223,금전소비대차_채권_채무,금전거래,금전대차계약서,"민법, 상법, 대부업 등의 등록 및 금융이용자 보호에 관한 법률",20,927,금전소비대차_채권_채무_금전거래/금전대차계약서_0223.txt
금전소비대차_채권_채무_금전거래,금전대차계약서_0198,금전소비대차_채권_채무,금전거래,금전대차계약서,"민법, 상법, 대부업 등의 등록 및 금융이용자 보호에 관한 법률",31,1317,금전소비대차_채권_채무_금전거래/금전대차계약서_0198.txt
금전소비대차_채권_채무_금전거래,금전대차계약서_0303,금전소비대차_채권_채무,금전거래,금전대차계약서,"민법, 상법",26,750,금전소비대차_채권_채무_금전거래/금전대차계약서_0303.txt
금전소비대차_채권_채무_금전거래,금전대차계약서_0230,금전소비대차_채권_채무,금전거래,금전대차계약서,"상법, 민법, 외국환거래법",50,2776,금전소비대차_채권_채무_금전거래/금전대차계약서_0230.txt
금전소비대차_채권_채무_금전거래,금전대차계약서_0224,금전소비대차_채권_채무,금전거래,금전대차계약서,"상법, 자동차관리법, 자동차손해배상 보장법",51,3190,금전소비대차_채권_채무_금전거래/금전대차계약서_0224.txt
금전소비대차_채권_채무_금전거래,금전대차계약서_0247,금전소비대차_채권_채무,금전거래,금전대차계약서,"민법, 채무자 회생 및 파산에 관한 법률, 주택법",42,1931,금전소비대차_채권_채무_금전거래/금전대차계약서_0247.txt
금전소비대차_채권_채무_금전거래,금전대차계약서_0234,금전소비대차_채권_채무,금전거래,금전대차계약서,"상법, 민법, 대외무역법",51,2768,금전소비대차_채권_채무_금전거래/금전대차계약서_0234.txt
금전소비대차_채권_채무_금전거래,금전대차계약서_0231,금전소비대차_채권_채무,금전거래,금전대차계약서,"상법, 대외무역법, 민법",52,2714,금전소비대차_채권_채무_금전거래/금전대차계약서_0231.txt
금전소비대차_채권_채무_금전거래,금전대차계약서_0294,금전소비대차_채권_채무,금전거래,금전대차계약서,"민법, 상법",45,2510,금전소비대차_채권_채무_금전거래/금전대차계약서_0294.txt
금전소비대차_채권_채무_금전거래,금전대차계약서_0236,금전소비대차_채권_채무,금전거래,금전대차계약서,"상법, 자동차관리법, 민법",52,2920,금전소비대차_채권_채무_금전거래/금전대차계약서_0236.txt
금전소비대차_채권_채무_금전거래,금전대차계약서_0233,금전소비대차_채권_채무,금전거래,금전대차계약서,"민법, 상법, 채무자 회생 및 파산에 관한 법률",51,2751,금전소비대차_채권_채무_금전거래/금전대차계약서_0233.txt
금전소비대차_채권_채무_금전거래,금전대차계약서_0242,금전소비대차_채권_채무,금전거래,금전대차계약서,"민법, 상법",39,1358,금전소비대차_채권_채무_금전거래/금전대차계약서_0242.txt
금전소비대차_채권_채무_금전거래,금전대차계약서_0258,금전소비대차_채권_채무,금전거래,금전대차계약서,"상법, 관세법",50,2807,금전소비대차_채권_채무_금전거래/금전대차계약서_0258.txt
금전소비대차_채권_채무_금전거래,금전대차계약서_0252,금전소비대차_채권_채무,금전거래,금전대차계약서,"민법, 자동차관리법",52,3452,금전소비대차_채권_채무_금전거래/금전대차계약서_0252.txt
금전소비대차_채권_채무_금전거래,금전대차계약서_0235,금전소비대차_채권_채무,금전거래,금전대차계약서,"상법, 민법, 여신전문금융업법",51,2622,금전소비대차_채권_채무_금전거래/금전대차계약서_0235.txt
금전소비대차_채권_채무_금전거래,금전대차계약서_0270,금전소비대차_채권_채무,금전거래,금전대차계약서,"민법, 상법",38,1367,금전소비대차_채권_채무_금전거래/금전대차계약서_0270.txt
금전소비대차_채권_채무_금전거래,금전대차계약서_0262,금전소비대차_채권_채무,금전거래,금전대차계약서,"상법, 민법",51,2743,금전소비대차_채권_채무_금전거래/금전대차계약서_0262.txt
금전소비대차_채권_채무_금전거래,금전대차계약서_0250,금전소비대차_채권_채무,금전거래,금전대차계약서,"대부업 등의 등록 및 금융이용자 보호에 관한 법률, 민법, 공증인법",40,1725,금전소비대차_채권_채무_금전거래/금전대차계약서_0250.txt
금전소비대차_채권_채무_금전거래,금전대차계약서_0253,금전소비대차_채권_채무,금전거래,금전대차계약서,"민법, 상법, 채무자 회생 및 파산에 관한 법률",50,3887,금전소비대차_채권_채무_금전거래/금전대차계약서_0253.txt
금전소비대차_채권_채무_금전거래,금전대차계약서_0265,금전소비대차_채권_채무,금전거래,금전대차계약서,"상법, 민법, 여신전문금융업법",52,2432,금전소비대차_채권_채무_금전거래/금전대차계약서_0265.txt
금전소비대차_채권_채무_금전거래,금전대차계약서_0245,금전소비대차_채권_채무,금전거래,금전대차계약서,"주택법, 민법, 공증인법",45,2414,금전소비대차_채권_채무_금전거래/금전대차계약서_0245.txt
금전소비대차_채권_채무_금전거래,금전대차계약서_0261,금전소비대차_채권_채무,금전거래,금전대차계약서,"상법, 민법, 자본시장과 금융투자업에 관한 법률",52,2791,금전소비대차_채권_채무_금전거래/금전대차계약서_0261.txt
금전소비대차_채권_채무_금전거래,금전대차계약서_0285,금전소비대차_채권_채무,금전거래,금전대차계약서,"민법, 상법, 여신전문금융업법",44,2276,금전소비대차_채권_채무_금전거래/금전대차계약서_0285.txt
금전소비대차_채권_채무_금전거래,금전대차계약서_0249,금전소비대차_채권_채무,금전거래,금전대차계약서,"주택법, 민법, 공증인법",39,1833,금전소비대차_채권_채무_금전거래/금전대차계약서_0249.txt
금전소비대차_채권_채무_금전거래,금전대차계약서_0237,금전소비대차_채권_채무,금전거래,금전대차계약서,"대부업 등의 등록 및 금융이용자 보호에 관한 법률, 여신전문금융업법, 채무자 회생 및 파산에 관한 법률",51,2868,금전소비대차_채권_채무_금전거래/금전대차계약서_0237.txt
금전소비대차_채권_채무_금전거래,금전대차계약서_0243,금전소비대차_채권_채무,금전거래,금전대차계약서,"민법, 상법, 채무자 회생 및 파산에 관한 법률",43,1566,금전소비대차_채권_채무_금전거래/금전대차계약서_0243.txt
금전소비대차_채권_채무_금전거래,금전대차계약서_0241,금전소비대차_채권_채무,금전거래,금전대차계약서,"민법, 상법, 대부업 등의 등록 및 금융이용자 보호에 관한 법률",42,1466,금전소비대차_채권_채무_금전거래/금전대차계약서_0241.txt
금전소비대차_채권_채무_금전거래,금전대차계약서_0254,금전소비대차_채권_채무,금전거래,금전대차계약서,"민법, 상법",44,3701,금전소비대차_채권_채무_금전거래/금전대차계약서_0254.txt
금전소비대차_채권_채무_금전거래,금전대차계약서_0269,금전소비대차_채권_채무,금전거래,금전대차계약서,"민법, 상법",41,1510,금전소비대차_채권_채무_금전거래/금전대차계약서_0269.txt
금전소비대차_채권_채무_금전거래,금전대차계약서_0238,금전소비대차_채권_채무,금전거래,금전대차계약서,"상법, 자동차관리법, 민법",50,2921,금전소비대차_채권_채무_금전거래/금전대차계약서_0238.txt
금전소비대차_채권_채무_금전거래,금전대차계약서_0260,금전소비대차_채권_채무,금전거래,금전대차계약서,"상법, 외국환거래법, 민법",50,2798,금전소비대차_채권_채무_금전거래/금전대차계약서_0260.txt
금전소비대차_채권_채무_금전거래,금전대차계약서_0278,금전소비대차_채권_채무,금전거래,금전대차계약서,"상법, 민법, 공증인법",35,1763,금전소비대차_채권_채무_금전거래/금전대차계약서_0278.txt
금전소비대차_채권_채무_금전거래,금전대차계약서_0263,금전소비대차_채권_채무,금전거래,금전대차계약서,"대부업 등의 등록 및 금융이용자 보호에 관한 법률, 자동차관리법, 민법",54,2692,금전소비대차_채권_채무_금전거래/금전대차계약서_0263.txt
금전소비대차_채권_채무_금전거래,금전대차계약서_0266,금전소비대차_채권_채무,금전거래,금전대차계약서,"민법, 상법, 여신전문금융업법",52,2640,금전소비대차_채권_채무_금전거래/금전대차계약서_0266.txt
금전소비대차_채권_채무_금전거래,금전대차계약서_0281,금전소비대차_채권_채무,금전거래,금전대차계약서,"민법, 상법, 채무자 회생 및 파산에 관한 법률",29,1996,금전소비대차_채권_채무_금전거래/금전대차계약서_0281.txt
금전소비대차_채권_채무_금전거래,금전대차계약서_0272,금전소비대차_채권_채무,금전거래,금전대차계약서,"민법, 채무자 회생 및 파산에 관한 법률, 상법",41,1501,금전소비대차_채권_채무_금전거래/금전대차계약서_0272.txt
금전소비대차_채권_채무_금전거래,금전대차계약서_0273,금전소비대차_채권_채무,금전거래,금전대차계약서,"민법, 주택법",43,2380,금전소비대차_채권_채무_금전거래/금전대차계약서_0273.txt
금전소비대차_채권_채무_금전거래,금전대차계약서_0271,금전소비대차_채권_채무,금전거래,금전대차계약서,"민법, 상법, 대부업 등의 등록 및 금융이용자 보호에 관한 법률",42,1581,금전소비대차_채권_채무_금전거래/금전대차계약서_0271.txt
금전소비대차_채권_채무_금전거래,금전대차계약서_0290,금전소비대차_채권_채무,금전거래,금전대차계약서,"민법, 상법",22,690,금전소비대차_채권_채무_금전거래/금전대차계약서_0290.txt
금전소비대차_채권_채무_금전거래,금전대차계약서_0274,금전소비대차_채권_채무,금전거래,금전대차계약서,"민법, 상법, 주택법",40,1849,금전소비대차_채권_채무_금전거래/금전대차계약서_0274.txt
금전소비대차_채권_채무_금전거래,금전대차계약서_0275,금전소비대차_채권_채무,금전거래,금전대차계약서,"주택법, 민법",42,1937,금전소비대차_채권_채무_금전거래/금전대차계약서_0275.txt
금전소비대차_채권_채무_금전거래,금전대차계약서_0277,금전소비대차_채권_채무,금전거래,금전대차계약서,"주택법, 민법, 공증인법",40,1824,금전소비대차_채권_채무_금전거래/금전대차계약서_0277.txt
금전소비대차_채권_채무_금전거래,금전대차계약서_0305,금전소비대차_채권_채무,금전거래,금전대차계약서,"민법, 상법, 약관의 규제에 관한 법률",44,2286,금전소비대차_채권_채무_금전거래/금전대차계약서_0305.txt
금전소비대차_채권_채무_금전거래,금전대차계약서_0283,금전소비대차_채권_채무,금전거래,금전대차계약서,"민법, 상법",50,1828,금전소비대차_채권_채무_금전거래/금전대차계약서_0283.txt
금전소비대차_채권_채무_금전거래,금전대차계약서_0308,금전소비대차_채권_채무,금전거래,금전대차계약서,"민법, 상법, 약관의 규제에 관한 법률",45,2515,금전소비대차_채권_채무_금전거래/금전대차계약서_0308.txt
금전소비대차_채권_채무_금전거래,금전대차계약서_0306,금전소비대차_채권_채무,금전거래,금전대차계약서,"민법, 채무자 회생 및 파산에 관한 법률, 상법",45,1765,금전소비대차_채권_채무_금전거래/금전대차계약서_0306.txt
금전소비대차_채권_채무_금전거래,금전대차계약서_0276,금전소비대차_채권_채무,금전거래,금전대차계약서,"상법, 민법, 주택법",37,1771,금전소비대차_채권_채무_금전거래/금전대차계약서_0276.txt
금전소비대차_채권_채무_금전거래,금전대차계약서_0292,금전소비대차_채권_채무,금전거래,금전대차계약서,"민법, 상법, 대부업 등의 등록 및 금융이용자 보호에 관한 법률",44,2280,금전소비대차_채권_채무_금전거래/금전대차계약서_0292.txt
금전소비대차_채권_채무_금전거래,보증_담보계약서_0014,금전소비대차_채권_채무,금전거래,보증_담보계약서,"민법, 상법, 여신전문금융업법",36,2284,금전소비대차_채권_채무_금전거래/보증_담보계약서_0014.txt
금전소비대차_채권_채무_금전거래,금전대차계약서_0280,금전소비대차_채권_채무,금전거래,금전대차계약서,"민법, 상법, 채무자 회생 및 파산에 관한 법률",30,1539,금전소비대차_채권_채무_금전거래/금전대차계약서_0280.txt
금전소비대차_채권_채무_금전거래,금전대차계약서_0287,금전소비대차_채권_채무,금전거래,금전대차계약서,"민법, 상법",22,690,금전소비대차_채권_채무_금전거래/금전대차계약서_0287.txt
금전소비대차_채권_채무_금전거래,금전대차계약서_0311,금전소비대차_채권_채무,금전거래,금전대차계약서,"민법, 상법, 동산ㆍ채권 등의 담보에 관한 법률",24,784,금전소비대차_채권_채무_금전거래/금전대차계약서_0311.txt
금전소비대차_채권_채무_금전거래,금전대차계약서_0317,금전소비대차_채권_채무,금전거래,금전대차계약서,"민법, 상법, 대부업 등의 등록 및 금융이용자 보호에 관한 법률",44,2510,금전소비대차_채권_채무_금전거래/금전대차계약서_0317.txt
금전소비대차_채권_채무_금전거래,금전대차계약서_0267,금전소비대차_채권_채무,금전거래,금전대차계약서,"민법, 상법, 자동차관리법",55,2648,금전소비대차_채권_채무_금전거래/금전대차계약서_0267.txt
금전소비대차_채권_채무_금전거래,금전대차계약서_0310,금전소비대차_채권_채무,금전거래,금전대차계약서,"민법, 상법",22,686,금전소비대차_채권_채무_금전거래/금전대차계약서_0310.txt
금전소비대차_채권_채무_금전거래,금전대차계약서_0300,금전소비대차_채권_채무,금전거래,금전대차계약서,"민법, 상법, 민사집행법",32,1356,금전소비대차_채권_채무_금전거래/금전대차계약서_0300.txt
금전소비대차_채권_채무_금전거래,금전대차계약서_0330,금전소비대차_채권_채무,금전거래,금전대차계약서,"민법, 상법, 약관의 규제에 관한 법률",44,2283,금전소비대차_채권_채무_금전거래/금전대차계약서_0330.txt
금전소비대차_채권_채무_금전거래,금전대차계약서_0282,금전소비대차_채권_채무,금전거래,금전대차계약서,"상법, 민법, 채무자 회생 및 파산에 관한 법률",59,3278,금전소비대차_채권_채무_금전거래/금전대차계약서_0282.txt
금전소비대차_채권_채무_금전거래,금전대차계약서_0322,금전소비대차_채권_채무,금전거래,금전대차계약서,"민법, 상법, 민사소송법",35,1526,금전소비대차_채권_채무_금전거래/금전대차계약서_0322.txt
금전소비대차_채권_채무_금전거래,금전대차계약서_0298,금전소비대차_채권_채무,금전거래,금전대차계약서,"민법, 상법, 민사집행법",47,2255,금전소비대차_채권_채무_금전거래/금전대차계약서_0298.txt
금전소비대차_채권_채무_금전거래,금전대차계약서_0279,금전소비대차_채권_채무,금전거래,금전대차계약서,"민법, 대부업 등의 등록 및 금융이용자 보호에 관한 법률, 상법",30,1222,금전소비대차_채권_채무_금전거래/금전대차계약서_0279.txt
금전소비대차_채권_채무_금전거래,금전대차계약서_0284,금전소비대차_채권_채무,금전거래,금전대차계약서,"대부업 등의 등록 및 금융이용자 보호에 관한 법률, 상법, 민법",47,2871,금전소비대차_채권_채무_금전거래/금전대차계약서_0284.txt
금전소비대차_채권_채무_금전거래,금전대차계약서_0315,금전소비대차_채권_채무,금전거래,금전대차계약서,"대부업 등의 등록 및 금융이용자 보호에 관한 법률, 상법, 민법",43,2465,금전소비대차_채권_채무_금전거래/금전대차계약서_0315.txt
금전소비대차_채권_채무_금전거래,보증_담보계약서_0020,금전소비대차_채권_채무,금전거래,보증_담보계약서,"민법, 채무자 회생 및 파산에 관한 법률",42,3430,금전소비대차_채권_채무_금전거래/보증_담보계약서_0020.txt
금전소비대차_채권_채무_금전거래,금전대차계약서_0313,금전소비대차_채권_채무,금전거래,금전대차계약서,"민법, 상법",22,693,금전소비대차_채권_채무_금전거래/금전대차계약서_0313.txt
금전소비대차_채권_채무_금전거래,금전대차계약서_0320,금전소비대차_채권_채무,금전거래,금전대차계약서,"민법, 상법, 어음법",44,2502,금전소비대차_채권_채무_금전거래/금전대차계약서_0320.txt
금전소비대차_채권_채무_금전거래,보증_담보계약서_0010,금전소비대차_채권_채무,금전거래,보증_담보계약서,"자동차관리법, 민법, 자동차손해배상 보장법",22,1055,금전소비대차_채권_채무_금전거래/보증_담보계약서_0010.txt
금전소비대차_채권_채무_금전거래,금전대차계약서_0318,금전소비대차_채권_채무,금전거래,금전대차계약서,"민법, 상법, 공증인법",59,3298,금전소비대차_채권_채무_금전거래/금전대차계약서_0318.txt
금전소비대차_채권_채무_금전거래,금전대차계약서_0297,금전소비대차_채권_채무,금전거래,금전대차계약서,"민법, 상법, 대부업 등의 등록 및 금융이용자 보호에 관한 법률",44,2278,금전소비대차_채권_채무_금전거래/금전대차계약서_0297.txt
금전소비대차_채권_채무_금전거래,금전대차계약서_0309,금전소비대차_채권_채무,금전거래,금전대차계약서,"민법, 이자제한법",22,848,금전소비대차_채권_채무_금전거래/금전대차계약서_0309.txt
금전소비대차_채권_채무_금전거래,금전대차계약서_0312,금전소비대차_채권_채무,금전거래,금전대차계약서,"민법, 상법",20,625,금전소비대차_채권_채무_금전거래/금전대차계약서_0312.txt
금전소비대차_채권_채무_금전거래,금전대차계약서_0327,금전소비대차_채권_채무,금전거래,금전대차계약서,"민법, 상법, 어음법",22,828,금전소비대차_채권_채무_금전거래/금전대차계약서_0327.txt
금전소비대차_채권_채무_금전거래,금전대차계약서_0329,금전소비대차_채권_채무,금전거래,금전대차계약서,"민법, 공증인법",46,1761,금전소비대차_채권_채무_금전거래/금전대차계약서_0329.txt
금전소비대차_채권_채무_금전거래,보증_담보계약서_0009,금전소비대차_채권_채무,금전거래,보증_담보계약서,"자동차관리법, 민법, 부동산 실권리자명의 등기에 관한 법률",22,986,금전소비대차_채권_채무_금전거래/보증_담보계약서_0009.txt
금전소비대차_채권_채무_금전거래,보증_담보계약서_0008,금전소비대차_채권_채무,금전거래,보증_담보계약서,민법,37,2181,금전소비대차_채권_채무_금전거래/보증_담보계약서_0008.txt
금전소비대차_채권_채무_금전거래,보증_담보계약서_0017,금전소비대차_채권_채무,금전거래,보증_담보계약서,"민법, 상법, 채무자 회생 및 파산에 관한 법률",10,621,금전소비대차_채권_채무_금전거래/보증_담보계약서_0017.txt
금전소비대차_채권_채무_금전거래,보증_담보계약서_0013,금전소비대차_채권_채무,금전거래,보증_담보계약서,"민법, 상법, 채무자 회생 및 파산에 관한 법률",10,578,금전소비대차_채권_채무_금전거래/보증_담보계약서_0013.txt
금전소비대차_채권_채무_금전거래,보증_담보계약서_0030,금전소비대차_채권_채무,금전거래,보증_담보계약서,민법,64,3038,금전소비대차_채권_채무_금전거래/보증_담보계약서_0030.txt
금전소비대차_채권_채무_금전거래,금전대차계약서_0328,금전소비대차_채권_채무,금전거래,금전대차계약서,"민법, 상법, 대부업 등의 등록 및 금융이용자 보호에 관한 법률",43,2279,금전소비대차_채권_채무_금전거래/금전대차계약서_0328.txt
금전소비대차_채권_채무_금전거래,보증_담보계약서_0024,금전소비대차_채권_채무,금전거래,보증_담보계약서,"부동산등기법, 민법, 상법",6,248,금전소비대차_채권_채무_금전거래/보증_담보계약서_0024.txt
금전소비대차_채권_채무_금전거래,보증_담보계약서_0015,금전소비대차_채권_채무,금전거래,보증_담보계약서,"민법, 상법",42,3097,금전소비대차_채권_채무_금전거래/보증_담보계약서_0015.txt
금전소비대차_채권_채무_금전거래,보증_담보계약서_0016,금전소비대차_채권_채무,금전거래,보증_담보계약서,"민법, 상법, 신용정보의 이용 및 보호에 관한 법률",25,1743,금전소비대차_채권_채무_금전거래/보증_담보계약서_0016.txt
금전소비대차_채권_채무_금전거래,보증_담보계약서_0011,금전소비대차_채권_채무,금전거래,보증_담보계약서,"민법, 상법, 채권의 공정한 추심에 관한 법률",48,4012,금전소비대차_채권_채무_금전거래/보증_담보계약서_0011.txt
금전소비대차_채권_채무_금전거래,금전대차계약서_0325,금전소비대차_채권_채무,금전거래,금전대차계약서,"민법, 상법, 약관의 규제에 관한 법률",43,2281,금전소비대차_채권_채무_금전거래/금전대차계약서_0325.txt
금전소비대차_채권_채무_금전거래,보증_담보계약서_0021,금전소비대차_채권_채무,금전거래,보증_담보계약서,"민법, 상법, 신용정보의 이용 및 보호에 관한 법률",12,529,금전소비대차_채권_채무_금전거래/보증_담보계약서_0021.txt
금전소비대차_채권_채무_금전거래,보증_담보계약서_0023,금전소비대차_채권_채무,금전거래,보증_담보계약서,가등기담보 등에 관한 법률,22,926,금전소비대차_채권_채무_금전거래/보증_담보계약서_0023.txt
금전소비대차_채권_채무_금전거래,보증_담보계약서_0033,금전소비대차_채권_채무,금전거래,보증_담보계약서,"민법, 상법, 부동산등기법",38,1702,금전소비대차_채권_채무_금전거래/보증_담보계약서_0033.txt
금전소비대차_채권_채무_금전거래,보증_담보계약서_0006,금전소비대차_채권_채무,금전거래,보증_담보계약서,"민법, 상법",12,493,금전소비대차_채권_채무_금전거래/보증_담보계약서_0006.txt
금전소비대차_채권_채무_금전거래,보증_담보계약서_0032,금전소비대차_채권_채무,금전거래,보증_담보계약서,"민법, 상법",19,686,금전소비대차_채권_채무_금전거래/보증_담보계약서_0032.txt
금전소비대차_채권_채무_금전거래,보증_담보계약서_0061,금전소비대차_채권_채무,금전거래,보증_담보계약서,민법,49,2505,금전소비대차_채권_채무_금전거래/보증_담보계약서_0061.txt
금전소비대차_채권_채무_금전거래,보증_담보계약서_0058,금전소비대차_채권_채무,금전거래,보증_담보계약서,"민법, 주택임대차보호법",16,448,금전소비대차_채권_채무_금전거래/보증_담보계약서_0058.txt
금전소비대차_채권_채무_금전거래,금전대차계약서_0302,금전소비대차_채권_채무,금전거래,금전대차계약서,"대부업 등의 등록 및 금융이용자 보호에 관한 법률, 상법, 민법",45,2494,금전소비대차_채권_채무_금전거래/금전대차계약서_0302.txt
금전소비대차_채권_채무_금전거래,보증_담보계약서_0034,금전소비대차_채권_채무,금전거래,보증_담보계약서,"중소기업기본법, 보증인보호를위한특별법",154,10029,금전소비대차_채권_채무_금전거래/보증_담보계약서_0034.txt
금전소비대차_채권_채무_금전거래,보증_담보계약서_0035,금전소비대차_채권_채무,금전거래,보증_담보계약서,"민법, 산림자원의 조성 및 관리에 관한 법률",42,1617,금전소비대차_채권_채무_금전거래/보증_담보계약서_0035.txt
금전소비대차_채권_채무_금전거래,보증_담보계약서_0067,금전소비대차_채권_채무,금전거래,보증_담보계약서,"민법, 상법",18,1140,금전소비대차_채권_채무_금전거래/보증_담보계약서_0067.txt
금전소비대차_채권_채무_금전거래,보증_담보계약서_0036,금전소비대차_채권_채무,금전거래,보증_담보계약서,"특허법, 실용신안법",46,2380,금전소비대차_채권_채무_금전거래/보증_담보계약서_0036.txt
금전소비대차_채권_채무_금전거래,보증_담보계약서_0084,금전소비대차_채권_채무,금전거래,보증_담보계약서,"민법, 채무자 회생 및 파산에 관한 법률, 민사집행법",48,2179,금전소비대차_채권_채무_금전거래/보증_담보계약서_0084.txt
금전소비대차_채권_채무_금전거래,보증_담보계약서_0031,금전소비대차_채권_채무,금전거래,보증_담보계약서,"부동산등기법, 민법, 상법",15,294,금전소비대차_채권_채무_금전거래/보증_담보계약서_0031.txt
금전소비대차_채권_채무_금전거래,보증_담보계약서_0041,금전소비대차_채권_채무,금전거래,보증_담보계약서,"주택임대차보호법, 부동산등기법, 민법",16,449,금전소비대차_채권_채무_금전거래/보증_담보계약서_0041.txt
금전소비대차_채권_채무_금전거래,보증_담보계약서_0104,금전소비대차_채권_채무,금전거래,보증_담보계약서,"상법, 민법",50,3159,금전소비대차_채권_채무_금전거래/보증_담보계약서_0104.txt
금전소비대차_채권_채무_금전거래,보증_담보계약서_0090,금전소비대차_채권_채무,금전거래,보증_담보계약서,"자본시장과 금융투자업에 관한 법률, 신용보증기금법, 채무자 회생 및 파산에 관한 법률",103,4817,금전소비대차_채권_채무_금전거래/보증_담보계약서_0090.txt
금전소비대차_채권_채무_금전거래,보증_담보계약서_0042,금전소비대차_채권_채무,금전거래,보증_담보계약서,"민법, 전기통신사업법",32,1123,금전소비대차_채권_채무_금전거래/보증_담보계약서_0042.txt
금전소비대차_채권_채무_금전거래,보증_담보계약서_0050,금전소비대차_채권_채무,금전거래,보증_담보계약서,"민법, 부동산등기법",31,1153,금전소비대차_채권_채무_금전거래/보증_담보계약서_0050.txt
금전소비대차_채권_채무_금전거래,보증_담보계약서_0056,금전소비대차_채권_채무,금전거래,보증_담보계약서,"민법, 부동산등기법",22,843,금전소비대차_채권_채무_금전거래/보증_담보계약서_0056.txt
금전소비대차_채권_채무_금전거래,보증_담보계약서_0045,금전소비대차_채권_채무,금전거래,보증_담보계약서,민법,47,2375,금전소비대차_채권_채무_금전거래/보증_담보계약서_0045.txt
금전소비대차_채권_채무_금전거래,보증_담보계약서_0029,금전소비대차_채권_채무,금전거래,보증_담보계약서,"상법, 민법",48,2525,금전소비대차_채권_채무_금전거래/보증_담보계약서_0029.txt
금전소비대차_채권_채무_금전거래,보증_담보계약서_0068,금전소비대차_채권_채무,금전거래,보증_담보계약서,"민법, 상법",18,1140,금전소비대차_채권_채무_금전거래/보증_담보계약서_0068.txt
금전소비대차_채권_채무_금전거래,보증_담보계약서_0028,금전소비대차_채권_채무,금전거래,보증_담보계약서,"민법, 상법",46,3376,금전소비대차_채권_채무_금전거래/보증_담보계약서_0028.txt
금전소비대차_채권_채무_금전거래,보증_담보계약서_0040,금전소비대차_채권_채무,금전거래,보증_담보계약서,"민법, 부동산등기법",44,2340,금전소비대차_채권_채무_금전거래/보증_담보계약서_0040.txt
금전소비대차_채권_채무_금전거래,보증_담보계약서_0044,금전소비대차_채권_채무,금전거래,보증_담보계약서,"상법, 민법, 채무자 회생 및 파산에 관한 법률",9,548,금전소비대차_채권_채무_금전거래/보증_담보계약서_0044.txt
금전소비대차_채권_채무_금전거래,보증_담보계약서_0027,금전소비대차_채권_채무,금전거래,보증_담보계약서,"상법, 민법, 채무자 회생 및 파산에 관한 법률",58,2828,금전소비대차_채권_채무_금전거래/보증_담보계약서_0027.txt
금전소비대차_채권_채무_금전거래,보증_담보계약서_0026,금전소비대차_채권_채무,금전거래,보증_담보계약서,"민법, 상법",50,3101,금전소비대차_채권_채무_금전거래/보증_담보계약서_0026.txt
금전소비대차_채권_채무_금전거래,보증_담보계약서_0049,금전소비대차_채권_채무,금전거래,보증_담보계약서,"민법, 부동산등기법, 대부업 등의 등록 및 금융이용자 보호에 관한 법률",24,923,금전소비대차_채권_채무_금전거래/보증_담보계약서_0049.txt
금전소비대차_채권_채무_금전거래,보증_담보계약서_0051,금전소비대차_채권_채무,금전거래,보증_담보계약서,"민법, 상법, 항공안전법",36,1845,금전소비대차_채권_채무_금전거래/보증_담보계약서_0051.txt
금전소비대차_채권_채무_금전거래,보증_담보계약서_0039,금전소비대차_채권_채무,금전거래,보증_담보계약서,"상법, 금융위원회의 설치 등에 관한 법률",37,1516,금전소비대차_채권_채무_금전거래/보증_담보계약서_0039.txt
금전소비대차_채권_채무_금전거래,보증_담보계약서_0073,금전소비대차_채권_채무,금전거래,보증_담보계약서,"민법, 상법, 채무자 회생 및 파산에 관한 법률",18,963,금전소비대차_채권_채무_금전거래/보증_담보계약서_0073.txt
금전소비대차_채권_채무_금전거래,보증_담보계약서_0116,금전소비대차_채권_채무,금전거래,보증_담보계약서,"민법, 상법, 부동산등기법",47,2470,금전소비대차_채권_채무_금전거래/보증_담보계약서_0116.txt
금전소비대차_채권_채무_금전거래,보증_담보계약서_0103,금전소비대차_채권_채무,금전거래,보증_담보계약서,"민법, 상법",50,3063,금전소비대차_채권_채무_금전거래/보증_담보계약서_0103.txt
금전소비대차_채권_채무_금전거래,보증_담보계약서_0038,금전소비대차_채권_채무,금전거래,보증_담보계약서,"민법, 상법",50,3410,금전소비대차_채권_채무_금전거래/보증_담보계약서_0038.txt
금전소비대차_채권_채무_금전거래,보증_담보계약서_0075,금전소비대차_채권_채무,금전거래,보증_담보계약서,"민법, 상법, 채권의 공정한 추심에 관한 법률",19,1030,금전소비대차_채권_채무_금전거래/보증_담보계약서_0075.txt
금전소비대차_채권_채무_금전거래,보증_담보계약서_0057,금전소비대차_채권_채무,금전거래,보증_담보계약서,"주택임대차보호법, 부동산등기법, 민법",16,444,금전소비대차_채권_채무_금전거래/보증_담보계약서_0057.txt
금전소비대차_채권_채무_금전거래,보증_담보계약서_0072,금전소비대차_채권_채무,금전거래,보증_담보계약서,"민법, 상법, 채권의 공정한 추심에 관한 법률",26,1129,금전소비대차_채권_채무_금전거래/보증_담보계약서_0072.txt
금전소비대차_채권_채무_금전거래,보증_담보계약서_0059,금전소비대차_채권_채무,금전거래,보증_담보계약서,"주택임대차보호법, 민법, 부동산등기법",18,507,금전소비대차_채권_채무_금전거래/보증_담보계약서_0059.txt
금전소비대차_채권_채무_금전거래,보증_담보계약서_0062,금전소비대차_채권_채무,금전거래,보증_담보계약서,"민법, 상법",48,2476,금전소비대차_채권_채무_금전거래/보증_담보계약서_0062.txt
금전소비대차_채권_채무_금전거래,보증_담보계약서_0071,금전소비대차_채권_채무,금전거래,보증_담보계약서,"민법, 상법",26,1154,금전소비대차_채권_채무_금전거래/보증_담보계약서_0071.txt
금전소비대차_채권_채무_금전거래,보증_담보계약서_0060,금전소비대차_채권_채무,금전거래,보증_담보계약서,"민법, 주택임대차보호법, 부동산등기법",16,449,금전소비대차_채권_채무_금전거래/보증_담보계약서_0060.txt
금전소비대차_채권_채무_금전거래,보증_담보계약서_0077,금전소비대차_채권_채무,금전거래,보증_담보계약서,"민법, 상법, 채무자 회생 및 파산에 관한 법률",23,1051,금전소비대차_채권_채무_금전거래/보증_담보계약서_0077.txt
금전소비대차_채권_채무_금전거래,보증_담보계약서_0081,금전소비대차_채권_채무,금전거래,보증_담보계약서,"민법, 상법, 채권의 공정한 추심에 관한 법률",17,976,금전소비대차_채권_채무_금전거래/보증_담보계약서_0081.txt
금전소비대차_채권_채무_금전거래,보증_담보계약서_0054,금전소비대차_채권_채무,금전거래,보증_담보계약서,"민법, 상법",42,2285,금전소비대차_채권_채무_금전거래/보증_담보계약서_0054.txt
금전소비대차_채권_채무_금전거래,보증_담보계약서_0091,금전소비대차_채권_채무,금전거래,보증_담보계약서,"자본시장과 금융투자업에 관한 법률, 신용보증기금법, 담보부사채신탁법",109,4823,금전소비대차_채권_채무_금전거래/보증_담보계약서_0091.txt
금전소비대차_채권_채무_금전거래,보증_담보계약서_0065,금전소비대차_채권_채무,금전거래,보증_담보계약서,"민법, 상법",47,2437,금전소비대차_채권_채무_금전거래/보증_담보계약서_0065.txt
금전소비대차_채권_채무_금전거래,보증_담보계약서_0052,금전소비대차_채권_채무,금전거래,보증_담보계약서,"민법, 신용보증기금법",39,1629,금전소비대차_채권_채무_금전거래/보증_담보계약서_0052.txt
금전소비대차_채권_채무_금전거래,보증_담보계약서_0112,금전소비대차_채권_채무,금전거래,보증_담보계약서,"채권의 공정한 추심에 관한 법률, 민법",88,5010,금전소비대차_채권_채무_금전거래/보증_담보계약서_0112.txt
금전소비대차_채권_채무_금전거래,보증_담보계약서_0087,금전소비대차_채권_채무,금전거래,보증_담보계약서,"민법, 상법, 채무자 회생 및 파산에 관한 법률",46,2204,금전소비대차_채권_채무_금전거래/보증_담보계약서_0087.txt
금전소비대차_채권_채무_금전거래,보증_담보계약서_0083,금전소비대차_채권_채무,금전거래,보증_담보계약서,"민법, 상법, 부동산 실권리자명의 등기에 관한 법률",44,1950,금전소비대차_채권_채무_금전거래/보증_담보계약서_0083.txt
금전소비대차_채권_채무_금전거래,보증_담보계약서_0089,금전소비대차_채권_채무,금전거래,보증_담보계약서,"자본시장과 금융투자업에 관한 법률, 신용보증기금법, 어음법",102,4793,금전소비대차_채권_채무_금전거래/보증_담보계약서_0089.txt
금전소비대차_채권_채무_금전거래,보증_담보계약서_0096,금전소비대차_채권_채무,금전거래,보증_담보계약서,"민법, 부동산등기법, 상법",22,931,금전소비대차_채권_채무_금전거래/보증_담보계약서_0096.txt
금전소비대차_채권_채무_금전거래,보증_담보계약서_0055,금전소비대차_채권_채무,금전거래,보증_담보계약서,"민법, 상법, 부동산등기법",44,2277,금전소비대차_채권_채무_금전거래/보증_담보계약서_0055.txt
금전소비대차_채권_채무_금전거래,보증_담보계약서_0100,금전소비대차_채권_채무,금전거래,보증_담보계약서,"민법, 상법",35,1880,금전소비대차_채권_채무_금전거래/보증_담보계약서_0100.txt
금전소비대차_채권_채무_금전거래,보증_담보계약서_0105,금전소비대차_채권_채무,금전거래,보증_담보계약서,"민법, 상법",52,3394,금전소비대차_채권_채무_금전거래/보증_담보계약서_0105.txt
금전소비대차_채권_채무_금전거래,보증_담보계약서_0132,금전소비대차_채권_채무,금전거래,보증_담보계약서,"민법, 부동산등기법, 상법",31,1090,금전소비대차_채권_채무_금전거래/보증_담보계약서_0132.txt
금전소비대차_채권_채무_금전거래,보증_담보계약서_0079,금전소비대차_채권_채무,금전거래,보증_담보계약서,"민법, 채무자 회생 및 파산에 관한 법률, 상법",30,1177,금전소비대차_채권_채무_금전거래/보증_담보계약서_0079.txt
금전소비대차_채권_채무_금전거래,보증_담보계약서_0094,금전소비대차_채권_채무,금전거래,보증_담보계약서,"가등기담보 등에 관한 법률, 민법, 부동산등기법",13,930,금전소비대차_채권_채무_금전거래/보증_담보계약서_0094.txt
금전소비대차_채권_채무_금전거래,보증_담보계약서_0095,금전소비대차_채권_채무,금전거래,보증_담보계약서,"민법, 가등기담보 등에 관한 법률",22,929,금전소비대차_채권_채무_금전거래/보증_담보계약서_0095.txt
금전소비대차_채권_채무_금전거래,보증_담보계약서_0128,금전소비대차_채권_채무,금전거래,보증_담보계약서,"민법, 부동산 거래신고 등에 관한 법률",27,1123,금전소비대차_채권_채무_금전거래/보증_담보계약서_0128.txt
금전소비대차_채권_채무_금전거래,보증_담보계약서_0106,금전소비대차_채권_채무,금전거래,보증_담보계약서,"민법, 상법",48,3209,금전소비대차_채권_채무_금전거래/보증_담보계약서_0106.txt
금전소비대차_채권_채무_금전거래,보증_담보계약서_0097,금전소비대차_채권_채무,금전거래,보증_담보계약서,"민법, 상법, 민사집행법",33,1777,금전소비대차_채권_채무_금전거래/보증_담보계약서_0097.txt
금전소비대차_채권_채무_금전거래,보증_담보계약서_0129,금전소비대차_채권_채무,금전거래,보증_담보계약서,"민법, 부동산등기법, 상법",24,927,금전소비대차_채권_채무_금전거래/보증_담보계약서_0129.txt
금전소비대차_채권_채무_금전거래,보증_담보계약서_0093,금전소비대차_채권_채무,금전거래,보증_담보계약서,"가등기담보 등에 관한 법률, 민법, 부동산등기법",22,928,금전소비대차_채권_채무_금전거래/보증_담보계약서_0093.txt
금전소비대차_채권_채무_금전거래,보증_담보계약서_0076,금전소비대차_채권_채무,금전거래,보증_담보계약서,"민법, 상법, 채무자 회생 및 파산에 관한 법률",17,830,금전소비대차_채권_채무_금전거래/보증_담보계약서_0076.txt
금전소비대차_채권_채무_금전거래,보증_담보계약서_0171,금전소비대차_채권_채무,금전거래,보증_담보계약서,"민법, 상법, 부동산등기법",46,2414,금전소비대차_채권_채무_금전거래/보증_담보계약서_0171.txt
금전소비대차_채권_채무_금전거래,보증_담보계약서_0126,금전소비대차_채권_채무,금전거래,보증_담보계약서,"민법, 상법, 채무자 회생 및 파산에 관한 법률",27,1814,금전소비대차_채권_채무_금전거래/보증_담보계약서_0126.txt
금전소비대차_채권_채무_금전거래,보증_담보계약서_0114,금전소비대차_채권_채무,금전거래,보증_담보계약서,"민법, 상법, 부동산등기법",47,2346,금전소비대차_채권_채무_금전거래/보증_담보계약서_0114.txt
금전소비대차_채권_채무_금전거래,보증_담보계약서_0166,금전소비대차_채권_채무,금전거래,보증_담보계약서,"특허법, 민법",51,2688,금전소비대차_채권_채무_금전거래/보증_담보계약서_0166.txt
금전소비대차_채권_채무_금전거래,보증_담보계약서_0122,금전소비대차_채권_채무,금전거래,보증_담보계약서,"상법, 민법",27,1811,금전소비대차_채권_채무_금전거래/보증_담보계약서_0122.txt
금전소비대차_채권_채무_금전거래,보증_담보계약서_0135,금전소비대차_채권_채무,금전거래,보증_담보계약서,"민법, 부동산등기법",31,1152,금전소비대차_채권_채무_금전거래/보증_담보계약서_0135.txt
금전소비대차_채권_채무_금전거래,보증_담보계약서_0120,금전소비대차_채권_채무,금전거래,보증_담보계약서,"민법, 상법, 여신전문금융업법",17,1129,금전소비대차_채권_채무_금전거래/보증_담보계약서_0120.txt
금전소비대차_채권_채무_금전거래,보증_담보계약서_0088,금전소비대차_채권_채무,금전거래,보증_담보계약서,"자본시장과 금융투자업에 관한 법률, 신용보증기금법",104,4962,금전소비대차_채권_채무_금전거래/보증_담보계약서_0088.txt
금전소비대차_채권_채무_금전거래,보증_담보계약서_0037,금전소비대차_채권_채무,금전거래,보증_담보계약서,"민법, 상법",64,4846,금전소비대차_채권_채무_금전거래/보증_담보계약서_0037.txt
금전소비대차_채권_채무_금전거래,보증_담보계약서_0180,금전소비대차_채권_채무,금전거래,보증_담보계약서,민법,45,1814,금전소비대차_채권_채무_금전거래/보증_담보계약서_0180.txt
금전소비대차_채권_채무_금전거래,보증_담보계약서_0156,금전소비대차_채권_채무,금전거래,보증_담보계약서,"민법, 상법, 채무자 회생 및 파산에 관한 법률",18,714,금전소비대차_채권_채무_금전거래/보증_담보계약서_0156.txt
금전소비대차_채권_채무_금전거래,보증_담보계약서_0119,금전소비대차_채권_채무,금전거래,보증_담보계약서,"민법, 상법, 자본시장과 금융투자업에 관한 법률",26,1156,금전소비대차_채권_채무_금전거래/보증_담보계약서_0119.txt
금전소비대차_채권_채무_금전거래,보증_담보계약서_0131,금전소비대차_채권_채무,금전거래,보증_담보계약서,"민법, 부동산 실권리자명의 등기에 관한 법률",24,927,금전소비대차_채권_채무_금전거래/보증_담보계약서_0131.txt
금전소비대차_채권_채무_금전거래,보증_담보계약서_0140,금전소비대차_채권_채무,금전거래,보증_담보계약서,"민법, 상법",25,1183,금전소비대차_채권_채무_금전거래/보증_담보계약서_0140.txt
금전소비대차_채권_채무_금전거래,보증_담보계약서_0125,금전소비대차_채권_채무,금전거래,보증_담보계약서,"상법, 민법, 채권의 공정한 추심에 관한 법률",29,1878,금전소비대차_채권_채무_금전거래/보증_담보계약서_0125.txt
금전소비대차_채권_채무_금전거래,보증_담보계약서_0133,금전소비대차_채권_채무,금전거래,보증_담보계약서,"민법, 부동산등기법",31,1156,금전소비대차_채권_채무_금전거래/보증_담보계약서_0133.txt
금전소비대차_채권_채무_금전거래,보증_담보계약서_0158,금전소비대차_채권_채무,금전거래,보증_담보계약서,"상법, 자본시장과 금융투자업에 관한 법률",75,4523,금전소비대차_채권_채무_금전거래/보증_담보계약서_0158.txt
금전소비대차_채권_채무_금전거래,보증_담보계약서_0139,금전소비대차_채권_채무,금전거래,보증_담보계약서,"민법, 부동산등기법, 상법",41,2157,금전소비대차_채권_채무_금전거래/보증_담보계약서_0139.txt
금전소비대차_채권_채무_금전거래,보증_담보계약서_0148,금전소비대차_채권_채무,금전거래,보증_담보계약서,"민법, 상법, 부동산등기법",23,1472,금전소비대차_채권_채무_금전거래/보증_담보계약서_0148.txt
금전소비대차_채권_채무_금전거래,보증_담보계약서_0151,금전소비대차_채권_채무,금전거래,보증_담보계약서,"민법, 상법, 항공사업법",36,1574,금전소비대차_채권_채무_금전거래/보증_담보계약서_0151.txt
금전소비대차_채권_채무_금전거래,보증_담보계약서_0155,금전소비대차_채권_채무,금전거래,보증_담보계약서,"민법, 상법, 채권의 공정한 추심에 관한 법률",20,812,금전소비대차_채권_채무_금전거래/보증_담보계약서_0155.txt
금전소비대차_채권_채무_금전거래,보증_담보계약서_0141,금전소비대차_채권_채무,금전거래,보증_담보계약서,"민법, 상법, 채무자 회생 및 파산에 관한 법률",25,1162,금전소비대차_채권_채무_금전거래/보증_담보계약서_0141.txt
금전소비대차_채권_채무_금전거래,보증_담보계약서_0121,금전소비대차_채권_채무,금전거래,보증_담보계약서,"민법, 금융소비자 보호에 관한 법률",26,1154,금전소비대차_채권_채무_금전거래/보증_담보계약서_0121.txt
금전소비대차_채권_채무_금전거래,보증_담보계약서_0143,금전소비대차_채권_채무,금전거래,보증_담보계약서,"민법, 자동차관리법",24,1192,금전소비대차_채권_채무_금전거래/보증_담보계약서_0143.txt
금전소비대차_채권_채무_금전거래,보증_담보계약서_0130,금전소비대차_채권_채무,금전거래,보증_담보계약서,"민법, 부동산등기법",24,926,금전소비대차_채권_채무_금전거래/보증_담보계약서_0130.txt
금전소비대차_채권_채무_금전거래,보증_담보계약서_0150,금전소비대차_채권_채무,금전거래,보증_담보계약서,"민법, 상법",43,1811,금전소비대차_채권_채무_금전거래/보증_담보계약서_0150.txt
금전소비대차_채권_채무_금전거래,보증_담보계약서_0098,금전소비대차_채권_채무,금전거래,보증_담보계약서,"민법, 상법, 채무자 회생 및 파산에 관한 법률",35,1862,금전소비대차_채권_채무_금전거래/보증_담보계약서_0098.txt
금전소비대차_채권_채무_금전거래,보증_담보계약서_0157,금전소비대차_채권_채무,금전거래,보증_담보계약서,"민법, 상법, 채무자 회생 및 파산에 관한 법률",12,530,금전소비대차_채권_채무_금전거래/보증_담보계약서_0157.txt
금전소비대차_채권_채무_금전거래,보증_담보계약서_0113,금전소비대차_채권_채무,금전거래,보증_담보계약서,"자본시장과 금융투자업에 관한 법률, 상법, 금융위원회의 설치 등에 관한 법률",88,5003,금전소비대차_채권_채무_금전거래/보증_담보계약서_0113.txt
금전소비대차_채권_채무_금전거래,보증_담보계약서_0149,금전소비대차_채권_채무,금전거래,보증_담보계약서,"민법, 상법, 채무자 회생 및 파산에 관한 법률",24,1119,금전소비대차_채권_채무_금전거래/보증_담보계약서_0149.txt
금전소비대차_채권_채무_금전거래,보증_담보계약서_0145,금전소비대차_채권_채무,금전거래,보증_담보계약서,민법,24,1149,금전소비대차_채권_채무_금전거래/보증_담보계약서_0145.txt
금전소비대차_채권_채무_금전거래,보증_담보계약서_0137,금전소비대차_채권_채무,금전거래,보증_담보계약서,"민법, 상법, 항공안전법",35,1523,금전소비대차_채권_채무_금전거래/보증_담보계약서_0137.txt
금전소비대차_채권_채무_금전거래,보증_담보계약서_0138,금전소비대차_채권_채무,금전거래,보증_담보계약서,"상법, 민법, 채무자 회생 및 파산에 관한 법률",34,1464,금전소비대차_채권_채무_금전거래/보증_담보계약서_0138.txt
금전소비대차_채권_채무_금전거래,보증_담보계약서_0142,금전소비대차_채권_채무,금전거래,보증_담보계약서,"민법, 상법",25,1201,금전소비대차_채권_채무_금전거래/보증_담보계약서_0142.txt
금전소비대차_채권_채무_금전거래,보증_담보계약서_0172,금전소비대차_채권_채무,금전거래,보증_담보계약서,"민법, 상법",52,3563,금전소비대차_채권_채무_금전거래/보증_담보계약서_0172.txt
금전소비대차_채권_채무_금전거래,보증_담보계약서_0117,금전소비대차_채권_채무,금전거래,보증_담보계약서,"민법, 채무자 회생 및 파산에 관한 법률, 부동산등기법",46,2323,금전소비대차_채권_채무_금전거래/보증_담보계약서_0117.txt
금전소비대차_채권_채무_금전거래,보증_담보계약서_0164,금전소비대차_채권_채무,금전거래,보증_담보계약서,"민법, 산림자원의 조성 및 관리에 관한 법률",39,1601,금전소비대차_채권_채무_금전거래/보증_담보계약서_0164.txt
금전소비대차_채권_채무_금전거래,보증_담보계약서_0212,금전소비대차_채권_채무,금전거래,보증_담보계약서,"상법, 민법, 부동산등기법",49,2510,금전소비대차_채권_채무_금전거래/보증_담보계약서_0212.txt
금전소비대차_채권_채무_금전거래,보증_담보계약서_0161,금전소비대차_채권_채무,금전거래,보증_담보계약서,"민법, 산림자원의 조성 및 관리에 관한 법률, 부동산등기법",45,1817,금전소비대차_채권_채무_금전거래/보증_담보계약서_0161.txt
금전소비대차_채권_채무_금전거래,보증_담보계약서_0185,금전소비대차_채권_채무,금전거래,보증_담보계약서,"특허법, 민법",47,2429,금전소비대차_채권_채무_금전거래/보증_담보계약서_0185.txt
금전소비대차_채권_채무_금전거래,보증_담보계약서_0173,금전소비대차_채권_채무,금전거래,보증_담보계약서,"민법, 채권의 공정한 추심에 관한 법률",55,3707,금전소비대차_채권_채무_금전거래/보증_담보계약서_0173.txt
금전소비대차_채권_채무_금전거래,보증_담보계약서_0152,금전소비대차_채권_채무,금전거래,보증_담보계약서,"상법, 민법, 항공사업법",34,1522,금전소비대차_채권_채무_금전거래/보증_담보계약서_0152.txt
금전소비대차_채권_채무_금전거래,보증_담보계약서_0184,금전소비대차_채권_채무,금전거래,보증_담보계약서,민법,42,1600,금전소비대차_채권_채무_금전거래/보증_담보계약서_0184.txt
금전소비대차_채권_채무_금전거래,보증_담보계약서_0229,금전소비대차_채권_채무,금전거래,보증_담보계약서,"상법, 민법",49,2513,금전소비대차_채권_채무_금전거래/보증_담보계약서_0229.txt
금전소비대차_채권_채무_금전거래,보증_담보계약서_0165,금전소비대차_채권_채무,금전거래,보증_담보계약서,"발명진흥법, 부동산 실권리자명의 등기에 관한 법률, 민법",47,2433,금전소비대차_채권_채무_금전거래/보증_담보계약서_0165.txt
금전소비대차_채권_채무_금전거래,보증_담보계약서_0078,금전소비대차_채권_채무,금전거래,보증_담보계약서,"민법, 상법",25,1111,금전소비대차_채권_채무_금전거래/보증_담보계약서_0078.txt
금전소비대차_채권_채무_금전거래,보증_담보계약서_0162,금전소비대차_채권_채무,금전거래,보증_담보계약서,"민법, 산지관리법",47,1908,금전소비대차_채권_채무_금전거래/보증_담보계약서_0162.txt
금전소비대차_채권_채무_금전거래,보증_담보계약서_0168,금전소비대차_채권_채무,금전거래,보증_담보계약서,"실용신안법, 민법, 민사소송법",47,2458,금전소비대차_채권_채무_금전거래/보증_담보계약서_0168.txt
금전소비대차_채권_채무_금전거래,보증_담보계약서_0163,금전소비대차_채권_채무,금전거래,보증_담보계약서,민법,47,2013,금전소비대차_채권_채무_금전거래/보증_담보계약서_0163.txt
금전소비대차_채권_채무_금전거래,보증_담보계약서_0147,금전소비대차_채권_채무,금전거래,보증_담보계약서,"민법, 상법",26,1143,금전소비대차_채권_채무_금전거래/보증_담보계약서_0147.txt
금전소비대차_채권_채무_금전거래,보증_담보계약서_0190,금전소비대차_채권_채무,금전거래,보증_담보계약서,"민법, 상법",48,2485,금전소비대차_채권_채무_금전거래/보증_담보계약서_0190.txt
금전소비대차_채권_채무_금전거래,보증_담보계약서_0170,금전소비대차_채권_채무,금전거래,보증_담보계약서,"민법, 민사집행법",48,2496,금전소비대차_채권_채무_금전거래/보증_담보계약서_0170.txt
금전소비대차_채권_채무_금전거래,보증_담보계약서_0188,금전소비대차_채권_채무,금전거래,보증_담보계약서,"실용신안법, 민법, 민사집행법",47,2431,금전소비대차_채권_채무_금전거래/보증_담보계약서_0188.txt
금전소비대차_채권_채무_금전거래,보증_담보계약서_0198,금전소비대차_채권_채무,금전거래,보증_담보계약서,"상법, 민법, 신용보증기금법",33,1534,금전소비대차_채권_채무_금전거래/보증_담보계약서_0198.txt
금전소비대차_채권_채무_금전거래,보증_담보계약서_0159,금전소비대차_채권_채무,금전거래,보증_담보계약서,"상법, 채무자 회생 및 파산에 관한 법률",75,4521,금전소비대차_채권_채무_금전거래/보증_담보계약서_0159.txt
금전소비대차_채권_채무_금전거래,보증_담보계약서_0186,금전소비대차_채권_채무,금전거래,보증_담보계약서,"특허법, 실용신안법, 민법",51,2684,금전소비대차_채권_채무_금전거래/보증_담보계약서_0186.txt
금전소비대차_채권_채무_금전거래,보증_담보계약서_0115,금전소비대차_채권_채무,금전거래,보증_담보계약서,"민법, 부동산등기법, 채무자 회생 및 파산에 관한 법률",49,2468,금전소비대차_채권_채무_금전거래/보증_담보계약서_0115.txt
금전소비대차_채권_채무_금전거래,보증_담보계약서_0192,금전소비대차_채권_채무,금전거래,보증_담보계약서,"민법, 상법",52,3567,금전소비대차_채권_채무_금전거래/보증_담보계약서_0192.txt
금전소비대차_채권_채무_금전거래,보증_담보계약서_0187,금전소비대차_채권_채무,금전거래,보증_담보계약서,"실용신안법, 민법",46,2438,금전소비대차_채권_채무_금전거래/보증_담보계약서_0187.txt
금전소비대차_채권_채무_금전거래,보증_담보계약서_0204,금전소비대차_채권_채무,금전거래,보증_담보계약서,"상법, 민법",46,3363,금전소비대차_채권_채무_금전거래/보증_담보계약서_0204.txt
금전소비대차_채권_채무_금전거래,보증_담보계약서_0193,금전소비대차_채권_채무,금전거래,보증_담보계약서,"민법, 상법",56,3707,금전소비대차_채권_채무_금전거래/보증_담보계약서_0193.txt
금전소비대차_채권_채무_금전거래,보증_담보계약서_0199,금전소비대차_채권_채무,금전거래,보증_담보계약서,민법,58,3635,금전소비대차_채권_채무_금전거래/보증_담보계약서_0199.txt
금전소비대차_채권_채무_금전거래,보증_담보계약서_0176,금전소비대차_채권_채무,금전거래,보증_담보계약서,"민법, 상법, 채무자 회생 및 파산에 관한 법률",43,1765,금전소비대차_채권_채무_금전거래/보증_담보계약서_0176.txt
금전소비대차_채권_채무_금전거래,보증_담보계약서_0211,금전소비대차_채권_채무,금전거래,보증_담보계약서,"상법, 민법, 부동산등기법",49,2581,금전소비대차_채권_채무_금전거래/보증_담보계약서_0211.txt
금전소비대차_채권_채무_금전거래,보증_담보계약서_0169,금전소비대차_채권_채무,금전거래,보증_담보계약서,"실용신안법, 민법",50,2585,금전소비대차_채권_채무_금전거래/보증_담보계약서_0169.txt
금전소비대차_채권_채무_금전거래,보증_담보계약서_0218,금전소비대차_채권_채무,금전거래,보증_담보계약서,"상법, 민법",57,2771,금전소비대차_채권_채무_금전거래/보증_담보계약서_0218.txt
금전소비대차_채권_채무_금전거래,보증_담보계약서_0181,금전소비대차_채권_채무,금전거래,보증_담보계약서,"민법, 채무자 회생 및 파산에 관한 법률",48,1826,금전소비대차_채권_채무_금전거래/보증_담보계약서_0181.txt
금전소비대차_채권_채무_금전거래,보증_담보계약서_0197,금전소비대차_채권_채무,금전거래,보증_담보계약서,"상법, 민법, 채무자 회생 및 파산에 관한 법률",45,1757,금전소비대차_채권_채무_금전거래/보증_담보계약서_0197.txt
금전소비대차_채권_채무_금전거래,보증_담보계약서_0191,금전소비대차_채권_채무,금전거래,보증_담보계약서,"민법, 상법",45,2421,금전소비대차_채권_채무_금전거래/보증_담보계약서_0191.txt
금전소비대차_채권_채무_금전거래,보증_담보계약서_0178,금전소비대차_채권_채무,금전거래,보증_담보계약서,"민법, 채무자 회생 및 파산에 관한 법률",37,1504,금전소비대차_채권_채무_금전거래/보증_담보계약서_0178.txt
금전소비대차_채권_채무_금전거래,보증_담보계약서_0208,금전소비대차_채권_채무,금전거래,보증_담보계약서,"민법, 상법",46,3342,금전소비대차_채권_채무_금전거래/보증_담보계약서_0208.txt
금전소비대차_채권_채무_금전거래,보증_담보계약서_0195,금전소비대차_채권_채무,금전거래,보증_담보계약서,"채무자 회생 및 파산에 관한 법률, 보험업법",52,3633,금전소비대차_채권_채무_금전거래/보증_담보계약서_0195.txt
금전소비대차_채권_채무_금전거래,보증_담보계약서_0196,금전소비대차_채권_채무,금전거래,보증_담보계약서,"민법, 상법, 신용보증기금법",43,1749,금전소비대차_채권_채무_금전거래/보증_담보계약서_0196.txt
금전소비대차_채권_채무_금전거래,보증_담보계약서_0194,금전소비대차_채권_채무,금전거래,보증_담보계약서,"민법, 상법",50,3524,금전소비대차_채권_채무_금전거래/보증_담보계약서_0194.txt
금전소비대차_채권_채무_금전거래,상환_변제계약서_0013,금전소비대차_채권_채무,금전거래,상환_변제계약서,"민법, 상법, 부동산등기법",15,862,금전소비대차_채권_채무_금전거래/상환_변제계약서_0013.txt
금전소비대차_채권_채무_금전거래,보증_담보계약서_0200,금전소비대차_채권_채무,금전거래,보증_담보계약서,민법,46,1802,금전소비대차_채권_채무_금전거래/보증_담보계약서_0200.txt
금전소비대차_채권_채무_금전거래,보증_담보계약서_0220,금전소비대차_채권_채무,금전거래,보증_담보계약서,"민법, 상법",40,3041,금전소비대차_채권_채무_금전거래/보증_담보계약서_0220.txt
금전소비대차_채권_채무_금전거래,보증_담보계약서_0214,금전소비대차_채권_채무,금전거래,보증_담보계약서,"민법, 상법",40,3051,금전소비대차_채권_채무_금전거래/보증_담보계약서_0214.txt
금전소비대차_채권_채무_금전거래,상환_변제계약서_0025,금전소비대차_채권_채무,금전거래,상환_변제계약서,"민법, 민사집행법, 상법",13,540,금전소비대차_채권_채무_금전거래/상환_변제계약서_0025.txt
금전소비대차_채권_채무_금전거래,보증_담보계약서_0206,금전소비대차_채권_채무,금전거래,보증_담보계약서,"상법, 민법",46,3362,금전소비대차_채권_채무_금전거래/보증_담보계약서_0206.txt
금전소비대차_채권_채무_금전거래,보증_담보계약서_0237,금전소비대차_채권_채무,금전거래,보증_담보계약서,"민법, 상법",61,2992,금전소비대차_채권_채무_금전거래/보증_담보계약서_0237.txt
금전소비대차_채권_채무_금전거래,상환_변제계약서_0044,금전소비대차_채권_채무,금전거래,상환_변제계약서,"민법, 어음법, 상법",23,844,금전소비대차_채권_채무_금전거래/상환_변제계약서_0044.txt
금전소비대차_채권_채무_금전거래,보증_담보계약서_0225,금전소비대차_채권_채무,금전거래,보증_담보계약서,"채무자 회생 및 파산에 관한 법률, 민법",43,3136,금전소비대차_채권_채무_금전거래/보증_담보계약서_0225.txt
금전소비대차_채권_채무_금전거래,보증_담보계약서_0209,금전소비대차_채권_채무,금전거래,보증_담보계약서,"상법, 민법, 부동산등기법",49,2502,금전소비대차_채권_채무_금전거래/보증_담보계약서_0209.txt
금전소비대차_채권_채무_금전거래,상환_변제계약서_0018,금전소비대차_채권_채무,금전거래,상환_변제계약서,"물가안정에 관한 법률, 조달사업에 관한 법률",56,4219,금전소비대차_채권_채무_금전거래/상환_변제계약서_0018.txt
금전소비대차_채권_채무_금전거래,보증_담보계약서_0205,금전소비대차_채권_채무,금전거래,보증_담보계약서,"상법, 민법",45,3314,금전소비대차_채권_채무_금전거래/보증_담보계약서_0205.txt
금전소비대차_채권_채무_금전거래,보증_담보계약서_0219,금전소비대차_채권_채무,금전거래,보증_담보계약서,"민법, 상법",61,3018,금전소비대차_채권_채무_금전거래/보증_담보계약서_0219.txt
금전소비대차_채권_채무_금전거래,상환_변제계약서_0005,금전소비대차_채권_채무,금전거래,상환_변제계약서,"민법, 부동산 거래신고 등에 관한 법률, 민사집행법",15,535,금전소비대차_채권_채무_금전거래/상환_변제계약서_0005.txt
금전소비대차_채권_채무_금전거래,보증_담보계약서_0182,금전소비대차_채권_채무,금전거래,보증_담보계약서,"민법, 부동산등기법",51,1956,금전소비대차_채권_채무_금전거래/보증_담보계약서_0182.txt
금전소비대차_채권_채무_금전거래,보증_담보계약서_0235,금전소비대차_채권_채무,금전거래,보증_담보계약서,"민법, 상법",61,3034,금전소비대차_채권_채무_금전거래/보증_담보계약서_0235.txt
금전소비대차_채권_채무_금전거래,보증_담보계약서_0215,금전소비대차_채권_채무,금전거래,보증_담보계약서,"민법, 상법",64,3017,금전소비대차_채권_채무_금전거래/보증_담보계약서_0215.txt
금전소비대차_채권_채무_금전거래,보증_담보계약서_0216,금전소비대차_채권_채무,금전거래,보증_담보계약서,"민법, 상법",64,3007,금전소비대차_채권_채무_금전거래/보증_담보계약서_0216.txt
금전소비대차_채권_채무_금전거래,보증_담보계약서_0230,금전소비대차_채권_채무,금전거래,보증_담보계약서,"민법, 상법, 부동산등기법",49,2501,금전소비대차_채권_채무_금전거래/보증_담보계약서_0230.txt
금전소비대차_채권_채무_금전거래,보증_담보계약서_0228,금전소비대차_채권_채무,금전거래,보증_담보계약서,"상법, 민법",46,3357,금전소비대차_채권_채무_금전거래/보증_담보계약서_0228.txt
금전소비대차_채권_채무_금전거래,보증_담보계약서_0236,금전소비대차_채권_채무,금전거래,보증_담보계약서,"민법, 민사집행법",61,3017,금전소비대차_채권_채무_금전거래/보증_담보계약서_0236.txt
금전소비대차_채권_채무_금전거래,보증_담보계약서_0217,금전소비대차_채권_채무,금전거래,보증_담보계약서,"민법, 상법",64,3062,금전소비대차_채권_채무_금전거래/보증_담보계약서_0217.txt
금전소비대차_채권_채무_금전거래,상환_변제계약서_0014,금전소비대차_채권_채무,금전거래,상환_변제계약서,"민법, 부동산등기법, 채무자 회생 및 파산에 관한 법률",16,413,금전소비대차_채권_채무_금전거래/상환_변제계약서_0014.txt
금전소비대차_채권_채무_금전거래,보증_담보계약서_0224,금전소비대차_채권_채무,금전거래,보증_담보계약서,"상법, 민법, 어음법",46,3373,금전소비대차_채권_채무_금전거래/보증_담보계약서_0224.txt
금전소비대차_채권_채무_금전거래,보증_담보계약서_0240,금전소비대차_채권_채무,금전거래,보증_담보계약서,"상법, 민법",40,3039,금전소비대차_채권_채무_금전거래/보증_담보계약서_0240.txt
금전소비대차_채권_채무_금전거래,상환_변제계약서_0016,금전소비대차_채권_채무,금전거래,상환_변제계약서,"민법, 부동산 거래신고 등에 관한 법률, 부동산 등기법",14,541,금전소비대차_채권_채무_금전거래/상환_변제계약서_0016.txt
금전소비대차_채권_채무_금전거래,상환_변제계약서_0019,금전소비대차_채권_채무,금전거래,상환_변제계약서,"대부업 등의 등록 및 금융이용자 보호에 관한 법률, 민법",12,391,금전소비대차_채권_채무_금전거래/상환_변제계약서_0019.txt
금전소비대차_채권_채무_금전거래,보증_담보계약서_0226,금전소비대차_채권_채무,금전거래,보증_담보계약서,"상법, 민법",46,3362,금전소비대차_채권_채무_금전거래/보증_담보계약서_0226.txt
금전소비대차_채권_채무_금전거래,보증_담보계약서_0213,금전소비대차_채권_채무,금전거래,보증_담보계약서,"민법, 상법, 부동산등기법",49,2532,금전소비대차_채권_채무_금전거래/보증_담보계약서_0213.txt
금전소비대차_채권_채무_금전거래,상환_변제계약서_0008,금전소비대차_채권_채무,금전거래,상환_변제계약서,"민법, 상법",22,818,금전소비대차_채권_채무_금전거래/상환_변제계약서_0008.txt
금전소비대차_채권_채무_금전거래,상환_변제계약서_0020,금전소비대차_채권_채무,금전거래,상환_변제계약서,"상법, 민법, 대부업 등의 등록 및 금융이용자 보호에 관한 법률",11,820,금전소비대차_채권_채무_금전거래/상환_변제계약서_0020.txt
금전소비대차_채권_채무_금전거래,보증_담보계약서_0231,금전소비대차_채권_채무,금전거래,보증_담보계약서,"상법, 민법",49,2533,금전소비대차_채권_채무_금전거래/보증_담보계약서_0231.txt
금전소비대차_채권_채무_금전거래,상환_변제계약서_0011,금전소비대차_채권_채무,금전거래,상환_변제계약서,"민법, 부동산등기법, 민사집행법",14,480,금전소비대차_채권_채무_금전거래/상환_변제계약서_0011.txt
금전소비대차_채권_채무_금전거래,상환_변제계약서_0006,금전소비대차_채권_채무,금전거래,상환_변제계약서,"민법, 상법, 채무자 회생 및 파산에 관한 법률",16,814,금전소비대차_채권_채무_금전거래/상환_변제계약서_0006.txt
금전소비대차_채권_채무_금전거래,상환_변제계약서_0001,금전소비대차_채권_채무,금전거래,상환_변제계약서,"민법, 상법, 채권의 공정한 추심에 관한 법률",11,490,금전소비대차_채권_채무_금전거래/상환_변제계약서_0001.txt
금전소비대차_채권_채무_금전거래,상환_변제계약서_0069,금전소비대차_채권_채무,금전거래,상환_변제계약서,"민법, 상법, 채무자 회생 및 파산에 관한 법률",27,1848,금전소비대차_채권_채무_금전거래/상환_변제계약서_0069.txt
금전소비대차_채권_채무_금전거래,상환_변제계약서_0004,금전소비대차_채권_채무,금전거래,상환_변제계약서,"민법, 상법, 채무자 회생 및 파산에 관한 법률",23,998,금전소비대차_채권_채무_금전거래/상환_변제계약서_0004.txt
금전소비대차_채권_채무_금전거래,보증_담보계약서_0239,금전소비대차_채권_채무,금전거래,보증_담보계약서,"민법, 상법, 민사집행법",61,3023,금전소비대차_채권_채무_금전거래/보증_담보계약서_0239.txt
금전소비대차_채권_채무_금전거래,상환_변제계약서_0022,금전소비대차_채권_채무,금전거래,상환_변제계약서,"대부업 등의 등록 및 금융이용자 보호에 관한 법률, 민법, 상법",29,1848,금전소비대차_채권_채무_금전거래/상환_변제계약서_0022.txt
금전소비대차_채권_채무_금전거래,상환_변제계약서_0072,금전소비대차_채권_채무,금전거래,상환_변제계약서,"민법, 채무자 회생 및 파산에 관한 법률",28,1938,금전소비대차_채권_채무_금전거래/상환_변제계약서_0072.txt
금전소비대차_채권_채무_금전거래,상환_변제계약서_0002,금전소비대차_채권_채무,금전거래,상환_변제계약서,"민법, 부동산등기법, 민사집행법",24,1108,금전소비대차_채권_채무_금전거래/상환_변제계약서_0002.txt
금전소비대차_채권_채무_금전거래,상환_변제계약서_0015,금전소비대차_채권_채무,금전거래,상환_변제계약서,"민법, 부동산등기법, 부동산 거래신고 등에 관한 법률",10,517,금전소비대차_채권_채무_금전거래/상환_변제계약서_0015.txt
금전소비대차_채권_채무_금전거래,상환_변제계약서_0035,금전소비대차_채권_채무,금전거래,상환_변제계약서,"민법, 상법, 부동산등기법",18,583,금전소비대차_채권_채무_금전거래/상환_변제계약서_0035.txt
금전소비대차_채권_채무_금전거래,상환_변제계약서_0030,금전소비대차_채권_채무,금전거래,상환_변제계약서,"민법, 상법, 채무자 회생 및 파산에 관한 법률",61,4877,금전소비대차_채권_채무_금전거래/상환_변제계약서_0030.txt
금전소비대차_채권_채무_금전거래,상환_변제계약서_0034,금전소비대차_채권_채무,금전거래,상환_변제계약서,"민법, 부동산등기법, 대부업 등의 등록 및 금융이용자 보호에 관한 법률",19,685,금전소비대차_채권_채무_금전거래/상환_변제계약서_0034.txt
금전소비대차_채권_채무_금전거래,상환_변제계약서_0027,금전소비대차_채권_채무,금전거래,상환_변제계약서,"상법, 민법, 민사소송법",28,1934,금전소비대차_채권_채무_금전거래/상환_변제계약서_0027.txt
금전소비대차_채권_채무_금전거래,상환_변제계약서_0010,금전소비대차_채권_채무,금전거래,상환_변제계약서,"민법, 채무자 회생 및 파산에 관한 법률, 부동산등기법",14,619,금전소비대차_채권_채무_금전거래/상환_변제계약서_0010.txt
금전소비대차_채권_채무_금전거래,상환_변제계약서_0041,금전소비대차_채권_채무,금전거래,상환_변제계약서,"민법, 상법, 공증인법",19,504,금전소비대차_채권_채무_금전거래/상환_변제계약서_0041.txt
금전소비대차_채권_채무_금전거래,상환_변제계약서_0032,금전소비대차_채권_채무,금전거래,상환_변제계약서,"상법, 민법, 전자상거래 등에서의 소비자보호에 관한 법률",39,2642,금전소비대차_채권_채무_금전거래/상환_변제계약서_0032.txt
금전소비대차_채권_채무_금전거래,상환_변제계약서_0012,금전소비대차_채권_채무,금전거래,상환_변제계약서,"민법, 채무자 회생 및 파산에 관한 법률, 부동산등기법",22,847,금전소비대차_채권_채무_금전거래/상환_변제계약서_0012.txt
금전소비대차_채권_채무_금전거래,상환_변제계약서_0064,금전소비대차_채권_채무,금전거래,상환_변제계약서,"민법, 부동산 거래신고 등에 관한 법률, 부동산등기법",29,1237,금전소비대차_채권_채무_금전거래/상환_변제계약서_0064.txt
금전소비대차_채권_채무_금전거래,상환_변제계약서_0009,금전소비대차_채권_채무,금전거래,상환_변제계약서,"민법, 부동산 등기법",11,547,금전소비대차_채권_채무_금전거래/상환_변제계약서_0009.txt
금전소비대차_채권_채무_금전거래,보증_담보계약서_0232,금전소비대차_채권_채무,금전거래,보증_담보계약서,"상법, 민법",50,2531,금전소비대차_채권_채무_금전거래/보증_담보계약서_0232.txt
금전소비대차_채권_채무_금전거래,상환_변제계약서_0071,금전소비대차_채권_채무,금전거래,상환_변제계약서,"상법, 민법, 채무자 회생 및 파산에 관한 법률",24,1738,금전소비대차_채권_채무_금전거래/상환_변제계약서_0071.txt
금전소비대차_채권_채무_금전거래,상환_변제계약서_0017,금전소비대차_채권_채무,금전거래,상환_변제계약서,"민법, 대부업 등의 등록 및 금융이용자 보호에 관한 법률, 상법",28,1303,금전소비대차_채권_채무_금전거래/상환_변제계약서_0017.txt
금전소비대차_채권_채무_금전거래,상환_변제계약서_0021,금전소비대차_채권_채무,금전거래,상환_변제계약서,"대부업 등의 등록 및 금융이용자 보호에 관한 법률, 상법, 민법",16,844,금전소비대차_채권_채무_금전거래/상환_변제계약서_0021.txt
금전소비대차_채권_채무_금전거래,상환_변제계약서_0023,금전소비대차_채권_채무,금전거래,상환_변제계약서,"민법, 부동산등기법, 가등기담보등에관한법률",15,484,금전소비대차_채권_채무_금전거래/상환_변제계약서_0023.txt
금전소비대차_채권_채무_금전거래,상환_변제계약서_0024,금전소비대차_채권_채무,금전거래,상환_변제계약서,"민법, 부동산등기법, 채무자 회생 및 파산에 관한 법률",18,594,금전소비대차_채권_채무_금전거래/상환_변제계약서_0024.txt
금전소비대차_채권_채무_금전거래,상환_변제계약서_0063,금전소비대차_채권_채무,금전거래,상환_변제계약서,"민법, 부동산 거래신고 등에 관한 법률, 부동산등기법",18,603,금전소비대차_채권_채무_금전거래/상환_변제계약서_0063.txt
금전소비대차_채권_채무_금전거래,상환_변제계약서_0045,금전소비대차_채권_채무,금전거래,상환_변제계약서,"민법, 상법, 어음법",26,949,금전소비대차_채권_채무_금전거래/상환_변제계약서_0045.txt
금전소비대차_채권_채무_금전거래,보증_담보계약서_0233,금전소비대차_채권_채무,금전거래,보증_담보계약서,"상법, 민법",49,2562,금전소비대차_채권_채무_금전거래/보증_담보계약서_0233.txt
금전소비대차_채권_채무_금전거래,상환_변제계약서_0065,금전소비대차_채권_채무,금전거래,상환_변제계약서,"민법, 부동산 거래신고 등에 관한 법률, 부동산등기법",22,878,금전소비대차_채권_채무_금전거래/상환_변제계약서_0065.txt
금전소비대차_채권_채무_금전거래,상환_변제계약서_0099,금전소비대차_채권_채무,금전거래,상환_변제계약서,"민법, 상법",12,554,금전소비대차_채권_채무_금전거래/상환_변제계약서_0099.txt
금전소비대차_채권_채무_금전거래,상환_변제계약서_0036,금전소비대차_채권_채무,금전거래,상환_변제계약서,"민법, 부동산등기법, 채무자 회생 및 파산에 관한 법률",18,616,금전소비대차_채권_채무_금전거래/상환_변제계약서_0036.txt
금전소비대차_채권_채무_금전거래,상환_변제계약서_0082,금전소비대차_채권_채무,금전거래,상환_변제계약서,"민법, 상법, 부동산등기법",27,896,금전소비대차_채권_채무_금전거래/상환_변제계약서_0082.txt
금전소비대차_채권_채무_금전거래,상환_변제계약서_0028,금전소비대차_채권_채무,금전거래,상환_변제계약서,"민법, 민사소송법, 공증인법",13,504,금전소비대차_채권_채무_금전거래/상환_변제계약서_0028.txt
금전소비대차_채권_채무_금전거래,상환_변제계약서_0048,금전소비대차_채권_채무,금전거래,상환_변제계약서,"민법, 상법, 어음법",23,831,금전소비대차_채권_채무_금전거래/상환_변제계약서_0048.txt
금전소비대차_채권_채무_금전거래,상환_변제계약서_0092,금전소비대차_채권_채무,금전거래,상환_변제계약서,"민법, 상법, 채무자 회생 및 파산에 관한 법률",23,997,금전소비대차_채권_채무_금전거래/상환_변제계약서_0092.txt
금전소비대차_채권_채무_금전거래,상환_변제계약서_0055,금전소비대차_채권_채무,금전거래,상환_변제계약서,"민법, 부동산 거래신고 등에 관한 법률, 채무자 회생 및 파산에 관한 법률",24,740,금전소비대차_채권_채무_금전거래/상환_변제계약서_0055.txt
금전소비대차_채권_채무_금전거래,상환_변제계약서_0039,금전소비대차_채권_채무,금전거래,상환_변제계약서,"민법, 상법, 공증인법",18,471,금전소비대차_채권_채무_금전거래/상환_변제계약서_0039.txt
금전소비대차_채권_채무_금전거래,상환_변제계약서_0051,금전소비대차_채권_채무,금전거래,상환_변제계약서,"민법, 민사집행법, 부동산등기법",26,1191,금전소비대차_채권_채무_금전거래/상환_변제계약서_0051.txt
금전소비대차_채권_채무_금전거래,상환_변제계약서_0057,금전소비대차_채권_채무,금전거래,상환_변제계약서,"민법, 부동산 거래신고 등에 관한 법률, 부동산등기법",27,930,금전소비대차_채권_채무_금전거래/상환_변제계약서_0057.txt
금전소비대차_채권_채무_금전거래,상환_변제계약서_0050,금전소비대차_채권_채무,금전거래,상환_변제계약서,"채무자 회생 및 파산에 관한 법률, 민법, 민사집행법",28,1059,금전소비대차_채권_채무_금전거래/상환_변제계약서_0050.txt
금전소비대차_채권_채무_금전거래,상환_변제계약서_0066,금전소비대차_채권_채무,금전거래,상환_변제계약서,"민법, 상법, 채무자 회생 및 파산에 관한 법률",23,1150,금전소비대차_채권_채무_금전거래/상환_변제계약서_0066.txt
금전소비대차_채권_채무_금전거래,상환_변제계약서_0052,금전소비대차_채권_채무,금전거래,상환_변제계약서,"민법, 부동산 거래신고 등에 관한 법률, 부동산등기법",26,1196,금전소비대차_채권_채무_금전거래/상환_변제계약서_0052.txt
금전소비대차_채권_채무_금전거래,상환_변제계약서_0046,금전소비대차_채권_채무,금전거래,상환_변제계약서,"대부업 등의 등록 및 금융이용자 보호에 관한 법률, 어음법, 민법",26,934,금전소비대차_채권_채무_금전거래/상환_변제계약서_0046.txt
금전소비대차_채권_채무_금전거래,상환_변제계약서_0056,금전소비대차_채권_채무,금전거래,상환_변제계약서,"민법, 부동산등기법",14,468,금전소비대차_채권_채무_금전거래/상환_변제계약서_0056.txt
금전소비대차_채권_채무_금전거래,상환_변제계약서_0070,금전소비대차_채권_채무,금전거래,상환_변제계약서,"상법, 민법, 민사소송법",28,1901,금전소비대차_채권_채무_금전거래/상환_변제계약서_0070.txt
금전소비대차_채권_채무_금전거래,상환_변제계약서_0026,금전소비대차_채권_채무,금전거래,상환_변제계약서,"상법, 민법, 채무자 회생 및 파산에 관한 법률",24,1835,금전소비대차_채권_채무_금전거래/상환_변제계약서_0026.txt
금전소비대차_채권_채무_금전거래,상환_변제계약서_0095,금전소비대차_채권_채무,금전거래,상환_변제계약서,"민법, 상법, 채권의 공정한 추심에 관한 법률",31,1223,금전소비대차_채권_채무_금전거래/상환_변제계약서_0095.txt
금전소비대차_채권_채무_금전거래,상환_변제계약서_0076,금전소비대차_채권_채무,금전거래,상환_변제계약서,"채무자 회생 및 파산에 관한 법률, 민법",27,1744,금전소비대차_채권_채무_금전거래/상환_변제계약서_0076.txt
금전소비대차_채권_채무_금전거래,상환_변제계약서_0054,금전소비대차_채권_채무,금전거래,상환_변제계약서,"민법, 채무자 회생 및 파산에 관한 법률, 부동산 거래신고 등에 관한 법률",26,1194,금전소비대차_채권_채무_금전거래/상환_변제계약서_0054.txt
금전소비대차_채권_채무_금전거래,상환_변제계약서_0058,금전소비대차_채권_채무,금전거래,상환_변제계약서,"민법, 부동산 거래신고 등에 관한 법률, 부동산등기법",15,407,금전소비대차_채권_채무_금전거래/상환_변제계약서_0058.txt
금전소비대차_채권_채무_금전거래,상환_변제계약서_0096,금전소비대차_채권_채무,금전거래,상환_변제계약서,"민법, 부동산등기법, 민사집행법",24,1250,금전소비대차_채권_채무_금전거래/상환_변제계약서_0096.txt
금전소비대차_채권_채무_금전거래,상환_변제계약서_0091,금전소비대차_채권_채무,금전거래,상환_변제계약서,"대부업 등의 등록 및 금융이용자 보호에 관한 법률, 채권의 공정한 추심에 관한 법률, 민법",13,943,금전소비대차_채권_채무_금전거래/상환_변제계약서_0091.txt
금전소비대차_채권_채무_금전거래,상환_변제계약서_0078,금전소비대차_채권_채무,금전거래,상환_변제계약서,"민법, 상법, 금융소비자 보호에 관한 법률",62,4521,금전소비대차_채권_채무_금전거래/상환_변제계약서_0078.txt
금전소비대차_채권_채무_금전거래,상환_변제계약서_0061,금전소비대차_채권_채무,금전거래,상환_변제계약서,"민법, 부동산 거래신고 등에 관한 법률, 부동산등기법",23,870,금전소비대차_채권_채무_금전거래/상환_변제계약서_0061.txt
금전소비대차_채권_채무_금전거래,상환_변제계약서_0109,금전소비대차_채권_채무,금전거래,상환_변제계약서,"채권의 공정한 추심에 관한 법률, 민법",18,1110,금전소비대차_채권_채무_금전거래/상환_변제계약서_0109.txt
금전소비대차_채권_채무_금전거래,상환_변제계약서_0080,금전소비대차_채권_채무,금전거래,상환_변제계약서,"민법, 상법, 채무자 회생 및 파산에 관한 법률",16,687,금전소비대차_채권_채무_금전거래/상환_변제계약서_0080.txt
금전소비대차_채권_채무_금전거래,상환_변제계약서_0103,금전소비대차_채권_채무,금전거래,상환_변제계약서,"민법, 상법, 공증인법",58,4570,금전소비대차_채권_채무_금전거래/상환_변제계약서_0103.txt
금전소비대차_채권_채무_금전거래,상환_변제계약서_0115,금전소비대차_채권_채무,금전거래,상환_변제계약서,"민법, 부동산등기법, 채무자 회생 및 파산에 관한 법률",22,1029,금전소비대차_채권_채무_금전거래/상환_변제계약서_0115.txt
금전소비대차_채권_채무_금전거래,상환_변제계약서_0081,금전소비대차_채권_채무,금전거래,상환_변제계약서,"민법, 상법, 채무자 회생 및 파산에 관한 법률",14,556,금전소비대차_채권_채무_금전거래/상환_변제계약서_0081.txt
금전소비대차_채권_채무_금전거래,상환_변제계약서_0083,금전소비대차_채권_채무,금전거래,상환_변제계약서,"민법, 상법, 부동산등기법",13,529,금전소비대차_채권_채무_금전거래/상환_변제계약서_0083.txt
금전소비대차_채권_채무_금전거래,상환_변제계약서_0074,금전소비대차_채권_채무,금전거래,상환_변제계약서,"상법, 민법",29,1804,금전소비대차_채권_채무_금전거래/상환_변제계약서_0074.txt
금전소비대차_채권_채무_금전거래,상환_변제계약서_0068,금전소비대차_채권_채무,금전거래,상환_변제계약서,"상법, 민법",28,1923,금전소비대차_채권_채무_금전거래/상환_변제계약서_0068.txt
금전소비대차_채권_채무_금전거래,상환_변제계약서_0060,금전소비대차_채권_채무,금전거래,상환_변제계약서,"민법, 부동산 거래신고 등에 관한 법률, 부동산등기법",14,401,금전소비대차_채권_채무_금전거래/상환_변제계약서_0060.txt
금전소비대차_채권_채무_금전거래,상환_변제계약서_0119,금전소비대차_채권_채무,금전거래,상환_변제계약서,"부동산 거래신고 등에 관한 법률, 민법, 부동산등기법",20,734,금전소비대차_채권_채무_금전거래/상환_변제계약서_0119.txt
금전소비대차_채권_채무_금전거래,상환_변제계약서_0094,금전소비대차_채권_채무,금전거래,상환_변제계약서,"민법, 채무자 회생 및 파산에 관한 법률, 상법",29,1321,금전소비대차_채권_채무_금전거래/상환_변제계약서_0094.txt
금전소비대차_채권_채무_금전거래,상환_변제계약서_0077,금전소비대차_채권_채무,금전거래,상환_변제계약서,"상법, 민법, 자본시장과 금융투자업에 관한 법률",62,4624,금전소비대차_채권_채무_금전거래/상환_변제계약서_0077.txt
금전소비대차_채권_채무_금전거래,상환_변제계약서_0085,금전소비대차_채권_채무,금전거래,상환_변제계약서,"민법, 부동산등기법, 약관의 규제에 관한 법률",24,781,금전소비대차_채권_채무_금전거래/상환_변제계약서_0085.txt
금전소비대차_채권_채무_금전거래,상환_변제계약서_0084,금전소비대차_채권_채무,금전거래,상환_변제계약서,"민법, 상법, 부동산등기법",13,532,금전소비대차_채권_채무_금전거래/상환_변제계약서_0084.txt
금전소비대차_채권_채무_금전거래,상환_변제계약서_0088,금전소비대차_채권_채무,금전거래,상환_변제계약서,"민법, 상법, 채권의 공정한 추심에 관한 법률",25,1126,금전소비대차_채권_채무_금전거래/상환_변제계약서_0088.txt
금전소비대차_채권_채무_금전거래,상환_변제계약서_0101,금전소비대차_채권_채무,금전거래,상환_변제계약서,"민법, 상법",12,550,금전소비대차_채권_채무_금전거래/상환_변제계약서_0101.txt
금전소비대차_채권_채무_금전거래,상환_변제계약서_0125,금전소비대차_채권_채무,금전거래,상환_변제계약서,"민법, 부동산등기법",16,608,금전소비대차_채권_채무_금전거래/상환_변제계약서_0125.txt
금전소비대차_채권_채무_금전거래,상환_변제계약서_0093,금전소비대차_채권_채무,금전거래,상환_변제계약서,"민법, 상법, 신용정보의 이용 및 보호에 관한 법률",22,979,금전소비대차_채권_채무_금전거래/상환_변제계약서_0093.txt
금전소비대차_채권_채무_금전거래,상환_변제계약서_0079,금전소비대차_채권_채무,금전거래,상환_변제계약서,"민법, 상법, 부동산등기법",15,669,금전소비대차_채권_채무_금전거래/상환_변제계약서_0079.txt
금전소비대차_채권_채무_금전거래,상환_변제계약서_0118,금전소비대차_채권_채무,금전거래,상환_변제계약서,"민법, 부동산 거래신고 등에 관한 법률, 부동산등기법",27,1004,금전소비대차_채권_채무_금전거래/상환_변제계약서_0118.txt
금전소비대차_채권_채무_금전거래,상환_변제계약서_0086,금전소비대차_채권_채무,금전거래,상환_변제계약서,"민법, 상법, 국가를 당사자로 하는 계약에 관한 법률",21,1063,금전소비대차_채권_채무_금전거래/상환_변제계약서_0086.txt
금전소비대차_채권_채무_금전거래,상환_변제계약서_0123,금전소비대차_채권_채무,금전거래,상환_변제계약서,"상법, 채무자 회생 및 파산에 관한 법률, 민법",20,1357,금전소비대차_채권_채무_금전거래/상환_변제계약서_0123.txt
금전소비대차_채권_채무_금전거래,상환_변제계약서_0106,금전소비대차_채권_채무,금전거래,상환_변제계약서,"민법, 상법, 민사집행법",36,1573,금전소비대차_채권_채무_금전거래/상환_변제계약서_0106.txt
금전소비대차_채권_채무_금전거래,상환_변제계약서_0100,금전소비대차_채권_채무,금전거래,상환_변제계약서,"민법, 상법",12,549,금전소비대차_채권_채무_금전거래/상환_변제계약서_0100.txt
금전소비대차_채권_채무_금전거래,상환_변제계약서_0067,금전소비대차_채권_채무,금전거래,상환_변제계약서,"민법, 상법, 채권의 공정한 추심에 관한 법률",26,1808,금전소비대차_채권_채무_금전거래/상환_변제계약서_0067.txt
금전소비대차_채권_채무_금전거래,상환_변제계약서_0128,금전소비대차_채권_채무,금전거래,상환_변제계약서,"민법, 부동산 거래신고 등에 관한 법률, 채권의 공정한 추심에 관한 법률",21,763,금전소비대차_채권_채무_금전거래/상환_변제계약서_0128.txt
금전소비대차_채권_채무_금전거래,상환_변제계약서_0097,금전소비대차_채권_채무,금전거래,상환_변제계약서,"채무자 회생 및 파산에 관한 법률, 민법",12,582,금전소비대차_채권_채무_금전거래/상환_변제계약서_0097.txt
금전소비대차_채권_채무_금전거래,상환_변제계약서_0107,금전소비대차_채권_채무,금전거래,상환_변제계약서,"민법, 채무자 회생 및 파산에 관한 법률, 민사집행법",37,1344,금전소비대차_채권_채무_금전거래/상환_변제계약서_0107.txt
금전소비대차_채권_채무_금전거래,상환_변제계약서_0087,금전소비대차_채권_채무,금전거래,상환_변제계약서,"민법, 민사집행법, 부동산등기법",23,1189,금전소비대차_채권_채무_금전거래/상환_변제계약서_0087.txt
금전소비대차_채권_채무_금전거래,상환_변제계약서_0122,금전소비대차_채권_채무,금전거래,상환_변제계약서,"대부업 등의 등록 및 금융이용자 보호에 관한 법률, 상법, 민법",23,890,금전소비대차_채권_채무_금전거래/상환_변제계약서_0122.txt
금전소비대차_채권_채무_금전거래,상환_변제계약서_0135,금전소비대차_채권_채무,금전거래,상환_변제계약서,"민법, 부동산 거래신고 등에 관한 법률, 부동산등기법",23,752,금전소비대차_채권_채무_금전거래/상환_변제계약서_0135.txt
금전소비대차_채권_채무_금전거래,상환_변제계약서_0116,금전소비대차_채권_채무,금전거래,상환_변제계약서,"민법, 부동산 거래신고 등에 관한 법률, 상법",20,780,금전소비대차_채권_채무_금전거래/상환_변제계약서_0116.txt
금전소비대차_채권_채무_금전거래,상환_변제계약서_0130,금전소비대차_채권_채무,금전거래,상환_변제계약서,"민법, 부동산등기법, 이자제한법",20,770,금전소비대차_채권_채무_금전거래/상환_변제계약서_0130.txt
금전소비대차_채권_채무_금전거래,상환_변제계약서_0120,금전소비대차_채권_채무,금전거래,상환_변제계약서,"민법, 부동산 거래신고 등에 관한 법률, 부동산등기법",23,927,금전소비대차_채권_채무_금전거래/상환_변제계약서_0120.txt
금전소비대차_채권_채무_금전거래,상환_변제계약서_0113,금전소비대차_채권_채무,금전거래,상환_변제계약서,"민법, 채무자 회생 및 파산에 관한 법률, 상법",25,1072,금전소비대차_채권_채무_금전거래/상환_변제계약서_0113.txt
금전소비대차_채권_채무_금전거래,상환_변제계약서_0124,금전소비대차_채권_채무,금전거래,상환_변제계약서,"민법, 상법, 부동산등기법",20,945,금전소비대차_채권_채무_금전거래/상환_변제계약서_0124.txt
금전소비대차_채권_채무_금전거래,상환_변제계약서_0117,금전소비대차_채권_채무,금전거래,상환_변제계약서,"민법, 부동산등기법, 부동산 거래신고 등에 관한 법률",20,728,금전소비대차_채권_채무_금전거래/상환_변제계약서_0117.txt
금전소비대차_채권_채무_금전거래,상환_변제계약서_0129,금전소비대차_채권_채무,금전거래,상환_변제계약서,"민법, 부동산등기법, 채무자 회생 및 파산에 관한 법률",24,1031,금전소비대차_채권_채무_금전거래/상환_변제계약서_0129.txt
금전소비대차_채권_채무_금전거래,상환_변제계약서_0105,금전소비대차_채권_채무,금전거래,상환_변제계약서,"민법, 소송촉진 등에 관한 특례법",37,1340,금전소비대차_채권_채무_금전거래/상환_변제계약서_0105.txt
금전소비대차_채권_채무_금전거래,상환_변제계약서_0114,금전소비대차_채권_채무,금전거래,상환_변제계약서,"민법, 부동산등기법, 채무자 회생 및 파산에 관한 법률",21,769,금전소비대차_채권_채무_금전거래/상환_변제계약서_0114.txt
금전소비대차_채권_채무_금전거래,상환_변제계약서_0112,금전소비대차_채권_채무,금전거래,상환_변제계약서,"민법, 상법, 부동산등기법",22,969,금전소비대차_채권_채무_금전거래/상환_변제계약서_0112.txt
금전소비대차_채권_채무_금전거래,상환_변제계약서_0126,금전소비대차_채권_채무,금전거래,상환_변제계약서,"민법, 상법, 채무자 회생 및 파산에 관한 법률",21,973,금전소비대차_채권_채무_금전거래/상환_변제계약서_0126.txt
금전소비대차_채권_채무_금전거래,상환_변제계약서_0133,금전소비대차_채권_채무,금전거래,상환_변제계약서,"민법, 부동산등기법, 상법",20,681,금전소비대차_채권_채무_금전거래/상환_변제계약서_0133.txt
금전소비대차_채권_채무_금전거래,상환_변제계약서_0121,금전소비대차_채권_채무,금전거래,상환_변제계약서,"민법, 부동산 거래신고 등에 관한 법률",23,782,금전소비대차_채권_채무_금전거래/상환_변제계약서_0121.txt
금전소비대차_채권_채무_금전거래,상환_변제계약서_0134,금전소비대차_채권_채무,금전거래,상환_변제계약서,"민법, 부동산 거래신고 등에 관한 법률, 부동산등기법",23,865,금전소비대차_채권_채무_금전거래/상환_변제계약서_0134.txt
금전소비대차_채권_채무_금전거래,상환_변제계약서_0131,금전소비대차_채권_채무,금전거래,상환_변제계약서,"민법, 부동산등기법, 채권의 공정한 추심에 관한 법률",20,712,금전소비대차_채권_채무_금전거래/상환_변제계약서_0131.txt
금전소비대차_채권_채무_금전거래,상환_변제계약서_0127,금전소비대차_채권_채무,금전거래,상환_변제계약서,"민법, 상법",26,1020,금전소비대차_채권_채무_금전거래/상환_변제계약서_0127.txt
대리점_프랜차이즈_대리점,대리점계약서_0001,대리점_프랜차이즈,대리점,대리점계약서,"대리점거래의 공정화에 관한 법률, 대리점거래의 공정화에 관한 법률 시행령",82,5179,대리점_프랜차이즈_대리점/대리점계약서_0001.txt
대리점_프랜차이즈_대리점,대리점계약서_0031,대리점_프랜차이즈,대리점,대리점계약서,"대리점거래의 공정화에 관한 법률, 상법, 민법",29,1188,대리점_프랜차이즈_대리점/대리점계약서_0031.txt
대리점_프랜차이즈_대리점,대리점계약서_0005,대리점_프랜차이즈,대리점,대리점계약서,"대리점거래의 공정화에 관한 법률, 대리점거래의 공정화에 관한 법률 시행령, 독점규제 및 공정거래에 관한 법률",137,9619,대리점_프랜차이즈_대리점/대리점계약서_0005.txt
대리점_프랜차이즈_대리점,대리점계약서_0077,대리점_프랜차이즈,대리점,대리점계약서,"상법, 대리점거래의 공정화에 관한 법률",30,1278,대리점_프랜차이즈_대리점/대리점계약서_0077.txt
대리점_프랜차이즈_대리점,대리점계약서_0021,대리점_프랜차이즈,대리점,대리점계약서,"대리점거래의 공정화에 관한 법률, 상법, 대리점거래의 공정화에 관한 법률 시행령",32,1245,대리점_프랜차이즈_대리점/대리점계약서_0021.txt
대리점_프랜차이즈_대리점,대리점계약서_0007,대리점_프랜차이즈,대리점,대리점계약서,"독점규제 및 공정거래에 관한 법률, 대리점거래의 공정화에 관한 법률",127,8641,대리점_프랜차이즈_대리점/대리점계약서_0007.txt
대리점_프랜차이즈_대리점,대리점계약서_0002,대리점_프랜차이즈,대리점,대리점계약서,"대리점거래의 공정화에 관한 법률, 상법, 민법",75,4442,대리점_프랜차이즈_대리점/대리점계약서_0002.txt
대리점_프랜차이즈_대리점,대리점계약서_0006,대리점_프랜차이즈,대리점,대리점계약서,"상법, 독점규제 및 공정거래에 관한 법률 ",119,8139,대리점_프랜차이즈_대리점/대리점계약서_0006.txt
대리점_프랜차이즈_대리점,대리점계약서_0011,대리점_프랜차이즈,대리점,대리점계약서,"독점규제 및 공정거래에 관한 법률, 대리점거래의 공정화에 관한 법률",130,9285,대리점_프랜차이즈_대리점/대리점계약서_0011.txt
대리점_프랜차이즈_대리점,대리점계약서_0040,대리점_프랜차이즈,대리점,대리점계약서,"대리점거래의 공정화에 관한 법률, 상법",81,5937,대리점_프랜차이즈_대리점/대리점계약서_0040.txt
대리점_프랜차이즈_대리점,대리점계약서_0010,대리점_프랜차이즈,대리점,대리점계약서,"독점규제 및 공정거래에 관한 법률, 대리점거래의 공정화에 관한 법률",139,9765,대리점_프랜차이즈_대리점/대리점계약서_0010.txt
대리점_프랜차이즈_대리점,대리점계약서_0030,대리점_프랜차이즈,대리점,대리점계약서,"항공사업법, 상법, 대리점거래의 공정화에 관한 법률",77,5551,대리점_프랜차이즈_대리점/대리점계약서_0030.txt
대리점_프랜차이즈_대리점,대리점계약서_0008,대리점_프랜차이즈,대리점,대리점계약서,"독점규제 및 공정거래에 관한 법률, 대리점거래의 공정화에 관한 법률, 상법",133,9273,대리점_프랜차이즈_대리점/대리점계약서_0008.txt
대리점_프랜차이즈_대리점,대리점계약서_0032,대리점_프랜차이즈,대리점,대리점계약서,"대리점거래의 공정화에 관한 법률, 상법, 독점규제 및 공정거래에 관한 법률 ",58,3027,대리점_프랜차이즈_대리점/대리점계약서_0032.txt
대리점_프랜차이즈_대리점,대리점계약서_0019,대리점_프랜차이즈,대리점,대리점계약서,"대리점거래의 공정화에 관한 법률, 상법",50,4328,대리점_프랜차이즈_대리점/대리점계약서_0019.txt
대리점_프랜차이즈_대리점,대리점계약서_0016,대리점_프랜차이즈,대리점,대리점계약서,"하도급거래 공정화에 관한 법률, 독점규제 및 공정거래에 관한 법률",54,2832,대리점_프랜차이즈_대리점/대리점계약서_0016.txt
대리점_프랜차이즈_대리점,대리점계약서_0064,대리점_프랜차이즈,대리점,대리점계약서,"대리점거래의 공정화에 관한 법률, 대리점거래의 공정화에 관한 법률 시행령, 상법",30,1308,대리점_프랜차이즈_대리점/대리점계약서_0064.txt
대리점_프랜차이즈_대리점,대리점계약서_0058,대리점_프랜차이즈,대리점,대리점계약서,"독점규제 및 공정거래에 관한 법률, 대리점거래의 공정화에 관한 법률, 출판문화산업 진흥법",137,9335,대리점_프랜차이즈_대리점/대리점계약서_0058.txt
대리점_프랜차이즈_대리점,대리점계약서_0018,대리점_프랜차이즈,대리점,대리점계약서,"독점규제 및 공정거래에 관한 법률 , 대리점거래의 공정화에 관한 법률, 상법",54,2498,대리점_프랜차이즈_대리점/대리점계약서_0018.txt
대리점_프랜차이즈_대리점,대리점계약서_0054,대리점_프랜차이즈,대리점,대리점계약서,"상법, 민법, 독점규제 및 공정거래에 관한 법률 ",44,3512,대리점_프랜차이즈_대리점/대리점계약서_0054.txt
대리점_프랜차이즈_대리점,대리점계약서_0025,대리점_프랜차이즈,대리점,대리점계약서,"대리점거래의 공정화에 관한 법률, 상법, 개인정보 보호법",74,3182,대리점_프랜차이즈_대리점/대리점계약서_0025.txt
대리점_프랜차이즈_대리점,대리점계약서_0024,대리점_프랜차이즈,대리점,대리점계약서,"대리점거래의 공정화에 관한 법률, 상법, 독점규제 및 공정거래에 관한 법률 ",70,5675,대리점_프랜차이즈_대리점/대리점계약서_0024.txt
대리점_프랜차이즈_대리점,대리점계약서_0013,대리점_프랜차이즈,대리점,대리점계약서,"독점규제 및 공정거래에 관한 법률, 대리점거래의 공정화에 관한 법률",134,9700,대리점_프랜차이즈_대리점/대리점계약서_0013.txt
대리점_프랜차이즈_대리점,대리점계약서_0004,대리점_프랜차이즈,대리점,대리점계약서,"대리점거래의 공정화에 관한 법률, 대리점거래의 공정화에 관한 법률 시행령, 상법",109,7597,대리점_프랜차이즈_대리점/대리점계약서_0004.txt
대리점_프랜차이즈_대리점,대리점계약서_0026,대리점_프랜차이즈,대리점,대리점계약서,"독점규제 및 공정거래에 관한 법률, 대리점거래의 공정화에 관한 법률, 출판문화산업 진흥법",114,8221,대리점_프랜차이즈_대리점/대리점계약서_0026.txt
대리점_프랜차이즈_대리점,대리점계약서_0110,대리점_프랜차이즈,대리점,대리점계약서,"대리점거래의 공정화에 관한 법률, 상법",52,2726,대리점_프랜차이즈_대리점/대리점계약서_0110.txt
대리점_프랜차이즈_대리점,대리점계약서_0039,대리점_프랜차이즈,대리점,대리점계약서,"해운법, 해운법 시행령, 상법",61,4691,대리점_프랜차이즈_대리점/대리점계약서_0039.txt
대리점_프랜차이즈_대리점,대리점계약서_0043,대리점_프랜차이즈,대리점,대리점계약서,"대리점거래의 공정화에 관한 법률, 상법, 독점규제 및 공정거래에 관한 법률 ",38,2071,대리점_프랜차이즈_대리점/대리점계약서_0043.txt
대리점_프랜차이즈_대리점,대리점계약서_0044,대리점_프랜차이즈,대리점,대리점계약서,민법,73,6359,대리점_프랜차이즈_대리점/대리점계약서_0044.txt
대리점_프랜차이즈_대리점,대리점계약서_0052,대리점_프랜차이즈,대리점,대리점계약서,"상법, 대리점거래의 공정화에 관한 법률, 계약의 공정한 절차에 관한 법률",73,4313,대리점_프랜차이즈_대리점/대리점계약서_0052.txt
대리점_프랜차이즈_대리점,대리점계약서_0059,대리점_프랜차이즈,대리점,대리점계약서,"독점규제 및 공정거래에 관한 법률, 대리점거래의 공정화에 관한 법률, 출판문화산업 진흥법",126,8586,대리점_프랜차이즈_대리점/대리점계약서_0059.txt
대리점_프랜차이즈_대리점,대리점계약서_0036,대리점_프랜차이즈,대리점,대리점계약서,"상법, 전자상거래 등에서의 소비자보호에 관한 법률, 정보통신망 이용촉진 및 정보보호 등에 관한 법률",97,4714,대리점_프랜차이즈_대리점/대리점계약서_0036.txt
대리점_프랜차이즈_대리점,대리점계약서_0070,대리점_프랜차이즈,대리점,대리점계약서,"대리점거래의 공정화에 관한 법률, 대외무역법, 상법",52,4331,대리점_프랜차이즈_대리점/대리점계약서_0070.txt
대리점_프랜차이즈_대리점,대리점계약서_0062,대리점_프랜차이즈,대리점,대리점계약서,"대리점거래의 공정화에 관한 법률, 독점규제 및 공정거래에 관한 법률 , 상법",41,2008,대리점_프랜차이즈_대리점/대리점계약서_0062.txt
대리점_프랜차이즈_대리점,대리점계약서_0023,대리점_프랜차이즈,대리점,대리점계약서,대리점거래의 공정화에 관한 법률,41,2036,대리점_프랜차이즈_대리점/대리점계약서_0023.txt
대리점_프랜차이즈_대리점,대리점계약서_0049,대리점_프랜차이즈,대리점,대리점계약서,"독점규제 및 공정거래에 관한 법률, 대리점거래의 공정화에 관한 법률, 출판문화산업 진흥법",128,8670,대리점_프랜차이즈_대리점/대리점계약서_0049.txt
대리점_프랜차이즈_대리점,대리점계약서_0038,대리점_프랜차이즈,대리점,대리점계약서,"독점규제 및 공정거래에 관한 법률, 대리점거래의 공정화에 관한 법률, 석유 및 석유대체연료 사업법",145,10171,대리점_프랜차이즈_대리점/대리점계약서_0038.txt
대리점_프랜차이즈_대리점,대리점계약서_0048,대리점_프랜차이즈,대리점,대리점계약서,"독점규제 및 공정거래에 관한 법률, 대리점거래의 공정화에 관한 법률, 출판문화산업 진흥법",141,9369,대리점_프랜차이즈_대리점/대리점계약서_0048.txt
대리점_프랜차이즈_대리점,대리점계약서_0046,대리점_프랜차이즈,대리점,대리점계약서,"독점규제 및 공정거래에 관한 법률, 대리점거래의 공정화에 관한 법률, 상법, 개인정보 보호법, 신용정보의 이용 및 보호에 관한 법률",128,8633,대리점_프랜차이즈_대리점/대리점계약서_0046.txt
대리점_프랜차이즈_대리점,대리점계약서_0091,대리점_프랜차이즈,대리점,대리점계약서,"대리점거래의 공정화에 관한 법률, 상법",79,6084,대리점_프랜차이즈_대리점/대리점계약서_0091.txt
대리점_프랜차이즈_대리점,대리점계약서_0050,대리점_프랜차이즈,대리점,대리점계약서,"독점규제 및 공정거래에 관한 법률, 대리점거래의 공정화에 관한 법률",129,9039,대리점_프랜차이즈_대리점/대리점계약서_0050.txt
대리점_프랜차이즈_대리점,대리점계약서_0041,대리점_프랜차이즈,대리점,대리점계약서,"방문판매 등에 관한 법률, 방문판매 등에 관한 법률 시행령, 상법, 독점규제 및 공정거래에 관한 법률 ",215,13336,대리점_프랜차이즈_대리점/대리점계약서_0041.txt
대리점_프랜차이즈_대리점,대리점계약서_0047,대리점_프랜차이즈,대리점,대리점계약서,"독점규제 및 공정거래에 관한 법률, 대리점거래의 공정화에 관한 법률, 출판문화산업 진흥법",118,8230,대리점_프랜차이즈_대리점/대리점계약서_0047.txt
대리점_프랜차이즈_대리점,대리점계약서_0073,대리점_프랜차이즈,대리점,대리점계약서,"하도급거래 공정화에 관한 법률, 독점규제 및 공정거래에 관한 법률, 개인정보 보호법",65,3225,대리점_프랜차이즈_대리점/대리점계약서_0073.txt
대리점_프랜차이즈_대리점,대리점계약서_0072,대리점_프랜차이즈,대리점,대리점계약서,"대리점거래의 공정화에 관한 법률, 상법",60,4687,대리점_프랜차이즈_대리점/대리점계약서_0072.txt
대리점_프랜차이즈_대리점,대리점계약서_0056,대리점_프랜차이즈,대리점,대리점계약서,"대리점거래의 공정화에 관한 법률, 표시광고의 공정화에 관한 법률, 전자상거래 등에서의 소비자보호에 관한 법률",58,2637,대리점_프랜차이즈_대리점/대리점계약서_0056.txt
대리점_프랜차이즈_대리점,대리점계약서_0051,대리점_프랜차이즈,대리점,대리점계약서,"독점규제 및 공정거래에 관한 법률, 대리점거래의 공정화에 관한 법률, 석유 및 석유대체연료 사업법",128,9257,대리점_프랜차이즈_대리점/대리점계약서_0051.txt
대리점_프랜차이즈_대리점,대리점계약서_0060,대리점_프랜차이즈,대리점,대리점계약서,"독점규제 및 공정거래에 관한 법률, 대리점거래의 공정화에 관한 법률, 상법",130,9097,대리점_프랜차이즈_대리점/대리점계약서_0060.txt
대리점_프랜차이즈_대리점,대리점계약서_0067,대리점_프랜차이즈,대리점,대리점계약서,"대리점거래의 공정화에 관한 법률, 상법, 민법",29,897,대리점_프랜차이즈_대리점/대리점계약서_0067.txt
대리점_프랜차이즈_대리점,대리점계약서_0063,대리점_프랜차이즈,대리점,대리점계약서,"대리점거래의 공정화에 관한 법률, 상법, 독점규제 및 공정거래에 관한 법률 ",96,4405,대리점_프랜차이즈_대리점/대리점계약서_0063.txt
대리점_프랜차이즈_대리점,대리점계약서_0068,대리점_프랜차이즈,대리점,대리점계약서,"대리점거래의 공정화에 관한 법률, 상법, 대규모유통업에서의 거래 공정화에 관한 법률",40,2288,대리점_프랜차이즈_대리점/대리점계약서_0068.txt
대리점_프랜차이즈_대리점,대리점계약서_0065,대리점_프랜차이즈,대리점,대리점계약서,"대리점거래의 공정화에 관한 법률, 독점규제 및 공정거래에 관한 법률 , 상법",53,3438,대리점_프랜차이즈_대리점/대리점계약서_0065.txt
대리점_프랜차이즈_대리점,대리점계약서_0076,대리점_프랜차이즈,대리점,대리점계약서,"대리점거래의 공정화에 관한 법률, 대리점거래의 공정화에 관한 법률 시행령, 상법",36,1213,대리점_프랜차이즈_대리점/대리점계약서_0076.txt
대리점_프랜차이즈_대리점,대리점계약서_0086,대리점_프랜차이즈,대리점,대리점계약서,"상법, 민법",45,1992,대리점_프랜차이즈_대리점/대리점계약서_0086.txt
대리점_프랜차이즈_대리점,대리점계약서_0034,대리점_프랜차이즈,대리점,대리점계약서,"상법, 독점규제 및 공정거래에 관한 법률",44,1959,대리점_프랜차이즈_대리점/대리점계약서_0034.txt
대리점_프랜차이즈_대리점,대리점계약서_0061,대리점_프랜차이즈,대리점,대리점계약서,"독점규제 및 공정거래에 관한 법률, 대리점거래의 공정화에 관한 법률, 석유 및 석유대체연료 사업법",128,9255,대리점_프랜차이즈_대리점/대리점계약서_0061.txt
대리점_프랜차이즈_대리점,대리점계약서_0022,대리점_프랜차이즈,대리점,대리점계약서,"대리점거래의 공정화에 관한 법률, 상법, 독점규제 및 공정거래에 관한 법률 ",142,8823,대리점_프랜차이즈_대리점/대리점계약서_0022.txt
대리점_프랜차이즈_대리점,대리점계약서_0033,대리점_프랜차이즈,대리점,대리점계약서,"상법, 대리점거래의 공정화에 관한 법률, 독점규제 및 공정거래에 관한 법률 ",51,2563,대리점_프랜차이즈_대리점/대리점계약서_0033.txt
대리점_프랜차이즈_대리점,대리점계약서_0078,대리점_프랜차이즈,대리점,대리점계약서,"대리점거래의 공정화에 관한 법률, 상법",64,3095,대리점_프랜차이즈_대리점/대리점계약서_0078.txt
대리점_프랜차이즈_대리점,대리점계약서_0074,대리점_프랜차이즈,대리점,대리점계약서,"대리점거래의 공정화에 관한 법률, 상법",44,2192,대리점_프랜차이즈_대리점/대리점계약서_0074.txt
대리점_프랜차이즈_대리점,대리점계약서_0095,대리점_프랜차이즈,대리점,대리점계약서,"대리점거래의 공정화에 관한 법률, 유통산업발전법, 상법",81,5469,대리점_프랜차이즈_대리점/대리점계약서_0095.txt
대리점_프랜차이즈_대리점,대리점계약서_0130,대리점_프랜차이즈,대리점,대리점계약서,"대외무역법, 독점규제 및 공정거래에 관한 법률, 상법",76,6340,대리점_프랜차이즈_대리점/대리점계약서_0130.txt
대리점_프랜차이즈_대리점,대리점계약서_0090,대리점_프랜차이즈,대리점,대리점계약서,"독점규제 및 공정거래에 관한 법률, 대리점거래의 공정화에 관한 법률, 개인정보 보호법",109,7526,대리점_프랜차이즈_대리점/대리점계약서_0090.txt
대리점_프랜차이즈_대리점,대리점계약서_0029,대리점_프랜차이즈,대리점,대리점계약서,"독점규제 및 공정거래에 관한 법률, 대리점거래의 공정화에 관한 법률",128,8608,대리점_프랜차이즈_대리점/대리점계약서_0029.txt
대리점_프랜차이즈_대리점,대리점계약서_0094,대리점_프랜차이즈,대리점,대리점계약서,"대리점거래의 공정화에 관한 법률, 상법",99,4806,대리점_프랜차이즈_대리점/대리점계약서_0094.txt
대리점_프랜차이즈_대리점,대리점계약서_0084,대리점_프랜차이즈,대리점,대리점계약서,"대리점거래의 공정화에 관한 법률, 상법",151,9081,대리점_프랜차이즈_대리점/대리점계약서_0084.txt
대리점_프랜차이즈_대리점,대리점계약서_0092,대리점_프랜차이즈,대리점,대리점계약서,"상법, 근로기준법, 산업안전보건법",60,2639,대리점_프랜차이즈_대리점/대리점계약서_0092.txt
대리점_프랜차이즈_대리점,대리점계약서_0119,대리점_프랜차이즈,대리점,대리점계약서,"대리점거래의 공정화에 관한 법률, 대리점거래의 공정화에 관한 법률 시행령, 상법",67,3418,대리점_프랜차이즈_대리점/대리점계약서_0119.txt
대리점_프랜차이즈_대리점,대리점계약서_0107,대리점_프랜차이즈,대리점,대리점계약서,"대리점거래의 공정화에 관한 법률, 상법",52,3619,대리점_프랜차이즈_대리점/대리점계약서_0107.txt
대리점_프랜차이즈_대리점,대리점계약서_0114,대리점_프랜차이즈,대리점,대리점계약서,"대리점거래의 공정화에 관한 법률, 상법",52,3613,대리점_프랜차이즈_대리점/대리점계약서_0114.txt
대리점_프랜차이즈_대리점,대리점계약서_0098,대리점_프랜차이즈,대리점,대리점계약서,"대리점거래의 공정화에 관한 법률, 대리점거래의 공정화에 관한 법률 시행령",62,4218,대리점_프랜차이즈_대리점/대리점계약서_0098.txt
대리점_프랜차이즈_대리점,대리점계약서_0075,대리점_프랜차이즈,대리점,대리점계약서,"대리점거래의 공정화에 관한 법률, 상법",156,9768,대리점_프랜차이즈_대리점/대리점계약서_0075.txt
대리점_프랜차이즈_대리점,대리점계약서_0093,대리점_프랜차이즈,대리점,대리점계약서,"대리점거래의 공정화에 관한 법률, 상법",60,3053,대리점_프랜차이즈_대리점/대리점계약서_0093.txt
대리점_프랜차이즈_대리점,대리점계약서_0105,대리점_프랜차이즈,대리점,대리점계약서,"대리점거래의 공정화에 관한 법률, 상법",52,2721,대리점_프랜차이즈_대리점/대리점계약서_0105.txt
대리점_프랜차이즈_대리점,대리점계약서_0116,대리점_프랜차이즈,대리점,대리점계약서,"대리점거래의 공정화에 관한 법률, 상법",103,7161,대리점_프랜차이즈_대리점/대리점계약서_0116.txt
대리점_프랜차이즈_대리점,대리점계약서_0136,대리점_프랜차이즈,대리점,대리점계약서,"상법, 민법, 대리점거래의 공정화에 관한 법률",44,1956,대리점_프랜차이즈_대리점/대리점계약서_0136.txt
대리점_프랜차이즈_대리점,대리점계약서_0115,대리점_프랜차이즈,대리점,대리점계약서,"대리점거래의 공정화에 관한 법률, 상법",53,3613,대리점_프랜차이즈_대리점/대리점계약서_0115.txt
대리점_프랜차이즈_대리점,대리점계약서_0085,대리점_프랜차이즈,대리점,대리점계약서,"대리점거래의 공정화에 관한 법률, 상법",25,1090,대리점_프랜차이즈_대리점/대리점계약서_0085.txt
대리점_프랜차이즈_대리점,대리점계약서_0099,대리점_프랜차이즈,대리점,대리점계약서,"상법, 민법, 대외무역법",43,3010,대리점_프랜차이즈_대리점/대리점계약서_0099.txt
대리점_프랜차이즈_대리점,대리점계약서_0111,대리점_프랜차이즈,대리점,대리점계약서,"대리점거래의 공정화에 관한 법률, 상법",104,4705,대리점_프랜차이즈_대리점/대리점계약서_0111.txt
대리점_프랜차이즈_대리점,대리점계약서_0079,대리점_프랜차이즈,대리점,대리점계약서,"대리점거래의 공정화에 관한 법률, 상법, 독점규제 및 공정거래에 관한 법률",62,4842,대리점_프랜차이즈_대리점/대리점계약서_0079.txt
대리점_프랜차이즈_대리점,대리점계약서_0109,대리점_프랜차이즈,대리점,대리점계약서,"대리점거래의 공정화에 관한 법률, 상법",52,2729,대리점_프랜차이즈_대리점/대리점계약서_0109.txt
대리점_프랜차이즈_대리점,대리점계약서_0087,대리점_프랜차이즈,대리점,대리점계약서,"독점규제 및 공정거래에 관한 법률, 대리점거래의 공정화에 관한 법률, 상법",113,7738,대리점_프랜차이즈_대리점/대리점계약서_0087.txt
대리점_프랜차이즈_대리점,대리점계약서_0100,대리점_프랜차이즈,대리점,대리점계약서,"대리점거래의 공정화에 관한 법률, 상법",73,4307,대리점_프랜차이즈_대리점/대리점계약서_0100.txt
대리점_프랜차이즈_대리점,대리점계약서_0131,대리점_프랜차이즈,대리점,대리점계약서,"대외무역법, 상법",96,7580,대리점_프랜차이즈_대리점/대리점계약서_0131.txt
대리점_프랜차이즈_대리점,대리점계약서_0113,대리점_프랜차이즈,대리점,대리점계약서,"대리점거래의 공정화에 관한 법률, 상법",50,3522,대리점_프랜차이즈_대리점/대리점계약서_0113.txt
대리점_프랜차이즈_대리점,대리점계약서_0102,대리점_프랜차이즈,대리점,대리점계약서,"대리점거래의 공정화에 관한 법률, 상법",53,3205,대리점_프랜차이즈_대리점/대리점계약서_0102.txt
대리점_프랜차이즈_대리점,대리점계약서_0124,대리점_프랜차이즈,대리점,대리점계약서,"대리점거래의 공정화에 관한 법률, 상법",82,6782,대리점_프랜차이즈_대리점/대리점계약서_0124.txt
대리점_프랜차이즈_대리점,대리점계약서_0139,대리점_프랜차이즈,대리점,대리점계약서,"상법, 민법, 전자상거래 등에서의 소비자보호에 관한 법률",44,1951,대리점_프랜차이즈_대리점/대리점계약서_0139.txt
대리점_프랜차이즈_대리점,대리점계약서_0118,대리점_프랜차이즈,대리점,대리점계약서,민법,109,7520,대리점_프랜차이즈_대리점/대리점계약서_0118.txt
대리점_프랜차이즈_대리점,대리점계약서_0108,대리점_프랜차이즈,대리점,대리점계약서,"대리점거래의 공정화에 관한 법률, 상법",104,4704,대리점_프랜차이즈_대리점/대리점계약서_0108.txt
대리점_프랜차이즈_대리점,대리점계약서_0163,대리점_프랜차이즈,대리점,대리점계약서,"대리점거래의 공정화에 관한 법률, 상법",38,2050,대리점_프랜차이즈_대리점/대리점계약서_0163.txt
대리점_프랜차이즈_대리점,대리점계약서_0129,대리점_프랜차이즈,대리점,대리점계약서,"대외무역법, 독점규제 및 공정거래에 관한 법률, 상법",76,6343,대리점_프랜차이즈_대리점/대리점계약서_0129.txt
대리점_프랜차이즈_대리점,대리점계약서_0121,대리점_프랜차이즈,대리점,대리점계약서,"대리점거래의 공정화에 관한 법률, 상법, 보험업법",67,3400,대리점_프랜차이즈_대리점/대리점계약서_0121.txt
대리점_프랜차이즈_대리점,대리점계약서_0177,대리점_프랜차이즈,대리점,대리점계약서,"개인정보 보호법, 상법",69,3173,대리점_프랜차이즈_대리점/대리점계약서_0177.txt
대리점_프랜차이즈_대리점,대리점계약서_0137,대리점_프랜차이즈,대리점,대리점계약서,"상법, 민법",44,1958,대리점_프랜차이즈_대리점/대리점계약서_0137.txt
대리점_프랜차이즈_대리점,대리점계약서_0138,대리점_프랜차이즈,대리점,대리점계약서,"대리점거래의 공정화에 관한 법률, 상법",44,1961,대리점_프랜차이즈_대리점/대리점계약서_0138.txt
대리점_프랜차이즈_대리점,대리점계약서_0152,대리점_프랜차이즈,대리점,대리점계약서,대리점거래의 공정화에 관한 법률,102,4606,대리점_프랜차이즈_대리점/대리점계약서_0152.txt
대리점_프랜차이즈_대리점,대리점계약서_0158,대리점_프랜차이즈,대리점,대리점계약서,"대리점거래의 공정화에 관한 법률, 상법",53,3220,대리점_프랜차이즈_대리점/대리점계약서_0158.txt
대리점_프랜차이즈_대리점,대리점계약서_0126,대리점_프랜차이즈,대리점,대리점계약서,"대리점거래의 공정화에 관한 법률, 상법",96,7839,대리점_프랜차이즈_대리점/대리점계약서_0126.txt
대리점_프랜차이즈_대리점,대리점계약서_0184,대리점_프랜차이즈,대리점,대리점계약서,상법,70,5701,대리점_프랜차이즈_대리점/대리점계약서_0184.txt
대리점_프랜차이즈_대리점,대리점계약서_0106,대리점_프랜차이즈,대리점,대리점계약서,"대리점거래의 공정화에 관한 법률, 상법",52,2737,대리점_프랜차이즈_대리점/대리점계약서_0106.txt
대리점_프랜차이즈_대리점,대리점계약서_0103,대리점_프랜차이즈,대리점,대리점계약서,"대리점거래의 공정화에 관한 법률, 상법",111,7547,대리점_프랜차이즈_대리점/대리점계약서_0103.txt
대리점_프랜차이즈_대리점,대리점계약서_0155,대리점_프랜차이즈,대리점,대리점계약서,"상법, 대리점거래의 공정화에 관한 법률",43,3009,대리점_프랜차이즈_대리점/대리점계약서_0155.txt
대리점_프랜차이즈_대리점,대리점계약서_0183,대리점_프랜차이즈,대리점,대리점계약서,"상법, 민법, 대리점거래의 공정화에 관한 법률",49,2527,대리점_프랜차이즈_대리점/대리점계약서_0183.txt
대리점_프랜차이즈_대리점,대리점계약서_0053,대리점_프랜차이즈,대리점,대리점계약서,"대외무역법, 상법, 독점규제 및 공정거래에 관한 법률 ",93,7298,대리점_프랜차이즈_대리점/대리점계약서_0053.txt
대리점_프랜차이즈_대리점,대리점계약서_0134,대리점_프랜차이즈,대리점,대리점계약서,"상법, 민법, 대리점거래의 공정화에 관한 법률",52,2602,대리점_프랜차이즈_대리점/대리점계약서_0134.txt
대리점_프랜차이즈_대리점,대리점계약서_0127,대리점_프랜차이즈,대리점,대리점계약서,"대리점거래의 공정화에 관한 법률, 상법",76,6216,대리점_프랜차이즈_대리점/대리점계약서_0127.txt
대리점_프랜차이즈_대리점,대리점계약서_0122,대리점_프랜차이즈,대리점,대리점계약서,"대리점거래의 공정화에 관한 법률, 상법, 대리점거래의 공정화에 관한 법률 시행령",67,3402,대리점_프랜차이즈_대리점/대리점계약서_0122.txt
대리점_프랜차이즈_대리점,대리점계약서_0143,대리점_프랜차이즈,대리점,대리점계약서,"독점규제 및 공정거래에 관한 법률, 대리점거래의 공정화에 관한 법률, 개인정보 보호법",111,7701,대리점_프랜차이즈_대리점/대리점계약서_0143.txt
대리점_프랜차이즈_대리점,대리점계약서_0117,대리점_프랜차이즈,대리점,대리점계약서,"대리점거래의 공정화에 관한 법률, 상법, 대외무역법",110,7547,대리점_프랜차이즈_대리점/대리점계약서_0117.txt
대리점_프랜차이즈_대리점,대리점계약서_0140,대리점_프랜차이즈,대리점,대리점계약서,"상법, 민법, 부동산 거래신고 등에 관한 법률",50,2297,대리점_프랜차이즈_대리점/대리점계약서_0140.txt
대리점_프랜차이즈_대리점,대리점계약서_0128,대리점_프랜차이즈,대리점,대리점계약서,"대외무역법, 상법",96,7525,대리점_프랜차이즈_대리점/대리점계약서_0128.txt
대리점_프랜차이즈_대리점,대리점계약서_0182,대리점_프랜차이즈,대리점,대리점계약서,"대리점거래의 공정화에 관한 법률, 상법",142,8779,대리점_프랜차이즈_대리점/대리점계약서_0182.txt
대리점_프랜차이즈_대리점,대리점계약서_0156,대리점_프랜차이즈,대리점,대리점계약서,"약사법, 소비자기본법, 제조물 책임법",73,4303,대리점_프랜차이즈_대리점/대리점계약서_0156.txt
대리점_프랜차이즈_대리점,대리점계약서_0133,대리점_프랜차이즈,대리점,대리점계약서,"상법, 부가가치세법",52,2581,대리점_프랜차이즈_대리점/대리점계약서_0133.txt
대리점_프랜차이즈_대리점,대리점계약서_0149,대리점_프랜차이즈,대리점,대리점계약서,"대리점거래의 공정화에 관한 법률, 상법, 민법",60,3053,대리점_프랜차이즈_대리점/대리점계약서_0149.txt
대리점_프랜차이즈_대리점,대리점계약서_0175,대리점_프랜차이즈,대리점,대리점계약서,"가맹사업거래의 공정화에 관한 법률, 개인정보 보호법, 상법",70,3176,대리점_프랜차이즈_대리점/대리점계약서_0175.txt
대리점_프랜차이즈_대리점,대리점계약서_0146,대리점_프랜차이즈,대리점,대리점계약서,"독점규제 및 공정거래에 관한 법률, 대리점거래의 공정화에 관한 법률, 상법",109,7532,대리점_프랜차이즈_대리점/대리점계약서_0146.txt
대리점_프랜차이즈_대리점,대리점계약서_0176,대리점_프랜차이즈,대리점,대리점계약서,"상법, 개인정보 보호법",68,3184,대리점_프랜차이즈_대리점/대리점계약서_0176.txt
대리점_프랜차이즈_대리점,대리점계약서_0150,대리점_프랜차이즈,대리점,대리점계약서,"대리점거래의 공정화에 관한 법률, 상법",99,4808,대리점_프랜차이즈_대리점/대리점계약서_0150.txt
대리점_프랜차이즈_대리점,대리점계약서_0166,대리점_프랜차이즈,대리점,대리점계약서,"대리점거래의 공정화에 관한 법률, 상법",38,2065,대리점_프랜차이즈_대리점/대리점계약서_0166.txt
대리점_프랜차이즈_대리점,대리점계약서_0165,대리점_프랜차이즈,대리점,대리점계약서,"대리점거래의 공정화에 관한 법률, 상법, 정보통신망 이용촉진 및 정보보호 등에 관한 법률",48,2574,대리점_프랜차이즈_대리점/대리점계약서_0165.txt
대리점_프랜차이즈_대리점,대리점계약서_0193,대리점_프랜차이즈,대리점,대리점계약서,"대리점거래의 공정화에 관한 법률, 상법",52,4296,대리점_프랜차이즈_대리점/대리점계약서_0193.txt
대리점_프랜차이즈_대리점,대리점계약서_0209,대리점_프랜차이즈,대리점,대리점계약서,"대리점거래의 공정화에 관한 법률, 상법",38,2064,대리점_프랜차이즈_대리점/대리점계약서_0209.txt
대리점_프랜차이즈_대리점,대리점계약서_0198,대리점_프랜차이즈,대리점,대리점계약서,"대리점거래의 공정화에 관한 법률, 상법",146,9123,대리점_프랜차이즈_대리점/대리점계약서_0198.txt
대리점_프랜차이즈_대리점,대리점계약서_0170,대리점_프랜차이즈,대리점,대리점계약서,"독점규제 및 공정거래에 관한 법률, 대리점거래의 공정화에 관한 법률, 상법",127,8645,대리점_프랜차이즈_대리점/대리점계약서_0170.txt
대리점_프랜차이즈_대리점,대리점계약서_0159,대리점_프랜차이즈,대리점,대리점계약서,"대리점거래의 공정화에 관한 법률, 상법",88,5683,대리점_프랜차이즈_대리점/대리점계약서_0159.txt
대리점_프랜차이즈_대리점,대리점계약서_0179,대리점_프랜차이즈,대리점,대리점계약서,"하도급거래 공정화에 관한 법률, 독점규제 및 공정거래에 관한 법률",53,2810,대리점_프랜차이즈_대리점/대리점계약서_0179.txt
대리점_프랜차이즈_대리점,대리점계약서_0196,대리점_프랜차이즈,대리점,대리점계약서,"전자상거래 등에서의 소비자보호에 관한 법률, 대외무역법",51,4288,대리점_프랜차이즈_대리점/대리점계약서_0196.txt
대리점_프랜차이즈_대리점,대리점계약서_0161,대리점_프랜차이즈,대리점,대리점계약서,"대리점거래의 공정화에 관한 법률, 상법",131,8531,대리점_프랜차이즈_대리점/대리점계약서_0161.txt
대리점_프랜차이즈_대리점,대리점계약서_0169,대리점_프랜차이즈,대리점,대리점계약서,"독점규제 및 공정거래에 관한 법률, 대리점거래의 공정화에 관한 법률, 개인정보 보호법",127,8668,대리점_프랜차이즈_대리점/대리점계약서_0169.txt
대리점_프랜차이즈_대리점,대리점계약서_0144,대리점_프랜차이즈,대리점,대리점계약서,"대리점거래의 공정화에 관한 법률, 상법",67,3684,대리점_프랜차이즈_대리점/대리점계약서_0144.txt
대리점_프랜차이즈_대리점,대리점계약서_0186,대리점_프랜차이즈,대리점,대리점계약서,상법,41,2008,대리점_프랜차이즈_대리점/대리점계약서_0186.txt
대리점_프랜차이즈_대리점,대리점계약서_0148,대리점_프랜차이즈,대리점,대리점계약서,"상법, 근로기준법, 산업안전보건법",57,2637,대리점_프랜차이즈_대리점/대리점계약서_0148.txt
대리점_프랜차이즈_대리점,대리점계약서_0174,대리점_프랜차이즈,대리점,대리점계약서,"하도급거래 공정화에 관한 법률, 독점규제 및 공정거래에 관한 법률, 소비자기본법",51,2726,대리점_프랜차이즈_대리점/대리점계약서_0174.txt
대리점_프랜차이즈_대리점,대리점계약서_0167,대리점_프랜차이즈,대리점,대리점계약서,"독점규제 및 공정거래에 관한 법률, 대리점거래의 공정화에 관한 법률, 상법",127,8635,대리점_프랜차이즈_대리점/대리점계약서_0167.txt
대리점_프랜차이즈_대리점,대리점계약서_0178,대리점_프랜차이즈,대리점,대리점계약서,"개인정보 보호법, 상법",71,3262,대리점_프랜차이즈_대리점/대리점계약서_0178.txt
대리점_프랜차이즈_대리점,대리점계약서_0185,대리점_프랜차이즈,대리점,대리점계약서,"대리점거래의 공정화에 관한 법률, 상법",55,2436,대리점_프랜차이즈_대리점/대리점계약서_0185.txt
대리점_프랜차이즈_대리점,대리점계약서_0168,대리점_프랜차이즈,대리점,대리점계약서,"독점규제 및 공정거래에 관한 법률, 대리점거래의 공정화에 관한 법률, 상법",128,8726,대리점_프랜차이즈_대리점/대리점계약서_0168.txt
대리점_프랜차이즈_대리점,대리점계약서_0191,대리점_프랜차이즈,대리점,대리점계약서,"대리점거래의 공정화에 관한 법률, 상법",56,2433,대리점_프랜차이즈_대리점/대리점계약서_0191.txt
대리점_프랜차이즈_대리점,대리점계약서_0199,대리점_프랜차이즈,대리점,대리점계약서,"대외무역법, 상법, 대리점거래의 공정화에 관한 법률",51,4295,대리점_프랜차이즈_대리점/대리점계약서_0199.txt
대리점_프랜차이즈_대리점,대리점계약서_0207,대리점_프랜차이즈,대리점,대리점계약서,"상법, 민법",42,2409,대리점_프랜차이즈_대리점/대리점계약서_0207.txt
대리점_프랜차이즈_대리점,대리점계약서_0206,대리점_프랜차이즈,대리점,대리점계약서,대리점거래의 공정화에 관한 법률,38,2072,대리점_프랜차이즈_대리점/대리점계약서_0206.txt
대리점_프랜차이즈_대리점,대리점계약서_0147,대리점_프랜차이즈,대리점,대리점계약서,"대외무역법, 상법, 독점규제 및 공정거래에 관한 법률",79,6040,대리점_프랜차이즈_대리점/대리점계약서_0147.txt
대리점_프랜차이즈_대리점,대리점계약서_0188,대리점_프랜차이즈,대리점,대리점계약서,"대외무역법, 상법, 대리점거래의 공정화에 관한 법률",70,5647,대리점_프랜차이즈_대리점/대리점계약서_0188.txt
대리점_프랜차이즈_대리점,대리점계약서_0202,대리점_프랜차이즈,대리점,대리점계약서,"대리점거래의 공정화에 관한 법률, 유통산업발전법",88,5686,대리점_프랜차이즈_대리점/대리점계약서_0202.txt
대리점_프랜차이즈_대리점,대리점계약서_0189,대리점_프랜차이즈,대리점,대리점계약서,"상법, 대리점거래의 공정화에 관한 법률, 민법",39,1886,대리점_프랜차이즈_대리점/대리점계약서_0189.txt
대리점_프랜차이즈_대리점,대리점계약서_0192,대리점_프랜차이즈,대리점,대리점계약서,"대리점거래의 공정화에 관한 법률, 상법",52,4239,대리점_프랜차이즈_대리점/대리점계약서_0192.txt
대리점_프랜차이즈_대리점,대리점계약서_0201,대리점_프랜차이즈,대리점,대리점계약서,대리점계약서,52,4293,대리점_프랜차이즈_대리점/대리점계약서_0201.txt
대리점_프랜차이즈_대리점,대리점계약서_0195,대리점_프랜차이즈,대리점,대리점계약서,"대리점거래의 공정화에 관한 법률, 하도급거래 공정화에 관한 법률",52,4203,대리점_프랜차이즈_대리점/대리점계약서_0195.txt
대리점_프랜차이즈_대리점,대리점계약서_0194,대리점_프랜차이즈,대리점,대리점계약서,대리점계약서,47,3830,대리점_프랜차이즈_대리점/대리점계약서_0194.txt
인사_고용_노무_고용계약,근로계약서_0005,인사_고용_노무,고용계약,근로(고용)계약서,근로기준법,50,3040,인사_고용_노무_고용계약/근로계약서_0005.txt
인사_고용_노무_고용계약,근로계약서_0018,인사_고용_노무,고용계약,근로(고용)계약서,근로기준법,5,176,인사_고용_노무_고용계약/근로계약서_0018.txt
인사_고용_노무_고용계약,근로계약서_0006,인사_고용_노무,고용계약,근로(고용)계약서,"근로기준법, 근로자퇴직급여보장법, 부정경쟁방지 및 영업비밀보호에 관한 법률",39,1786,인사_고용_노무_고용계약/근로계약서_0006.txt
인사_고용_노무_고용계약,근로계약서_0027,인사_고용_노무,고용계약,근로(고용)계약서,근로기준법,12,276,인사_고용_노무_고용계약/근로계약서_0027.txt
인사_고용_노무_고용계약,근로계약서_0008,인사_고용_노무,고용계약,근로(고용)계약서,근로기준법 ,49,3222,인사_고용_노무_고용계약/근로계약서_0008.txt
인사_고용_노무_고용계약,근로계약서_0007,인사_고용_노무,고용계약,근로(고용)계약서,근로기준법 ,22,713,인사_고용_노무_고용계약/근로계약서_0007.txt
인사_고용_노무_고용계약,근로계약서_0034,인사_고용_노무,고용계약,근로(고용)계약서,"근로기준법, 고용보험법, 산재보험법, 국민연금법",27,768,인사_고용_노무_고용계약/근로계약서_0034.txt
인사_고용_노무_고용계약,근로계약서_0023,인사_고용_노무,고용계약,근로(고용)계약서,근로기준법 ,1,2038,인사_고용_노무_고용계약/근로계약서_0023.txt
인사_고용_노무_고용계약,근로계약서_0010,인사_고용_노무,고용계약,근로(고용)계약서,공인중개사법,18,1241,인사_고용_노무_고용계약/근로계약서_0010.txt
인사_고용_노무_고용계약,근로계약서_0013,인사_고용_노무,고용계약,근로(고용)계약서,"근로기준법, 고용보험법, 산업재해보상보험법, 국민연금법, 국민건강보험법",31,842,인사_고용_노무_고용계약/근로계약서_0013.txt
인사_고용_노무_고용계약,근로계약서_0053,인사_고용_노무,고용계약,근로(고용)계약서,"근로기준법, 국민연금법, 고용보험법, 산업재해보상보험법, 민법, 부정경쟁방지 및 영업비밀보호에 관한 법률",7,2002,인사_고용_노무_고용계약/근로계약서_0053.txt
인사_고용_노무_고용계약,근로계약서_0024,인사_고용_노무,고용계약,근로(고용)계약서,근로기준법 ,15,841,인사_고용_노무_고용계약/근로계약서_0024.txt
인사_고용_노무_고용계약,근로계약서_0068,인사_고용_노무,고용계약,근로(고용)계약서,"근로기준법, 형법",32,1195,인사_고용_노무_고용계약/근로계약서_0068.txt
인사_고용_노무_고용계약,근로계약서_0004,인사_고용_노무,고용계약,근로(고용)계약서,근로기준법 ,30,1272,인사_고용_노무_고용계약/근로계약서_0004.txt
인사_고용_노무_고용계약,근로계약서_0009,인사_고용_노무,고용계약,근로(고용)계약서,"근로기준법, 저작권법, 민법",31,1567,인사_고용_노무_고용계약/근로계약서_0009.txt
인사_고용_노무_고용계약,근로계약서_0016,인사_고용_노무,고용계약,근로(고용)계약서,"근로기준법, 공연법, 문화예술진흥법",83,5547,인사_고용_노무_고용계약/근로계약서_0016.txt
인사_고용_노무_고용계약,근로계약서_0057,인사_고용_노무,고용계약,근로(고용)계약서,"근로기준법, 고용보험법, 산업재해보상보험법, 국민연금법, 민법",79,3701,인사_고용_노무_고용계약/근로계약서_0057.txt
인사_고용_노무_고용계약,근로계약서_0033,인사_고용_노무,고용계약,근로(고용)계약서,"상법, 민법",69,2793,인사_고용_노무_고용계약/근로계약서_0033.txt
인사_고용_노무_고용계약,근로계약서_0050,인사_고용_노무,고용계약,근로(고용)계약서,근로기준법,68,3822,인사_고용_노무_고용계약/근로계약서_0050.txt
인사_고용_노무_고용계약,근로계약서_0025,인사_고용_노무,고용계약,근로(고용)계약서,"상법, 민법, 근로기준법",76,4676,인사_고용_노무_고용계약/근로계약서_0025.txt
인사_고용_노무_고용계약,근로계약서_0046,인사_고용_노무,고용계약,근로(고용)계약서,"근로기준법, 개인정보 보호법",52,3248,인사_고용_노무_고용계약/근로계약서_0046.txt
인사_고용_노무_고용계약,근로계약서_0019,인사_고용_노무,고용계약,근로(고용)계약서,"근로기준법, 개인정보 보호법 ",62,3490,인사_고용_노무_고용계약/근로계약서_0019.txt
인사_고용_노무_고용계약,근로계약서_0014,인사_고용_노무,고용계약,근로(고용)계약서,"근로기준법, 고용보험법, 산업재해보상보험법, 국민연금법, 국민건강보험법",26,913,인사_고용_노무_고용계약/근로계약서_0014.txt
인사_고용_노무_고용계약,근로계약서_0028,인사_고용_노무,고용계약,근로(고용)계약서,"근로기준법, 고용보험법, 산재보험법, 국민연금법",70,2777,인사_고용_노무_고용계약/근로계약서_0028.txt
인사_고용_노무_고용계약,근로계약서_0029,인사_고용_노무,고용계약,근로(고용)계약서,"근로기준법, 고용보험법, 산재보험법, 국민연금법",58,2913,인사_고용_노무_고용계약/근로계약서_0029.txt
인사_고용_노무_고용계약,근로계약서_0031,인사_고용_노무,고용계약,근로(고용)계약서,근로기준법,54,3595,인사_고용_노무_고용계약/근로계약서_0031.txt
인사_고용_노무_고용계약,근로계약서_0011,인사_고용_노무,고용계약,근로(고용)계약서,"근로기준법, 자동차손해배상보장법 ",27,1649,인사_고용_노무_고용계약/근로계약서_0011.txt
인사_고용_노무_고용계약,근로계약서_0085,인사_고용_노무,고용계약,근로(고용)계약서,"근로기준법, 근로기준법 시행령",59,3053,인사_고용_노무_고용계약/근로계약서_0085.txt
인사_고용_노무_고용계약,근로계약서_0015,인사_고용_노무,고용계약,근로(고용)계약서,"근로기준법, 상법 ",29,1637,인사_고용_노무_고용계약/근로계약서_0015.txt
인사_고용_노무_고용계약,근로계약서_0059,인사_고용_노무,고용계약,근로(고용)계약서,근로기준법 ,47,2426,인사_고용_노무_고용계약/근로계약서_0059.txt
인사_고용_노무_고용계약,근로계약서_0079,인사_고용_노무,고용계약,근로(고용)계약서,"의료법, 근로기준법 ",81,4013,인사_고용_노무_고용계약/근로계약서_0079.txt
인사_고용_노무_고용계약,근로계약서_0049,인사_고용_노무,고용계약,근로(고용)계약서,근로기준법 ,26,1479,인사_고용_노무_고용계약/근로계약서_0049.txt
인사_고용_노무_고용계약,근로계약서_0076,인사_고용_노무,고용계약,근로(고용)계약서,근로기준법 ,47,1806,인사_고용_노무_고용계약/근로계약서_0076.txt
인사_고용_노무_고용계약,근로계약서_0040,인사_고용_노무,고용계약,근로(고용)계약서,"근로기준법, 영화 및 비디오물의 진흥에 관한 법률 ",121,7623,인사_고용_노무_고용계약/근로계약서_0040.txt
인사_고용_노무_고용계약,근로계약서_0052,인사_고용_노무,고용계약,근로(고용)계약서,근로기준법 ,38,1622,인사_고용_노무_고용계약/근로계약서_0052.txt
인사_고용_노무_고용계약,근로계약서_0032,인사_고용_노무,고용계약,근로(고용)계약서,근로기준법 ,76,3267,인사_고용_노무_고용계약/근로계약서_0032.txt
인사_고용_노무_고용계약,근로계약서_0022,인사_고용_노무,고용계약,근로(고용)계약서,근로기준법 ,25,1013,인사_고용_노무_고용계약/근로계약서_0022.txt
인사_고용_노무_고용계약,근로계약서_0081,인사_고용_노무,고용계약,근로(고용)계약서,"근로기준법, 근로기준법 시행령 ",68,2820,인사_고용_노무_고용계약/근로계약서_0081.txt
인사_고용_노무_고용계약,근로계약서_0056,인사_고용_노무,고용계약,근로(고용)계약서,근로기준법 ,66,2814,인사_고용_노무_고용계약/근로계약서_0056.txt
인사_고용_노무_고용계약,근로계약서_0063,인사_고용_노무,고용계약,근로(고용)계약서,"근로기준법, 고용보험법, 산업재해보상보험법, 국민연금법, 국민건강보험법",50,2625,인사_고용_노무_고용계약/근로계약서_0063.txt
인사_고용_노무_고용계약,근로계약서_0021,인사_고용_노무,고용계약,근로(고용)계약서,"근로기준법,  최저임금법",61,2712,인사_고용_노무_고용계약/근로계약서_0021.txt
인사_고용_노무_고용계약,근로계약서_0035,인사_고용_노무,고용계약,근로(고용)계약서,근로기준법 ,31,1158,인사_고용_노무_고용계약/근로계약서_0035.txt
인사_고용_노무_고용계약,근로계약서_0083,인사_고용_노무,고용계약,근로(고용)계약서,"근로기준법, 근로자퇴직급여 보장법, 최저임금법",19,595,인사_고용_노무_고용계약/근로계약서_0083.txt
인사_고용_노무_고용계약,근로계약서_0082,인사_고용_노무,고용계약,근로(고용)계약서,"노인장기요양보험법, 노인복지법, 근로기준법",51,2015,인사_고용_노무_고용계약/근로계약서_0082.txt
인사_고용_노무_고용계약,근로계약서_0077,인사_고용_노무,고용계약,근로(고용)계약서,"근로기준법, 근로기준법 시행령, 고용보험법",37,1331,인사_고용_노무_고용계약/근로계약서_0077.txt
인사_고용_노무_고용계약,근로계약서_0069,인사_고용_노무,고용계약,근로(고용)계약서,"의료법, 근로기준법, 민법",57,3361,인사_고용_노무_고용계약/근로계약서_0069.txt
인사_고용_노무_고용계약,근로계약서_0080,인사_고용_노무,고용계약,근로(고용)계약서,"근로기준법, 민법",36,1845,인사_고용_노무_고용계약/근로계약서_0080.txt
인사_고용_노무_고용계약,근로계약서_0075,인사_고용_노무,고용계약,근로(고용)계약서,"근로기준법, 근로자의 날 제정에 관한 법률 ",28,932,인사_고용_노무_고용계약/근로계약서_0075.txt
인사_고용_노무_고용계약,근로계약서_0096,인사_고용_노무,고용계약,근로(고용)계약서,"근로기준법, 개인정보 보호법, 근로기준법 시행령",72,4036,인사_고용_노무_고용계약/근로계약서_0096.txt
인사_고용_노무_고용계약,근로계약서_0030,인사_고용_노무,고용계약,근로(고용)계약서,근로기준법,23,981,인사_고용_노무_고용계약/근로계약서_0030.txt
인사_고용_노무_고용계약,근로계약서_0043,인사_고용_노무,고용계약,근로(고용)계약서,"근로기준법, 개인정보보호법 ",45,2690,인사_고용_노무_고용계약/근로계약서_0043.txt
인사_고용_노무_고용계약,근로계약서_0036,인사_고용_노무,고용계약,근로(고용)계약서,"근로기준법, 고용보험법, 국민연금법 ",62,4907,인사_고용_노무_고용계약/근로계약서_0036.txt
인사_고용_노무_고용계약,근로계약서_0073,인사_고용_노무,고용계약,근로(고용)계약서,근로기준법 ,17,516,인사_고용_노무_고용계약/근로계약서_0073.txt
인사_고용_노무_고용계약,근로계약서_0091,인사_고용_노무,고용계약,근로(고용)계약서,"근로기준법, 근로자의 날 제정에 관한 법률, 관공서의 공휴일에 관한 규정",56,2881,인사_고용_노무_고용계약/근로계약서_0091.txt
인사_고용_노무_고용계약,근로계약서_0058,인사_고용_노무,고용계약,근로(고용)계약서,근로기준법,48,2409,인사_고용_노무_고용계약/근로계약서_0058.txt
인사_고용_노무_고용계약,근로계약서_0093,인사_고용_노무,고용계약,근로(고용)계약서,"근로기준법, 근로기준법 시행령, 개인정보 보호법",68,3730,인사_고용_노무_고용계약/근로계약서_0093.txt
인사_고용_노무_고용계약,근로계약서_0055,인사_고용_노무,고용계약,근로(고용)계약서,"근로기준법, 근로기준법 시행령",55,3495,인사_고용_노무_고용계약/근로계약서_0055.txt
인사_고용_노무_고용계약,근로계약서_0161,인사_고용_노무,고용계약,근로(고용)계약서,"근로기준법, 고용보험법, 근로기준법 시행령",73,3009,인사_고용_노무_고용계약/근로계약서_0161.txt
인사_고용_노무_고용계약,근로계약서_0092,인사_고용_노무,고용계약,근로(고용)계약서,"근로기준법, 근로자의 날 제정에 관한 법률, 관공서의 공휴일에 관한 규정",55,2403,인사_고용_노무_고용계약/근로계약서_0092.txt
인사_고용_노무_고용계약,근로계약서_0126,인사_고용_노무,고용계약,근로(고용)계약서,"근로기준법, 근로기준법 시행령, 근로자퇴직급여 보장법",52,2661,인사_고용_노무_고용계약/근로계약서_0126.txt
인사_고용_노무_고용계약,근로계약서_0071,인사_고용_노무,고용계약,근로(고용)계약서,근로기준법,21,470,인사_고용_노무_고용계약/근로계약서_0071.txt
인사_고용_노무_고용계약,근로계약서_0102,인사_고용_노무,고용계약,근로(고용)계약서,"근로기준법, 자동차손해배상 보장법, 근로기준법 시행령",30,1600,인사_고용_노무_고용계약/근로계약서_0102.txt
인사_고용_노무_고용계약,근로계약서_0054,인사_고용_노무,고용계약,근로(고용)계약서,근로기준법 ,75,5819,인사_고용_노무_고용계약/근로계약서_0054.txt
인사_고용_노무_고용계약,근로계약서_0086,인사_고용_노무,고용계약,근로(고용)계약서,"근로기준법, 근로기준법 시행령, 개인정보 보호법",76,3175,인사_고용_노무_고용계약/근로계약서_0086.txt
인사_고용_노무_고용계약,근로계약서_0089,인사_고용_노무,고용계약,근로(고용)계약서,"근로기준법, 근로자의 날 제정에 관한 법률, 관공서의 공휴일에 관한 규정",49,2450,인사_고용_노무_고용계약/근로계약서_0089.txt
인사_고용_노무_고용계약,근로계약서_0115,인사_고용_노무,고용계약,근로(고용)계약서,"근로기준법, 고용보험법, 국민연금법",42,1907,인사_고용_노무_고용계약/근로계약서_0115.txt
인사_고용_노무_고용계약,근로계약서_0108,인사_고용_노무,고용계약,근로(고용)계약서,"상법, 민법, 개인정보 보호법",75,3371,인사_고용_노무_고용계약/근로계약서_0108.txt
인사_고용_노무_고용계약,근로계약서_0098,인사_고용_노무,고용계약,근로(고용)계약서,"근로기준법, 자동차손해배상 보장법, 근로기준법 시행령",31,1665,인사_고용_노무_고용계약/근로계약서_0098.txt
인사_고용_노무_고용계약,근로계약서_0117,인사_고용_노무,고용계약,근로(고용)계약서,"근로기준법, 저작권법, 근로기준법 시행령",34,1782,인사_고용_노무_고용계약/근로계약서_0117.txt
인사_고용_노무_고용계약,근로계약서_0138,인사_고용_노무,고용계약,근로(고용)계약서,"근로기준법, 산업재해보상보험법, 근로기준법 시행령",43,2221,인사_고용_노무_고용계약/근로계약서_0138.txt
인사_고용_노무_고용계약,근로계약서_0136,인사_고용_노무,고용계약,근로(고용)계약서,"근로기준법, 근로기준법 시행령, 자동차관리법",38,1940,인사_고용_노무_고용계약/근로계약서_0136.txt
인사_고용_노무_고용계약,근로계약서_0087,인사_고용_노무,고용계약,근로(고용)계약서,"근로기준법, 상법, 근로기준법 시행령",28,1196,인사_고용_노무_고용계약/근로계약서_0087.txt
인사_고용_노무_고용계약,근로계약서_0106,인사_고용_노무,고용계약,근로(고용)계약서,"근로기준법, 민법, 상법",81,4814,인사_고용_노무_고용계약/근로계약서_0106.txt
인사_고용_노무_고용계약,근로계약서_0111,인사_고용_노무,고용계약,근로(고용)계약서,"근로기준법, 민법, 상법",77,3082,인사_고용_노무_고용계약/근로계약서_0111.txt
인사_고용_노무_고용계약,근로계약서_0101,인사_고용_노무,고용계약,근로(고용)계약서,"근로기준법, 근로기준법 시행령",31,1589,인사_고용_노무_고용계약/근로계약서_0101.txt
인사_고용_노무_고용계약,근로계약서_0118,인사_고용_노무,고용계약,근로(고용)계약서,"근로기준법, 저작권법, 민법",34,1684,인사_고용_노무_고용계약/근로계약서_0118.txt
인사_고용_노무_고용계약,근로계약서_0107,인사_고용_노무,고용계약,근로(고용)계약서,"근로기준법, 근로기준법 시행령, 상법",81,4641,인사_고용_노무_고용계약/근로계약서_0107.txt
인사_고용_노무_고용계약,근로계약서_0119,인사_고용_노무,고용계약,근로(고용)계약서,"근로기준법, 개인정보 보호법, 민법",33,1658,인사_고용_노무_고용계약/근로계약서_0119.txt
인사_고용_노무_고용계약,근로계약서_0090,인사_고용_노무,고용계약,근로(고용)계약서,"근로기준법, 근로자의 날 제정에 관한 법률, 관공서의 공휴일에 관한 규정",51,2570,인사_고용_노무_고용계약/근로계약서_0090.txt
인사_고용_노무_고용계약,근로계약서_0097,인사_고용_노무,고용계약,근로(고용)계약서,근로기준법,64,3594,인사_고용_노무_고용계약/근로계약서_0097.txt
인사_고용_노무_고용계약,근로계약서_0084,인사_고용_노무,고용계약,근로(고용)계약서,"근로기준법, 근로자퇴직급여 보장법, 근로기준법 시행령",49,3384,인사_고용_노무_고용계약/근로계약서_0084.txt
인사_고용_노무_고용계약,근로계약서_0100,인사_고용_노무,고용계약,근로(고용)계약서,"근로기준법, 자동차손해배상 보장법, 근로기준법 시행령",32,1724,인사_고용_노무_고용계약/근로계약서_0100.txt
인사_고용_노무_고용계약,근로계약서_0105,인사_고용_노무,고용계약,근로(고용)계약서,"근로기준법, 상법, 근로기준법 시행령",86,4933,인사_고용_노무_고용계약/근로계약서_0105.txt
인사_고용_노무_고용계약,근로계약서_0103,인사_고용_노무,고용계약,근로(고용)계약서,"근로기준법, 상법, 근로기준법 시행령",79,4548,인사_고용_노무_고용계약/근로계약서_0103.txt
인사_고용_노무_고용계약,근로계약서_0116,인사_고용_노무,고용계약,근로(고용)계약서,"근로기준법, 저작권법, 근로기준법 시행령",36,1820,인사_고용_노무_고용계약/근로계약서_0116.txt
인사_고용_노무_고용계약,근로계약서_0104,인사_고용_노무,고용계약,근로(고용)계약서,"근로기준법, 상법, 근로기준법 시행령",80,4719,인사_고용_노무_고용계약/근로계약서_0104.txt
인사_고용_노무_고용계약,근로계약서_0099,인사_고용_노무,고용계약,근로(고용)계약서,"근로기준법, 도로교통법, 자동차손해배상 보장법",36,1807,인사_고용_노무_고용계약/근로계약서_0099.txt
인사_고용_노무_고용계약,근로계약서_0128,인사_고용_노무,고용계약,근로(고용)계약서,"근로기준법, 근로기준법 시행령",60,3428,인사_고용_노무_고용계약/근로계약서_0128.txt
인사_고용_노무_고용계약,근로계약서_0110,인사_고용_노무,고용계약,근로(고용)계약서,"근로기준법, 민법, 상법",70,2869,인사_고용_노무_고용계약/근로계약서_0110.txt
인사_고용_노무_고용계약,근로계약서_0129,인사_고용_노무,고용계약,근로(고용)계약서,"근로기준법, 근로기준법 시행령, 근로자퇴직급여 보장법",50,3249,인사_고용_노무_고용계약/근로계약서_0129.txt
인사_고용_노무_고용계약,근로계약서_0095,인사_고용_노무,고용계약,근로(고용)계약서,"근로기준법, 개인정보 보호법, 근로기준법 시행령",65,3628,인사_고용_노무_고용계약/근로계약서_0095.txt
인사_고용_노무_고용계약,근로계약서_0143,인사_고용_노무,고용계약,근로(고용)계약서,"근로기준법, 외국인근로자의 고용 등에 관한 법률, 외국인근로자의 고용 등에 관한 법률 시행령",47,2122,인사_고용_노무_고용계약/근로계약서_0143.txt
인사_고용_노무_고용계약,근로계약서_0123,인사_고용_노무,고용계약,근로(고용)계약서,"근로기준법, 개인정보 보호법, 임금채권보장법",71,3941,인사_고용_노무_고용계약/근로계약서_0123.txt
인사_고용_노무_고용계약,근로계약서_0121,인사_고용_노무,고용계약,근로(고용)계약서,근로기준법,71,3976,인사_고용_노무_고용계약/근로계약서_0121.txt
인사_고용_노무_고용계약,근로계약서_0142,인사_고용_노무,고용계약,근로(고용)계약서,"근로기준법, 외국인근로자의 고용 등에 관한 법률, 고용보험법",51,2470,인사_고용_노무_고용계약/근로계약서_0142.txt
인사_고용_노무_고용계약,근로계약서_0113,인사_고용_노무,고용계약,근로(고용)계약서,"근로기준법, 근로자퇴직급여 보장법, 최저임금법",58,3277,인사_고용_노무_고용계약/근로계약서_0113.txt
인사_고용_노무_고용계약,근로계약서_0120,인사_고용_노무,고용계약,근로(고용)계약서,"근로기준법, 산업재해보상보험법, 개인정보 보호법",73,4098,인사_고용_노무_고용계약/근로계약서_0120.txt
인사_고용_노무_고용계약,근로계약서_0122,인사_고용_노무,고용계약,근로(고용)계약서,"근로기준법, 개인정보 보호법",70,3851,인사_고용_노무_고용계약/근로계약서_0122.txt
인사_고용_노무_고용계약,근로계약서_0147,인사_고용_노무,고용계약,근로(고용)계약서,"노인장기요양보험법, 노인복지법, 근로기준법",55,2150,인사_고용_노무_고용계약/근로계약서_0147.txt
인사_고용_노무_고용계약,근로계약서_0127,인사_고용_노무,고용계약,근로(고용)계약서,"근로기준법, 근로자퇴직급여 보장법, 최저임금법",53,3242,인사_고용_노무_고용계약/근로계약서_0127.txt
인사_고용_노무_고용계약,근로계약서_0140,인사_고용_노무,고용계약,근로(고용)계약서,"근로기준법, 고용보험법, 근로기준법 시행령",45,1591,인사_고용_노무_고용계약/근로계약서_0140.txt
인사_고용_노무_고용계약,근로계약서_0132,인사_고용_노무,고용계약,근로(고용)계약서,"근로기준법, 근로기준법 시행령, 고용보험법",55,3087,인사_고용_노무_고용계약/근로계약서_0132.txt
인사_고용_노무_고용계약,근로계약서_0125,인사_고용_노무,고용계약,근로(고용)계약서,"근로기준법, 근로자퇴직급여 보장법, 산업재해보상보험법",62,3025,인사_고용_노무_고용계약/근로계약서_0125.txt
인사_고용_노무_고용계약,근로계약서_0133,인사_고용_노무,고용계약,근로(고용)계약서,"근로기준법, 근로자퇴직급여 보장법, 근로기준법 시행령",53,2739,인사_고용_노무_고용계약/근로계약서_0133.txt
인사_고용_노무_고용계약,근로계약서_0148,인사_고용_노무,고용계약,근로(고용)계약서,"노인장기요양보험법, 노인복지법, 근로기준법",51,2133,인사_고용_노무_고용계약/근로계약서_0148.txt
인사_고용_노무_고용계약,근로계약서_0130,인사_고용_노무,고용계약,근로(고용)계약서,"근로기준법, 근로자퇴직급여 보장법, 최저임금법",55,3109,인사_고용_노무_고용계약/근로계약서_0130.txt
인사_고용_노무_고용계약,근로계약서_0135,인사_고용_노무,고용계약,근로(고용)계약서,"의료법, 근로기준법, 보건의료기본법",87,4003,인사_고용_노무_고용계약/근로계약서_0135.txt
인사_고용_노무_고용계약,근로계약서_0141,인사_고용_노무,고용계약,근로(고용)계약서,"근로기준법, 근로기준법 시행령, 임금채권보장법",37,1392,인사_고용_노무_고용계약/근로계약서_0141.txt
인사_고용_노무_고용계약,근로계약서_0186,인사_고용_노무,고용계약,근로(고용)계약서,"근로기준법, 고용보험법, 국민연금법",67,2820,인사_고용_노무_고용계약/근로계약서_0186.txt
인사_고용_노무_고용계약,근로계약서_0171,인사_고용_노무,고용계약,근로(고용)계약서,"근로기준법, 개인정보 보호법",75,3116,인사_고용_노무_고용계약/근로계약서_0171.txt
인사_고용_노무_고용계약,기타고용계약서_0022,인사_고용_노무,고용계약,기타고용계약서,"근로기준법, 민법",34,2480,인사_고용_노무_고용계약/기타고용계약서_0022.txt
인사_고용_노무_고용계약,근로계약서_0145,인사_고용_노무,고용계약,근로(고용)계약서,"근로기준법, 근로기준법 시행령, 외국인근로자의 고용 등에 관한 법률",53,2279,인사_고용_노무_고용계약/근로계약서_0145.txt
인사_고용_노무_고용계약,근로계약서_0114,인사_고용_노무,고용계약,근로(고용)계약서,"근로기준법, 근로기준법 시행령",52,3016,인사_고용_노무_고용계약/근로계약서_0114.txt
인사_고용_노무_고용계약,근로계약서_0162,인사_고용_노무,고용계약,근로(고용)계약서,"근로기준법, 근로기준법 시행령, 고용보험법",79,3473,인사_고용_노무_고용계약/근로계약서_0162.txt
인사_고용_노무_고용계약,근로계약서_0149,인사_고용_노무,고용계약,근로(고용)계약서,"의료법, 근로기준법",108,4017,인사_고용_노무_고용계약/근로계약서_0149.txt
인사_고용_노무_고용계약,근로계약서_0174,인사_고용_노무,고용계약,근로(고용)계약서,"근로기준법, 근로기준법 시행령",56,3394,인사_고용_노무_고용계약/근로계약서_0174.txt
인사_고용_노무_고용계약,근로계약서_0157,인사_고용_노무,고용계약,근로(고용)계약서,"근로기준법, 산업안전보건법, 근로기준법 시행령",76,3549,인사_고용_노무_고용계약/근로계약서_0157.txt
인사_고용_노무_고용계약,근로계약서_0175,인사_고용_노무,고용계약,근로(고용)계약서,"의료법, 근로기준법, 개인정보 보호법",91,4258,인사_고용_노무_고용계약/근로계약서_0175.txt
인사_고용_노무_고용계약,근로계약서_0153,인사_고용_노무,고용계약,근로(고용)계약서,"근로기준법, 근로기준법 시행령, 상법",28,1613,인사_고용_노무_고용계약/근로계약서_0153.txt
인사_고용_노무_고용계약,근로계약서_0150,인사_고용_노무,고용계약,근로(고용)계약서,"의료법, 근로기준법, 근로기준법 시행령",110,4093,인사_고용_노무_고용계약/근로계약서_0150.txt
인사_고용_노무_고용계약,근로계약서_0112,인사_고용_노무,고용계약,근로(고용)계약서,"근로기준법, 상법, 민법",78,3445,인사_고용_노무_고용계약/근로계약서_0112.txt
인사_고용_노무_고용계약,근로계약서_0134,인사_고용_노무,고용계약,근로(고용)계약서,"의료법, 근로기준법, 개인정보 보호법",96,4738,인사_고용_노무_고용계약/근로계약서_0134.txt
인사_고용_노무_고용계약,근로계약서_0146,인사_고용_노무,고용계약,근로(고용)계약서,"노인장기요양보험법, 노인복지법, 근로기준법",53,2112,인사_고용_노무_고용계약/근로계약서_0146.txt
인사_고용_노무_고용계약,근로계약서_0169,인사_고용_노무,고용계약,근로(고용)계약서,"근로기준법, 근로기준법 시행령",62,3323,인사_고용_노무_고용계약/근로계약서_0169.txt
인사_고용_노무_고용계약,근로계약서_0165,인사_고용_노무,고용계약,근로(고용)계약서,"근로기준법, 근로기준법 시행령, 상법",28,1181,인사_고용_노무_고용계약/근로계약서_0165.txt
인사_고용_노무_고용계약,근로계약서_0163,인사_고용_노무,고용계약,근로(고용)계약서,"근로기준법, 고용보험법, 국민연금법",74,3076,인사_고용_노무_고용계약/근로계약서_0163.txt
인사_고용_노무_고용계약,근로계약서_0156,인사_고용_노무,고용계약,근로(고용)계약서,"근로기준법, 근로기준법 시행령, 상법",33,1894,인사_고용_노무_고용계약/근로계약서_0156.txt
인사_고용_노무_고용계약,근로계약서_0160,인사_고용_노무,고용계약,근로(고용)계약서,"근로기준법, 근로기준법 시행령, 고용보험법",67,2819,인사_고용_노무_고용계약/근로계약서_0160.txt
인사_고용_노무_고용계약,근로계약서_0159,인사_고용_노무,고용계약,근로(고용)계약서,"근로기준법, 고용보험법, 산업재해보상보험법",68,2926,인사_고용_노무_고용계약/근로계약서_0159.txt
인사_고용_노무_고용계약,근로계약서_0168,인사_고용_노무,고용계약,근로(고용)계약서,"근로기준법, 산업재해보상보험법, 국민연금법",66,3096,인사_고용_노무_고용계약/근로계약서_0168.txt
인사_고용_노무_고용계약,근로계약서_0167,인사_고용_노무,고용계약,근로(고용)계약서,"근로기준법, 근로기준법 시행령, 상법",28,1084,인사_고용_노무_고용계약/근로계약서_0167.txt
인사_고용_노무_고용계약,근로계약서_0170,인사_고용_노무,고용계약,근로(고용)계약서,"근로기준법, 근로기준법 시행령, 개인정보 보호법",80,3409,인사_고용_노무_고용계약/근로계약서_0170.txt
인사_고용_노무_고용계약,근로계약서_0152,인사_고용_노무,고용계약,근로(고용)계약서,"근로기준법, 산업재해보상보험법, 근로기준법 시행령",43,2049,인사_고용_노무_고용계약/근로계약서_0152.txt
인사_고용_노무_고용계약,기타고용계약서_0006,인사_고용_노무,고용계약,기타고용계약서,근로기준법,33,1577,인사_고용_노무_고용계약/기타고용계약서_0006.txt
인사_고용_노무_고용계약,근로계약서_0177,인사_고용_노무,고용계약,근로(고용)계약서,"의료법, 근로기준법, 보건의료기본법",85,3872,인사_고용_노무_고용계약/근로계약서_0177.txt
인사_고용_노무_고용계약,기타고용계약서_0010,인사_고용_노무,고용계약,기타고용계약서,"근로기준법, 산업안전보건법",156,6705,인사_고용_노무_고용계약/기타고용계약서_0010.txt
인사_고용_노무_고용계약,근로계약서_0173,인사_고용_노무,고용계약,근로(고용)계약서,"근로기준법, 근로기준법 시행령, 개인정보 보호법",75,3152,인사_고용_노무_고용계약/근로계약서_0173.txt
인사_고용_노무_고용계약,근로계약서_0189,인사_고용_노무,고용계약,근로(고용)계약서,"근로기준법, 최저임금법",50,2981,인사_고용_노무_고용계약/근로계약서_0189.txt
인사_고용_노무_고용계약,근로계약서_0194,인사_고용_노무,고용계약,근로(고용)계약서,근로기준법,78,3366,인사_고용_노무_고용계약/근로계약서_0194.txt
인사_고용_노무_고용계약,근로계약서_0188,인사_고용_노무,고용계약,근로(고용)계약서,"근로기준법, 근로기준법 시행령, 최저임금법",47,2765,인사_고용_노무_고용계약/근로계약서_0188.txt
인사_고용_노무_고용계약,근로계약서_0164,인사_고용_노무,고용계약,근로(고용)계약서,"근로기준법, 고용보험법",73,3155,인사_고용_노무_고용계약/근로계약서_0164.txt
인사_고용_노무_고용계약,기타고용계약서_0035,인사_고용_노무,고용계약,기타고용계약서,"공연법, 저작권법, 근로기준법, 예술인 복지법, 민법",68,2956,인사_고용_노무_고용계약/기타고용계약서_0035.txt
인사_고용_노무_고용계약,근로계약서_0184,인사_고용_노무,고용계약,근로(고용)계약서,"근로기준법, 고용보험법, 산업재해보상보험법",67,2837,인사_고용_노무_고용계약/근로계약서_0184.txt
인사_고용_노무_고용계약,근로계약서_0137,인사_고용_노무,고용계약,근로(고용)계약서,"근로기준법, 근로기준법 시행령",43,2450,인사_고용_노무_고용계약/근로계약서_0137.txt
인사_고용_노무_고용계약,기타고용계약서_0014,인사_고용_노무,고용계약,기타고용계약서,근로기준법 ,32,1480,인사_고용_노무_고용계약/기타고용계약서_0014.txt
인사_고용_노무_고용계약,근로계약서_0187,인사_고용_노무,고용계약,근로(고용)계약서,"근로기준법, 근로기준법 시행령",80,3398,인사_고용_노무_고용계약/근로계약서_0187.txt
인사_고용_노무_고용계약,기타고용계약서_0007,인사_고용_노무,고용계약,기타고용계약서,"상법, 민법",56,3056,인사_고용_노무_고용계약/기타고용계약서_0007.txt
인사_고용_노무_고용계약,근로계약서_0178,인사_고용_노무,고용계약,근로(고용)계약서,"근로기준법, 근로기준법 시행령, 고용보험법",34,2028,인사_고용_노무_고용계약/근로계약서_0178.txt
인사_고용_노무_고용계약,기타고용계약서_0038,인사_고용_노무,고용계약,기타고용계약서,"민법, 상법",35,1196,인사_고용_노무_고용계약/기타고용계약서_0038.txt
인사_고용_노무_고용계약,기타고용계약서_0001,인사_고용_노무,고용계약,기타고용계약서,"문화예술진흥법, 저작권법, 상표법, 민법",112,10881,인사_고용_노무_고용계약/기타고용계약서_0001.txt
인사_고용_노무_고용계약,기타고용계약서_0028,인사_고용_노무,고용계약,기타고용계약서,"저작권법, 개인정보 보호법",66,3632,인사_고용_노무_고용계약/기타고용계약서_0028.txt
인사_고용_노무_고용계약,근로계약서_0195,인사_고용_노무,고용계약,근로(고용)계약서,"근로기준법, 최저임금법, 근로기준법 시행령",56,3389,인사_고용_노무_고용계약/근로계약서_0195.txt
인사_고용_노무_고용계약,근로계약서_0190,인사_고용_노무,고용계약,근로(고용)계약서,"근로기준법, 근로기준법 시행령, 근로자퇴직급여 보장법",42,2364,인사_고용_노무_고용계약/근로계약서_0190.txt
인사_고용_노무_고용계약,근로계약서_0183,인사_고용_노무,고용계약,근로(고용)계약서,"근로기준법, 고용보험법, 산업재해보상보험법",72,3125,인사_고용_노무_고용계약/근로계약서_0183.txt
인사_고용_노무_고용계약,기타고용계약서_0109,인사_고용_노무,고용계약,기타고용계약서,"상법, 민법, 부동산등기법",32,1817,인사_고용_노무_고용계약/기타고용계약서_0109.txt
인사_고용_노무_고용계약,기타고용계약서_0004,인사_고용_노무,고용계약,기타고용계약서,저작권법,26,1030,인사_고용_노무_고용계약/기타고용계약서_0004.txt
인사_고용_노무_고용계약,기타고용계약서_0032,인사_고용_노무,고용계약,기타고용계약서,"국민체육진흥법, 근로기준법 ",75,3957,인사_고용_노무_고용계약/기타고용계약서_0032.txt
인사_고용_노무_고용계약,근로계약서_0191,인사_고용_노무,고용계약,근로(고용)계약서,"근로기준법, 근로기준법 시행령, 개인정보 보호법",78,3370,인사_고용_노무_고용계약/근로계약서_0191.txt
인사_고용_노무_고용계약,근로계약서_0193,인사_고용_노무,고용계약,근로(고용)계약서,"근로기준법, 근로기준법 시행령, 근로자퇴직급여 보장법",78,3368,인사_고용_노무_고용계약/근로계약서_0193.txt
인사_고용_노무_고용계약,기타고용계약서_0047,인사_고용_노무,고용계약,기타고용계약서,"개인정보 보호법, 저작권법, 정보통신망 이용촉진 및 정보보호 등에 관한 법률",20,1609,인사_고용_노무_고용계약/기타고용계약서_0047.txt
인사_고용_노무_고용계약,근로계약서_0158,인사_고용_노무,고용계약,근로(고용)계약서,"근로기준법, 고용보험법, 근로기준법 시행령",72,3122,인사_고용_노무_고용계약/근로계약서_0158.txt
인사_고용_노무_고용계약,기타고용계약서_0005,인사_고용_노무,고용계약,기타고용계약서,"저작권법, 민법 ",54,3009,인사_고용_노무_고용계약/기타고용계약서_0005.txt
인사_고용_노무_고용계약,기타고용계약서_0018,인사_고용_노무,고용계약,기타고용계약서,"저작권법, 민법",58,3102,인사_고용_노무_고용계약/기타고용계약서_0018.txt
인사_고용_노무_고용계약,기타고용계약서_0009,인사_고용_노무,고용계약,기타고용계약서,근로기준법,59,3981,인사_고용_노무_고용계약/기타고용계약서_0009.txt
인사_고용_노무_고용계약,기타고용계약서_0011,인사_고용_노무,고용계약,기타고용계약서,"근로기준법, 민법",42,2006,인사_고용_노무_고용계약/기타고용계약서_0011.txt
인사_고용_노무_고용계약,기타고용계약서_0057,인사_고용_노무,고용계약,기타고용계약서,"근로기준법, 저작권법",66,4517,인사_고용_노무_고용계약/기타고용계약서_0057.txt
인사_고용_노무_고용계약,기타고용계약서_0026,인사_고용_노무,고용계약,기타고용계약서,"근로기준법, 소득세법, 국민건강보험법, 국민연금법, 고용보험법, 산업재해보상보험법",18,1073,인사_고용_노무_고용계약/기타고용계약서_0026.txt
인사_고용_노무_고용계약,근로계약서_0155,인사_고용_노무,고용계약,근로(고용)계약서,"근로기준법, 근로자퇴직급여 보장법, 근로기준법 시행령",32,1924,인사_고용_노무_고용계약/근로계약서_0155.txt
인사_고용_노무_고용계약,기타고용계약서_0017,인사_고용_노무,고용계약,기타고용계약서,"국민체육진흥법, 근로기준법 ",38,1679,인사_고용_노무_고용계약/기타고용계약서_0017.txt
인사_고용_노무_고용계약,기타고용계약서_0058,인사_고용_노무,고용계약,기타고용계약서,"파견근로자보호 등에 관한 법률, 근로기준법, 산업안전보건법",36,1388,인사_고용_노무_고용계약/기타고용계약서_0058.txt
인사_고용_노무_고용계약,기타고용계약서_0077,인사_고용_노무,고용계약,기타고용계약서,"저작권법, 상법, 개인정보 보호법",23,1782,인사_고용_노무_고용계약/기타고용계약서_0077.txt
인사_고용_노무_고용계약,기타고용계약서_0030,인사_고용_노무,고용계약,기타고용계약서,근로기준법 ,62,3525,인사_고용_노무_고용계약/기타고용계약서_0030.txt
인사_고용_노무_고용계약,기타고용계약서_0031,인사_고용_노무,고용계약,기타고용계약서,"파견근로자보호 등에 관한 법률, 근로기준법 ",36,905,인사_고용_노무_고용계약/기타고용계약서_0031.txt
인사_고용_노무_고용계약,기타고용계약서_0039,인사_고용_노무,고용계약,기타고용계약서,"근로기준법, 민법",60,4080,인사_고용_노무_고용계약/기타고용계약서_0039.txt
인사_고용_노무_고용계약,기타고용계약서_0012,인사_고용_노무,고용계약,기타고용계약서,"전자문서 및 전자거래 기본법, 콘텐츠산업 진흥법, 저작권법",125,7133,인사_고용_노무_고용계약/기타고용계약서_0012.txt
인사_고용_노무_고용계약,기타고용계약서_0023,인사_고용_노무,고용계약,기타고용계약서,"근로기준법, 민법 ",34,2476,인사_고용_노무_고용계약/기타고용계약서_0023.txt
인사_고용_노무_고용계약,기타고용계약서_0071,인사_고용_노무,고용계약,기타고용계약서,"근로기준법, 저작권법",73,5076,인사_고용_노무_고용계약/기타고용계약서_0071.txt
인사_고용_노무_고용계약,기타고용계약서_0049,인사_고용_노무,고용계약,기타고용계약서,"변호사법, 민법",54,3354,인사_고용_노무_고용계약/기타고용계약서_0049.txt
인사_고용_노무_고용계약,기타고용계약서_0019,인사_고용_노무,고용계약,기타고용계약서,"저작권법, 근로기준법",110,7448,인사_고용_노무_고용계약/기타고용계약서_0019.txt
인사_고용_노무_고용계약,기타고용계약서_0029,인사_고용_노무,고용계약,기타고용계약서,"개인정보 보호법, 저작권법",57,3388,인사_고용_노무_고용계약/기타고용계약서_0029.txt
인사_고용_노무_고용계약,기타고용계약서_0025,인사_고용_노무,고용계약,기타고용계약서,"근로기준법, 개인정보 보호법",57,3055,인사_고용_노무_고용계약/기타고용계약서_0025.txt
인사_고용_노무_고용계약,기타고용계약서_0081,인사_고용_노무,고용계약,기타고용계약서,"상법, 개인정보 보호법",30,1893,인사_고용_노무_고용계약/기타고용계약서_0081.txt
인사_고용_노무_고용계약,기타고용계약서_0063,인사_고용_노무,고용계약,기타고용계약서,"고등교육법, 근로기준법",37,1536,인사_고용_노무_고용계약/기타고용계약서_0063.txt
인사_고용_노무_고용계약,기타고용계약서_0024,인사_고용_노무,고용계약,기타고용계약서,"근로기준법, 고용보험법",58,3299,인사_고용_노무_고용계약/기타고용계약서_0024.txt
인사_고용_노무_고용계약,기타고용계약서_0052,인사_고용_노무,고용계약,기타고용계약서,"민법, 부가가치세법",28,1590,인사_고용_노무_고용계약/기타고용계약서_0052.txt
인사_고용_노무_고용계약,기타고용계약서_0008,인사_고용_노무,고용계약,기타고용계약서,"문화예술진흥법, 저작권법, 근로기준법",73,3685,인사_고용_노무_고용계약/기타고용계약서_0008.txt
인사_고용_노무_고용계약,기타고용계약서_0075,인사_고용_노무,고용계약,기타고용계약서,"저작권법, 민법, 부가가치세법",68,4408,인사_고용_노무_고용계약/기타고용계약서_0075.txt
인사_고용_노무_고용계약,기타고용계약서_0050,인사_고용_노무,고용계약,기타고용계약서,"근로기준법, 저작권법, 소득세법",43,1728,인사_고용_노무_고용계약/기타고용계약서_0050.txt
인사_고용_노무_고용계약,기타고용계약서_0046,인사_고용_노무,고용계약,기타고용계약서,"파견근로자보호 등에 관한 법률, 근로기준법, 산업안전보건법, 민법",59,3978,인사_고용_노무_고용계약/기타고용계약서_0046.txt
인사_고용_노무_고용계약,기타고용계약서_0016,인사_고용_노무,고용계약,기타고용계약서,"문화예술진흥법, 대중문화예술산업발전법, 상표법",107,10215,인사_고용_노무_고용계약/기타고용계약서_0016.txt
인사_고용_노무_고용계약,기타고용계약서_0055,인사_고용_노무,고용계약,기타고용계약서,"대중문화예술산업발전법, 저작권법, 상표법",101,6704,인사_고용_노무_고용계약/기타고용계약서_0055.txt
인사_고용_노무_고용계약,기타고용계약서_0054,인사_고용_노무,고용계약,기타고용계약서,"저작권법, 문화산업진흥 기본법",52,3642,인사_고용_노무_고용계약/기타고용계약서_0054.txt
인사_고용_노무_고용계약,기타고용계약서_0060,인사_고용_노무,고용계약,기타고용계약서,"근로기준법, 근로자의 날 제정에 관한 법률",46,2626,인사_고용_노무_고용계약/기타고용계약서_0060.txt
인사_고용_노무_고용계약,기타고용계약서_0064,인사_고용_노무,고용계약,기타고용계약서,"영화 및 비디오물의 진흥에 관한 법률, 저작권법, 근로기준법",126,9389,인사_고용_노무_고용계약/기타고용계약서_0064.txt
인사_고용_노무_고용계약,기타고용계약서_0078,인사_고용_노무,고용계약,기타고용계약서,"근로기준법, 저작권법, 정보통신망 이용촉진 및 정보보호 등에 관한 법률",24,1798,인사_고용_노무_고용계약/기타고용계약서_0078.txt
인사_고용_노무_고용계약,기타고용계약서_0066,인사_고용_노무,고용계약,기타고용계약서,"근로기준법, 유아교육법 ",59,2072,인사_고용_노무_고용계약/기타고용계약서_0066.txt
인사_고용_노무_고용계약,기타고용계약서_0062,인사_고용_노무,고용계약,기타고용계약서,"약사법, 근로기준법 ",33,1606,인사_고용_노무_고용계약/기타고용계약서_0062.txt
인사_고용_노무_고용계약,기타고용계약서_0079,인사_고용_노무,고용계약,기타고용계약서,"파견근로자 보호 등에 관한 법률, 근로기준법, 개인정보 보호법",24,1748,인사_고용_노무_고용계약/기타고용계약서_0079.txt
인사_고용_노무_고용계약,기타고용계약서_0059,인사_고용_노무,고용계약,기타고용계약서,"근로기준법, 근로자의 날 제정에 관한 법률, 관공서의 공휴일에 관한 규정",59,3124,인사_고용_노무_고용계약/기타고용계약서_0059.txt
인사_고용_노무_고용계약,기타고용계약서_0042,인사_고용_노무,고용계약,기타고용계약서,"상법, 민법",45,2551,인사_고용_노무_고용계약/기타고용계약서_0042.txt
인사_고용_노무_고용계약,기타고용계약서_0033,인사_고용_노무,고용계약,기타고용계약서,"방송법, 저작권법, 근로기준법",62,3953,인사_고용_노무_고용계약/기타고용계약서_0033.txt
인사_고용_노무_고용계약,기타고용계약서_0070,인사_고용_노무,고용계약,기타고용계약서,"근로기준법, 저작권법, 민법",69,4734,인사_고용_노무_고용계약/기타고용계약서_0070.txt
인사_고용_노무_고용계약,기타고용계약서_0056,인사_고용_노무,고용계약,기타고용계약서,"대중문화예술산업발전법, 저작권법",81,4976,인사_고용_노무_고용계약/기타고용계약서_0056.txt
인사_고용_노무_고용계약,기타고용계약서_0040,인사_고용_노무,고용계약,기타고용계약서,"문화산업진흥 기본법, 방송법, 저작권법",99,5572,인사_고용_노무_고용계약/기타고용계약서_0040.txt
인사_고용_노무_고용계약,기타고용계약서_0041,인사_고용_노무,고용계약,기타고용계약서,"저작권법, 부정경쟁방지 및 영업비밀보호에 관한 법률",62,3639,인사_고용_노무_고용계약/기타고용계약서_0041.txt
인사_고용_노무_고용계약,기타고용계약서_0065,인사_고용_노무,고용계약,기타고용계약서,"영화 및 비디오물의 진흥에 관한 법률, 저작권법, 대중문화예술산업발전법",81,4298,인사_고용_노무_고용계약/기타고용계약서_0065.txt
인사_고용_노무_고용계약,기타고용계약서_0073,인사_고용_노무,고용계약,기타고용계약서,"근로기준법, 근로자퇴직급여 보장법, 저작권법",68,4871,인사_고용_노무_고용계약/기타고용계약서_0073.txt
인사_고용_노무_고용계약,기타고용계약서_0067,인사_고용_노무,고용계약,기타고용계약서,"주식회사 등의 외부감사에 관한 법률, 자본시장과 금융투자업에 관한 법률",58,2878,인사_고용_노무_고용계약/기타고용계약서_0067.txt
인사_고용_노무_고용계약,기타고용계약서_0061,인사_고용_노무,고용계약,기타고용계약서,"문화산업진흥 기본법, 저작권법, 예술인 복지법",104,4505,인사_고용_노무_고용계약/기타고용계약서_0061.txt
인사_고용_노무_고용계약,기타고용계약서_0053,인사_고용_노무,고용계약,기타고용계약서,"상법, 조세특례제한법",83,5276,인사_고용_노무_고용계약/기타고용계약서_0053.txt
인사_고용_노무_고용계약,기타고용계약서_0069,인사_고용_노무,고용계약,기타고용계약서,"근로기준법, 저작권법, 상법",72,5073,인사_고용_노무_고용계약/기타고용계약서_0069.txt
인사_고용_노무_고용계약,기타고용계약서_0072,인사_고용_노무,고용계약,기타고용계약서,"근로기준법, 저작권법, 민법",66,4616,인사_고용_노무_고용계약/기타고용계약서_0072.txt
인사_고용_노무_고용계약,기타고용계약서_0117,인사_고용_노무,고용계약,기타고용계약서,"변호사법, 민법, 상법",59,3648,인사_고용_노무_고용계약/기타고용계약서_0117.txt
인사_고용_노무_고용계약,기타고용계약서_0178,인사_고용_노무,고용계약,기타고용계약서,"상법, 민법",57,3183,인사_고용_노무_고용계약/기타고용계약서_0178.txt
인사_고용_노무_고용계약,기타고용계약서_0068,인사_고용_노무,고용계약,기타고용계약서,"근로기준법, 자동차손해배상보장법, 여객자동차 운수사업법",38,1760,인사_고용_노무_고용계약/기타고용계약서_0068.txt
인사_고용_노무_고용계약,기타고용계약서_0082,인사_고용_노무,고용계약,기타고용계약서,"파견근로자 보호 등에 관한 법률, 저작권법, 민법",23,1740,인사_고용_노무_고용계약/기타고용계약서_0082.txt
인사_고용_노무_고용계약,기타고용계약서_0084,인사_고용_노무,고용계약,기타고용계약서,"근로기준법, 근로자퇴직급여 보장법, 개인정보 보호법",27,2002,인사_고용_노무_고용계약/기타고용계약서_0084.txt
인사_고용_노무_고용계약,기타고용계약서_0094,인사_고용_노무,고용계약,기타고용계약서,"대중문화예술산업발전법, 저작권법, 상표법",106,4782,인사_고용_노무_고용계약/기타고용계약서_0094.txt
인사_고용_노무_고용계약,기타고용계약서_0093,인사_고용_노무,고용계약,기타고용계약서,"예술인 복지법, 저작권법, 상표법",104,4527,인사_고용_노무_고용계약/기타고용계약서_0093.txt
인사_고용_노무_고용계약,기타고용계약서_0087,인사_고용_노무,고용계약,기타고용계약서,"근로기준법, 근로자의 날 제정에 관한 법률, 근로기준법 시행령",48,2787,인사_고용_노무_고용계약/기타고용계약서_0087.txt
인사_고용_노무_고용계약,기타고용계약서_0102,인사_고용_노무,고용계약,기타고용계약서,"상법, 민법",31,1723,인사_고용_노무_고용계약/기타고용계약서_0102.txt
인사_고용_노무_고용계약,기타고용계약서_0097,인사_고용_노무,고용계약,기타고용계약서,"근로기준법, 근로자퇴직급여 보장법, 저작권법",108,4684,인사_고용_노무_고용계약/기타고용계약서_0097.txt
인사_고용_노무_고용계약,기타고용계약서_0095,인사_고용_노무,고용계약,기타고용계약서,"대중문화예술산업발전법, 저작권법, 상표법",108,4733,인사_고용_노무_고용계약/기타고용계약서_0095.txt
인사_고용_노무_고용계약,기타고용계약서_0085,인사_고용_노무,고용계약,기타고용계약서,"저작권법, 부정경쟁방지 및 영업비밀보호에 관한 법률, 상법",31,1998,인사_고용_노무_고용계약/기타고용계약서_0085.txt
인사_고용_노무_고용계약,기타고용계약서_0088,인사_고용_노무,고용계약,기타고용계약서,"근로기준법, 근로자퇴직급여 보장법, 근로자의 날 제정에 관한 법률",53,3230,인사_고용_노무_고용계약/기타고용계약서_0088.txt
인사_고용_노무_고용계약,기타고용계약서_0086,인사_고용_노무,고용계약,기타고용계약서,"근로기준법, 근로자의 날 제정에 관한 법률, 근로기준법 시행령",50,2808,인사_고용_노무_고용계약/기타고용계약서_0086.txt
인사_고용_노무_고용계약,기타고용계약서_0076,인사_고용_노무,고용계약,기타고용계약서,"저작권법, 민법, 상법",67,4646,인사_고용_노무_고용계약/기타고용계약서_0076.txt
인사_고용_노무_고용계약,기타고용계약서_0090,인사_고용_노무,고용계약,기타고용계약서,"근로기준법, 근로자의 날 제정에 관한 법률, 근로기준법 시행령",49,2963,인사_고용_노무_고용계약/기타고용계약서_0090.txt
인사_고용_노무_고용계약,기타고용계약서_0111,인사_고용_노무,고용계약,기타고용계약서,"변호사법, 민법, 상법",60,3310,인사_고용_노무_고용계약/기타고용계약서_0111.txt
인사_고용_노무_고용계약,기타고용계약서_0089,인사_고용_노무,고용계약,기타고용계약서,"근로기준법, 근로자의 날 제정에 관한 법률, 근로기준법 시행령",51,2825,인사_고용_노무_고용계약/기타고용계약서_0089.txt
인사_고용_노무_고용계약,기타고용계약서_0106,인사_고용_노무,고용계약,기타고용계약서,"상법, 부동산 거래신고 등에 관한 법률, 민법",33,1963,인사_고용_노무_고용계약/기타고용계약서_0106.txt
인사_고용_노무_고용계약,기타고용계약서_0080,인사_고용_노무,고용계약,기타고용계약서,"파견근로자 보호 등에 관한 법률, 개인정보 보호법, 저작권법",24,1765,인사_고용_노무_고용계약/기타고용계약서_0080.txt
인사_고용_노무_고용계약,기타고용계약서_0112,인사_고용_노무,고용계약,기타고용계약서,"근로기준법, 근로자퇴직급여 보장법, 변호사법",61,3540,인사_고용_노무_고용계약/기타고용계약서_0112.txt
인사_고용_노무_고용계약,기타고용계약서_0103,인사_고용_노무,고용계약,기타고용계약서,"근로기준법, 산업안전보건법, 근로자퇴직급여 보장법",34,1919,인사_고용_노무_고용계약/기타고용계약서_0103.txt
인사_고용_노무_고용계약,기타고용계약서_0083,인사_고용_노무,고용계약,기타고용계약서,"파견근로자 보호 등에 관한 법률, 민법, 상법",34,2512,인사_고용_노무_고용계약/기타고용계약서_0083.txt
인사_고용_노무_고용계약,기타고용계약서_0092,인사_고용_노무,고용계약,기타고용계약서,민법,109,4846,인사_고용_노무_고용계약/기타고용계약서_0092.txt
인사_고용_노무_고용계약,기타고용계약서_0100,인사_고용_노무,고용계약,기타고용계약서,"대중문화예술산업발전법, 저작권법, 상표법",110,4724,인사_고용_노무_고용계약/기타고용계약서_0100.txt
인사_고용_노무_고용계약,기타고용계약서_0074,인사_고용_노무,고용계약,기타고용계약서,"저작권법, 민법",68,4659,인사_고용_노무_고용계약/기타고용계약서_0074.txt
인사_고용_노무_고용계약,기타고용계약서_0104,인사_고용_노무,고용계약,기타고용계약서,"상법, 민법, 부가가치세법",32,1848,인사_고용_노무_고용계약/기타고용계약서_0104.txt
인사_고용_노무_고용계약,기타고용계약서_0135,인사_고용_노무,고용계약,기타고용계약서,"근로기준법, 약사법, 근로자퇴직급여 보장법",38,2053,인사_고용_노무_고용계약/기타고용계약서_0135.txt
인사_고용_노무_고용계약,기타고용계약서_0107,인사_고용_노무,고용계약,기타고용계약서,"상법, 민법, 조세범 처벌법",32,1793,인사_고용_노무_고용계약/기타고용계약서_0107.txt
인사_고용_노무_고용계약,기타고용계약서_0149,인사_고용_노무,고용계약,기타고용계약서,"예술인 복지법, 대중문화예술산업발전법",37,2218,인사_고용_노무_고용계약/기타고용계약서_0149.txt
인사_고용_노무_고용계약,기타고용계약서_0128,인사_고용_노무,고용계약,기타고용계약서,"상법, 공공기관의 운영에 관한 법률",87,5455,인사_고용_노무_고용계약/기타고용계약서_0128.txt
인사_고용_노무_고용계약,기타고용계약서_0124,인사_고용_노무,고용계약,기타고용계약서,"상법, 조세특례제한법",89,5511,인사_고용_노무_고용계약/기타고용계약서_0124.txt
인사_고용_노무_고용계약,기타고용계약서_0141,인사_고용_노무,고용계약,기타고용계약서,"고등교육법, 근로기준법, 근로기준법 시행령",40,1816,인사_고용_노무_고용계약/기타고용계약서_0141.txt
인사_고용_노무_고용계약,기타고용계약서_0132,인사_고용_노무,고용계약,기타고용계약서,"약사법, 약사법 시행령, 민법",40,2584,인사_고용_노무_고용계약/기타고용계약서_0132.txt
인사_고용_노무_고용계약,기타고용계약서_0119,인사_고용_노무,고용계약,기타고용계약서,"변호사법, 민법, 상법",65,4445,인사_고용_노무_고용계약/기타고용계약서_0119.txt
인사_고용_노무_고용계약,기타고용계약서_0108,인사_고용_노무,고용계약,기타고용계약서,"상법, 민법, 법인세법",32,1725,인사_고용_노무_고용계약/기타고용계약서_0108.txt
인사_고용_노무_고용계약,기타고용계약서_0125,인사_고용_노무,고용계약,기타고용계약서,"상법, 공공기관의 운영에 관한 법률",87,5636,인사_고용_노무_고용계약/기타고용계약서_0125.txt
인사_고용_노무_고용계약,기타고용계약서_0126,인사_고용_노무,고용계약,기타고용계약서,"근로기준법, 근로자퇴직급여 보장법",87,5609,인사_고용_노무_고용계약/기타고용계약서_0126.txt
인사_고용_노무_고용계약,기타고용계약서_0131,인사_고용_노무,고용계약,기타고용계약서,"약사법, 근로기준법, 약사법 시행령",37,1769,인사_고용_노무_고용계약/기타고용계약서_0131.txt
인사_고용_노무_고용계약,기타고용계약서_0123,인사_고용_노무,고용계약,기타고용계약서,"상법, 소득세법",92,5864,인사_고용_노무_고용계약/기타고용계약서_0123.txt
인사_고용_노무_고용계약,기타고용계약서_0122,인사_고용_노무,고용계약,기타고용계약서,상법,87,5562,인사_고용_노무_고용계약/기타고용계약서_0122.txt
인사_고용_노무_고용계약,기타고용계약서_0110,인사_고용_노무,고용계약,기타고용계약서,"변호사법, 근로기준법, 상법",61,3605,인사_고용_노무_고용계약/기타고용계약서_0110.txt
인사_고용_노무_고용계약,기타고용계약서_0116,인사_고용_노무,고용계약,기타고용계약서,"변호사법, 상법, 민법",63,3609,인사_고용_노무_고용계약/기타고용계약서_0116.txt
인사_고용_노무_고용계약,기타고용계약서_0133,인사_고용_노무,고용계약,기타고용계약서,"약사법, 근로기준법, 약사법 시행령",37,1866,인사_고용_노무_고용계약/기타고용계약서_0133.txt
인사_고용_노무_고용계약,기타고용계약서_0142,인사_고용_노무,고용계약,기타고용계약서,"고등교육법, 근로기준법",41,1725,인사_고용_노무_고용계약/기타고용계약서_0142.txt
인사_고용_노무_고용계약,기타고용계약서_0129,인사_고용_노무,고용계약,기타고용계약서,"상법, 공공기관의 운영에 관한 법률",87,5514,인사_고용_노무_고용계약/기타고용계약서_0129.txt
인사_고용_노무_고용계약,기타고용계약서_0145,인사_고용_노무,고용계약,기타고용계약서,고등교육법,39,1693,인사_고용_노무_고용계약/기타고용계약서_0145.txt
인사_고용_노무_고용계약,기타고용계약서_0184,인사_고용_노무,고용계약,기타고용계약서,"상법, 민법, 부가가치세법",59,3165,인사_고용_노무_고용계약/기타고용계약서_0184.txt
인사_고용_노무_고용계약,기타고용계약서_0127,인사_고용_노무,고용계약,기타고용계약서,상법,87,5414,인사_고용_노무_고용계약/기타고용계약서_0127.txt
인사_고용_노무_고용계약,기타고용계약서_0182,인사_고용_노무,고용계약,기타고용계약서,"상법, 민법, 소비자기본법",57,3269,인사_고용_노무_고용계약/기타고용계약서_0182.txt
인사_고용_노무_고용계약,기타고용계약서_0136,인사_고용_노무,고용계약,기타고용계약서,"약사법, 근로기준법",41,2043,인사_고용_노무_고용계약/기타고용계약서_0136.txt
인사_고용_노무_고용계약,기타고용계약서_0161,인사_고용_노무,고용계약,기타고용계약서,"영화 및 비디오물의 진흥에 관한 법률, 근로기준법, 저작권법",127,9626,인사_고용_노무_고용계약/기타고용계약서_0161.txt
인사_고용_노무_고용계약,기타고용계약서_0140,인사_고용_노무,고용계약,기타고용계약서,"고등교육법, 근로기준법",41,1672,인사_고용_노무_고용계약/기타고용계약서_0140.txt
인사_고용_노무_고용계약,기타고용계약서_0155,인사_고용_노무,고용계약,기타고용계약서,"문화예술진흥법, 예술인 복지법, 상법",36,1962,인사_고용_노무_고용계약/기타고용계약서_0155.txt
인사_고용_노무_고용계약,기타고용계약서_0144,인사_고용_노무,고용계약,기타고용계약서,"교육공무원법, 고등교육법, 근로기준법",42,1721,인사_고용_노무_고용계약/기타고용계약서_0144.txt
인사_고용_노무_고용계약,기타고용계약서_0134,인사_고용_노무,고용계약,기타고용계약서,"약사법, 약사법 시행령, 근로기준법",41,2106,인사_고용_노무_고용계약/기타고용계약서_0134.txt
인사_고용_노무_고용계약,기타고용계약서_0159,인사_고용_노무,고용계약,기타고용계약서,"근로기준법, 근로자퇴직급여 보장법, 파견근로자 보호 등에 관한 법률",132,9751,인사_고용_노무_고용계약/기타고용계약서_0159.txt
인사_고용_노무_고용계약,기타고용계약서_0151,인사_고용_노무,고용계약,기타고용계약서,"문화산업진흥 기본법, 저작권법, 전자상거래 등에서의 소비자보호에 관한 법률",36,1982,인사_고용_노무_고용계약/기타고용계약서_0151.txt
인사_고용_노무_고용계약,기타고용계약서_0137,인사_고용_노무,고용계약,기타고용계약서,"약사법, 근로기준법, 약사법 시행령",37,1870,인사_고용_노무_고용계약/기타고용계약서_0137.txt
인사_고용_노무_고용계약,기타고용계약서_0143,인사_고용_노무,고용계약,기타고용계약서,"고등교육법, 근로기준법, 사립학교법",43,1869,인사_고용_노무_고용계약/기타고용계약서_0143.txt
인사_고용_노무_고용계약,기타고용계약서_0162,인사_고용_노무,고용계약,기타고용계약서,"영화 및 비디오물의 진흥에 관한 법률, 근로기준법, 저작권법",132,9833,인사_고용_노무_고용계약/기타고용계약서_0162.txt
인사_고용_노무_고용계약,기타고용계약서_0148,인사_고용_노무,고용계약,기타고용계약서,"대중문화예술산업발전법, 예술인 복지법",33,2003,인사_고용_노무_고용계약/기타고용계약서_0148.txt
인사_고용_노무_고용계약,기타고용계약서_0152,인사_고용_노무,고용계약,기타고용계약서,"예술인 복지법, 저작권법",38,2272,인사_고용_노무_고용계약/기타고용계약서_0152.txt
인사_고용_노무_고용계약,기타고용계약서_0147,인사_고용_노무,고용계약,기타고용계약서,"고등교육법, 근로기준법, 국가연구개발혁신법",44,2597,인사_고용_노무_고용계약/기타고용계약서_0147.txt
인사_고용_노무_고용계약,기타고용계약서_0130,인사_고용_노무,고용계약,기타고용계약서,"약사법, 근로기준법, 약사법 시행령",38,1890,인사_고용_노무_고용계약/기타고용계약서_0130.txt
인사_고용_노무_고용계약,기타고용계약서_0185,인사_고용_노무,고용계약,기타고용계약서,"저작권법, 민법",64,3369,인사_고용_노무_고용계약/기타고용계약서_0185.txt
인사_고용_노무_고용계약,기타고용계약서_0153,인사_고용_노무,고용계약,기타고용계약서,"파견근로자 보호 등에 관한 법률, 예술인 복지법",34,2068,인사_고용_노무_고용계약/기타고용계약서_0153.txt
인사_고용_노무_고용계약,기타고용계약서_0146,인사_고용_노무,고용계약,기타고용계약서,"고등교육법, 교육공무원법, 민법",43,1653,인사_고용_노무_고용계약/기타고용계약서_0146.txt
인사_고용_노무_고용계약,기타고용계약서_0237,인사_고용_노무,고용계약,기타고용계약서,"상법, 민법, 전자상거래 등에서의 소비자보호에 관한 법률",47,2784,인사_고용_노무_고용계약/기타고용계약서_0237.txt
인사_고용_노무_고용계약,기타고용계약서_0192,인사_고용_노무,고용계약,기타고용계약서,"저작권법, 민법, 근로기준법",63,3309,인사_고용_노무_고용계약/기타고용계약서_0192.txt
인사_고용_노무_고용계약,기타고용계약서_0157,인사_고용_노무,고용계약,기타고용계약서,"영화 및 비디오물의 진흥에 관한 법률, 저작권법, 영화 및 비디오물의 진흥에 관한 법률 시행령",132,9610,인사_고용_노무_고용계약/기타고용계약서_0157.txt
인사_고용_노무_고용계약,기타고용계약서_0115,인사_고용_노무,고용계약,기타고용계약서,"파견근로자 보호 등에 관한 법률, 변호사법, 민법",58,3568,인사_고용_노무_고용계약/기타고용계약서_0115.txt
인사_고용_노무_고용계약,기타고용계약서_0179,인사_고용_노무,고용계약,기타고용계약서,"상법, 민법, 개인정보 보호법",59,3269,인사_고용_노무_고용계약/기타고용계약서_0179.txt
인사_고용_노무_고용계약,기타고용계약서_0176,인사_고용_노무,고용계약,기타고용계약서,"파견근로자 보호 등에 관한 법률, 상법",59,3223,인사_고용_노무_고용계약/기타고용계약서_0176.txt
인사_고용_노무_고용계약,기타고용계약서_0171,인사_고용_노무,고용계약,기타고용계약서,"근로기준법, 자동차손해배상 보장법, 근로기준법 시행령",42,1992,인사_고용_노무_고용계약/기타고용계약서_0171.txt
인사_고용_노무_고용계약,기타고용계약서_0183,인사_고용_노무,고용계약,기타고용계약서,"대리점거래의 공정화에 관한 법률, 상법",59,3276,인사_고용_노무_고용계약/기타고용계약서_0183.txt
인사_고용_노무_고용계약,기타고용계약서_0209,인사_고용_노무,고용계약,기타고용계약서,"근로기준법, 저작권법, 개인정보 보호법",46,2553,인사_고용_노무_고용계약/기타고용계약서_0209.txt
인사_고용_노무_고용계약,기타고용계약서_0121,인사_고용_노무,고용계약,기타고용계약서,"공공기관의 운영에 관한 법률, 상법",88,5616,인사_고용_노무_고용계약/기타고용계약서_0121.txt
인사_고용_노무_고용계약,기타고용계약서_0215,인사_고용_노무,고용계약,기타고용계약서,"국민체육진흥법, 근로기준법",43,1990,인사_고용_노무_고용계약/기타고용계약서_0215.txt
인사_고용_노무_고용계약,기타고용계약서_0169,인사_고용_노무,고용계약,기타고용계약서,"근로기준법, 자동차손해배상 보장법, 여객자동차 운수사업법",47,2262,인사_고용_노무_고용계약/기타고용계약서_0169.txt
인사_고용_노무_고용계약,기타고용계약서_0172,인사_고용_노무,고용계약,기타고용계약서,"근로기준법, 유아교육법, 근로기준법 시행령",60,2237,인사_고용_노무_고용계약/기타고용계약서_0172.txt
인사_고용_노무_고용계약,기타고용계약서_0158,인사_고용_노무,고용계약,기타고용계약서,"영화 및 비디오물의 진흥에 관한 법률, 근로기준법, 저작권법",130,9555,인사_고용_노무_고용계약/기타고용계약서_0158.txt
인사_고용_노무_고용계약,기타고용계약서_0173,인사_고용_노무,고용계약,기타고용계약서,"근로기준법, 근로자퇴직급여 보장법, 산업안전보건법",61,2390,인사_고용_노무_고용계약/기타고용계약서_0173.txt
인사_고용_노무_고용계약,기타고용계약서_0177,인사_고용_노무,고용계약,기타고용계약서,"상법, 대외무역법, 부가가치세법",56,3027,인사_고용_노무_고용계약/기타고용계약서_0177.txt
인사_고용_노무_고용계약,기타고용계약서_0174,인사_고용_노무,고용계약,기타고용계약서,"근로기준법, 근로자의 날 제정에 관한 법률, 관공서의 공휴일에 관한 규정",62,3324,인사_고용_노무_고용계약/기타고용계약서_0174.txt
인사_고용_노무_고용계약,기타고용계약서_0186,인사_고용_노무,고용계약,기타고용계약서,"파견근로자 보호 등에 관한 법률, 저작권법, 근로기준법",62,3333,인사_고용_노무_고용계약/기타고용계약서_0186.txt
인사_고용_노무_고용계약,기타고용계약서_0247,인사_고용_노무,고용계약,기타고용계약서,"근로기준법, 유아교육법",58,2210,인사_고용_노무_고용계약/기타고용계약서_0247.txt
인사_고용_노무_고용계약,기타고용계약서_0217,인사_고용_노무,고용계약,기타고용계약서,"국민체육진흥법, 근로기준법, 근로기준법 시행령",44,1943,인사_고용_노무_고용계약/기타고용계약서_0217.txt
인사_고용_노무_고용계약,기타고용계약서_0156,인사_고용_노무,고용계약,기타고용계약서,"근로기준법, 근로자퇴직급여 보장법, 콘텐츠산업 진흥법",35,2201,인사_고용_노무_고용계약/기타고용계약서_0156.txt
인사_고용_노무_고용계약,기타고용계약서_0175,인사_고용_노무,고용계약,기타고용계약서,"근로기준법, 근로자의 날 제정에 관한 법률, 관공서의 공휴일에 관한 규정",66,3527,인사_고용_노무_고용계약/기타고용계약서_0175.txt
인사_고용_노무_고용계약,기타고용계약서_0160,인사_고용_노무,고용계약,기타고용계약서,"영화 및 비디오물의 진흥에 관한 법률, 저작권법, 민법",128,9185,인사_고용_노무_고용계약/기타고용계약서_0160.txt
인사_고용_노무_고용계약,기타고용계약서_0188,인사_고용_노무,고용계약,기타고용계약서,"저작권법, 민법",63,3260,인사_고용_노무_고용계약/기타고용계약서_0188.txt
인사_고용_노무_고용계약,기타고용계약서_0244,인사_고용_노무,고용계약,기타고용계약서,"근로기준법, 근로자의 날 제정에 관한 법률, 근로기준법 시행령",46,2717,인사_고용_노무_고용계약/기타고용계약서_0244.txt
인사_고용_노무_고용계약,기타고용계약서_0206,인사_고용_노무,고용계약,기타고용계약서,"파견근로자 보호 등에 관한 법률, 산업안전보건법, 근로기준법",62,3480,인사_고용_노무_고용계약/기타고용계약서_0206.txt
인사_고용_노무_고용계약,기타고용계약서_0187,인사_고용_노무,고용계약,기타고용계약서,"저작권법, 민법",66,3553,인사_고용_노무_고용계약/기타고용계약서_0187.txt
인사_고용_노무_고용계약,기타고용계약서_0193,인사_고용_노무,고용계약,기타고용계약서,"근로기준법, 근로기준법 시행령, 근로자퇴직급여 보장법",64,3638,인사_고용_노무_고용계약/기타고용계약서_0193.txt
인사_고용_노무_고용계약,기타고용계약서_0202,인사_고용_노무,고용계약,기타고용계약서,"근로기준법, 근로기준법 시행령, 개인정보 보호법",58,3165,인사_고용_노무_고용계약/기타고용계약서_0202.txt
인사_고용_노무_고용계약,기타고용계약서_0196,인사_고용_노무,고용계약,기타고용계약서,"근로기준법, 근로자퇴직급여 보장법, 개인정보 보호법",58,3218,인사_고용_노무_고용계약/기타고용계약서_0196.txt
인사_고용_노무_고용계약,기타고용계약서_0194,인사_고용_노무,고용계약,기타고용계약서,"근로기준법, 근로기준법 시행령",63,3840,인사_고용_노무_고용계약/기타고용계약서_0194.txt
인사_고용_노무_고용계약,기타고용계약서_0180,인사_고용_노무,고용계약,기타고용계약서,"상법, 민법",59,3349,인사_고용_노무_고용계약/기타고용계약서_0180.txt
인사_고용_노무_고용계약,기타고용계약서_0190,인사_고용_노무,고용계약,기타고용계약서,"근로기준법, 근로자퇴직급여 보장법, 저작권법",63,3585,인사_고용_노무_고용계약/기타고용계약서_0190.txt
인사_고용_노무_고용계약,기타고용계약서_0219,인사_고용_노무,고용계약,기타고용계약서,"국민체육진흥법, 근로기준법, 근로기준법 시행령",38,1710,인사_고용_노무_고용계약/기타고용계약서_0219.txt
인사_고용_노무_고용계약,기타고용계약서_0198,인사_고용_노무,고용계약,기타고용계약서,"근로기준법, 근로자퇴직급여 보장법, 최저임금법",61,3545,인사_고용_노무_고용계약/기타고용계약서_0198.txt
인사_고용_노무_고용계약,기타고용계약서_0212,인사_고용_노무,고용계약,기타고용계약서,"근로기준법, 근로기준법 시행령, 개인정보 보호법",64,4086,인사_고용_노무_고용계약/기타고용계약서_0212.txt
인사_고용_노무_고용계약,기타고용계약서_0222,인사_고용_노무,고용계약,기타고용계약서,"국민체육진흥법, 근로기준법",42,1912,인사_고용_노무_고용계약/기타고용계약서_0222.txt
인사_고용_노무_고용계약,기타고용계약서_0204,인사_고용_노무,고용계약,기타고용계약서,"근로기준법, 근로자퇴직급여 보장법, 근로기준법 시행령",66,3992,인사_고용_노무_고용계약/기타고용계약서_0204.txt
인사_고용_노무_고용계약,기타고용계약서_0225,인사_고용_노무,고용계약,기타고용계약서,"저작권법, 콘텐츠산업 진흥법, 근로기준법",126,7374,인사_고용_노무_고용계약/기타고용계약서_0225.txt
인사_고용_노무_고용계약,기타고용계약서_0181,인사_고용_노무,고용계약,기타고용계약서,"근로기준법, 근로자퇴직급여 보장법",63,3755,인사_고용_노무_고용계약/기타고용계약서_0181.txt
인사_고용_노무_고용계약,기타고용계약서_0220,인사_고용_노무,고용계약,기타고용계약서,"국민체육진흥법, 근로기준법, 근로기준법 시행령",43,1950,인사_고용_노무_고용계약/기타고용계약서_0220.txt
인사_고용_노무_고용계약,기타고용계약서_0234,인사_고용_노무,고용계약,기타고용계약서,"저작권법, 대중문화예술산업발전법, 상법",107,10228,인사_고용_노무_고용계약/기타고용계약서_0234.txt
인사_고용_노무_고용계약,기타고용계약서_0228,인사_고용_노무,고용계약,기타고용계약서,"저작권법, 정보통신망 이용촉진 및 정보보호 등에 관한 법률, 전자서명법",125,7395,인사_고용_노무_고용계약/기타고용계약서_0228.txt
인사_고용_노무_고용계약,기타고용계약서_0218,인사_고용_노무,고용계약,기타고용계약서,"국민체육진흥법, 근로기준법, 근로기준법 시행령",40,1784,인사_고용_노무_고용계약/기타고용계약서_0218.txt
인사_고용_노무_고용계약,기타고용계약서_0224,인사_고용_노무,고용계약,기타고용계약서,"저작권법, 콘텐츠산업 진흥법, 민법",123,7216,인사_고용_노무_고용계약/기타고용계약서_0224.txt
인사_고용_노무_고용계약,기타고용계약서_0246,인사_고용_노무,고용계약,기타고용계약서,"근로기준법, 유아교육법, 유아교육법 시행령",59,2134,인사_고용_노무_고용계약/기타고용계약서_0246.txt
인사_고용_노무_고용계약,기타고용계약서_0261,인사_고용_노무,고용계약,기타고용계약서,"상법, 근로기준법, 주식회사 등의 외부감사에 관한 법률",58,2890,인사_고용_노무_고용계약/기타고용계약서_0261.txt
인사_고용_노무_고용계약,기타고용계약서_0195,인사_고용_노무,고용계약,기타고용계약서,"근로기준법, 근로자퇴직급여 보장법, 근로기준법 시행령",62,3695,인사_고용_노무_고용계약/기타고용계약서_0195.txt
인사_고용_노무_고용계약,기타고용계약서_0267,인사_고용_노무,고용계약,기타고용계약서,"근로기준법, 근로기준법 시행령, 자동차손해배상 보장법",41,1890,인사_고용_노무_고용계약/기타고용계약서_0267.txt
인사_고용_노무_고용계약,기타고용계약서_0221,인사_고용_노무,고용계약,기타고용계약서,"국민체육진흥법, 근로기준법, 근로기준법 시행령",40,1721,인사_고용_노무_고용계약/기타고용계약서_0221.txt
인사_고용_노무_고용계약,기타고용계약서_0240,인사_고용_노무,고용계약,기타고용계약서,"상법, 민법",46,2722,인사_고용_노무_고용계약/기타고용계약서_0240.txt
인사_고용_노무_고용계약,기타고용계약서_0233,인사_고용_노무,고용계약,기타고용계약서,"대중문화예술산업발전법, 저작권법, 예술인 복지법",116,11308,인사_고용_노무_고용계약/기타고용계약서_0233.txt
인사_고용_노무_고용계약,기타고용계약서_0208,인사_고용_노무,고용계약,기타고용계약서,"근로기준법, 근로자퇴직급여 보장법, 근로기준법 시행령",61,3307,인사_고용_노무_고용계약/기타고용계약서_0208.txt
인사_고용_노무_고용계약,기타고용계약서_0264,인사_고용_노무,고용계약,기타고용계약서,"근로기준법, 자동차손해배상 보장법, 근로기준법 시행령",38,1760,인사_고용_노무_고용계약/기타고용계약서_0264.txt
인사_고용_노무_고용계약,기타고용계약서_0275,인사_고용_노무,고용계약,기타고용계약서,"저작권법, 문화산업진흥 기본법",52,3638,인사_고용_노무_고용계약/기타고용계약서_0275.txt
인사_고용_노무_고용계약,기타고용계약서_0235,인사_고용_노무,고용계약,기타고용계약서,"대중문화예술산업발전법, 저작권법, 문화산업진흥 기본법",109,10453,인사_고용_노무_고용계약/기타고용계약서_0235.txt
인사_고용_노무_고용계약,기타고용계약서_0205,인사_고용_노무,고용계약,기타고용계약서,"근로기준법, 근로기준법 시행령, 개인정보 보호법",65,3730,인사_고용_노무_고용계약/기타고용계약서_0205.txt
인사_고용_노무_고용계약,기타고용계약서_0211,인사_고용_노무,고용계약,기타고용계약서,"근로기준법, 근로기준법 시행령, 고용보험법",63,3832,인사_고용_노무_고용계약/기타고용계약서_0211.txt
인사_고용_노무_고용계약,기타고용계약서_0308,인사_고용_노무,고용계약,기타고용계약서,"근로기준법, 파견근로자 보호 등에 관한 법률, 근로기준법 시행령",44,2110,인사_고용_노무_고용계약/기타고용계약서_0308.txt
인사_고용_노무_고용계약,기타고용계약서_0262,인사_고용_노무,고용계약,기타고용계약서,"근로기준법, 여객자동차 운수사업법, 자동차손해배상 보장법",43,1891,인사_고용_노무_고용계약/기타고용계약서_0262.txt
인사_고용_노무_고용계약,기타고용계약서_0236,인사_고용_노무,고용계약,기타고용계약서,"대중문화예술산업발전법, 저작권법",113,10965,인사_고용_노무_고용계약/기타고용계약서_0236.txt
인사_고용_노무_고용계약,기타고용계약서_0256,인사_고용_노무,고용계약,기타고용계약서,"상법, 근로기준법, 상법 시행령",57,2828,인사_고용_노무_고용계약/기타고용계약서_0256.txt
인사_고용_노무_고용계약,기타고용계약서_0253,인사_고용_노무,고용계약,기타고용계약서,"상법, 근로기준법",58,2811,인사_고용_노무_고용계약/기타고용계약서_0253.txt
인사_고용_노무_고용계약,기타고용계약서_0248,인사_고용_노무,고용계약,기타고용계약서,"근로기준법, 유아교육법, 근로기준법 시행령",55,2077,인사_고용_노무_고용계약/기타고용계약서_0248.txt
인사_고용_노무_고용계약,기타고용계약서_0274,인사_고용_노무,고용계약,기타고용계약서,"대중문화예술산업발전법, 저작권법, 상법",101,7288,인사_고용_노무_고용계약/기타고용계약서_0274.txt
인사_고용_노무_고용계약,기타고용계약서_0255,인사_고용_노무,고용계약,기타고용계약서,"상법, 민법",62,3014,인사_고용_노무_고용계약/기타고용계약서_0255.txt
인사_고용_노무_고용계약,기타고용계약서_0273,인사_고용_노무,고용계약,기타고용계약서,"저작권법, 상법, 민법",118,7664,인사_고용_노무_고용계약/기타고용계약서_0273.txt
인사_고용_노무_고용계약,기타고용계약서_0230,인사_고용_노무,고용계약,기타고용계약서,"문화예술진흥법, 저작권법, 대중문화예술산업발전법",115,11218,인사_고용_노무_고용계약/기타고용계약서_0230.txt
인사_고용_노무_고용계약,기타고용계약서_0250,인사_고용_노무,고용계약,기타고용계약서,"근로기준법, 유아교육법, 유아교육법 시행령",58,2259,인사_고용_노무_고용계약/기타고용계약서_0250.txt
인사_고용_노무_고용계약,기타고용계약서_0226,인사_고용_노무,고용계약,기타고용계약서,"저작권법, 예술인 복지법, 산업재해보상보험법",130,7628,인사_고용_노무_고용계약/기타고용계약서_0226.txt
인사_고용_노무_고용계약,기타고용계약서_0251,인사_고용_노무,고용계약,기타고용계약서,"근로기준법, 유아교육법, 근로기준법 시행령",59,2174,인사_고용_노무_고용계약/기타고용계약서_0251.txt
인사_고용_노무_고용계약,기타고용계약서_0263,인사_고용_노무,고용계약,기타고용계약서,"근로기준법, 근로자퇴직급여 보장법, 자동차손해배상 보장법",40,1854,인사_고용_노무_고용계약/기타고용계약서_0263.txt
인사_고용_노무_고용계약,기타고용계약서_0301,인사_고용_노무,고용계약,기타고용계약서,"근로기준법, 근로자의 날 제정에 관한 법률, 관공서의 공휴일에 관한 규정",61,3291,인사_고용_노무_고용계약/기타고용계약서_0301.txt
인사_고용_노무_고용계약,기타고용계약서_0259,인사_고용_노무,고용계약,기타고용계약서,"상법, 상법 시행령",61,2996,인사_고용_노무_고용계약/기타고용계약서_0259.txt
인사_고용_노무_고용계약,기타고용계약서_0258,인사_고용_노무,고용계약,기타고용계약서,"상법, 주식회사 등의 외부감사에 관한 법률, 자본시장과 금융투자업에 관한 법률",60,2921,인사_고용_노무_고용계약/기타고용계약서_0258.txt
인사_고용_노무_고용계약,기타고용계약서_0238,인사_고용_노무,고용계약,기타고용계약서,"상법, 민법",46,2705,인사_고용_노무_고용계약/기타고용계약서_0238.txt
인사_고용_노무_고용계약,기타고용계약서_0265,인사_고용_노무,고용계약,기타고용계약서,"근로기준법, 자동차손해배상 보장법",40,1787,인사_고용_노무_고용계약/기타고용계약서_0265.txt
인사_고용_노무_고용계약,기타고용계약서_0223,인사_고용_노무,고용계약,기타고용계약서,"정보통신망 이용촉진 및 정보보호 등에 관한 법률, 저작권법, 산업재해보상보험법",126,7394,인사_고용_노무_고용계약/기타고용계약서_0223.txt
인사_고용_노무_고용계약,기타고용계약서_0272,인사_고용_노무,고용계약,기타고용계약서,"저작권법, 상법, 대중문화예술산업발전법",108,7416,인사_고용_노무_고용계약/기타고용계약서_0272.txt
인사_고용_노무_고용계약,기타고용계약서_0266,인사_고용_노무,고용계약,기타고용계약서,"근로기준법, 여객자동차 운수사업법, 자동차손해배상 보장법",39,1759,인사_고용_노무_고용계약/기타고용계약서_0266.txt
인사_고용_노무_고용계약,기타고용계약서_0323,인사_고용_노무,고용계약,기타고용계약서,"근로기준법, 소득세법, 국민건강보험법",23,1151,인사_고용_노무_고용계약/기타고용계약서_0323.txt
인사_고용_노무_고용계약,기타고용계약서_0279,인사_고용_노무,고용계약,기타고용계약서,"저작권법, 콘텐츠산업 진흥법, 전자서명법",52,3631,인사_고용_노무_고용계약/기타고용계약서_0279.txt
인사_고용_노무_고용계약,기타고용계약서_0316,인사_고용_노무,고용계약,기타고용계약서,"근로기준법, 민법, 근로기준법 시행령",70,4029,인사_고용_노무_고용계약/기타고용계약서_0316.txt
인사_고용_노무_고용계약,기타고용계약서_0307,인사_고용_노무,고용계약,기타고용계약서,"파견근로자 보호 등에 관한 법률, 근로기준법, 산업안전보건법",66,4233,인사_고용_노무_고용계약/기타고용계약서_0307.txt
인사_고용_노무_고용계약,기타고용계약서_0281,인사_고용_노무,고용계약,기타고용계약서,"저작권법, 문화산업진흥 기본법",52,3633,인사_고용_노무_고용계약/기타고용계약서_0281.txt
인사_고용_노무_고용계약,기타고용계약서_0332,인사_고용_노무,고용계약,기타고용계약서,"근로기준법, 소득세법, 국민건강보험법",24,1297,인사_고용_노무_고용계약/기타고용계약서_0332.txt
인사_고용_노무_고용계약,기타고용계약서_0302,인사_고용_노무,고용계약,기타고용계약서,"근로기준법, 근로자의 날 제정에 관한 법률, 관공서의 공휴일에 관한 규정",61,3191,인사_고용_노무_고용계약/기타고용계약서_0302.txt
인사_고용_노무_고용계약,기타고용계약서_0268,인사_고용_노무,고용계약,기타고용계약서,"저작권법, 문화산업진흥 기본법, 콘텐츠산업 진흥법",56,3814,인사_고용_노무_고용계약/기타고용계약서_0268.txt
인사_고용_노무_고용계약,기타고용계약서_0280,인사_고용_노무,고용계약,기타고용계약서,"저작권법, 대중문화예술산업발전법, 대중문화예술산업발전법 시행령",54,3857,인사_고용_노무_고용계약/기타고용계약서_0280.txt
인사_고용_노무_고용계약,기타고용계약서_0317,인사_고용_노무,고용계약,기타고용계약서,"파견근로자 보호 등에 관한 법률, 근로기준법, 개인정보 보호법",46,2280,인사_고용_노무_고용계약/기타고용계약서_0317.txt
인사_고용_노무_고용계약,기타고용계약서_0300,인사_고용_노무,고용계약,기타고용계약서,"근로기준법, 근로자의 날 제정에 관한 법률, 관공서의 공휴일에 관한 규정",63,3331,인사_고용_노무_고용계약/기타고용계약서_0300.txt
인사_고용_노무_고용계약,기타고용계약서_0348,인사_고용_노무,고용계약,기타고용계약서,"저작권법, 방송법, 문화산업진흥 기본법",68,4365,인사_고용_노무_고용계약/기타고용계약서_0348.txt
인사_고용_노무_고용계약,기타고용계약서_0282,인사_고용_노무,고용계약,기타고용계약서,"저작권법, 문화산업진흥 기본법",58,3869,인사_고용_노무_고용계약/기타고용계약서_0282.txt
인사_고용_노무_고용계약,기타고용계약서_0310,인사_고용_노무,고용계약,기타고용계약서,"근로기준법, 민법, 소득세법",46,2551,인사_고용_노무_고용계약/기타고용계약서_0310.txt
인사_고용_노무_고용계약,기타고용계약서_0276,인사_고용_노무,고용계약,기타고용계약서,"음악산업진흥에 관한 법률, 저작권법",56,3791,인사_고용_노무_고용계약/기타고용계약서_0276.txt
인사_고용_노무_고용계약,기타고용계약서_0340,인사_고용_노무,고용계약,기타고용계약서,"저작권법, 방송법, 전자상거래 등에서의 소비자보호에 관한 법률",105,6062,인사_고용_노무_고용계약/기타고용계약서_0340.txt
인사_고용_노무_고용계약,기타고용계약서_0269,인사_고용_노무,고용계약,기타고용계약서,"대중문화예술산업발전법, 저작권법, 상법",103,7366,인사_고용_노무_고용계약/기타고용계약서_0269.txt
인사_고용_노무_고용계약,기타고용계약서_0249,인사_고용_노무,고용계약,기타고용계약서,"근로기준법, 유아교육법, 근로기준법 시행령",59,2144,인사_고용_노무_고용계약/기타고용계약서_0249.txt
인사_고용_노무_고용계약,기타고용계약서_0303,인사_고용_노무,고용계약,기타고용계약서,"근로기준법, 근로자의 날 제정에 관한 법률, 관공서의 공휴일에 관한 규정",64,3300,인사_고용_노무_고용계약/기타고용계약서_0303.txt
인사_고용_노무_고용계약,기타고용계약서_0321,인사_고용_노무,고용계약,기타고용계약서,"파견근로자 보호 등에 관한 법률, 근로기준법, 근로기준법 시행령",64,4089,인사_고용_노무_고용계약/기타고용계약서_0321.txt
인사_고용_노무_고용계약,기타고용계약서_0322,인사_고용_노무,고용계약,기타고용계약서,"근로기준법, 파견근로자 보호 등에 관한 법률, 근로기준법 시행령",67,3813,인사_고용_노무_고용계약/기타고용계약서_0322.txt
인사_고용_노무_고용계약,기타고용계약서_0352,인사_고용_노무,고용계약,기타고용계약서,"저작권법, 방송법, 근로기준법",67,4193,인사_고용_노무_고용계약/기타고용계약서_0352.txt
인사_고용_노무_고용계약,기타고용계약서_0375,인사_고용_노무,고용계약,기타고용계약서,"근로기준법, 민법, 개인정보 보호법",39,1469,인사_고용_노무_고용계약/기타고용계약서_0375.txt
인사_고용_노무_고용계약,기타고용계약서_0314,인사_고용_노무,고용계약,기타고용계약서,"근로기준법, 민법, 근로기준법 시행령",47,2691,인사_고용_노무_고용계약/기타고용계약서_0314.txt
인사_고용_노무_고용계약,기타고용계약서_0325,인사_고용_노무,고용계약,기타고용계약서,"파견근로자 보호 등에 관한 법률, 근로기준법, 소득세법",17,783,인사_고용_노무_고용계약/기타고용계약서_0325.txt
인사_고용_노무_고용계약,기타고용계약서_0312,인사_고용_노무,고용계약,기타고용계약서,"근로기준법, 민법, 소득세법",46,2626,인사_고용_노무_고용계약/기타고용계약서_0312.txt
인사_고용_노무_고용계약,기타고용계약서_0278,인사_고용_노무,고용계약,기타고용계약서,"저작권법, 문화산업진흥 기본법",58,3912,인사_고용_노무_고용계약/기타고용계약서_0278.txt
인사_고용_노무_고용계약,기타고용계약서_0305,인사_고용_노무,고용계약,기타고용계약서,"근로기준법, 근로자의 날 제정에 관한 법률, 관공서의 공휴일에 관한 규정",58,3349,인사_고용_노무_고용계약/기타고용계약서_0305.txt
인사_고용_노무_고용계약,기타고용계약서_0270,인사_고용_노무,고용계약,기타고용계약서,"대중문화예술산업발전법, 저작권법, 민법",103,7409,인사_고용_노무_고용계약/기타고용계약서_0270.txt
인사_고용_노무_고용계약,기타고용계약서_0320,인사_고용_노무,고용계약,기타고용계약서,"근로기준법, 근로자퇴직급여 보장법, 개인정보 보호법",62,3728,인사_고용_노무_고용계약/기타고용계약서_0320.txt
인사_고용_노무_고용계약,기타고용계약서_0306,인사_고용_노무,고용계약,기타고용계약서,"근로기준법, 근로자퇴직급여 보장법, 근로자의 날 제정에 관한 법률",61,3336,인사_고용_노무_고용계약/기타고용계약서_0306.txt
인사_고용_노무_고용계약,기타고용계약서_0304,인사_고용_노무,고용계약,기타고용계약서,"근로기준법, 근로자의 날 제정에 관한 법률, 관공서의 공휴일에 관한 규정",61,3251,인사_고용_노무_고용계약/기타고용계약서_0304.txt
인사_고용_노무_고용계약,기타고용계약서_0324,인사_고용_노무,고용계약,기타고용계약서,"근로기준법, 소득세법, 국민건강보험법",17,908,인사_고용_노무_고용계약/기타고용계약서_0324.txt
인사_고용_노무_고용계약,기타고용계약서_0326,인사_고용_노무,고용계약,기타고용계약서,"근로기준법, 영화 및 비디오물의 진흥에 관한 법률, 근로기준법 시행령",20,1086,인사_고용_노무_고용계약/기타고용계약서_0326.txt
인사_고용_노무_고용계약,기타고용계약서_0417,인사_고용_노무,고용계약,기타고용계약서,"근로기준법, 개인정보 보호법, 상법",36,2561,인사_고용_노무_고용계약/기타고용계약서_0417.txt
인사_고용_노무_고용계약,기타고용계약서_0329,인사_고용_노무,고용계약,기타고용계약서,"근로기준법, 소득세법, 국민건강보험법",20,961,인사_고용_노무_고용계약/기타고용계약서_0329.txt
인사_고용_노무_고용계약,기타고용계약서_0337,인사_고용_노무,고용계약,기타고용계약서,"방송법, 저작권법, 정보통신망 이용촉진 및 정보보호 등에 관한 법률",111,6192,인사_고용_노무_고용계약/기타고용계약서_0337.txt
인사_고용_노무_고용계약,기타고용계약서_0372,인사_고용_노무,고용계약,기타고용계약서,"근로기준법, 근로자퇴직급여 보장법, 근로기준법 시행령",60,3389,인사_고용_노무_고용계약/기타고용계약서_0372.txt
인사_고용_노무_고용계약,기타고용계약서_0313,인사_고용_노무,고용계약,기타고용계약서,"근로기준법, 근로자퇴직급여 보장법, 근로기준법 시행령",62,3436,인사_고용_노무_고용계약/기타고용계약서_0313.txt
인사_고용_노무_고용계약,기타고용계약서_0327,인사_고용_노무,고용계약,기타고용계약서,"근로기준법, 근로자퇴직급여 보장법, 소득세법",20,1009,인사_고용_노무_고용계약/기타고용계약서_0327.txt
인사_고용_노무_고용계약,기타고용계약서_0344,인사_고용_노무,고용계약,기타고용계약서,"저작권법, 콘텐츠산업 진흥법, 문화산업진흥 기본법",118,6735,인사_고용_노무_고용계약/기타고용계약서_0344.txt
인사_고용_노무_고용계약,기타고용계약서_0335,인사_고용_노무,고용계약,기타고용계약서,"저작권법, 방송법, 정보통신망 이용촉진 및 정보보호 등에 관한 법률",103,5721,인사_고용_노무_고용계약/기타고용계약서_0335.txt
인사_고용_노무_고용계약,기타고용계약서_0386,인사_고용_노무,고용계약,기타고용계약서,"저작권법, 개인정보 보호법, 정보통신망 이용촉진 및 정보보호 등에 관한 법률",57,3421,인사_고용_노무_고용계약/기타고용계약서_0386.txt
인사_고용_노무_고용계약,기타고용계약서_0361,인사_고용_노무,고용계약,기타고용계약서,"근로기준법, 저작권법, 출판문화산업 진흥법",48,2744,인사_고용_노무_고용계약/기타고용계약서_0361.txt
인사_고용_노무_고용계약,기타고용계약서_0343,인사_고용_노무,고용계약,기타고용계약서,"저작권법, 방송법, 정보통신망 이용촉진 및 정보보호 등에 관한 법률",103,5666,인사_고용_노무_고용계약/기타고용계약서_0343.txt
인사_고용_노무_고용계약,기타고용계약서_0336,인사_고용_노무,고용계약,기타고용계약서,"방송법, 저작권법, 부정경쟁방지 및 영업비밀보호에 관한 법률",111,6152,인사_고용_노무_고용계약/기타고용계약서_0336.txt
인사_고용_노무_고용계약,기타고용계약서_0346,인사_고용_노무,고용계약,기타고용계약서,"방송법, 저작권법, 예술인 복지법",63,4043,인사_고용_노무_고용계약/기타고용계약서_0346.txt
인사_고용_노무_고용계약,기타고용계약서_0369,인사_고용_노무,고용계약,기타고용계약서,"근로기준법, 근로자퇴직급여 보장법, 근로기준법 시행령",60,3442,인사_고용_노무_고용계약/기타고용계약서_0369.txt
인사_고용_노무_고용계약,기타고용계약서_0328,인사_고용_노무,고용계약,기타고용계약서,"근로기준법, 소득세법, 국민건강보험법",15,767,인사_고용_노무_고용계약/기타고용계약서_0328.txt
인사_고용_노무_고용계약,기타고용계약서_0363,인사_고용_노무,고용계약,기타고용계약서,"근로기준법, 근로자퇴직급여 보장법, 저작권법",48,2464,인사_고용_노무_고용계약/기타고용계약서_0363.txt
인사_고용_노무_고용계약,기타고용계약서_0334,인사_고용_노무,고용계약,기타고용계약서,"저작권법, 정보통신망 이용촉진 및 정보보호 등에 관한 법률, 방송법",105,6062,인사_고용_노무_고용계약/기타고용계약서_0334.txt
인사_고용_노무_고용계약,기타고용계약서_0420,인사_고용_노무,고용계약,기타고용계약서,"근로기준법, 부정경쟁방지 및 영업비밀보호에 관한 법률, 상법",36,2507,인사_고용_노무_고용계약/기타고용계약서_0420.txt
인사_고용_노무_고용계약,기타고용계약서_0331,인사_고용_노무,고용계약,기타고용계약서,"근로기준법, 소득세법, 국민연금법",19,990,인사_고용_노무_고용계약/기타고용계약서_0331.txt
인사_고용_노무_고용계약,기타고용계약서_0338,인사_고용_노무,고용계약,기타고용계약서,"방송법, 저작권법, 근로기준법",110,6123,인사_고용_노무_고용계약/기타고용계약서_0338.txt
인사_고용_노무_고용계약,기타고용계약서_0345,인사_고용_노무,고용계약,기타고용계약서,"파견근로자 보호 등에 관한 법률, 저작권법, 방송법",103,5823,인사_고용_노무_고용계약/기타고용계약서_0345.txt
인사_고용_노무_고용계약,기타고용계약서_0358,인사_고용_노무,고용계약,기타고용계약서,"저작권법, 근로기준법, 민법",47,2420,인사_고용_노무_고용계약/기타고용계약서_0358.txt
인사_고용_노무_고용계약,기타고용계약서_0341,인사_고용_노무,고용계약,기타고용계약서,"저작권법, 부정경쟁방지 및 영업비밀보호에 관한 법률, 개인정보 보호법",114,6300,인사_고용_노무_고용계약/기타고용계약서_0341.txt
인사_고용_노무_고용계약,기타고용계약서_0356,인사_고용_노무,고용계약,기타고용계약서,"저작권법, 근로기준법, 민법",44,2125,인사_고용_노무_고용계약/기타고용계약서_0356.txt
인사_고용_노무_고용계약,기타고용계약서_0318,인사_고용_노무,고용계약,기타고용계약서,"근로기준법, 근로기준법 시행령, 개인정보 보호법",46,2149,인사_고용_노무_고용계약/기타고용계약서_0318.txt
인사_고용_노무_고용계약,기타고용계약서_0364,인사_고용_노무,고용계약,기타고용계약서,"근로기준법, 근로자퇴직급여 보장법, 근로기준법 시행령",60,3293,인사_고용_노무_고용계약/기타고용계약서_0364.txt
인사_고용_노무_고용계약,기타고용계약서_0347,인사_고용_노무,고용계약,기타고용계약서,"저작권법, 방송법, 근로기준법",66,4170,인사_고용_노무_고용계약/기타고용계약서_0347.txt
인사_고용_노무_고용계약,기타고용계약서_0349,인사_고용_노무,고용계약,기타고용계약서,"저작권법, 방송법, 근로기준법",67,4439,인사_고용_노무_고용계약/기타고용계약서_0349.txt
인사_고용_노무_고용계약,기타고용계약서_0362,인사_고용_노무,고용계약,기타고용계약서,"저작권법, 출판문화산업 진흥법, 근로기준법",48,2251,인사_고용_노무_고용계약/기타고용계약서_0362.txt
인사_고용_노무_고용계약,기타고용계약서_0357,인사_고용_노무,고용계약,기타고용계약서,"근로기준법, 저작권법, 민법",50,2444,인사_고용_노무_고용계약/기타고용계약서_0357.txt
인사_고용_노무_고용계약,기타고용계약서_0368,인사_고용_노무,고용계약,기타고용계약서,"근로기준법, 근로자퇴직급여 보장법, 근로기준법 시행령",60,3420,인사_고용_노무_고용계약/기타고용계약서_0368.txt
인사_고용_노무_고용계약,기타고용계약서_0366,인사_고용_노무,고용계약,기타고용계약서,"근로기준법, 근로자퇴직급여 보장법, 근로기준법 시행령",60,3437,인사_고용_노무_고용계약/기타고용계약서_0366.txt
인사_고용_노무_고용계약,기타고용계약서_0406,인사_고용_노무,고용계약,기타고용계약서,"문화예술진흥법, 저작권법, 대중문화예술산업발전법",112,10822,인사_고용_노무_고용계약/기타고용계약서_0406.txt
인사_고용_노무_고용계약,기타고용계약서_0351,인사_고용_노무,고용계약,기타고용계약서,"저작권법, 방송법, 근로기준법",62,3972,인사_고용_노무_고용계약/기타고용계약서_0351.txt
인사_고용_노무_고용계약,기타고용계약서_0370,인사_고용_노무,고용계약,기타고용계약서,"근로기준법, 근로자퇴직급여 보장법, 근로기준법 시행령",60,3389,인사_고용_노무_고용계약/기타고용계약서_0370.txt
인사_고용_노무_고용계약,기타고용계약서_0381,인사_고용_노무,고용계약,기타고용계약서,"저작권법, 개인정보 보호법, 민법",57,3431,인사_고용_노무_고용계약/기타고용계약서_0381.txt
인사_고용_노무_고용계약,기타고용계약서_0387,인사_고용_노무,고용계약,기타고용계약서,"저작권법, 개인정보 보호법",51,2783,인사_고용_노무_고용계약/기타고용계약서_0387.txt
인사_고용_노무_고용계약,기타고용계약서_0371,인사_고용_노무,고용계약,기타고용계약서,"근로기준법, 근로자퇴직급여 보장법, 근로기준법 시행령",60,3390,인사_고용_노무_고용계약/기타고용계약서_0371.txt
인사_고용_노무_고용계약,기타고용계약서_0404,인사_고용_노무,고용계약,기타고용계약서,"대중문화예술산업발전법, 저작권법, 예술인 복지법",111,10376,인사_고용_노무_고용계약/기타고용계약서_0404.txt
인사_고용_노무_고용계약,기타고용계약서_0367,인사_고용_노무,고용계약,기타고용계약서,"근로기준법, 근로자퇴직급여 보장법, 근로기준법 시행령",61,3516,인사_고용_노무_고용계약/기타고용계약서_0367.txt
인사_고용_노무_고용계약,기타고용계약서_0379,인사_고용_노무,고용계약,기타고용계약서,"저작권법, 개인정보 보호법",67,3746,인사_고용_노무_고용계약/기타고용계약서_0379.txt
인사_고용_노무_고용계약,기타고용계약서_0376,인사_고용_노무,고용계약,기타고용계약서,"근로기준법, 민법, 전자문서 및 전자거래 기본법",36,1211,인사_고용_노무_고용계약/기타고용계약서_0376.txt
인사_고용_노무_고용계약,기타고용계약서_0378,인사_고용_노무,고용계약,기타고용계약서,"개인정보 보호법, 저작권법",51,2824,인사_고용_노무_고용계약/기타고용계약서_0378.txt
인사_고용_노무_고용계약,기타고용계약서_0365,인사_고용_노무,고용계약,기타고용계약서,"근로기준법, 근로자퇴직급여 보장법, 근로기준법 시행령",60,3390,인사_고용_노무_고용계약/기타고용계약서_0365.txt
인사_고용_노무_고용계약,기타고용계약서_0384,인사_고용_노무,고용계약,기타고용계약서,개인정보 보호법,51,2808,인사_고용_노무_고용계약/기타고용계약서_0384.txt
인사_고용_노무_고용계약,기타고용계약서_0395,인사_고용_노무,고용계약,기타고용계약서,"개인정보 보호법, 민법",53,3140,인사_고용_노무_고용계약/기타고용계약서_0395.txt
인사_고용_노무_고용계약,기타고용계약서_0397,인사_고용_노무,고용계약,기타고용계약서,"개인정보 보호법, 저작권법",51,2792,인사_고용_노무_고용계약/기타고용계약서_0397.txt
인사_고용_노무_고용계약,기타고용계약서_0430,인사_고용_노무,고용계약,기타고용계약서,"저작권법, 부정경쟁방지 및 영업비밀보호에 관한 법률, 상법",63,3669,인사_고용_노무_고용계약/기타고용계약서_0430.txt
인사_고용_노무_고용계약,기타고용계약서_0380,인사_고용_노무,고용계약,기타고용계약서,"저작권법, 개인정보 보호법",57,3372,인사_고용_노무_고용계약/기타고용계약서_0380.txt
인사_고용_노무_고용계약,기타고용계약서_0388,인사_고용_노무,고용계약,기타고용계약서,"개인정보 보호법, 저작권법",53,2964,인사_고용_노무_고용계약/기타고용계약서_0388.txt
인사_고용_노무_고용계약,기타고용계약서_0389,인사_고용_노무,고용계약,기타고용계약서,"저작권법, 개인정보 보호법",59,3458,인사_고용_노무_고용계약/기타고용계약서_0389.txt
인사_고용_노무_고용계약,기타고용계약서_0385,인사_고용_노무,고용계약,기타고용계약서,"저작권법, 개인정보 보호법, 민법",66,3632,인사_고용_노무_고용계약/기타고용계약서_0385.txt
인사_고용_노무_고용계약,기타고용계약서_0390,인사_고용_노무,고용계약,기타고용계약서,"개인정보 보호법, 민법",50,2806,인사_고용_노무_고용계약/기타고용계약서_0390.txt
인사_고용_노무_고용계약,기타고용계약서_0360,인사_고용_노무,고용계약,기타고용계약서,"저작권법, 근로기준법, 민법",47,2319,인사_고용_노무_고용계약/기타고용계약서_0360.txt
인사_고용_노무_고용계약,기타고용계약서_0412,인사_고용_노무,고용계약,기타고용계약서,"근로기준법, 근로기준법 시행령, 근로자퇴직급여 보장법",36,2632,인사_고용_노무_고용계약/기타고용계약서_0412.txt
인사_고용_노무_고용계약,기타고용계약서_0373,인사_고용_노무,고용계약,기타고용계약서,"근로기준법, 근로자퇴직급여 보장법, 근로기준법 시행령",60,3428,인사_고용_노무_고용계약/기타고용계약서_0373.txt
인사_고용_노무_고용계약,기타고용계약서_0391,인사_고용_노무,고용계약,기타고용계약서,"근로기준법, 저작권법, 개인정보 보호법",51,2810,인사_고용_노무_고용계약/기타고용계약서_0391.txt
인사_고용_노무_고용계약,기타고용계약서_0414,인사_고용_노무,고용계약,기타고용계약서,"근로기준법, 상법, 개인정보 보호법",38,2679,인사_고용_노무_고용계약/기타고용계약서_0414.txt
인사_고용_노무_고용계약,기타고용계약서_0392,인사_고용_노무,고용계약,기타고용계약서,"저작권법, 개인정보 보호법",57,3390,인사_고용_노무_고용계약/기타고용계약서_0392.txt
인사_고용_노무_고용계약,기타고용계약서_0410,인사_고용_노무,고용계약,기타고용계약서,"문화예술진흥법, 대중문화예술산업발전법, 저작권법",111,10521,인사_고용_노무_고용계약/기타고용계약서_0410.txt
인사_고용_노무_고용계약,기타고용계약서_0439,인사_고용_노무,고용계약,기타고용계약서,민법,53,3004,인사_고용_노무_고용계약/기타고용계약서_0439.txt
인사_고용_노무_고용계약,기타고용계약서_0447,인사_고용_노무,고용계약,기타고용계약서,"저작권법, 근로기준법, 저작권법 시행령",109,7735,인사_고용_노무_고용계약/기타고용계약서_0447.txt
인사_고용_노무_고용계약,기타고용계약서_0428,인사_고용_노무,고용계약,기타고용계약서,"근로기준법, 근로기준법 시행령",38,2649,인사_고용_노무_고용계약/기타고용계약서_0428.txt
인사_고용_노무_고용계약,기타고용계약서_0445,인사_고용_노무,고용계약,기타고용계약서,"저작권법, 예술인 복지법, 문화산업진흥 기본법",109,7755,인사_고용_노무_고용계약/기타고용계약서_0445.txt
인사_고용_노무_고용계약,기타고용계약서_0415,인사_고용_노무,고용계약,기타고용계약서,근로기준법,37,2711,인사_고용_노무_고용계약/기타고용계약서_0415.txt
인사_고용_노무_고용계약,기타고용계약서_0396,인사_고용_노무,고용계약,기타고용계약서,"저작권법, 개인정보 보호법",66,3595,인사_고용_노무_고용계약/기타고용계약서_0396.txt
인사_고용_노무_고용계약,기타고용계약서_0401,인사_고용_노무,고용계약,기타고용계약서,"예술인 복지법, 저작권법",113,10882,인사_고용_노무_고용계약/기타고용계약서_0401.txt
인사_고용_노무_고용계약,기타고용계약서_0402,인사_고용_노무,고용계약,기타고용계약서,"대중문화예술산업발전법, 저작권법, 상표법",108,10219,인사_고용_노무_고용계약/기타고용계약서_0402.txt
인사_고용_노무_고용계약,기타고용계약서_0441,인사_고용_노무,고용계약,기타고용계약서,"상법, 저작권법, 민법",53,3095,인사_고용_노무_고용계약/기타고용계약서_0441.txt
인사_고용_노무_고용계약,기타고용계약서_0422,인사_고용_노무,고용계약,기타고용계약서,"근로기준법, 근로기준법 시행령, 개인정보 보호법",36,2519,인사_고용_노무_고용계약/기타고용계약서_0422.txt
인사_고용_노무_고용계약,기타고용계약서_0435,인사_고용_노무,고용계약,기타고용계약서,"저작권법, 부정경쟁방지 및 영업비밀보호에 관한 법률, 전자상거래 등에서의 소비자보호에 관한 법률",62,3667,인사_고용_노무_고용계약/기타고용계약서_0435.txt
인사_고용_노무_고용계약,기타고용계약서_0419,인사_고용_노무,고용계약,기타고용계약서,"상법, 근로기준법, 개인정보 보호법",36,2558,인사_고용_노무_고용계약/기타고용계약서_0419.txt
인사_고용_노무_고용계약,기타고용계약서_0431,인사_고용_노무,고용계약,기타고용계약서,"저작권법, 개인정보 보호법, 부정경쟁방지 및 영업비밀보호에 관한 법률",64,3718,인사_고용_노무_고용계약/기타고용계약서_0431.txt
인사_고용_노무_고용계약,기타고용계약서_0448,인사_고용_노무,고용계약,기타고용계약서,"저작권법, 근로기준법, 콘텐츠산업 진흥법",113,7988,인사_고용_노무_고용계약/기타고용계약서_0448.txt
인사_고용_노무_고용계약,기타고용계약서_0425,인사_고용_노무,고용계약,기타고용계약서,"근로기준법, 상법, 개인정보 보호법",36,2524,인사_고용_노무_고용계약/기타고용계약서_0425.txt
인사_고용_노무_고용계약,기타고용계약서_0421,인사_고용_노무,고용계약,기타고용계약서,"근로기준법, 노동조합 및 노동관계조정법, 근로기준법 시행령",34,2469,인사_고용_노무_고용계약/기타고용계약서_0421.txt
인사_고용_노무_고용계약,기타고용계약서_0427,인사_고용_노무,고용계약,기타고용계약서,"근로기준법, 노동조합 및 노동관계조정법, 근로기준법 시행령",36,2523,인사_고용_노무_고용계약/기타고용계약서_0427.txt
인사_고용_노무_고용계약,기타고용계약서_0443,인사_고용_노무,고용계약,기타고용계약서,"저작권법, 민법",61,3394,인사_고용_노무_고용계약/기타고용계약서_0443.txt
인사_고용_노무_고용계약,기타고용계약서_0409,인사_고용_노무,고용계약,기타고용계약서,"문화산업진흥 기본법, 저작권법, 대중문화예술산업발전법",111,10586,인사_고용_노무_고용계약/기타고용계약서_0409.txt
인사_고용_노무_고용계약,아르바이트계약서_0015,인사_고용_노무,고용계약,아르바이트계약서,"근로기준법, 근로기준법 시행령, 최저임금법",38,1462,인사_고용_노무_고용계약/아르바이트계약서_0015.txt
인사_고용_노무_고용계약,아르바이트계약서_0030,인사_고용_노무,고용계약,아르바이트계약서,"근로기준법, 최저임금법, 근로기준법 시행령",24,758,인사_고용_노무_고용계약/아르바이트계약서_0030.txt
인사_고용_노무_고용계약,기타고용계약서_0394,인사_고용_노무,고용계약,기타고용계약서,"저작권법, 개인정보 보호법",69,3758,인사_고용_노무_고용계약/기타고용계약서_0394.txt
인사_고용_노무_고용계약,기타고용계약서_0423,인사_고용_노무,고용계약,기타고용계약서,"근로기준법, 근로자퇴직급여 보장법, 근로기준법 시행령",38,2632,인사_고용_노무_고용계약/기타고용계약서_0423.txt
인사_고용_노무_고용계약,기타고용계약서_0426,인사_고용_노무,고용계약,기타고용계약서,근로기준법,34,2493,인사_고용_노무_고용계약/기타고용계약서_0426.txt
인사_고용_노무_고용계약,기타고용계약서_0442,인사_고용_노무,고용계약,기타고용계약서,"민법, 저작권법",54,3341,인사_고용_노무_고용계약/기타고용계약서_0442.txt
인사_고용_노무_고용계약,기타고용계약서_0436,인사_고용_노무,고용계약,기타고용계약서,"상법, 저작권법, 민법",58,3184,인사_고용_노무_고용계약/기타고용계약서_0436.txt
인사_고용_노무_고용계약,아르바이트계약서_0016,인사_고용_노무,고용계약,아르바이트계약서,"근로기준법, 최저임금법, 고용보험법",40,1621,인사_고용_노무_고용계약/아르바이트계약서_0016.txt
인사_고용_노무_고용계약,기타고용계약서_0452,인사_고용_노무,고용계약,기타고용계약서,"상법, 부정경쟁방지 및 영업비밀보호에 관한 법률",45,2600,인사_고용_노무_고용계약/기타고용계약서_0452.txt
인사_고용_노무_고용계약,기타고용계약서_0454,인사_고용_노무,고용계약,기타고용계약서,"상법, 민법",46,2644,인사_고용_노무_고용계약/기타고용계약서_0454.txt
인사_고용_노무_고용계약,아르바이트계약서_0009,인사_고용_노무,고용계약,아르바이트계약서,"근로기준법, 근로기준법 시행령",30,1113,인사_고용_노무_고용계약/아르바이트계약서_0009.txt
인사_고용_노무_고용계약,아르바이트계약서_0002,인사_고용_노무,고용계약,아르바이트계약서,"근로기준법, 근로기준법 시행령",34,1330,인사_고용_노무_고용계약/아르바이트계약서_0002.txt
인사_고용_노무_고용계약,기타고용계약서_0432,인사_고용_노무,고용계약,기타고용계약서,"저작권법, 부정경쟁방지 및 영업비밀보호에 관한 법률",65,3851,인사_고용_노무_고용계약/기타고용계약서_0432.txt
인사_고용_노무_고용계약,아르바이트계약서_0003,인사_고용_노무,고용계약,아르바이트계약서,"근로기준법, 산업재해보상보험법, 근로기준법 시행령",21,736,인사_고용_노무_고용계약/아르바이트계약서_0003.txt
인사_고용_노무_고용계약,기타고용계약서_0453,인사_고용_노무,고용계약,기타고용계약서,"전자문서 및 전자거래 기본법, 상법, 민법",49,2952,인사_고용_노무_고용계약/기타고용계약서_0453.txt
인사_고용_노무_고용계약,기타고용계약서_0393,인사_고용_노무,고용계약,기타고용계약서,"저작권법, 개인정보 보호법, 상표법",57,3379,인사_고용_노무_고용계약/기타고용계약서_0393.txt
인사_고용_노무_고용계약,아르바이트계약서_0014,인사_고용_노무,고용계약,아르바이트계약서,근로기준법,51,2406,인사_고용_노무_고용계약/아르바이트계약서_0014.txt
인사_고용_노무_고용계약,아르바이트계약서_0034,인사_고용_노무,고용계약,아르바이트계약서,"근로기준법, 산업안전보건법, 근로기준법 시행령",41,2019,인사_고용_노무_고용계약/아르바이트계약서_0034.txt
인사_고용_노무_고용계약,아르바이트계약서_0018,인사_고용_노무,고용계약,아르바이트계약서,"근로기준법, 최저임금법, 근로기준법 시행령",35,1309,인사_고용_노무_고용계약/아르바이트계약서_0018.txt
인사_고용_노무_고용계약,아르바이트계약서_0017,인사_고용_노무,고용계약,아르바이트계약서,"근로기준법, 근로기준법 시행령, 최저임금법",37,1550,인사_고용_노무_고용계약/아르바이트계약서_0017.txt
인사_고용_노무_고용계약,기타고용계약서_0405,인사_고용_노무,고용계약,기타고용계약서,"저작권법, 대중문화예술산업발전법, 근로기준법",107,10233,인사_고용_노무_고용계약/기타고용계약서_0405.txt
인사_고용_노무_고용계약,아르바이트계약서_0001,인사_고용_노무,고용계약,아르바이트계약서,"근로기준법, 근로기준법 시행령",23,655,인사_고용_노무_고용계약/아르바이트계약서_0001.txt
인사_고용_노무_고용계약,아르바이트계약서_0028,인사_고용_노무,고용계약,아르바이트계약서,"근로기준법, 최저임금법, 고용보험법",26,826,인사_고용_노무_고용계약/아르바이트계약서_0028.txt
인사_고용_노무_고용계약,기타고용계약서_0403,인사_고용_노무,고용계약,기타고용계약서,"문화예술진흥법, 저작권법, 대중문화예술산업발전법",106,10217,인사_고용_노무_고용계약/기타고용계약서_0403.txt
인사_고용_노무_고용계약,아르바이트계약서_0025,인사_고용_노무,고용계약,아르바이트계약서,"근로기준법, 최저임금법, 근로기준법 시행령",37,1391,인사_고용_노무_고용계약/아르바이트계약서_0025.txt
인사_고용_노무_고용계약,아르바이트계약서_0020,인사_고용_노무,고용계약,아르바이트계약서,"근로기준법, 최저임금법, 근로기준법 시행령",35,1550,인사_고용_노무_고용계약/아르바이트계약서_0020.txt
인사_고용_노무_고용계약,아르바이트계약서_0012,인사_고용_노무,고용계약,아르바이트계약서,"근로기준법, 고용보험법, 근로기준법 시행령",53,2488,인사_고용_노무_고용계약/아르바이트계약서_0012.txt
인사_고용_노무_고용계약,기타고용계약서_0444,인사_고용_노무,고용계약,기타고용계약서,"민법, 저작권법, 부가가치세법",56,3005,인사_고용_노무_고용계약/기타고용계약서_0444.txt
인사_고용_노무_고용계약,아르바이트계약서_0019,인사_고용_노무,고용계약,아르바이트계약서,"근로기준법, 최저임금법, 근로기준법 시행령",37,1615,인사_고용_노무_고용계약/아르바이트계약서_0019.txt
인사_고용_노무_고용계약,아르바이트계약서_0029,인사_고용_노무,고용계약,아르바이트계약서,"근로기준법, 최저임금법, 근로기준법 시행령",23,707,인사_고용_노무_고용계약/아르바이트계약서_0029.txt
인사_고용_노무_고용계약,아르바이트계약서_0033,인사_고용_노무,고용계약,아르바이트계약서,"근로기준법, 산업안전보건법, 근로기준법 시행령",43,2081,인사_고용_노무_고용계약/아르바이트계약서_0033.txt
인사_고용_노무_고용계약,아르바이트계약서_0023,인사_고용_노무,고용계약,아르바이트계약서,"근로기준법, 근로기준법 시행령, 산업안전보건법",37,1501,인사_고용_노무_고용계약/아르바이트계약서_0023.txt
인사_고용_노무_고용계약,아르바이트계약서_0024,인사_고용_노무,고용계약,아르바이트계약서,"근로기준법, 최저임금법, 근로기준법 시행령",42,1798,인사_고용_노무_고용계약/아르바이트계약서_0024.txt
인사_고용_노무_고용계약,아르바이트계약서_0021,인사_고용_노무,고용계약,아르바이트계약서,근로기준법,33,1387,인사_고용_노무_고용계약/아르바이트계약서_0021.txt
인사_고용_노무_고용계약,아르바이트계약서_0026,인사_고용_노무,고용계약,아르바이트계약서,"근로기준법, 최저임금법, 근로기준법 시행령",43,1835,인사_고용_노무_고용계약/아르바이트계약서_0026.txt
인사_고용_노무_고용계약,아르바이트계약서_0022,인사_고용_노무,고용계약,아르바이트계약서,"근로기준법, 최저임금법, 산업안전보건법",39,1565,인사_고용_노무_고용계약/아르바이트계약서_0022.txt
인사_고용_노무_고용계약,아르바이트계약서_0027,인사_고용_노무,고용계약,아르바이트계약서,"근로기준법, 최저임금법, 근로기준법 시행령",42,1833,인사_고용_노무_고용계약/아르바이트계약서_0027.txt
인사_고용_노무_고용계약,아르바이트계약서_0013,인사_고용_노무,고용계약,아르바이트계약서,"근로기준법, 근로기준법 시행령, 최저임금법",50,2285,인사_고용_노무_고용계약/아르바이트계약서_0013.txt
인사_고용_노무_고용계약,아르바이트계약서_0007,인사_고용_노무,고용계약,아르바이트계약서,"근로기준법, 근로기준법 시행령",39,1686,인사_고용_노무_고용계약/아르바이트계약서_0007.txt
인사_고용_노무_고용계약,아르바이트계약서_0035,인사_고용_노무,고용계약,아르바이트계약서,"근로기준법, 산업안전보건법, 근로기준법 시행령",44,1898,인사_고용_노무_고용계약/아르바이트계약서_0035.txt
